[2026-02-26T01:02:35.136+0000] {processor.py:161} INFO - Started process (PID=65) to work on /opt/airflow/dags/pipeline.py
[2026-02-26T01:02:35.138+0000] {processor.py:830} INFO - Processing file /opt/airflow/dags/pipeline.py for tasks to queue
[2026-02-26T01:02:35.141+0000] {logging_mixin.py:188} INFO - [2026-02-26T01:02:35.140+0000] {dagbag.py:538} INFO - Filling up the DagBag from /opt/airflow/dags/pipeline.py
[2026-02-26T01:02:40.709+0000] {processor.py:840} INFO - DAG(s) 'risk_analysis_v1' retrieved from /opt/airflow/dags/pipeline.py
[2026-02-26T01:02:41.075+0000] {logging_mixin.py:188} INFO - [2026-02-26T01:02:41.073+0000] {override.py:1769} INFO - Created Permission View: can delete on DAG:risk_analysis_v1
[2026-02-26T01:02:41.116+0000] {logging_mixin.py:188} INFO - [2026-02-26T01:02:41.115+0000] {override.py:1769} INFO - Created Permission View: can read on DAG:risk_analysis_v1
[2026-02-26T01:02:41.145+0000] {logging_mixin.py:188} INFO - [2026-02-26T01:02:41.144+0000] {override.py:1769} INFO - Created Permission View: can edit on DAG:risk_analysis_v1
[2026-02-26T01:02:41.151+0000] {logging_mixin.py:188} INFO - [2026-02-26T01:02:41.150+0000] {dag.py:3036} INFO - Sync 1 DAGs
[2026-02-26T01:02:41.188+0000] {logging_mixin.py:188} WARNING - /home/airflow/.local/lib/python3.8/site-packages/airflow/models/dag.py:3574 DeprecationWarning: The dag_concurrency option in [core] has been renamed to max_active_tasks_per_dag - the old setting has been used, but please update your config.
[2026-02-26T01:02:41.201+0000] {logging_mixin.py:188} INFO - [2026-02-26T01:02:41.200+0000] {dag.py:3058} INFO - Creating ORM DAG for risk_analysis_v1
[2026-02-26T01:02:41.205+0000] {logging_mixin.py:188} INFO - [2026-02-26T01:02:41.205+0000] {dag.py:3823} INFO - Setting next_dagrun for risk_analysis_v1 to None, run_after=None
[2026-02-26T01:02:41.271+0000] {processor.py:183} INFO - Processing /opt/airflow/dags/pipeline.py took 6.141 seconds
[2026-02-26T01:03:11.572+0000] {processor.py:161} INFO - Started process (PID=88) to work on /opt/airflow/dags/pipeline.py
[2026-02-26T01:03:11.574+0000] {processor.py:830} INFO - Processing file /opt/airflow/dags/pipeline.py for tasks to queue
[2026-02-26T01:03:11.578+0000] {logging_mixin.py:188} INFO - [2026-02-26T01:03:11.576+0000] {dagbag.py:538} INFO - Filling up the DagBag from /opt/airflow/dags/pipeline.py
[2026-02-26T01:03:13.406+0000] {processor.py:840} INFO - DAG(s) 'risk_analysis_v1' retrieved from /opt/airflow/dags/pipeline.py
[2026-02-26T01:03:13.449+0000] {logging_mixin.py:188} INFO - [2026-02-26T01:03:13.448+0000] {dag.py:3036} INFO - Sync 1 DAGs
[2026-02-26T01:03:13.467+0000] {logging_mixin.py:188} INFO - [2026-02-26T01:03:13.466+0000] {dag.py:3823} INFO - Setting next_dagrun for risk_analysis_v1 to None, run_after=None
[2026-02-26T01:03:13.501+0000] {processor.py:183} INFO - Processing /opt/airflow/dags/pipeline.py took 1.935 seconds
[2026-02-26T01:03:43.898+0000] {processor.py:161} INFO - Started process (PID=111) to work on /opt/airflow/dags/pipeline.py
[2026-02-26T01:03:43.899+0000] {processor.py:830} INFO - Processing file /opt/airflow/dags/pipeline.py for tasks to queue
[2026-02-26T01:03:43.913+0000] {logging_mixin.py:188} INFO - [2026-02-26T01:03:43.911+0000] {dagbag.py:538} INFO - Filling up the DagBag from /opt/airflow/dags/pipeline.py
[2026-02-26T01:03:45.656+0000] {processor.py:840} INFO - DAG(s) 'risk_analysis_v1' retrieved from /opt/airflow/dags/pipeline.py
[2026-02-26T01:03:45.714+0000] {logging_mixin.py:188} INFO - [2026-02-26T01:03:45.713+0000] {dag.py:3036} INFO - Sync 1 DAGs
[2026-02-26T01:03:45.747+0000] {logging_mixin.py:188} INFO - [2026-02-26T01:03:45.747+0000] {dag.py:3823} INFO - Setting next_dagrun for risk_analysis_v1 to None, run_after=None
[2026-02-26T01:03:45.789+0000] {processor.py:183} INFO - Processing /opt/airflow/dags/pipeline.py took 1.899 seconds
[2026-02-26T01:04:16.220+0000] {processor.py:161} INFO - Started process (PID=264) to work on /opt/airflow/dags/pipeline.py
[2026-02-26T01:04:16.222+0000] {processor.py:830} INFO - Processing file /opt/airflow/dags/pipeline.py for tasks to queue
[2026-02-26T01:04:16.224+0000] {logging_mixin.py:188} INFO - [2026-02-26T01:04:16.223+0000] {dagbag.py:538} INFO - Filling up the DagBag from /opt/airflow/dags/pipeline.py
[2026-02-26T01:04:18.824+0000] {processor.py:840} INFO - DAG(s) 'risk_analysis_v1' retrieved from /opt/airflow/dags/pipeline.py
[2026-02-26T01:04:18.873+0000] {logging_mixin.py:188} INFO - [2026-02-26T01:04:18.872+0000] {dag.py:3036} INFO - Sync 1 DAGs
[2026-02-26T01:04:18.892+0000] {logging_mixin.py:188} INFO - [2026-02-26T01:04:18.892+0000] {dag.py:3823} INFO - Setting next_dagrun for risk_analysis_v1 to None, run_after=None
[2026-02-26T01:04:18.923+0000] {processor.py:183} INFO - Processing /opt/airflow/dags/pipeline.py took 2.709 seconds
[2026-02-26T01:04:49.303+0000] {processor.py:161} INFO - Started process (PID=323) to work on /opt/airflow/dags/pipeline.py
[2026-02-26T01:04:49.305+0000] {processor.py:830} INFO - Processing file /opt/airflow/dags/pipeline.py for tasks to queue
[2026-02-26T01:04:49.307+0000] {logging_mixin.py:188} INFO - [2026-02-26T01:04:49.306+0000] {dagbag.py:538} INFO - Filling up the DagBag from /opt/airflow/dags/pipeline.py
[2026-02-26T01:04:51.104+0000] {processor.py:840} INFO - DAG(s) 'risk_analysis_v1' retrieved from /opt/airflow/dags/pipeline.py
[2026-02-26T01:04:51.142+0000] {logging_mixin.py:188} INFO - [2026-02-26T01:04:51.141+0000] {dag.py:3036} INFO - Sync 1 DAGs
[2026-02-26T01:04:51.161+0000] {logging_mixin.py:188} INFO - [2026-02-26T01:04:51.160+0000] {dag.py:3823} INFO - Setting next_dagrun for risk_analysis_v1 to None, run_after=None
[2026-02-26T01:04:51.198+0000] {processor.py:183} INFO - Processing /opt/airflow/dags/pipeline.py took 1.902 seconds
[2026-02-26T01:05:21.560+0000] {processor.py:161} INFO - Started process (PID=346) to work on /opt/airflow/dags/pipeline.py
[2026-02-26T01:05:21.562+0000] {processor.py:830} INFO - Processing file /opt/airflow/dags/pipeline.py for tasks to queue
[2026-02-26T01:05:21.565+0000] {logging_mixin.py:188} INFO - [2026-02-26T01:05:21.564+0000] {dagbag.py:538} INFO - Filling up the DagBag from /opt/airflow/dags/pipeline.py
[2026-02-26T01:05:23.591+0000] {processor.py:840} INFO - DAG(s) 'risk_analysis_v1' retrieved from /opt/airflow/dags/pipeline.py
[2026-02-26T01:05:23.627+0000] {logging_mixin.py:188} INFO - [2026-02-26T01:05:23.626+0000] {dag.py:3036} INFO - Sync 1 DAGs
[2026-02-26T01:05:23.648+0000] {logging_mixin.py:188} INFO - [2026-02-26T01:05:23.647+0000] {dag.py:3823} INFO - Setting next_dagrun for risk_analysis_v1 to None, run_after=None
[2026-02-26T01:05:23.682+0000] {processor.py:183} INFO - Processing /opt/airflow/dags/pipeline.py took 2.129 seconds
[2026-02-26T01:05:53.897+0000] {processor.py:161} INFO - Started process (PID=369) to work on /opt/airflow/dags/pipeline.py
[2026-02-26T01:05:53.900+0000] {processor.py:830} INFO - Processing file /opt/airflow/dags/pipeline.py for tasks to queue
[2026-02-26T01:05:53.904+0000] {logging_mixin.py:188} INFO - [2026-02-26T01:05:53.903+0000] {dagbag.py:538} INFO - Filling up the DagBag from /opt/airflow/dags/pipeline.py
[2026-02-26T01:05:55.616+0000] {processor.py:840} INFO - DAG(s) 'risk_analysis_v1' retrieved from /opt/airflow/dags/pipeline.py
[2026-02-26T01:05:55.664+0000] {logging_mixin.py:188} INFO - [2026-02-26T01:05:55.663+0000] {dag.py:3036} INFO - Sync 1 DAGs
[2026-02-26T01:05:55.685+0000] {logging_mixin.py:188} INFO - [2026-02-26T01:05:55.684+0000] {dag.py:3823} INFO - Setting next_dagrun for risk_analysis_v1 to None, run_after=None
[2026-02-26T01:05:55.734+0000] {processor.py:183} INFO - Processing /opt/airflow/dags/pipeline.py took 1.845 seconds
[2026-02-26T01:06:26.093+0000] {processor.py:161} INFO - Started process (PID=392) to work on /opt/airflow/dags/pipeline.py
[2026-02-26T01:06:26.096+0000] {processor.py:830} INFO - Processing file /opt/airflow/dags/pipeline.py for tasks to queue
[2026-02-26T01:06:26.097+0000] {logging_mixin.py:188} INFO - [2026-02-26T01:06:26.097+0000] {dagbag.py:538} INFO - Filling up the DagBag from /opt/airflow/dags/pipeline.py
[2026-02-26T01:06:27.748+0000] {processor.py:840} INFO - DAG(s) 'risk_analysis_v1' retrieved from /opt/airflow/dags/pipeline.py
[2026-02-26T01:06:27.783+0000] {logging_mixin.py:188} INFO - [2026-02-26T01:06:27.782+0000] {dag.py:3036} INFO - Sync 1 DAGs
[2026-02-26T01:06:27.804+0000] {logging_mixin.py:188} INFO - [2026-02-26T01:06:27.803+0000] {dag.py:3823} INFO - Setting next_dagrun for risk_analysis_v1 to None, run_after=None
[2026-02-26T01:06:27.867+0000] {processor.py:183} INFO - Processing /opt/airflow/dags/pipeline.py took 1.780 seconds
[2026-02-26T01:06:58.242+0000] {processor.py:161} INFO - Started process (PID=435) to work on /opt/airflow/dags/pipeline.py
[2026-02-26T01:06:58.244+0000] {processor.py:830} INFO - Processing file /opt/airflow/dags/pipeline.py for tasks to queue
[2026-02-26T01:06:58.247+0000] {logging_mixin.py:188} INFO - [2026-02-26T01:06:58.247+0000] {dagbag.py:538} INFO - Filling up the DagBag from /opt/airflow/dags/pipeline.py
[2026-02-26T01:06:59.826+0000] {processor.py:840} INFO - DAG(s) 'risk_analysis_v1' retrieved from /opt/airflow/dags/pipeline.py
[2026-02-26T01:06:59.881+0000] {logging_mixin.py:188} INFO - [2026-02-26T01:06:59.880+0000] {dag.py:3036} INFO - Sync 1 DAGs
[2026-02-26T01:06:59.911+0000] {logging_mixin.py:188} INFO - [2026-02-26T01:06:59.910+0000] {dag.py:3823} INFO - Setting next_dagrun for risk_analysis_v1 to None, run_after=None
[2026-02-26T01:06:59.954+0000] {processor.py:183} INFO - Processing /opt/airflow/dags/pipeline.py took 1.717 seconds
[2026-02-26T01:07:30.381+0000] {processor.py:161} INFO - Started process (PID=458) to work on /opt/airflow/dags/pipeline.py
[2026-02-26T01:07:30.383+0000] {processor.py:830} INFO - Processing file /opt/airflow/dags/pipeline.py for tasks to queue
[2026-02-26T01:07:30.386+0000] {logging_mixin.py:188} INFO - [2026-02-26T01:07:30.385+0000] {dagbag.py:538} INFO - Filling up the DagBag from /opt/airflow/dags/pipeline.py
[2026-02-26T01:07:31.960+0000] {processor.py:840} INFO - DAG(s) 'risk_analysis_v1' retrieved from /opt/airflow/dags/pipeline.py
[2026-02-26T01:07:32.000+0000] {logging_mixin.py:188} INFO - [2026-02-26T01:07:31.999+0000] {dag.py:3036} INFO - Sync 1 DAGs
[2026-02-26T01:07:32.017+0000] {logging_mixin.py:188} INFO - [2026-02-26T01:07:32.017+0000] {dag.py:3823} INFO - Setting next_dagrun for risk_analysis_v1 to None, run_after=None
[2026-02-26T01:07:32.046+0000] {processor.py:183} INFO - Processing /opt/airflow/dags/pipeline.py took 1.676 seconds
[2026-02-26T01:08:02.188+0000] {processor.py:161} INFO - Started process (PID=481) to work on /opt/airflow/dags/pipeline.py
[2026-02-26T01:08:02.191+0000] {processor.py:830} INFO - Processing file /opt/airflow/dags/pipeline.py for tasks to queue
[2026-02-26T01:08:02.193+0000] {logging_mixin.py:188} INFO - [2026-02-26T01:08:02.193+0000] {dagbag.py:538} INFO - Filling up the DagBag from /opt/airflow/dags/pipeline.py
[2026-02-26T01:08:03.902+0000] {processor.py:840} INFO - DAG(s) 'risk_analysis_v1' retrieved from /opt/airflow/dags/pipeline.py
[2026-02-26T01:08:03.942+0000] {logging_mixin.py:188} INFO - [2026-02-26T01:08:03.941+0000] {dag.py:3036} INFO - Sync 1 DAGs
[2026-02-26T01:08:03.961+0000] {logging_mixin.py:188} INFO - [2026-02-26T01:08:03.961+0000] {dag.py:3823} INFO - Setting next_dagrun for risk_analysis_v1 to None, run_after=None
[2026-02-26T01:08:03.992+0000] {processor.py:183} INFO - Processing /opt/airflow/dags/pipeline.py took 1.811 seconds
[2026-02-26T01:08:34.340+0000] {processor.py:161} INFO - Started process (PID=504) to work on /opt/airflow/dags/pipeline.py
[2026-02-26T01:08:34.341+0000] {processor.py:830} INFO - Processing file /opt/airflow/dags/pipeline.py for tasks to queue
[2026-02-26T01:08:34.344+0000] {logging_mixin.py:188} INFO - [2026-02-26T01:08:34.343+0000] {dagbag.py:538} INFO - Filling up the DagBag from /opt/airflow/dags/pipeline.py
[2026-02-26T01:08:36.079+0000] {processor.py:840} INFO - DAG(s) 'risk_analysis_v1' retrieved from /opt/airflow/dags/pipeline.py
[2026-02-26T01:08:36.122+0000] {logging_mixin.py:188} INFO - [2026-02-26T01:08:36.121+0000] {dag.py:3036} INFO - Sync 1 DAGs
[2026-02-26T01:08:36.143+0000] {logging_mixin.py:188} INFO - [2026-02-26T01:08:36.142+0000] {dag.py:3823} INFO - Setting next_dagrun for risk_analysis_v1 to None, run_after=None
[2026-02-26T01:08:36.177+0000] {processor.py:183} INFO - Processing /opt/airflow/dags/pipeline.py took 1.842 seconds
[2026-02-26T01:09:06.557+0000] {processor.py:161} INFO - Started process (PID=527) to work on /opt/airflow/dags/pipeline.py
[2026-02-26T01:09:06.559+0000] {processor.py:830} INFO - Processing file /opt/airflow/dags/pipeline.py for tasks to queue
[2026-02-26T01:09:06.563+0000] {logging_mixin.py:188} INFO - [2026-02-26T01:09:06.561+0000] {dagbag.py:538} INFO - Filling up the DagBag from /opt/airflow/dags/pipeline.py
[2026-02-26T01:09:08.376+0000] {processor.py:840} INFO - DAG(s) 'risk_analysis_v1' retrieved from /opt/airflow/dags/pipeline.py
[2026-02-26T01:09:08.411+0000] {logging_mixin.py:188} INFO - [2026-02-26T01:09:08.411+0000] {dag.py:3036} INFO - Sync 1 DAGs
[2026-02-26T01:09:08.429+0000] {logging_mixin.py:188} INFO - [2026-02-26T01:09:08.429+0000] {dag.py:3823} INFO - Setting next_dagrun for risk_analysis_v1 to None, run_after=None
[2026-02-26T01:09:08.470+0000] {processor.py:183} INFO - Processing /opt/airflow/dags/pipeline.py took 1.917 seconds
[2026-02-26T01:09:38.885+0000] {processor.py:161} INFO - Started process (PID=550) to work on /opt/airflow/dags/pipeline.py
[2026-02-26T01:09:38.887+0000] {processor.py:830} INFO - Processing file /opt/airflow/dags/pipeline.py for tasks to queue
[2026-02-26T01:09:38.890+0000] {logging_mixin.py:188} INFO - [2026-02-26T01:09:38.889+0000] {dagbag.py:538} INFO - Filling up the DagBag from /opt/airflow/dags/pipeline.py
[2026-02-26T01:09:40.548+0000] {processor.py:840} INFO - DAG(s) 'risk_analysis_v1' retrieved from /opt/airflow/dags/pipeline.py
[2026-02-26T01:09:40.582+0000] {logging_mixin.py:188} INFO - [2026-02-26T01:09:40.581+0000] {dag.py:3036} INFO - Sync 1 DAGs
[2026-02-26T01:09:40.602+0000] {logging_mixin.py:188} INFO - [2026-02-26T01:09:40.602+0000] {dag.py:3823} INFO - Setting next_dagrun for risk_analysis_v1 to None, run_after=None
[2026-02-26T01:09:40.648+0000] {processor.py:183} INFO - Processing /opt/airflow/dags/pipeline.py took 1.768 seconds
[2026-02-26T01:10:10.770+0000] {processor.py:161} INFO - Started process (PID=573) to work on /opt/airflow/dags/pipeline.py
[2026-02-26T01:10:10.772+0000] {processor.py:830} INFO - Processing file /opt/airflow/dags/pipeline.py for tasks to queue
[2026-02-26T01:10:10.775+0000] {logging_mixin.py:188} INFO - [2026-02-26T01:10:10.774+0000] {dagbag.py:538} INFO - Filling up the DagBag from /opt/airflow/dags/pipeline.py
[2026-02-26T01:10:12.595+0000] {processor.py:840} INFO - DAG(s) 'risk_analysis_v1' retrieved from /opt/airflow/dags/pipeline.py
[2026-02-26T01:10:12.639+0000] {logging_mixin.py:188} INFO - [2026-02-26T01:10:12.638+0000] {dag.py:3036} INFO - Sync 1 DAGs
[2026-02-26T01:10:12.657+0000] {logging_mixin.py:188} INFO - [2026-02-26T01:10:12.656+0000] {dag.py:3823} INFO - Setting next_dagrun for risk_analysis_v1 to None, run_after=None
[2026-02-26T01:10:12.689+0000] {processor.py:183} INFO - Processing /opt/airflow/dags/pipeline.py took 1.925 seconds
[2026-02-26T01:10:43.076+0000] {processor.py:161} INFO - Started process (PID=596) to work on /opt/airflow/dags/pipeline.py
[2026-02-26T01:10:43.078+0000] {processor.py:830} INFO - Processing file /opt/airflow/dags/pipeline.py for tasks to queue
[2026-02-26T01:10:43.080+0000] {logging_mixin.py:188} INFO - [2026-02-26T01:10:43.079+0000] {dagbag.py:538} INFO - Filling up the DagBag from /opt/airflow/dags/pipeline.py
[2026-02-26T01:10:44.820+0000] {processor.py:840} INFO - DAG(s) 'risk_analysis_v1' retrieved from /opt/airflow/dags/pipeline.py
[2026-02-26T01:10:44.860+0000] {logging_mixin.py:188} INFO - [2026-02-26T01:10:44.859+0000] {dag.py:3036} INFO - Sync 1 DAGs
[2026-02-26T01:10:44.878+0000] {logging_mixin.py:188} INFO - [2026-02-26T01:10:44.877+0000] {dag.py:3823} INFO - Setting next_dagrun for risk_analysis_v1 to None, run_after=None
[2026-02-26T01:10:44.906+0000] {processor.py:183} INFO - Processing /opt/airflow/dags/pipeline.py took 1.838 seconds
[2026-02-26T01:11:15.268+0000] {processor.py:161} INFO - Started process (PID=619) to work on /opt/airflow/dags/pipeline.py
[2026-02-26T01:11:15.269+0000] {processor.py:830} INFO - Processing file /opt/airflow/dags/pipeline.py for tasks to queue
[2026-02-26T01:11:15.272+0000] {logging_mixin.py:188} INFO - [2026-02-26T01:11:15.271+0000] {dagbag.py:538} INFO - Filling up the DagBag from /opt/airflow/dags/pipeline.py
[2026-02-26T01:11:17.054+0000] {processor.py:840} INFO - DAG(s) 'risk_analysis_v1' retrieved from /opt/airflow/dags/pipeline.py
[2026-02-26T01:11:17.099+0000] {logging_mixin.py:188} INFO - [2026-02-26T01:11:17.098+0000] {dag.py:3036} INFO - Sync 1 DAGs
[2026-02-26T01:11:17.118+0000] {logging_mixin.py:188} INFO - [2026-02-26T01:11:17.118+0000] {dag.py:3823} INFO - Setting next_dagrun for risk_analysis_v1 to None, run_after=None
[2026-02-26T01:11:17.149+0000] {processor.py:183} INFO - Processing /opt/airflow/dags/pipeline.py took 1.887 seconds
[2026-02-26T01:11:47.506+0000] {processor.py:161} INFO - Started process (PID=642) to work on /opt/airflow/dags/pipeline.py
[2026-02-26T01:11:47.508+0000] {processor.py:830} INFO - Processing file /opt/airflow/dags/pipeline.py for tasks to queue
[2026-02-26T01:11:47.509+0000] {logging_mixin.py:188} INFO - [2026-02-26T01:11:47.509+0000] {dagbag.py:538} INFO - Filling up the DagBag from /opt/airflow/dags/pipeline.py
[2026-02-26T01:11:49.325+0000] {processor.py:840} INFO - DAG(s) 'risk_analysis_v1' retrieved from /opt/airflow/dags/pipeline.py
[2026-02-26T01:11:49.377+0000] {logging_mixin.py:188} INFO - [2026-02-26T01:11:49.376+0000] {dag.py:3036} INFO - Sync 1 DAGs
[2026-02-26T01:11:49.400+0000] {logging_mixin.py:188} INFO - [2026-02-26T01:11:49.399+0000] {dag.py:3823} INFO - Setting next_dagrun for risk_analysis_v1 to None, run_after=None
[2026-02-26T01:11:49.447+0000] {processor.py:183} INFO - Processing /opt/airflow/dags/pipeline.py took 1.947 seconds
[2026-02-26T01:12:19.831+0000] {processor.py:161} INFO - Started process (PID=665) to work on /opt/airflow/dags/pipeline.py
[2026-02-26T01:12:19.833+0000] {processor.py:830} INFO - Processing file /opt/airflow/dags/pipeline.py for tasks to queue
[2026-02-26T01:12:19.837+0000] {logging_mixin.py:188} INFO - [2026-02-26T01:12:19.836+0000] {dagbag.py:538} INFO - Filling up the DagBag from /opt/airflow/dags/pipeline.py
[2026-02-26T01:12:21.678+0000] {processor.py:840} INFO - DAG(s) 'risk_analysis_v1' retrieved from /opt/airflow/dags/pipeline.py
[2026-02-26T01:12:21.723+0000] {logging_mixin.py:188} INFO - [2026-02-26T01:12:21.722+0000] {dag.py:3036} INFO - Sync 1 DAGs
[2026-02-26T01:12:21.743+0000] {logging_mixin.py:188} INFO - [2026-02-26T01:12:21.743+0000] {dag.py:3823} INFO - Setting next_dagrun for risk_analysis_v1 to None, run_after=None
[2026-02-26T01:12:21.777+0000] {processor.py:183} INFO - Processing /opt/airflow/dags/pipeline.py took 1.954 seconds
[2026-02-26T01:12:52.156+0000] {processor.py:161} INFO - Started process (PID=688) to work on /opt/airflow/dags/pipeline.py
[2026-02-26T01:12:52.158+0000] {processor.py:830} INFO - Processing file /opt/airflow/dags/pipeline.py for tasks to queue
[2026-02-26T01:12:52.160+0000] {logging_mixin.py:188} INFO - [2026-02-26T01:12:52.160+0000] {dagbag.py:538} INFO - Filling up the DagBag from /opt/airflow/dags/pipeline.py
[2026-02-26T01:12:53.745+0000] {processor.py:840} INFO - DAG(s) 'risk_analysis_v1' retrieved from /opt/airflow/dags/pipeline.py
[2026-02-26T01:12:53.788+0000] {logging_mixin.py:188} INFO - [2026-02-26T01:12:53.787+0000] {dag.py:3036} INFO - Sync 1 DAGs
[2026-02-26T01:12:53.810+0000] {logging_mixin.py:188} INFO - [2026-02-26T01:12:53.809+0000] {dag.py:3823} INFO - Setting next_dagrun for risk_analysis_v1 to None, run_after=None
[2026-02-26T01:12:53.844+0000] {processor.py:183} INFO - Processing /opt/airflow/dags/pipeline.py took 1.695 seconds
[2026-02-26T01:13:24.236+0000] {processor.py:161} INFO - Started process (PID=711) to work on /opt/airflow/dags/pipeline.py
[2026-02-26T01:13:24.237+0000] {processor.py:830} INFO - Processing file /opt/airflow/dags/pipeline.py for tasks to queue
[2026-02-26T01:13:24.239+0000] {logging_mixin.py:188} INFO - [2026-02-26T01:13:24.239+0000] {dagbag.py:538} INFO - Filling up the DagBag from /opt/airflow/dags/pipeline.py
[2026-02-26T01:13:25.852+0000] {processor.py:840} INFO - DAG(s) 'risk_analysis_v1' retrieved from /opt/airflow/dags/pipeline.py
[2026-02-26T01:13:25.906+0000] {logging_mixin.py:188} INFO - [2026-02-26T01:13:25.905+0000] {dag.py:3036} INFO - Sync 1 DAGs
[2026-02-26T01:13:25.925+0000] {logging_mixin.py:188} INFO - [2026-02-26T01:13:25.924+0000] {dag.py:3823} INFO - Setting next_dagrun for risk_analysis_v1 to None, run_after=None
[2026-02-26T01:13:25.952+0000] {processor.py:183} INFO - Processing /opt/airflow/dags/pipeline.py took 1.727 seconds
[2026-02-26T01:13:56.338+0000] {processor.py:161} INFO - Started process (PID=734) to work on /opt/airflow/dags/pipeline.py
[2026-02-26T01:13:56.341+0000] {processor.py:830} INFO - Processing file /opt/airflow/dags/pipeline.py for tasks to queue
[2026-02-26T01:13:56.343+0000] {logging_mixin.py:188} INFO - [2026-02-26T01:13:56.342+0000] {dagbag.py:538} INFO - Filling up the DagBag from /opt/airflow/dags/pipeline.py
[2026-02-26T01:13:58.095+0000] {processor.py:840} INFO - DAG(s) 'risk_analysis_v1' retrieved from /opt/airflow/dags/pipeline.py
[2026-02-26T01:13:58.139+0000] {logging_mixin.py:188} INFO - [2026-02-26T01:13:58.138+0000] {dag.py:3036} INFO - Sync 1 DAGs
[2026-02-26T01:13:58.156+0000] {logging_mixin.py:188} INFO - [2026-02-26T01:13:58.156+0000] {dag.py:3823} INFO - Setting next_dagrun for risk_analysis_v1 to None, run_after=None
[2026-02-26T01:13:58.195+0000] {processor.py:183} INFO - Processing /opt/airflow/dags/pipeline.py took 1.865 seconds
[2026-02-26T01:14:28.344+0000] {processor.py:161} INFO - Started process (PID=757) to work on /opt/airflow/dags/pipeline.py
[2026-02-26T01:14:28.347+0000] {processor.py:830} INFO - Processing file /opt/airflow/dags/pipeline.py for tasks to queue
[2026-02-26T01:14:28.350+0000] {logging_mixin.py:188} INFO - [2026-02-26T01:14:28.349+0000] {dagbag.py:538} INFO - Filling up the DagBag from /opt/airflow/dags/pipeline.py
[2026-02-26T01:14:30.012+0000] {processor.py:840} INFO - DAG(s) 'risk_analysis_v1' retrieved from /opt/airflow/dags/pipeline.py
[2026-02-26T01:14:30.047+0000] {logging_mixin.py:188} INFO - [2026-02-26T01:14:30.046+0000] {dag.py:3036} INFO - Sync 1 DAGs
[2026-02-26T01:14:30.070+0000] {logging_mixin.py:188} INFO - [2026-02-26T01:14:30.069+0000] {dag.py:3823} INFO - Setting next_dagrun for risk_analysis_v1 to None, run_after=None
[2026-02-26T01:14:30.101+0000] {processor.py:183} INFO - Processing /opt/airflow/dags/pipeline.py took 1.763 seconds
[2026-02-26T01:15:00.485+0000] {processor.py:161} INFO - Started process (PID=780) to work on /opt/airflow/dags/pipeline.py
[2026-02-26T01:15:00.488+0000] {processor.py:830} INFO - Processing file /opt/airflow/dags/pipeline.py for tasks to queue
[2026-02-26T01:15:00.491+0000] {logging_mixin.py:188} INFO - [2026-02-26T01:15:00.490+0000] {dagbag.py:538} INFO - Filling up the DagBag from /opt/airflow/dags/pipeline.py
[2026-02-26T01:15:02.427+0000] {processor.py:840} INFO - DAG(s) 'risk_analysis_v1' retrieved from /opt/airflow/dags/pipeline.py
[2026-02-26T01:15:02.482+0000] {logging_mixin.py:188} INFO - [2026-02-26T01:15:02.482+0000] {dag.py:3036} INFO - Sync 1 DAGs
[2026-02-26T01:15:02.505+0000] {logging_mixin.py:188} INFO - [2026-02-26T01:15:02.505+0000] {dag.py:3823} INFO - Setting next_dagrun for risk_analysis_v1 to None, run_after=None
[2026-02-26T01:15:02.552+0000] {processor.py:183} INFO - Processing /opt/airflow/dags/pipeline.py took 2.078 seconds
[2026-02-26T01:15:32.839+0000] {processor.py:161} INFO - Started process (PID=803) to work on /opt/airflow/dags/pipeline.py
[2026-02-26T01:15:32.841+0000] {processor.py:830} INFO - Processing file /opt/airflow/dags/pipeline.py for tasks to queue
[2026-02-26T01:15:32.843+0000] {logging_mixin.py:188} INFO - [2026-02-26T01:15:32.842+0000] {dagbag.py:538} INFO - Filling up the DagBag from /opt/airflow/dags/pipeline.py
[2026-02-26T01:15:34.598+0000] {processor.py:840} INFO - DAG(s) 'risk_analysis_v1' retrieved from /opt/airflow/dags/pipeline.py
[2026-02-26T01:15:34.643+0000] {logging_mixin.py:188} INFO - [2026-02-26T01:15:34.642+0000] {dag.py:3036} INFO - Sync 1 DAGs
[2026-02-26T01:15:34.665+0000] {logging_mixin.py:188} INFO - [2026-02-26T01:15:34.664+0000] {dag.py:3823} INFO - Setting next_dagrun for risk_analysis_v1 to None, run_after=None
[2026-02-26T01:15:34.702+0000] {processor.py:183} INFO - Processing /opt/airflow/dags/pipeline.py took 1.867 seconds
[2026-02-26T01:16:05.132+0000] {processor.py:161} INFO - Started process (PID=826) to work on /opt/airflow/dags/pipeline.py
[2026-02-26T01:16:05.138+0000] {processor.py:830} INFO - Processing file /opt/airflow/dags/pipeline.py for tasks to queue
[2026-02-26T01:16:05.142+0000] {logging_mixin.py:188} INFO - [2026-02-26T01:16:05.141+0000] {dagbag.py:538} INFO - Filling up the DagBag from /opt/airflow/dags/pipeline.py
[2026-02-26T01:19:29.547+0000] {processor.py:161} INFO - Started process (PID=65) to work on /opt/airflow/dags/pipeline.py
[2026-02-26T01:19:29.550+0000] {processor.py:830} INFO - Processing file /opt/airflow/dags/pipeline.py for tasks to queue
[2026-02-26T01:19:29.552+0000] {logging_mixin.py:188} INFO - [2026-02-26T01:19:29.551+0000] {dagbag.py:538} INFO - Filling up the DagBag from /opt/airflow/dags/pipeline.py
[2026-02-26T01:19:33.169+0000] {processor.py:840} INFO - DAG(s) 'risk_analysis_v1' retrieved from /opt/airflow/dags/pipeline.py
[2026-02-26T01:19:33.572+0000] {logging_mixin.py:188} INFO - [2026-02-26T01:19:33.571+0000] {override.py:1769} INFO - Created Permission View: can delete on DAG:risk_analysis_v1
[2026-02-26T01:19:33.593+0000] {logging_mixin.py:188} INFO - [2026-02-26T01:19:33.593+0000] {override.py:1769} INFO - Created Permission View: can read on DAG:risk_analysis_v1
[2026-02-26T01:19:33.611+0000] {logging_mixin.py:188} INFO - [2026-02-26T01:19:33.610+0000] {override.py:1769} INFO - Created Permission View: can edit on DAG:risk_analysis_v1
[2026-02-26T01:19:33.613+0000] {logging_mixin.py:188} INFO - [2026-02-26T01:19:33.612+0000] {dag.py:3036} INFO - Sync 1 DAGs
[2026-02-26T01:19:33.634+0000] {logging_mixin.py:188} WARNING - /home/airflow/.local/lib/python3.8/site-packages/airflow/models/dag.py:3574 DeprecationWarning: The dag_concurrency option in [core] has been renamed to max_active_tasks_per_dag - the old setting has been used, but please update your config.
[2026-02-26T01:19:33.638+0000] {logging_mixin.py:188} INFO - [2026-02-26T01:19:33.636+0000] {dag.py:3058} INFO - Creating ORM DAG for risk_analysis_v1
[2026-02-26T01:19:33.640+0000] {logging_mixin.py:188} INFO - [2026-02-26T01:19:33.639+0000] {dag.py:3823} INFO - Setting next_dagrun for risk_analysis_v1 to None, run_after=None
[2026-02-26T01:19:33.680+0000] {processor.py:183} INFO - Processing /opt/airflow/dags/pipeline.py took 4.138 seconds
[2026-02-26T01:20:03.929+0000] {processor.py:161} INFO - Started process (PID=88) to work on /opt/airflow/dags/pipeline.py
[2026-02-26T01:20:03.930+0000] {processor.py:830} INFO - Processing file /opt/airflow/dags/pipeline.py for tasks to queue
[2026-02-26T01:20:03.932+0000] {logging_mixin.py:188} INFO - [2026-02-26T01:20:03.932+0000] {dagbag.py:538} INFO - Filling up the DagBag from /opt/airflow/dags/pipeline.py
[2026-02-26T01:20:06.191+0000] {processor.py:840} INFO - DAG(s) 'risk_analysis_v1' retrieved from /opt/airflow/dags/pipeline.py
[2026-02-26T01:20:06.229+0000] {logging_mixin.py:188} INFO - [2026-02-26T01:20:06.228+0000] {dag.py:3036} INFO - Sync 1 DAGs
[2026-02-26T01:20:06.248+0000] {logging_mixin.py:188} INFO - [2026-02-26T01:20:06.248+0000] {dag.py:3823} INFO - Setting next_dagrun for risk_analysis_v1 to None, run_after=None
[2026-02-26T01:20:06.283+0000] {processor.py:183} INFO - Processing /opt/airflow/dags/pipeline.py took 2.359 seconds
[2026-02-26T01:20:36.392+0000] {processor.py:161} INFO - Started process (PID=171) to work on /opt/airflow/dags/pipeline.py
[2026-02-26T01:20:36.394+0000] {processor.py:830} INFO - Processing file /opt/airflow/dags/pipeline.py for tasks to queue
[2026-02-26T01:20:36.396+0000] {logging_mixin.py:188} INFO - [2026-02-26T01:20:36.395+0000] {dagbag.py:538} INFO - Filling up the DagBag from /opt/airflow/dags/pipeline.py
[2026-02-26T01:20:38.506+0000] {processor.py:840} INFO - DAG(s) 'risk_analysis_v1' retrieved from /opt/airflow/dags/pipeline.py
[2026-02-26T01:20:38.564+0000] {logging_mixin.py:188} INFO - [2026-02-26T01:20:38.563+0000] {dag.py:3036} INFO - Sync 1 DAGs
[2026-02-26T01:20:38.590+0000] {logging_mixin.py:188} INFO - [2026-02-26T01:20:38.589+0000] {dag.py:3823} INFO - Setting next_dagrun for risk_analysis_v1 to None, run_after=None
[2026-02-26T01:20:38.628+0000] {processor.py:183} INFO - Processing /opt/airflow/dags/pipeline.py took 2.243 seconds
[2026-02-26T01:21:08.899+0000] {processor.py:161} INFO - Started process (PID=300) to work on /opt/airflow/dags/pipeline.py
[2026-02-26T01:21:08.900+0000] {processor.py:830} INFO - Processing file /opt/airflow/dags/pipeline.py for tasks to queue
[2026-02-26T01:21:08.902+0000] {logging_mixin.py:188} INFO - [2026-02-26T01:21:08.901+0000] {dagbag.py:538} INFO - Filling up the DagBag from /opt/airflow/dags/pipeline.py
[2026-02-26T01:21:10.514+0000] {processor.py:840} INFO - DAG(s) 'risk_analysis_v1' retrieved from /opt/airflow/dags/pipeline.py
[2026-02-26T01:21:10.552+0000] {logging_mixin.py:188} INFO - [2026-02-26T01:21:10.551+0000] {dag.py:3036} INFO - Sync 1 DAGs
[2026-02-26T01:21:10.569+0000] {logging_mixin.py:188} INFO - [2026-02-26T01:21:10.569+0000] {dag.py:3823} INFO - Setting next_dagrun for risk_analysis_v1 to None, run_after=None
[2026-02-26T01:21:10.600+0000] {processor.py:183} INFO - Processing /opt/airflow/dags/pipeline.py took 1.707 seconds
[2026-02-26T01:21:40.992+0000] {processor.py:161} INFO - Started process (PID=323) to work on /opt/airflow/dags/pipeline.py
[2026-02-26T01:21:40.994+0000] {processor.py:830} INFO - Processing file /opt/airflow/dags/pipeline.py for tasks to queue
[2026-02-26T01:21:40.996+0000] {logging_mixin.py:188} INFO - [2026-02-26T01:21:40.996+0000] {dagbag.py:538} INFO - Filling up the DagBag from /opt/airflow/dags/pipeline.py
[2026-02-26T01:21:42.773+0000] {processor.py:840} INFO - DAG(s) 'risk_analysis_v1' retrieved from /opt/airflow/dags/pipeline.py
[2026-02-26T01:21:42.810+0000] {logging_mixin.py:188} INFO - [2026-02-26T01:21:42.809+0000] {dag.py:3036} INFO - Sync 1 DAGs
[2026-02-26T01:21:42.826+0000] {logging_mixin.py:188} INFO - [2026-02-26T01:21:42.826+0000] {dag.py:3823} INFO - Setting next_dagrun for risk_analysis_v1 to None, run_after=None
[2026-02-26T01:21:42.857+0000] {processor.py:183} INFO - Processing /opt/airflow/dags/pipeline.py took 1.872 seconds
[2026-02-26T01:22:13.225+0000] {processor.py:161} INFO - Started process (PID=346) to work on /opt/airflow/dags/pipeline.py
[2026-02-26T01:22:13.227+0000] {processor.py:830} INFO - Processing file /opt/airflow/dags/pipeline.py for tasks to queue
[2026-02-26T01:22:13.230+0000] {logging_mixin.py:188} INFO - [2026-02-26T01:22:13.229+0000] {dagbag.py:538} INFO - Filling up the DagBag from /opt/airflow/dags/pipeline.py
[2026-02-26T01:22:14.945+0000] {processor.py:840} INFO - DAG(s) 'risk_analysis_v1' retrieved from /opt/airflow/dags/pipeline.py
[2026-02-26T01:22:14.985+0000] {logging_mixin.py:188} INFO - [2026-02-26T01:22:14.984+0000] {dag.py:3036} INFO - Sync 1 DAGs
[2026-02-26T01:22:15.003+0000] {logging_mixin.py:188} INFO - [2026-02-26T01:22:15.003+0000] {dag.py:3823} INFO - Setting next_dagrun for risk_analysis_v1 to None, run_after=None
[2026-02-26T01:22:15.056+0000] {processor.py:183} INFO - Processing /opt/airflow/dags/pipeline.py took 1.839 seconds
[2026-02-26T01:22:45.406+0000] {processor.py:161} INFO - Started process (PID=369) to work on /opt/airflow/dags/pipeline.py
[2026-02-26T01:22:45.407+0000] {processor.py:830} INFO - Processing file /opt/airflow/dags/pipeline.py for tasks to queue
[2026-02-26T01:22:45.409+0000] {logging_mixin.py:188} INFO - [2026-02-26T01:22:45.409+0000] {dagbag.py:538} INFO - Filling up the DagBag from /opt/airflow/dags/pipeline.py
[2026-02-26T01:22:47.162+0000] {processor.py:840} INFO - DAG(s) 'risk_analysis_v1' retrieved from /opt/airflow/dags/pipeline.py
[2026-02-26T01:22:47.197+0000] {logging_mixin.py:188} INFO - [2026-02-26T01:22:47.196+0000] {dag.py:3036} INFO - Sync 1 DAGs
[2026-02-26T01:22:47.214+0000] {logging_mixin.py:188} INFO - [2026-02-26T01:22:47.214+0000] {dag.py:3823} INFO - Setting next_dagrun for risk_analysis_v1 to None, run_after=None
[2026-02-26T01:22:47.245+0000] {processor.py:183} INFO - Processing /opt/airflow/dags/pipeline.py took 1.845 seconds
[2026-02-26T01:23:17.598+0000] {processor.py:161} INFO - Started process (PID=412) to work on /opt/airflow/dags/pipeline.py
[2026-02-26T01:23:17.600+0000] {processor.py:830} INFO - Processing file /opt/airflow/dags/pipeline.py for tasks to queue
[2026-02-26T01:23:17.602+0000] {logging_mixin.py:188} INFO - [2026-02-26T01:23:17.601+0000] {dagbag.py:538} INFO - Filling up the DagBag from /opt/airflow/dags/pipeline.py
[2026-02-26T01:23:19.142+0000] {processor.py:840} INFO - DAG(s) 'risk_analysis_v1' retrieved from /opt/airflow/dags/pipeline.py
[2026-02-26T01:23:19.178+0000] {logging_mixin.py:188} INFO - [2026-02-26T01:23:19.177+0000] {dag.py:3036} INFO - Sync 1 DAGs
[2026-02-26T01:23:19.199+0000] {logging_mixin.py:188} INFO - [2026-02-26T01:23:19.198+0000] {dag.py:3823} INFO - Setting next_dagrun for risk_analysis_v1 to None, run_after=None
[2026-02-26T01:23:19.233+0000] {processor.py:183} INFO - Processing /opt/airflow/dags/pipeline.py took 1.641 seconds
[2026-02-26T01:23:49.533+0000] {processor.py:161} INFO - Started process (PID=435) to work on /opt/airflow/dags/pipeline.py
[2026-02-26T01:23:49.534+0000] {processor.py:830} INFO - Processing file /opt/airflow/dags/pipeline.py for tasks to queue
[2026-02-26T01:23:49.537+0000] {logging_mixin.py:188} INFO - [2026-02-26T01:23:49.536+0000] {dagbag.py:538} INFO - Filling up the DagBag from /opt/airflow/dags/pipeline.py
[2026-02-26T01:23:51.178+0000] {processor.py:840} INFO - DAG(s) 'risk_analysis_v1' retrieved from /opt/airflow/dags/pipeline.py
[2026-02-26T01:23:51.220+0000] {logging_mixin.py:188} INFO - [2026-02-26T01:23:51.219+0000] {dag.py:3036} INFO - Sync 1 DAGs
[2026-02-26T01:23:51.240+0000] {logging_mixin.py:188} INFO - [2026-02-26T01:23:51.240+0000] {dag.py:3823} INFO - Setting next_dagrun for risk_analysis_v1 to None, run_after=None
[2026-02-26T01:23:51.292+0000] {processor.py:183} INFO - Processing /opt/airflow/dags/pipeline.py took 1.764 seconds
[2026-02-26T01:24:21.687+0000] {processor.py:161} INFO - Started process (PID=458) to work on /opt/airflow/dags/pipeline.py
[2026-02-26T01:24:21.689+0000] {processor.py:830} INFO - Processing file /opt/airflow/dags/pipeline.py for tasks to queue
[2026-02-26T01:24:21.692+0000] {logging_mixin.py:188} INFO - [2026-02-26T01:24:21.692+0000] {dagbag.py:538} INFO - Filling up the DagBag from /opt/airflow/dags/pipeline.py
[2026-02-26T01:24:23.399+0000] {processor.py:840} INFO - DAG(s) 'risk_analysis_v1' retrieved from /opt/airflow/dags/pipeline.py
[2026-02-26T01:24:23.453+0000] {logging_mixin.py:188} INFO - [2026-02-26T01:24:23.452+0000] {dag.py:3036} INFO - Sync 1 DAGs
[2026-02-26T01:24:23.477+0000] {logging_mixin.py:188} INFO - [2026-02-26T01:24:23.476+0000] {dag.py:3823} INFO - Setting next_dagrun for risk_analysis_v1 to None, run_after=None
[2026-02-26T01:24:23.513+0000] {processor.py:183} INFO - Processing /opt/airflow/dags/pipeline.py took 1.831 seconds
[2026-02-26T01:24:53.930+0000] {processor.py:161} INFO - Started process (PID=481) to work on /opt/airflow/dags/pipeline.py
[2026-02-26T01:24:53.932+0000] {processor.py:830} INFO - Processing file /opt/airflow/dags/pipeline.py for tasks to queue
[2026-02-26T01:24:53.934+0000] {logging_mixin.py:188} INFO - [2026-02-26T01:24:53.934+0000] {dagbag.py:538} INFO - Filling up the DagBag from /opt/airflow/dags/pipeline.py
[2026-02-26T01:24:55.713+0000] {processor.py:840} INFO - DAG(s) 'risk_analysis_v1' retrieved from /opt/airflow/dags/pipeline.py
[2026-02-26T01:24:55.756+0000] {logging_mixin.py:188} INFO - [2026-02-26T01:24:55.755+0000] {dag.py:3036} INFO - Sync 1 DAGs
[2026-02-26T01:24:55.773+0000] {logging_mixin.py:188} INFO - [2026-02-26T01:24:55.773+0000] {dag.py:3823} INFO - Setting next_dagrun for risk_analysis_v1 to None, run_after=None
[2026-02-26T01:24:55.803+0000] {processor.py:183} INFO - Processing /opt/airflow/dags/pipeline.py took 1.879 seconds
[2026-02-26T01:26:54.148+0000] {processor.py:161} INFO - Started process (PID=64) to work on /opt/airflow/dags/pipeline.py
[2026-02-26T01:26:54.149+0000] {processor.py:830} INFO - Processing file /opt/airflow/dags/pipeline.py for tasks to queue
[2026-02-26T01:26:54.151+0000] {logging_mixin.py:188} INFO - [2026-02-26T01:26:54.150+0000] {dagbag.py:538} INFO - Filling up the DagBag from /opt/airflow/dags/pipeline.py
[2026-02-26T01:26:57.242+0000] {processor.py:840} INFO - DAG(s) 'risk_analysis_v1' retrieved from /opt/airflow/dags/pipeline.py
[2026-02-26T01:26:57.541+0000] {logging_mixin.py:188} INFO - [2026-02-26T01:26:57.540+0000] {override.py:1769} INFO - Created Permission View: can read on DAG:risk_analysis_v1
[2026-02-26T01:26:57.558+0000] {logging_mixin.py:188} INFO - [2026-02-26T01:26:57.558+0000] {override.py:1769} INFO - Created Permission View: can delete on DAG:risk_analysis_v1
[2026-02-26T01:26:57.571+0000] {logging_mixin.py:188} INFO - [2026-02-26T01:26:57.570+0000] {override.py:1769} INFO - Created Permission View: can edit on DAG:risk_analysis_v1
[2026-02-26T01:26:57.572+0000] {logging_mixin.py:188} INFO - [2026-02-26T01:26:57.572+0000] {dag.py:3036} INFO - Sync 1 DAGs
[2026-02-26T01:26:57.591+0000] {logging_mixin.py:188} WARNING - /home/airflow/.local/lib/python3.8/site-packages/airflow/models/dag.py:3574 DeprecationWarning: The dag_concurrency option in [core] has been renamed to max_active_tasks_per_dag - the old setting has been used, but please update your config.
[2026-02-26T01:26:57.593+0000] {logging_mixin.py:188} INFO - [2026-02-26T01:26:57.592+0000] {dag.py:3058} INFO - Creating ORM DAG for risk_analysis_v1
[2026-02-26T01:26:57.595+0000] {logging_mixin.py:188} INFO - [2026-02-26T01:26:57.594+0000] {dag.py:3823} INFO - Setting next_dagrun for risk_analysis_v1 to None, run_after=None
[2026-02-26T01:26:57.627+0000] {processor.py:183} INFO - Processing /opt/airflow/dags/pipeline.py took 3.486 seconds
[2026-02-26T01:27:28.003+0000] {processor.py:161} INFO - Started process (PID=88) to work on /opt/airflow/dags/pipeline.py
[2026-02-26T01:27:28.005+0000] {processor.py:830} INFO - Processing file /opt/airflow/dags/pipeline.py for tasks to queue
[2026-02-26T01:27:28.007+0000] {logging_mixin.py:188} INFO - [2026-02-26T01:27:28.007+0000] {dagbag.py:538} INFO - Filling up the DagBag from /opt/airflow/dags/pipeline.py
[2026-02-26T01:27:29.649+0000] {processor.py:840} INFO - DAG(s) 'risk_analysis_v1' retrieved from /opt/airflow/dags/pipeline.py
[2026-02-26T01:27:29.683+0000] {logging_mixin.py:188} INFO - [2026-02-26T01:27:29.683+0000] {dag.py:3036} INFO - Sync 1 DAGs
[2026-02-26T01:27:29.701+0000] {logging_mixin.py:188} INFO - [2026-02-26T01:27:29.701+0000] {dag.py:3823} INFO - Setting next_dagrun for risk_analysis_v1 to None, run_after=None
[2026-02-26T01:27:29.728+0000] {processor.py:183} INFO - Processing /opt/airflow/dags/pipeline.py took 1.732 seconds
[2026-02-26T01:27:59.872+0000] {processor.py:161} INFO - Started process (PID=274) to work on /opt/airflow/dags/pipeline.py
[2026-02-26T01:27:59.876+0000] {processor.py:830} INFO - Processing file /opt/airflow/dags/pipeline.py for tasks to queue
[2026-02-26T01:27:59.879+0000] {logging_mixin.py:188} INFO - [2026-02-26T01:27:59.878+0000] {dagbag.py:538} INFO - Filling up the DagBag from /opt/airflow/dags/pipeline.py
[2026-02-26T01:28:01.559+0000] {processor.py:840} INFO - DAG(s) 'risk_analysis_v1' retrieved from /opt/airflow/dags/pipeline.py
[2026-02-26T01:28:01.594+0000] {logging_mixin.py:188} INFO - [2026-02-26T01:28:01.594+0000] {dag.py:3036} INFO - Sync 1 DAGs
[2026-02-26T01:28:01.616+0000] {logging_mixin.py:188} INFO - [2026-02-26T01:28:01.616+0000] {dag.py:3823} INFO - Setting next_dagrun for risk_analysis_v1 to None, run_after=None
[2026-02-26T01:28:01.677+0000] {processor.py:183} INFO - Processing /opt/airflow/dags/pipeline.py took 1.810 seconds
[2026-02-26T01:28:32.060+0000] {processor.py:161} INFO - Started process (PID=299) to work on /opt/airflow/dags/pipeline.py
[2026-02-26T01:28:32.062+0000] {processor.py:830} INFO - Processing file /opt/airflow/dags/pipeline.py for tasks to queue
[2026-02-26T01:28:32.066+0000] {logging_mixin.py:188} INFO - [2026-02-26T01:28:32.065+0000] {dagbag.py:538} INFO - Filling up the DagBag from /opt/airflow/dags/pipeline.py
[2026-02-26T01:28:33.810+0000] {processor.py:840} INFO - DAG(s) 'risk_analysis_v1' retrieved from /opt/airflow/dags/pipeline.py
[2026-02-26T01:28:33.857+0000] {logging_mixin.py:188} INFO - [2026-02-26T01:28:33.857+0000] {dag.py:3036} INFO - Sync 1 DAGs
[2026-02-26T01:28:33.877+0000] {logging_mixin.py:188} INFO - [2026-02-26T01:28:33.877+0000] {dag.py:3823} INFO - Setting next_dagrun for risk_analysis_v1 to None, run_after=None
[2026-02-26T01:28:33.911+0000] {processor.py:183} INFO - Processing /opt/airflow/dags/pipeline.py took 1.860 seconds
[2026-02-26T01:29:04.308+0000] {processor.py:161} INFO - Started process (PID=322) to work on /opt/airflow/dags/pipeline.py
[2026-02-26T01:29:04.310+0000] {processor.py:830} INFO - Processing file /opt/airflow/dags/pipeline.py for tasks to queue
[2026-02-26T01:29:04.312+0000] {logging_mixin.py:188} INFO - [2026-02-26T01:29:04.311+0000] {dagbag.py:538} INFO - Filling up the DagBag from /opt/airflow/dags/pipeline.py
[2026-02-26T01:29:05.914+0000] {processor.py:840} INFO - DAG(s) 'risk_analysis_v1' retrieved from /opt/airflow/dags/pipeline.py
[2026-02-26T01:29:05.965+0000] {logging_mixin.py:188} INFO - [2026-02-26T01:29:05.964+0000] {dag.py:3036} INFO - Sync 1 DAGs
[2026-02-26T01:29:05.990+0000] {logging_mixin.py:188} INFO - [2026-02-26T01:29:05.989+0000] {dag.py:3823} INFO - Setting next_dagrun for risk_analysis_v1 to None, run_after=None
[2026-02-26T01:29:06.021+0000] {processor.py:183} INFO - Processing /opt/airflow/dags/pipeline.py took 1.719 seconds
[2026-02-26T01:29:36.412+0000] {processor.py:161} INFO - Started process (PID=345) to work on /opt/airflow/dags/pipeline.py
[2026-02-26T01:29:36.414+0000] {processor.py:830} INFO - Processing file /opt/airflow/dags/pipeline.py for tasks to queue
[2026-02-26T01:29:36.417+0000] {logging_mixin.py:188} INFO - [2026-02-26T01:29:36.416+0000] {dagbag.py:538} INFO - Filling up the DagBag from /opt/airflow/dags/pipeline.py
[2026-02-26T01:29:38.067+0000] {processor.py:840} INFO - DAG(s) 'risk_analysis_v1' retrieved from /opt/airflow/dags/pipeline.py
[2026-02-26T01:29:38.119+0000] {logging_mixin.py:188} INFO - [2026-02-26T01:29:38.118+0000] {dag.py:3036} INFO - Sync 1 DAGs
[2026-02-26T01:29:38.136+0000] {logging_mixin.py:188} INFO - [2026-02-26T01:29:38.136+0000] {dag.py:3823} INFO - Setting next_dagrun for risk_analysis_v1 to None, run_after=None
[2026-02-26T01:29:38.172+0000] {processor.py:183} INFO - Processing /opt/airflow/dags/pipeline.py took 1.765 seconds
[2026-02-26T01:30:08.272+0000] {processor.py:161} INFO - Started process (PID=368) to work on /opt/airflow/dags/pipeline.py
[2026-02-26T01:30:08.274+0000] {processor.py:830} INFO - Processing file /opt/airflow/dags/pipeline.py for tasks to queue
[2026-02-26T01:30:08.276+0000] {logging_mixin.py:188} INFO - [2026-02-26T01:30:08.275+0000] {dagbag.py:538} INFO - Filling up the DagBag from /opt/airflow/dags/pipeline.py
[2026-02-26T01:30:09.923+0000] {processor.py:840} INFO - DAG(s) 'risk_analysis_v1' retrieved from /opt/airflow/dags/pipeline.py
[2026-02-26T01:30:09.981+0000] {logging_mixin.py:188} INFO - [2026-02-26T01:30:09.980+0000] {dag.py:3036} INFO - Sync 1 DAGs
[2026-02-26T01:30:10.003+0000] {logging_mixin.py:188} INFO - [2026-02-26T01:30:10.002+0000] {dag.py:3823} INFO - Setting next_dagrun for risk_analysis_v1 to None, run_after=None
[2026-02-26T01:30:10.035+0000] {processor.py:183} INFO - Processing /opt/airflow/dags/pipeline.py took 1.768 seconds
[2026-02-26T01:30:40.393+0000] {processor.py:161} INFO - Started process (PID=411) to work on /opt/airflow/dags/pipeline.py
[2026-02-26T01:30:40.395+0000] {processor.py:830} INFO - Processing file /opt/airflow/dags/pipeline.py for tasks to queue
[2026-02-26T01:30:40.396+0000] {logging_mixin.py:188} INFO - [2026-02-26T01:30:40.396+0000] {dagbag.py:538} INFO - Filling up the DagBag from /opt/airflow/dags/pipeline.py
[2026-02-26T01:30:41.938+0000] {processor.py:840} INFO - DAG(s) 'risk_analysis_v1' retrieved from /opt/airflow/dags/pipeline.py
[2026-02-26T01:30:41.973+0000] {logging_mixin.py:188} INFO - [2026-02-26T01:30:41.972+0000] {dag.py:3036} INFO - Sync 1 DAGs
[2026-02-26T01:30:41.994+0000] {logging_mixin.py:188} INFO - [2026-02-26T01:30:41.993+0000] {dag.py:3823} INFO - Setting next_dagrun for risk_analysis_v1 to None, run_after=None
[2026-02-26T01:30:42.029+0000] {processor.py:183} INFO - Processing /opt/airflow/dags/pipeline.py took 1.642 seconds
[2026-02-26T01:31:12.394+0000] {processor.py:161} INFO - Started process (PID=434) to work on /opt/airflow/dags/pipeline.py
[2026-02-26T01:31:12.396+0000] {processor.py:830} INFO - Processing file /opt/airflow/dags/pipeline.py for tasks to queue
[2026-02-26T01:31:12.399+0000] {logging_mixin.py:188} INFO - [2026-02-26T01:31:12.398+0000] {dagbag.py:538} INFO - Filling up the DagBag from /opt/airflow/dags/pipeline.py
[2026-02-26T01:31:13.940+0000] {processor.py:840} INFO - DAG(s) 'risk_analysis_v1' retrieved from /opt/airflow/dags/pipeline.py
[2026-02-26T01:31:13.979+0000] {logging_mixin.py:188} INFO - [2026-02-26T01:31:13.978+0000] {dag.py:3036} INFO - Sync 1 DAGs
[2026-02-26T01:31:14.000+0000] {logging_mixin.py:188} INFO - [2026-02-26T01:31:14.000+0000] {dag.py:3823} INFO - Setting next_dagrun for risk_analysis_v1 to None, run_after=None
[2026-02-26T01:31:14.036+0000] {processor.py:183} INFO - Processing /opt/airflow/dags/pipeline.py took 1.649 seconds
[2026-02-26T01:31:44.414+0000] {processor.py:161} INFO - Started process (PID=457) to work on /opt/airflow/dags/pipeline.py
[2026-02-26T01:31:44.416+0000] {processor.py:830} INFO - Processing file /opt/airflow/dags/pipeline.py for tasks to queue
[2026-02-26T01:31:44.418+0000] {logging_mixin.py:188} INFO - [2026-02-26T01:31:44.418+0000] {dagbag.py:538} INFO - Filling up the DagBag from /opt/airflow/dags/pipeline.py
[2026-02-26T01:31:46.005+0000] {processor.py:840} INFO - DAG(s) 'risk_analysis_v1' retrieved from /opt/airflow/dags/pipeline.py
[2026-02-26T01:31:46.043+0000] {logging_mixin.py:188} INFO - [2026-02-26T01:31:46.042+0000] {dag.py:3036} INFO - Sync 1 DAGs
[2026-02-26T01:31:46.059+0000] {logging_mixin.py:188} INFO - [2026-02-26T01:31:46.058+0000] {dag.py:3823} INFO - Setting next_dagrun for risk_analysis_v1 to None, run_after=None
[2026-02-26T01:31:46.085+0000] {processor.py:183} INFO - Processing /opt/airflow/dags/pipeline.py took 1.675 seconds
[2026-02-26T01:32:16.592+0000] {processor.py:161} INFO - Started process (PID=480) to work on /opt/airflow/dags/pipeline.py
[2026-02-26T01:32:16.595+0000] {processor.py:830} INFO - Processing file /opt/airflow/dags/pipeline.py for tasks to queue
[2026-02-26T01:32:16.598+0000] {logging_mixin.py:188} INFO - [2026-02-26T01:32:16.598+0000] {dagbag.py:538} INFO - Filling up the DagBag from /opt/airflow/dags/pipeline.py
[2026-02-26T01:32:18.153+0000] {processor.py:840} INFO - DAG(s) 'risk_analysis_v1' retrieved from /opt/airflow/dags/pipeline.py
[2026-02-26T01:32:18.197+0000] {logging_mixin.py:188} INFO - [2026-02-26T01:32:18.197+0000] {dag.py:3036} INFO - Sync 1 DAGs
[2026-02-26T01:32:18.215+0000] {logging_mixin.py:188} INFO - [2026-02-26T01:32:18.214+0000] {dag.py:3823} INFO - Setting next_dagrun for risk_analysis_v1 to None, run_after=None
[2026-02-26T01:32:18.244+0000] {processor.py:183} INFO - Processing /opt/airflow/dags/pipeline.py took 1.657 seconds
[2026-02-26T01:32:48.653+0000] {processor.py:161} INFO - Started process (PID=503) to work on /opt/airflow/dags/pipeline.py
[2026-02-26T01:32:48.655+0000] {processor.py:830} INFO - Processing file /opt/airflow/dags/pipeline.py for tasks to queue
[2026-02-26T01:32:48.658+0000] {logging_mixin.py:188} INFO - [2026-02-26T01:32:48.657+0000] {dagbag.py:538} INFO - Filling up the DagBag from /opt/airflow/dags/pipeline.py
[2026-02-26T01:32:50.272+0000] {processor.py:840} INFO - DAG(s) 'risk_analysis_v1' retrieved from /opt/airflow/dags/pipeline.py
[2026-02-26T01:32:50.312+0000] {logging_mixin.py:188} INFO - [2026-02-26T01:32:50.311+0000] {dag.py:3036} INFO - Sync 1 DAGs
[2026-02-26T01:32:50.328+0000] {logging_mixin.py:188} INFO - [2026-02-26T01:32:50.328+0000] {dag.py:3823} INFO - Setting next_dagrun for risk_analysis_v1 to None, run_after=None
[2026-02-26T01:32:50.362+0000] {processor.py:183} INFO - Processing /opt/airflow/dags/pipeline.py took 1.715 seconds
[2026-02-26T01:33:20.734+0000] {processor.py:161} INFO - Started process (PID=526) to work on /opt/airflow/dags/pipeline.py
[2026-02-26T01:33:20.737+0000] {processor.py:830} INFO - Processing file /opt/airflow/dags/pipeline.py for tasks to queue
[2026-02-26T01:33:20.741+0000] {logging_mixin.py:188} INFO - [2026-02-26T01:33:20.740+0000] {dagbag.py:538} INFO - Filling up the DagBag from /opt/airflow/dags/pipeline.py
[2026-02-26T01:33:22.329+0000] {processor.py:840} INFO - DAG(s) 'risk_analysis_v1' retrieved from /opt/airflow/dags/pipeline.py
[2026-02-26T01:33:22.361+0000] {logging_mixin.py:188} INFO - [2026-02-26T01:33:22.360+0000] {dag.py:3036} INFO - Sync 1 DAGs
[2026-02-26T01:33:22.380+0000] {logging_mixin.py:188} INFO - [2026-02-26T01:33:22.380+0000] {dag.py:3823} INFO - Setting next_dagrun for risk_analysis_v1 to None, run_after=None
[2026-02-26T01:33:22.412+0000] {processor.py:183} INFO - Processing /opt/airflow/dags/pipeline.py took 1.684 seconds
[2026-02-26T01:33:52.673+0000] {processor.py:161} INFO - Started process (PID=549) to work on /opt/airflow/dags/pipeline.py
[2026-02-26T01:33:52.675+0000] {processor.py:830} INFO - Processing file /opt/airflow/dags/pipeline.py for tasks to queue
[2026-02-26T01:33:52.676+0000] {logging_mixin.py:188} INFO - [2026-02-26T01:33:52.676+0000] {dagbag.py:538} INFO - Filling up the DagBag from /opt/airflow/dags/pipeline.py
[2026-02-26T01:33:54.276+0000] {processor.py:840} INFO - DAG(s) 'risk_analysis_v1' retrieved from /opt/airflow/dags/pipeline.py
[2026-02-26T01:33:54.314+0000] {logging_mixin.py:188} INFO - [2026-02-26T01:33:54.313+0000] {dag.py:3036} INFO - Sync 1 DAGs
[2026-02-26T01:33:54.336+0000] {logging_mixin.py:188} INFO - [2026-02-26T01:33:54.336+0000] {dag.py:3823} INFO - Setting next_dagrun for risk_analysis_v1 to None, run_after=None
[2026-02-26T01:33:54.374+0000] {processor.py:183} INFO - Processing /opt/airflow/dags/pipeline.py took 1.706 seconds
[2026-02-26T01:34:24.766+0000] {processor.py:161} INFO - Started process (PID=572) to work on /opt/airflow/dags/pipeline.py
[2026-02-26T01:34:24.768+0000] {processor.py:830} INFO - Processing file /opt/airflow/dags/pipeline.py for tasks to queue
[2026-02-26T01:34:24.770+0000] {logging_mixin.py:188} INFO - [2026-02-26T01:34:24.770+0000] {dagbag.py:538} INFO - Filling up the DagBag from /opt/airflow/dags/pipeline.py
[2026-02-26T01:34:26.290+0000] {processor.py:840} INFO - DAG(s) 'risk_analysis_v1' retrieved from /opt/airflow/dags/pipeline.py
[2026-02-26T01:34:26.327+0000] {logging_mixin.py:188} INFO - [2026-02-26T01:34:26.326+0000] {dag.py:3036} INFO - Sync 1 DAGs
[2026-02-26T01:34:26.344+0000] {logging_mixin.py:188} INFO - [2026-02-26T01:34:26.343+0000] {dag.py:3823} INFO - Setting next_dagrun for risk_analysis_v1 to None, run_after=None
[2026-02-26T01:34:26.375+0000] {processor.py:183} INFO - Processing /opt/airflow/dags/pipeline.py took 1.618 seconds
[2026-02-26T01:34:56.718+0000] {processor.py:161} INFO - Started process (PID=595) to work on /opt/airflow/dags/pipeline.py
[2026-02-26T01:34:56.720+0000] {processor.py:830} INFO - Processing file /opt/airflow/dags/pipeline.py for tasks to queue
[2026-02-26T01:34:56.722+0000] {logging_mixin.py:188} INFO - [2026-02-26T01:34:56.721+0000] {dagbag.py:538} INFO - Filling up the DagBag from /opt/airflow/dags/pipeline.py
[2026-02-26T01:34:58.294+0000] {processor.py:840} INFO - DAG(s) 'risk_analysis_v1' retrieved from /opt/airflow/dags/pipeline.py
[2026-02-26T01:34:58.333+0000] {logging_mixin.py:188} INFO - [2026-02-26T01:34:58.332+0000] {dag.py:3036} INFO - Sync 1 DAGs
[2026-02-26T01:34:58.350+0000] {logging_mixin.py:188} INFO - [2026-02-26T01:34:58.350+0000] {dag.py:3823} INFO - Setting next_dagrun for risk_analysis_v1 to None, run_after=None
[2026-02-26T01:34:58.383+0000] {processor.py:183} INFO - Processing /opt/airflow/dags/pipeline.py took 1.670 seconds
[2026-02-26T01:35:28.719+0000] {processor.py:161} INFO - Started process (PID=618) to work on /opt/airflow/dags/pipeline.py
[2026-02-26T01:35:28.722+0000] {processor.py:830} INFO - Processing file /opt/airflow/dags/pipeline.py for tasks to queue
[2026-02-26T01:35:28.724+0000] {logging_mixin.py:188} INFO - [2026-02-26T01:35:28.724+0000] {dagbag.py:538} INFO - Filling up the DagBag from /opt/airflow/dags/pipeline.py
[2026-02-26T01:35:30.289+0000] {processor.py:840} INFO - DAG(s) 'risk_analysis_v1' retrieved from /opt/airflow/dags/pipeline.py
[2026-02-26T01:35:30.325+0000] {logging_mixin.py:188} INFO - [2026-02-26T01:35:30.324+0000] {dag.py:3036} INFO - Sync 1 DAGs
[2026-02-26T01:35:30.341+0000] {logging_mixin.py:188} INFO - [2026-02-26T01:35:30.341+0000] {dag.py:3823} INFO - Setting next_dagrun for risk_analysis_v1 to None, run_after=None
[2026-02-26T01:35:30.371+0000] {processor.py:183} INFO - Processing /opt/airflow/dags/pipeline.py took 1.659 seconds
[2026-02-26T01:36:00.783+0000] {processor.py:161} INFO - Started process (PID=641) to work on /opt/airflow/dags/pipeline.py
[2026-02-26T01:36:00.785+0000] {processor.py:830} INFO - Processing file /opt/airflow/dags/pipeline.py for tasks to queue
[2026-02-26T01:36:00.787+0000] {logging_mixin.py:188} INFO - [2026-02-26T01:36:00.787+0000] {dagbag.py:538} INFO - Filling up the DagBag from /opt/airflow/dags/pipeline.py
[2026-02-26T01:36:02.551+0000] {processor.py:840} INFO - DAG(s) 'risk_analysis_v1' retrieved from /opt/airflow/dags/pipeline.py
[2026-02-26T01:36:02.597+0000] {logging_mixin.py:188} INFO - [2026-02-26T01:36:02.596+0000] {dag.py:3036} INFO - Sync 1 DAGs
[2026-02-26T01:36:02.617+0000] {logging_mixin.py:188} INFO - [2026-02-26T01:36:02.617+0000] {dag.py:3823} INFO - Setting next_dagrun for risk_analysis_v1 to None, run_after=None
[2026-02-26T01:36:02.665+0000] {processor.py:183} INFO - Processing /opt/airflow/dags/pipeline.py took 1.890 seconds
[2026-02-26T01:46:07.505+0000] {processor.py:161} INFO - Started process (PID=65) to work on /opt/airflow/dags/pipeline.py
[2026-02-26T01:46:07.506+0000] {processor.py:830} INFO - Processing file /opt/airflow/dags/pipeline.py for tasks to queue
[2026-02-26T01:46:07.508+0000] {logging_mixin.py:188} INFO - [2026-02-26T01:46:07.508+0000] {dagbag.py:538} INFO - Filling up the DagBag from /opt/airflow/dags/pipeline.py
[2026-02-26T01:46:11.754+0000] {processor.py:840} INFO - DAG(s) 'risk_analysis_v1' retrieved from /opt/airflow/dags/pipeline.py
[2026-02-26T01:46:12.077+0000] {logging_mixin.py:188} INFO - [2026-02-26T01:46:12.076+0000] {override.py:1769} INFO - Created Permission View: can read on DAG:risk_analysis_v1
[2026-02-26T01:46:12.094+0000] {logging_mixin.py:188} INFO - [2026-02-26T01:46:12.093+0000] {override.py:1769} INFO - Created Permission View: can edit on DAG:risk_analysis_v1
[2026-02-26T01:46:12.107+0000] {logging_mixin.py:188} INFO - [2026-02-26T01:46:12.107+0000] {override.py:1769} INFO - Created Permission View: can delete on DAG:risk_analysis_v1
[2026-02-26T01:46:12.108+0000] {logging_mixin.py:188} INFO - [2026-02-26T01:46:12.108+0000] {dag.py:3036} INFO - Sync 1 DAGs
[2026-02-26T01:46:12.124+0000] {logging_mixin.py:188} WARNING - /home/airflow/.local/lib/python3.8/site-packages/airflow/models/dag.py:3574 DeprecationWarning: The dag_concurrency option in [core] has been renamed to max_active_tasks_per_dag - the old setting has been used, but please update your config.
[2026-02-26T01:46:12.126+0000] {logging_mixin.py:188} INFO - [2026-02-26T01:46:12.125+0000] {dag.py:3058} INFO - Creating ORM DAG for risk_analysis_v1
[2026-02-26T01:46:12.127+0000] {logging_mixin.py:188} INFO - [2026-02-26T01:46:12.127+0000] {dag.py:3823} INFO - Setting next_dagrun for risk_analysis_v1 to None, run_after=None
[2026-02-26T01:46:12.157+0000] {processor.py:183} INFO - Processing /opt/airflow/dags/pipeline.py took 4.657 seconds
[2026-02-26T01:46:42.555+0000] {processor.py:161} INFO - Started process (PID=88) to work on /opt/airflow/dags/pipeline.py
[2026-02-26T01:46:42.557+0000] {processor.py:830} INFO - Processing file /opt/airflow/dags/pipeline.py for tasks to queue
[2026-02-26T01:46:42.558+0000] {logging_mixin.py:188} INFO - [2026-02-26T01:46:42.558+0000] {dagbag.py:538} INFO - Filling up the DagBag from /opt/airflow/dags/pipeline.py
[2026-02-26T01:46:44.263+0000] {processor.py:840} INFO - DAG(s) 'risk_analysis_v1' retrieved from /opt/airflow/dags/pipeline.py
[2026-02-26T01:46:44.302+0000] {logging_mixin.py:188} INFO - [2026-02-26T01:46:44.302+0000] {dag.py:3036} INFO - Sync 1 DAGs
[2026-02-26T01:46:44.319+0000] {logging_mixin.py:188} INFO - [2026-02-26T01:46:44.319+0000] {dag.py:3823} INFO - Setting next_dagrun for risk_analysis_v1 to None, run_after=None
[2026-02-26T01:46:44.381+0000] {processor.py:183} INFO - Processing /opt/airflow/dags/pipeline.py took 1.834 seconds
[2026-02-26T01:48:58.157+0000] {processor.py:161} INFO - Started process (PID=64) to work on /opt/airflow/dags/pipeline.py
[2026-02-26T01:48:58.159+0000] {processor.py:830} INFO - Processing file /opt/airflow/dags/pipeline.py for tasks to queue
[2026-02-26T01:48:58.161+0000] {logging_mixin.py:188} INFO - [2026-02-26T01:48:58.161+0000] {dagbag.py:538} INFO - Filling up the DagBag from /opt/airflow/dags/pipeline.py
[2026-02-26T01:49:01.091+0000] {processor.py:840} INFO - DAG(s) 'risk_analysis_v1' retrieved from /opt/airflow/dags/pipeline.py
[2026-02-26T01:49:01.351+0000] {logging_mixin.py:188} INFO - [2026-02-26T01:49:01.351+0000] {override.py:1769} INFO - Created Permission View: can edit on DAG:risk_analysis_v1
[2026-02-26T01:49:01.365+0000] {logging_mixin.py:188} INFO - [2026-02-26T01:49:01.365+0000] {override.py:1769} INFO - Created Permission View: can delete on DAG:risk_analysis_v1
[2026-02-26T01:49:01.375+0000] {logging_mixin.py:188} INFO - [2026-02-26T01:49:01.375+0000] {override.py:1769} INFO - Created Permission View: can read on DAG:risk_analysis_v1
[2026-02-26T01:49:01.377+0000] {logging_mixin.py:188} INFO - [2026-02-26T01:49:01.376+0000] {dag.py:3036} INFO - Sync 1 DAGs
[2026-02-26T01:49:01.391+0000] {logging_mixin.py:188} WARNING - /home/airflow/.local/lib/python3.8/site-packages/airflow/models/dag.py:3574 DeprecationWarning: The dag_concurrency option in [core] has been renamed to max_active_tasks_per_dag - the old setting has been used, but please update your config.
[2026-02-26T01:49:01.393+0000] {logging_mixin.py:188} INFO - [2026-02-26T01:49:01.392+0000] {dag.py:3058} INFO - Creating ORM DAG for risk_analysis_v1
[2026-02-26T01:49:01.394+0000] {logging_mixin.py:188} INFO - [2026-02-26T01:49:01.393+0000] {dag.py:3823} INFO - Setting next_dagrun for risk_analysis_v1 to None, run_after=None
[2026-02-26T01:49:01.432+0000] {processor.py:183} INFO - Processing /opt/airflow/dags/pipeline.py took 3.279 seconds
[2026-02-26T01:49:31.564+0000] {processor.py:161} INFO - Started process (PID=88) to work on /opt/airflow/dags/pipeline.py
[2026-02-26T01:49:31.566+0000] {processor.py:830} INFO - Processing file /opt/airflow/dags/pipeline.py for tasks to queue
[2026-02-26T01:49:31.568+0000] {logging_mixin.py:188} INFO - [2026-02-26T01:49:31.568+0000] {dagbag.py:538} INFO - Filling up the DagBag from /opt/airflow/dags/pipeline.py
[2026-02-26T01:49:33.163+0000] {processor.py:840} INFO - DAG(s) 'risk_analysis_v1' retrieved from /opt/airflow/dags/pipeline.py
[2026-02-26T01:49:33.200+0000] {logging_mixin.py:188} INFO - [2026-02-26T01:49:33.199+0000] {dag.py:3036} INFO - Sync 1 DAGs
[2026-02-26T01:49:33.215+0000] {logging_mixin.py:188} INFO - [2026-02-26T01:49:33.215+0000] {dag.py:3823} INFO - Setting next_dagrun for risk_analysis_v1 to None, run_after=None
[2026-02-26T01:49:33.247+0000] {processor.py:183} INFO - Processing /opt/airflow/dags/pipeline.py took 1.691 seconds
[2026-02-26T01:50:03.686+0000] {processor.py:161} INFO - Started process (PID=111) to work on /opt/airflow/dags/pipeline.py
[2026-02-26T01:50:03.689+0000] {processor.py:830} INFO - Processing file /opt/airflow/dags/pipeline.py for tasks to queue
[2026-02-26T01:50:03.690+0000] {logging_mixin.py:188} INFO - [2026-02-26T01:50:03.690+0000] {dagbag.py:538} INFO - Filling up the DagBag from /opt/airflow/dags/pipeline.py
[2026-02-26T01:50:05.372+0000] {processor.py:840} INFO - DAG(s) 'risk_analysis_v1' retrieved from /opt/airflow/dags/pipeline.py
[2026-02-26T01:50:05.406+0000] {logging_mixin.py:188} INFO - [2026-02-26T01:50:05.405+0000] {dag.py:3036} INFO - Sync 1 DAGs
[2026-02-26T01:50:05.423+0000] {logging_mixin.py:188} INFO - [2026-02-26T01:50:05.423+0000] {dag.py:3823} INFO - Setting next_dagrun for risk_analysis_v1 to None, run_after=None
[2026-02-26T01:50:05.485+0000] {processor.py:183} INFO - Processing /opt/airflow/dags/pipeline.py took 1.807 seconds
[2026-02-26T01:50:35.873+0000] {processor.py:161} INFO - Started process (PID=299) to work on /opt/airflow/dags/pipeline.py
[2026-02-26T01:50:35.877+0000] {processor.py:830} INFO - Processing file /opt/airflow/dags/pipeline.py for tasks to queue
[2026-02-26T01:50:35.881+0000] {logging_mixin.py:188} INFO - [2026-02-26T01:50:35.881+0000] {dagbag.py:538} INFO - Filling up the DagBag from /opt/airflow/dags/pipeline.py
[2026-02-26T01:50:37.553+0000] {processor.py:840} INFO - DAG(s) 'risk_analysis_v1' retrieved from /opt/airflow/dags/pipeline.py
[2026-02-26T01:50:37.593+0000] {logging_mixin.py:188} INFO - [2026-02-26T01:50:37.592+0000] {dag.py:3036} INFO - Sync 1 DAGs
[2026-02-26T01:50:37.609+0000] {logging_mixin.py:188} INFO - [2026-02-26T01:50:37.608+0000] {dag.py:3823} INFO - Setting next_dagrun for risk_analysis_v1 to None, run_after=None
[2026-02-26T01:50:37.636+0000] {processor.py:183} INFO - Processing /opt/airflow/dags/pipeline.py took 1.769 seconds
[2026-02-26T01:51:08.028+0000] {processor.py:161} INFO - Started process (PID=322) to work on /opt/airflow/dags/pipeline.py
[2026-02-26T01:51:08.030+0000] {processor.py:830} INFO - Processing file /opt/airflow/dags/pipeline.py for tasks to queue
[2026-02-26T01:51:08.032+0000] {logging_mixin.py:188} INFO - [2026-02-26T01:51:08.031+0000] {dagbag.py:538} INFO - Filling up the DagBag from /opt/airflow/dags/pipeline.py
[2026-02-26T01:51:09.713+0000] {processor.py:840} INFO - DAG(s) 'risk_analysis_v1' retrieved from /opt/airflow/dags/pipeline.py
[2026-02-26T01:51:09.745+0000] {logging_mixin.py:188} INFO - [2026-02-26T01:51:09.744+0000] {dag.py:3036} INFO - Sync 1 DAGs
[2026-02-26T01:51:09.761+0000] {logging_mixin.py:188} INFO - [2026-02-26T01:51:09.761+0000] {dag.py:3823} INFO - Setting next_dagrun for risk_analysis_v1 to None, run_after=None
[2026-02-26T01:51:09.823+0000] {processor.py:183} INFO - Processing /opt/airflow/dags/pipeline.py took 1.802 seconds
[2026-02-26T01:51:39.957+0000] {processor.py:161} INFO - Started process (PID=345) to work on /opt/airflow/dags/pipeline.py
[2026-02-26T01:51:39.958+0000] {processor.py:830} INFO - Processing file /opt/airflow/dags/pipeline.py for tasks to queue
[2026-02-26T01:51:39.960+0000] {logging_mixin.py:188} INFO - [2026-02-26T01:51:39.959+0000] {dagbag.py:538} INFO - Filling up the DagBag from /opt/airflow/dags/pipeline.py
[2026-02-26T01:51:41.599+0000] {processor.py:840} INFO - DAG(s) 'risk_analysis_v1' retrieved from /opt/airflow/dags/pipeline.py
[2026-02-26T01:51:41.643+0000] {logging_mixin.py:188} INFO - [2026-02-26T01:51:41.642+0000] {dag.py:3036} INFO - Sync 1 DAGs
[2026-02-26T01:51:41.664+0000] {logging_mixin.py:188} INFO - [2026-02-26T01:51:41.663+0000] {dag.py:3823} INFO - Setting next_dagrun for risk_analysis_v1 to None, run_after=None
[2026-02-26T01:51:41.733+0000] {processor.py:183} INFO - Processing /opt/airflow/dags/pipeline.py took 1.781 seconds
[2026-02-26T01:52:12.165+0000] {processor.py:161} INFO - Started process (PID=368) to work on /opt/airflow/dags/pipeline.py
[2026-02-26T01:52:12.167+0000] {processor.py:830} INFO - Processing file /opt/airflow/dags/pipeline.py for tasks to queue
[2026-02-26T01:52:12.170+0000] {logging_mixin.py:188} INFO - [2026-02-26T01:52:12.169+0000] {dagbag.py:538} INFO - Filling up the DagBag from /opt/airflow/dags/pipeline.py
[2026-02-26T01:52:13.745+0000] {processor.py:840} INFO - DAG(s) 'risk_analysis_v1' retrieved from /opt/airflow/dags/pipeline.py
[2026-02-26T01:52:13.790+0000] {logging_mixin.py:188} INFO - [2026-02-26T01:52:13.789+0000] {dag.py:3036} INFO - Sync 1 DAGs
[2026-02-26T01:52:13.813+0000] {logging_mixin.py:188} INFO - [2026-02-26T01:52:13.812+0000] {dag.py:3823} INFO - Setting next_dagrun for risk_analysis_v1 to None, run_after=None
[2026-02-26T01:52:13.843+0000] {processor.py:183} INFO - Processing /opt/airflow/dags/pipeline.py took 1.690 seconds
[2026-02-26T01:52:44.228+0000] {processor.py:161} INFO - Started process (PID=391) to work on /opt/airflow/dags/pipeline.py
[2026-02-26T01:52:44.230+0000] {processor.py:830} INFO - Processing file /opt/airflow/dags/pipeline.py for tasks to queue
[2026-02-26T01:52:44.232+0000] {logging_mixin.py:188} INFO - [2026-02-26T01:52:44.232+0000] {dagbag.py:538} INFO - Filling up the DagBag from /opt/airflow/dags/pipeline.py
[2026-02-26T01:52:45.779+0000] {processor.py:840} INFO - DAG(s) 'risk_analysis_v1' retrieved from /opt/airflow/dags/pipeline.py
[2026-02-26T01:52:45.828+0000] {logging_mixin.py:188} INFO - [2026-02-26T01:52:45.827+0000] {dag.py:3036} INFO - Sync 1 DAGs
[2026-02-26T01:52:45.854+0000] {logging_mixin.py:188} INFO - [2026-02-26T01:52:45.853+0000] {dag.py:3823} INFO - Setting next_dagrun for risk_analysis_v1 to None, run_after=None
[2026-02-26T01:52:45.932+0000] {processor.py:183} INFO - Processing /opt/airflow/dags/pipeline.py took 1.711 seconds
[2026-02-26T01:53:16.213+0000] {processor.py:161} INFO - Started process (PID=598) to work on /opt/airflow/dags/pipeline.py
[2026-02-26T01:53:16.215+0000] {processor.py:830} INFO - Processing file /opt/airflow/dags/pipeline.py for tasks to queue
[2026-02-26T01:53:16.217+0000] {logging_mixin.py:188} INFO - [2026-02-26T01:53:16.217+0000] {dagbag.py:538} INFO - Filling up the DagBag from /opt/airflow/dags/pipeline.py
[2026-02-26T01:53:17.876+0000] {processor.py:840} INFO - DAG(s) 'risk_analysis_v1' retrieved from /opt/airflow/dags/pipeline.py
[2026-02-26T01:53:17.918+0000] {logging_mixin.py:188} INFO - [2026-02-26T01:53:17.916+0000] {dag.py:3036} INFO - Sync 1 DAGs
[2026-02-26T01:53:17.934+0000] {logging_mixin.py:188} INFO - [2026-02-26T01:53:17.933+0000] {dag.py:3823} INFO - Setting next_dagrun for risk_analysis_v1 to None, run_after=None
[2026-02-26T01:53:18.003+0000] {processor.py:183} INFO - Processing /opt/airflow/dags/pipeline.py took 1.795 seconds
[2026-02-26T01:53:48.399+0000] {processor.py:161} INFO - Started process (PID=623) to work on /opt/airflow/dags/pipeline.py
[2026-02-26T01:53:48.401+0000] {processor.py:830} INFO - Processing file /opt/airflow/dags/pipeline.py for tasks to queue
[2026-02-26T01:53:48.403+0000] {logging_mixin.py:188} INFO - [2026-02-26T01:53:48.402+0000] {dagbag.py:538} INFO - Filling up the DagBag from /opt/airflow/dags/pipeline.py
[2026-02-26T01:53:49.940+0000] {processor.py:840} INFO - DAG(s) 'risk_analysis_v1' retrieved from /opt/airflow/dags/pipeline.py
[2026-02-26T01:53:49.995+0000] {logging_mixin.py:188} INFO - [2026-02-26T01:53:49.993+0000] {dag.py:3036} INFO - Sync 1 DAGs
[2026-02-26T01:53:50.022+0000] {logging_mixin.py:188} INFO - [2026-02-26T01:53:50.021+0000] {dag.py:3823} INFO - Setting next_dagrun for risk_analysis_v1 to None, run_after=None
[2026-02-26T01:53:50.059+0000] {processor.py:183} INFO - Processing /opt/airflow/dags/pipeline.py took 1.665 seconds
[2026-02-26T01:54:20.523+0000] {processor.py:161} INFO - Started process (PID=646) to work on /opt/airflow/dags/pipeline.py
[2026-02-26T01:54:20.525+0000] {processor.py:830} INFO - Processing file /opt/airflow/dags/pipeline.py for tasks to queue
[2026-02-26T01:54:20.527+0000] {logging_mixin.py:188} INFO - [2026-02-26T01:54:20.526+0000] {dagbag.py:538} INFO - Filling up the DagBag from /opt/airflow/dags/pipeline.py
[2026-02-26T01:54:22.133+0000] {processor.py:840} INFO - DAG(s) 'risk_analysis_v1' retrieved from /opt/airflow/dags/pipeline.py
[2026-02-26T01:54:22.176+0000] {logging_mixin.py:188} INFO - [2026-02-26T01:54:22.175+0000] {dag.py:3036} INFO - Sync 1 DAGs
[2026-02-26T01:54:22.192+0000] {logging_mixin.py:188} INFO - [2026-02-26T01:54:22.191+0000] {dag.py:3823} INFO - Setting next_dagrun for risk_analysis_v1 to None, run_after=None
[2026-02-26T01:54:22.222+0000] {processor.py:183} INFO - Processing /opt/airflow/dags/pipeline.py took 1.707 seconds
[2026-02-26T01:54:52.756+0000] {processor.py:161} INFO - Started process (PID=669) to work on /opt/airflow/dags/pipeline.py
[2026-02-26T01:54:52.758+0000] {processor.py:830} INFO - Processing file /opt/airflow/dags/pipeline.py for tasks to queue
[2026-02-26T01:54:52.760+0000] {logging_mixin.py:188} INFO - [2026-02-26T01:54:52.759+0000] {dagbag.py:538} INFO - Filling up the DagBag from /opt/airflow/dags/pipeline.py
[2026-02-26T01:54:54.398+0000] {processor.py:840} INFO - DAG(s) 'risk_analysis_v1' retrieved from /opt/airflow/dags/pipeline.py
[2026-02-26T01:54:54.434+0000] {logging_mixin.py:188} INFO - [2026-02-26T01:54:54.434+0000] {dag.py:3036} INFO - Sync 1 DAGs
[2026-02-26T01:54:54.453+0000] {logging_mixin.py:188} INFO - [2026-02-26T01:54:54.453+0000] {dag.py:3823} INFO - Setting next_dagrun for risk_analysis_v1 to None, run_after=None
[2026-02-26T01:54:54.515+0000] {processor.py:183} INFO - Processing /opt/airflow/dags/pipeline.py took 1.765 seconds
[2026-02-26T01:55:24.873+0000] {processor.py:161} INFO - Started process (PID=692) to work on /opt/airflow/dags/pipeline.py
[2026-02-26T01:55:24.875+0000] {processor.py:830} INFO - Processing file /opt/airflow/dags/pipeline.py for tasks to queue
[2026-02-26T01:55:24.878+0000] {logging_mixin.py:188} INFO - [2026-02-26T01:55:24.877+0000] {dagbag.py:538} INFO - Filling up the DagBag from /opt/airflow/dags/pipeline.py
[2026-02-26T01:55:26.458+0000] {processor.py:840} INFO - DAG(s) 'risk_analysis_v1' retrieved from /opt/airflow/dags/pipeline.py
[2026-02-26T01:55:26.507+0000] {logging_mixin.py:188} INFO - [2026-02-26T01:55:26.506+0000] {dag.py:3036} INFO - Sync 1 DAGs
[2026-02-26T01:55:26.526+0000] {logging_mixin.py:188} INFO - [2026-02-26T01:55:26.526+0000] {dag.py:3823} INFO - Setting next_dagrun for risk_analysis_v1 to None, run_after=None
[2026-02-26T01:55:26.554+0000] {processor.py:183} INFO - Processing /opt/airflow/dags/pipeline.py took 1.659 seconds
[2026-02-26T01:55:56.804+0000] {processor.py:161} INFO - Started process (PID=735) to work on /opt/airflow/dags/pipeline.py
[2026-02-26T01:55:56.807+0000] {processor.py:830} INFO - Processing file /opt/airflow/dags/pipeline.py for tasks to queue
[2026-02-26T01:55:56.809+0000] {logging_mixin.py:188} INFO - [2026-02-26T01:55:56.808+0000] {dagbag.py:538} INFO - Filling up the DagBag from /opt/airflow/dags/pipeline.py
[2026-02-26T01:55:58.596+0000] {processor.py:840} INFO - DAG(s) 'risk_analysis_v1' retrieved from /opt/airflow/dags/pipeline.py
[2026-02-26T01:55:58.648+0000] {logging_mixin.py:188} INFO - [2026-02-26T01:55:58.647+0000] {dag.py:3036} INFO - Sync 1 DAGs
[2026-02-26T01:55:58.671+0000] {logging_mixin.py:188} INFO - [2026-02-26T01:55:58.670+0000] {dag.py:3823} INFO - Setting next_dagrun for risk_analysis_v1 to None, run_after=None
[2026-02-26T01:55:58.708+0000] {processor.py:183} INFO - Processing /opt/airflow/dags/pipeline.py took 1.909 seconds
[2026-02-26T01:56:29.104+0000] {processor.py:161} INFO - Started process (PID=758) to work on /opt/airflow/dags/pipeline.py
[2026-02-26T01:56:29.106+0000] {processor.py:830} INFO - Processing file /opt/airflow/dags/pipeline.py for tasks to queue
[2026-02-26T01:56:29.108+0000] {logging_mixin.py:188} INFO - [2026-02-26T01:56:29.107+0000] {dagbag.py:538} INFO - Filling up the DagBag from /opt/airflow/dags/pipeline.py
[2026-02-26T01:56:30.647+0000] {processor.py:840} INFO - DAG(s) 'risk_analysis_v1' retrieved from /opt/airflow/dags/pipeline.py
[2026-02-26T01:56:30.683+0000] {logging_mixin.py:188} INFO - [2026-02-26T01:56:30.683+0000] {dag.py:3036} INFO - Sync 1 DAGs
[2026-02-26T01:56:30.700+0000] {logging_mixin.py:188} INFO - [2026-02-26T01:56:30.699+0000] {dag.py:3823} INFO - Setting next_dagrun for risk_analysis_v1 to None, run_after=None
[2026-02-26T01:56:30.732+0000] {processor.py:183} INFO - Processing /opt/airflow/dags/pipeline.py took 1.633 seconds
[2026-02-26T01:57:01.171+0000] {processor.py:161} INFO - Started process (PID=781) to work on /opt/airflow/dags/pipeline.py
[2026-02-26T01:57:01.173+0000] {processor.py:830} INFO - Processing file /opt/airflow/dags/pipeline.py for tasks to queue
[2026-02-26T01:57:01.175+0000] {logging_mixin.py:188} INFO - [2026-02-26T01:57:01.175+0000] {dagbag.py:538} INFO - Filling up the DagBag from /opt/airflow/dags/pipeline.py
[2026-02-26T01:57:02.937+0000] {processor.py:840} INFO - DAG(s) 'risk_analysis_v1' retrieved from /opt/airflow/dags/pipeline.py
[2026-02-26T01:57:02.974+0000] {logging_mixin.py:188} INFO - [2026-02-26T01:57:02.973+0000] {dag.py:3036} INFO - Sync 1 DAGs
[2026-02-26T01:57:02.991+0000] {logging_mixin.py:188} INFO - [2026-02-26T01:57:02.990+0000] {dag.py:3823} INFO - Setting next_dagrun for risk_analysis_v1 to None, run_after=None
[2026-02-26T01:57:03.028+0000] {processor.py:183} INFO - Processing /opt/airflow/dags/pipeline.py took 1.862 seconds
[2026-02-26T01:57:33.419+0000] {processor.py:161} INFO - Started process (PID=804) to work on /opt/airflow/dags/pipeline.py
[2026-02-26T01:57:33.421+0000] {processor.py:830} INFO - Processing file /opt/airflow/dags/pipeline.py for tasks to queue
[2026-02-26T01:57:33.423+0000] {logging_mixin.py:188} INFO - [2026-02-26T01:57:33.422+0000] {dagbag.py:538} INFO - Filling up the DagBag from /opt/airflow/dags/pipeline.py
[2026-02-26T01:57:35.040+0000] {processor.py:840} INFO - DAG(s) 'risk_analysis_v1' retrieved from /opt/airflow/dags/pipeline.py
[2026-02-26T01:57:35.105+0000] {logging_mixin.py:188} INFO - [2026-02-26T01:57:35.104+0000] {dag.py:3036} INFO - Sync 1 DAGs
[2026-02-26T01:57:35.121+0000] {logging_mixin.py:188} INFO - [2026-02-26T01:57:35.121+0000] {dag.py:3823} INFO - Setting next_dagrun for risk_analysis_v1 to None, run_after=None
[2026-02-26T01:57:35.149+0000] {processor.py:183} INFO - Processing /opt/airflow/dags/pipeline.py took 1.737 seconds
[2026-02-26T01:58:05.559+0000] {processor.py:161} INFO - Started process (PID=827) to work on /opt/airflow/dags/pipeline.py
[2026-02-26T01:58:05.561+0000] {processor.py:830} INFO - Processing file /opt/airflow/dags/pipeline.py for tasks to queue
[2026-02-26T01:58:05.564+0000] {logging_mixin.py:188} INFO - [2026-02-26T01:58:05.563+0000] {dagbag.py:538} INFO - Filling up the DagBag from /opt/airflow/dags/pipeline.py
[2026-02-26T01:58:07.228+0000] {processor.py:840} INFO - DAG(s) 'risk_analysis_v1' retrieved from /opt/airflow/dags/pipeline.py
[2026-02-26T01:58:07.269+0000] {logging_mixin.py:188} INFO - [2026-02-26T01:58:07.268+0000] {dag.py:3036} INFO - Sync 1 DAGs
[2026-02-26T01:58:07.287+0000] {logging_mixin.py:188} INFO - [2026-02-26T01:58:07.287+0000] {dag.py:3823} INFO - Setting next_dagrun for risk_analysis_v1 to None, run_after=None
[2026-02-26T01:58:07.334+0000] {processor.py:183} INFO - Processing /opt/airflow/dags/pipeline.py took 1.782 seconds
[2026-02-26T01:58:37.438+0000] {processor.py:161} INFO - Started process (PID=850) to work on /opt/airflow/dags/pipeline.py
[2026-02-26T01:58:37.439+0000] {processor.py:830} INFO - Processing file /opt/airflow/dags/pipeline.py for tasks to queue
[2026-02-26T01:58:37.441+0000] {logging_mixin.py:188} INFO - [2026-02-26T01:58:37.441+0000] {dagbag.py:538} INFO - Filling up the DagBag from /opt/airflow/dags/pipeline.py
[2026-02-26T01:58:39.196+0000] {processor.py:840} INFO - DAG(s) 'risk_analysis_v1' retrieved from /opt/airflow/dags/pipeline.py
[2026-02-26T01:58:39.237+0000] {logging_mixin.py:188} INFO - [2026-02-26T01:58:39.236+0000] {dag.py:3036} INFO - Sync 1 DAGs
[2026-02-26T01:58:39.257+0000] {logging_mixin.py:188} INFO - [2026-02-26T01:58:39.256+0000] {dag.py:3823} INFO - Setting next_dagrun for risk_analysis_v1 to None, run_after=None
[2026-02-26T01:58:39.287+0000] {processor.py:183} INFO - Processing /opt/airflow/dags/pipeline.py took 1.855 seconds
[2026-02-26T01:59:09.813+0000] {processor.py:161} INFO - Started process (PID=873) to work on /opt/airflow/dags/pipeline.py
[2026-02-26T01:59:09.815+0000] {processor.py:830} INFO - Processing file /opt/airflow/dags/pipeline.py for tasks to queue
[2026-02-26T01:59:09.818+0000] {logging_mixin.py:188} INFO - [2026-02-26T01:59:09.818+0000] {dagbag.py:538} INFO - Filling up the DagBag from /opt/airflow/dags/pipeline.py
[2026-02-26T01:59:11.739+0000] {processor.py:840} INFO - DAG(s) 'risk_analysis_v1' retrieved from /opt/airflow/dags/pipeline.py
[2026-02-26T01:59:11.782+0000] {logging_mixin.py:188} INFO - [2026-02-26T01:59:11.781+0000] {dag.py:3036} INFO - Sync 1 DAGs
[2026-02-26T01:59:11.801+0000] {logging_mixin.py:188} INFO - [2026-02-26T01:59:11.800+0000] {dag.py:3823} INFO - Setting next_dagrun for risk_analysis_v1 to None, run_after=None
[2026-02-26T01:59:11.859+0000] {processor.py:183} INFO - Processing /opt/airflow/dags/pipeline.py took 2.056 seconds
[2026-02-26T01:59:42.156+0000] {processor.py:161} INFO - Started process (PID=896) to work on /opt/airflow/dags/pipeline.py
[2026-02-26T01:59:42.158+0000] {processor.py:830} INFO - Processing file /opt/airflow/dags/pipeline.py for tasks to queue
[2026-02-26T01:59:42.162+0000] {logging_mixin.py:188} INFO - [2026-02-26T01:59:42.160+0000] {dagbag.py:538} INFO - Filling up the DagBag from /opt/airflow/dags/pipeline.py
[2026-02-26T01:59:43.849+0000] {processor.py:840} INFO - DAG(s) 'risk_analysis_v1' retrieved from /opt/airflow/dags/pipeline.py
[2026-02-26T01:59:43.887+0000] {logging_mixin.py:188} INFO - [2026-02-26T01:59:43.886+0000] {dag.py:3036} INFO - Sync 1 DAGs
[2026-02-26T01:59:43.904+0000] {logging_mixin.py:188} INFO - [2026-02-26T01:59:43.903+0000] {dag.py:3823} INFO - Setting next_dagrun for risk_analysis_v1 to None, run_after=None
[2026-02-26T01:59:43.968+0000] {processor.py:183} INFO - Processing /opt/airflow/dags/pipeline.py took 1.819 seconds
[2026-02-26T02:00:14.366+0000] {processor.py:161} INFO - Started process (PID=919) to work on /opt/airflow/dags/pipeline.py
[2026-02-26T02:00:14.368+0000] {processor.py:830} INFO - Processing file /opt/airflow/dags/pipeline.py for tasks to queue
[2026-02-26T02:00:14.371+0000] {logging_mixin.py:188} INFO - [2026-02-26T02:00:14.370+0000] {dagbag.py:538} INFO - Filling up the DagBag from /opt/airflow/dags/pipeline.py
[2026-02-26T02:00:15.952+0000] {processor.py:840} INFO - DAG(s) 'risk_analysis_v1' retrieved from /opt/airflow/dags/pipeline.py
[2026-02-26T02:00:15.993+0000] {logging_mixin.py:188} INFO - [2026-02-26T02:00:15.992+0000] {dag.py:3036} INFO - Sync 1 DAGs
[2026-02-26T02:00:16.010+0000] {logging_mixin.py:188} INFO - [2026-02-26T02:00:16.009+0000] {dag.py:3823} INFO - Setting next_dagrun for risk_analysis_v1 to None, run_after=None
[2026-02-26T02:00:16.040+0000] {processor.py:183} INFO - Processing /opt/airflow/dags/pipeline.py took 1.680 seconds
[2026-02-26T02:00:46.425+0000] {processor.py:161} INFO - Started process (PID=942) to work on /opt/airflow/dags/pipeline.py
[2026-02-26T02:00:46.427+0000] {processor.py:830} INFO - Processing file /opt/airflow/dags/pipeline.py for tasks to queue
[2026-02-26T02:00:46.429+0000] {logging_mixin.py:188} INFO - [2026-02-26T02:00:46.428+0000] {dagbag.py:538} INFO - Filling up the DagBag from /opt/airflow/dags/pipeline.py
[2026-02-26T02:00:48.053+0000] {processor.py:840} INFO - DAG(s) 'risk_analysis_v1' retrieved from /opt/airflow/dags/pipeline.py
[2026-02-26T02:00:48.092+0000] {logging_mixin.py:188} INFO - [2026-02-26T02:00:48.090+0000] {dag.py:3036} INFO - Sync 1 DAGs
[2026-02-26T02:00:48.110+0000] {logging_mixin.py:188} INFO - [2026-02-26T02:00:48.110+0000] {dag.py:3823} INFO - Setting next_dagrun for risk_analysis_v1 to None, run_after=None
[2026-02-26T02:00:48.181+0000] {processor.py:183} INFO - Processing /opt/airflow/dags/pipeline.py took 1.761 seconds
[2026-02-26T02:01:18.641+0000] {processor.py:161} INFO - Started process (PID=965) to work on /opt/airflow/dags/pipeline.py
[2026-02-26T02:01:18.644+0000] {processor.py:830} INFO - Processing file /opt/airflow/dags/pipeline.py for tasks to queue
[2026-02-26T02:01:18.648+0000] {logging_mixin.py:188} INFO - [2026-02-26T02:01:18.647+0000] {dagbag.py:538} INFO - Filling up the DagBag from /opt/airflow/dags/pipeline.py
[2026-02-26T02:01:20.368+0000] {processor.py:840} INFO - DAG(s) 'risk_analysis_v1' retrieved from /opt/airflow/dags/pipeline.py
[2026-02-26T02:01:20.409+0000] {logging_mixin.py:188} INFO - [2026-02-26T02:01:20.408+0000] {dag.py:3036} INFO - Sync 1 DAGs
[2026-02-26T02:01:20.427+0000] {logging_mixin.py:188} INFO - [2026-02-26T02:01:20.426+0000] {dag.py:3823} INFO - Setting next_dagrun for risk_analysis_v1 to None, run_after=None
[2026-02-26T02:01:20.494+0000] {processor.py:183} INFO - Processing /opt/airflow/dags/pipeline.py took 1.860 seconds
[2026-02-26T02:01:50.912+0000] {processor.py:161} INFO - Started process (PID=988) to work on /opt/airflow/dags/pipeline.py
[2026-02-26T02:01:50.913+0000] {processor.py:830} INFO - Processing file /opt/airflow/dags/pipeline.py for tasks to queue
[2026-02-26T02:01:50.915+0000] {logging_mixin.py:188} INFO - [2026-02-26T02:01:50.914+0000] {dagbag.py:538} INFO - Filling up the DagBag from /opt/airflow/dags/pipeline.py
[2026-02-26T02:01:52.545+0000] {processor.py:840} INFO - DAG(s) 'risk_analysis_v1' retrieved from /opt/airflow/dags/pipeline.py
[2026-02-26T02:01:52.583+0000] {logging_mixin.py:188} INFO - [2026-02-26T02:01:52.582+0000] {dag.py:3036} INFO - Sync 1 DAGs
[2026-02-26T02:01:52.602+0000] {logging_mixin.py:188} INFO - [2026-02-26T02:01:52.601+0000] {dag.py:3823} INFO - Setting next_dagrun for risk_analysis_v1 to None, run_after=None
[2026-02-26T02:01:52.633+0000] {processor.py:183} INFO - Processing /opt/airflow/dags/pipeline.py took 1.727 seconds
[2026-02-26T02:02:22.839+0000] {processor.py:161} INFO - Started process (PID=1011) to work on /opt/airflow/dags/pipeline.py
[2026-02-26T02:02:22.841+0000] {processor.py:830} INFO - Processing file /opt/airflow/dags/pipeline.py for tasks to queue
[2026-02-26T02:02:22.842+0000] {logging_mixin.py:188} INFO - [2026-02-26T02:02:22.842+0000] {dagbag.py:538} INFO - Filling up the DagBag from /opt/airflow/dags/pipeline.py
[2026-02-26T02:02:24.449+0000] {processor.py:840} INFO - DAG(s) 'risk_analysis_v1' retrieved from /opt/airflow/dags/pipeline.py
[2026-02-26T02:02:24.489+0000] {logging_mixin.py:188} INFO - [2026-02-26T02:02:24.488+0000] {dag.py:3036} INFO - Sync 1 DAGs
[2026-02-26T02:02:24.508+0000] {logging_mixin.py:188} INFO - [2026-02-26T02:02:24.508+0000] {dag.py:3823} INFO - Setting next_dagrun for risk_analysis_v1 to None, run_after=None
[2026-02-26T02:02:24.573+0000] {processor.py:183} INFO - Processing /opt/airflow/dags/pipeline.py took 1.739 seconds
[2026-02-26T02:02:54.981+0000] {processor.py:161} INFO - Started process (PID=1034) to work on /opt/airflow/dags/pipeline.py
[2026-02-26T02:02:54.983+0000] {processor.py:830} INFO - Processing file /opt/airflow/dags/pipeline.py for tasks to queue
[2026-02-26T02:02:54.985+0000] {logging_mixin.py:188} INFO - [2026-02-26T02:02:54.984+0000] {dagbag.py:538} INFO - Filling up the DagBag from /opt/airflow/dags/pipeline.py
[2026-02-26T02:02:56.572+0000] {processor.py:840} INFO - DAG(s) 'risk_analysis_v1' retrieved from /opt/airflow/dags/pipeline.py
[2026-02-26T02:02:56.609+0000] {logging_mixin.py:188} INFO - [2026-02-26T02:02:56.608+0000] {dag.py:3036} INFO - Sync 1 DAGs
[2026-02-26T02:02:56.624+0000] {logging_mixin.py:188} INFO - [2026-02-26T02:02:56.624+0000] {dag.py:3823} INFO - Setting next_dagrun for risk_analysis_v1 to None, run_after=None
[2026-02-26T02:02:56.657+0000] {processor.py:183} INFO - Processing /opt/airflow/dags/pipeline.py took 1.686 seconds
[2026-02-26T02:03:27.046+0000] {processor.py:161} INFO - Started process (PID=1057) to work on /opt/airflow/dags/pipeline.py
[2026-02-26T02:03:27.048+0000] {processor.py:830} INFO - Processing file /opt/airflow/dags/pipeline.py for tasks to queue
[2026-02-26T02:03:27.050+0000] {logging_mixin.py:188} INFO - [2026-02-26T02:03:27.050+0000] {dagbag.py:538} INFO - Filling up the DagBag from /opt/airflow/dags/pipeline.py
[2026-02-26T02:03:28.669+0000] {processor.py:840} INFO - DAG(s) 'risk_analysis_v1' retrieved from /opt/airflow/dags/pipeline.py
[2026-02-26T02:03:28.710+0000] {logging_mixin.py:188} INFO - [2026-02-26T02:03:28.709+0000] {dag.py:3036} INFO - Sync 1 DAGs
[2026-02-26T02:03:28.728+0000] {logging_mixin.py:188} INFO - [2026-02-26T02:03:28.728+0000] {dag.py:3823} INFO - Setting next_dagrun for risk_analysis_v1 to None, run_after=None
[2026-02-26T02:03:28.760+0000] {processor.py:183} INFO - Processing /opt/airflow/dags/pipeline.py took 1.720 seconds
[2026-02-26T02:03:59.086+0000] {processor.py:161} INFO - Started process (PID=1080) to work on /opt/airflow/dags/pipeline.py
[2026-02-26T02:03:59.087+0000] {processor.py:830} INFO - Processing file /opt/airflow/dags/pipeline.py for tasks to queue
[2026-02-26T02:03:59.089+0000] {logging_mixin.py:188} INFO - [2026-02-26T02:03:59.088+0000] {dagbag.py:538} INFO - Filling up the DagBag from /opt/airflow/dags/pipeline.py
[2026-02-26T02:04:00.808+0000] {processor.py:840} INFO - DAG(s) 'risk_analysis_v1' retrieved from /opt/airflow/dags/pipeline.py
[2026-02-26T02:04:00.850+0000] {logging_mixin.py:188} INFO - [2026-02-26T02:04:00.850+0000] {dag.py:3036} INFO - Sync 1 DAGs
[2026-02-26T02:04:00.866+0000] {logging_mixin.py:188} INFO - [2026-02-26T02:04:00.866+0000] {dag.py:3823} INFO - Setting next_dagrun for risk_analysis_v1 to None, run_after=None
[2026-02-26T02:04:00.894+0000] {processor.py:183} INFO - Processing /opt/airflow/dags/pipeline.py took 1.812 seconds
[2026-02-26T02:04:31.303+0000] {processor.py:161} INFO - Started process (PID=1103) to work on /opt/airflow/dags/pipeline.py
[2026-02-26T02:04:31.305+0000] {processor.py:830} INFO - Processing file /opt/airflow/dags/pipeline.py for tasks to queue
[2026-02-26T02:04:31.306+0000] {logging_mixin.py:188} INFO - [2026-02-26T02:04:31.306+0000] {dagbag.py:538} INFO - Filling up the DagBag from /opt/airflow/dags/pipeline.py
[2026-02-26T02:04:33.068+0000] {processor.py:840} INFO - DAG(s) 'risk_analysis_v1' retrieved from /opt/airflow/dags/pipeline.py
[2026-02-26T02:04:33.108+0000] {logging_mixin.py:188} INFO - [2026-02-26T02:04:33.107+0000] {dag.py:3036} INFO - Sync 1 DAGs
[2026-02-26T02:04:33.128+0000] {logging_mixin.py:188} INFO - [2026-02-26T02:04:33.128+0000] {dag.py:3823} INFO - Setting next_dagrun for risk_analysis_v1 to None, run_after=None
[2026-02-26T02:04:33.166+0000] {processor.py:183} INFO - Processing /opt/airflow/dags/pipeline.py took 1.868 seconds
[2026-02-26T02:05:03.617+0000] {processor.py:161} INFO - Started process (PID=1126) to work on /opt/airflow/dags/pipeline.py
[2026-02-26T02:05:03.620+0000] {processor.py:830} INFO - Processing file /opt/airflow/dags/pipeline.py for tasks to queue
[2026-02-26T02:05:03.624+0000] {logging_mixin.py:188} INFO - [2026-02-26T02:05:03.623+0000] {dagbag.py:538} INFO - Filling up the DagBag from /opt/airflow/dags/pipeline.py
[2026-02-26T02:05:05.407+0000] {processor.py:840} INFO - DAG(s) 'risk_analysis_v1' retrieved from /opt/airflow/dags/pipeline.py
[2026-02-26T02:05:05.447+0000] {logging_mixin.py:188} INFO - [2026-02-26T02:05:05.446+0000] {dag.py:3036} INFO - Sync 1 DAGs
[2026-02-26T02:05:05.463+0000] {logging_mixin.py:188} INFO - [2026-02-26T02:05:05.463+0000] {dag.py:3823} INFO - Setting next_dagrun for risk_analysis_v1 to None, run_after=None
[2026-02-26T02:05:05.492+0000] {processor.py:183} INFO - Processing /opt/airflow/dags/pipeline.py took 1.884 seconds
[2026-02-26T02:08:19.399+0000] {processor.py:161} INFO - Started process (PID=65) to work on /opt/airflow/dags/pipeline.py
[2026-02-26T02:08:19.400+0000] {processor.py:830} INFO - Processing file /opt/airflow/dags/pipeline.py for tasks to queue
[2026-02-26T02:08:19.401+0000] {logging_mixin.py:188} INFO - [2026-02-26T02:08:19.401+0000] {dagbag.py:538} INFO - Filling up the DagBag from /opt/airflow/dags/pipeline.py
[2026-02-26T02:08:21.364+0000] {processor.py:840} INFO - DAG(s) 'risk_analysis_v1' retrieved from /opt/airflow/dags/pipeline.py
[2026-02-26T02:08:21.543+0000] {logging_mixin.py:188} INFO - [2026-02-26T02:08:21.542+0000] {override.py:1769} INFO - Created Permission View: can read on DAG:risk_analysis_v1
[2026-02-26T02:08:21.553+0000] {logging_mixin.py:188} INFO - [2026-02-26T02:08:21.552+0000] {override.py:1769} INFO - Created Permission View: can edit on DAG:risk_analysis_v1
[2026-02-26T02:08:21.560+0000] {logging_mixin.py:188} INFO - [2026-02-26T02:08:21.559+0000] {override.py:1769} INFO - Created Permission View: can delete on DAG:risk_analysis_v1
[2026-02-26T02:08:21.561+0000] {logging_mixin.py:188} INFO - [2026-02-26T02:08:21.560+0000] {dag.py:3036} INFO - Sync 1 DAGs
[2026-02-26T02:08:21.570+0000] {logging_mixin.py:188} WARNING - /home/airflow/.local/lib/python3.8/site-packages/airflow/models/dag.py:3574 DeprecationWarning: The dag_concurrency option in [core] has been renamed to max_active_tasks_per_dag - the old setting has been used, but please update your config.
[2026-02-26T02:08:21.571+0000] {logging_mixin.py:188} INFO - [2026-02-26T02:08:21.571+0000] {dag.py:3058} INFO - Creating ORM DAG for risk_analysis_v1
[2026-02-26T02:08:21.572+0000] {logging_mixin.py:188} INFO - [2026-02-26T02:08:21.572+0000] {dag.py:3823} INFO - Setting next_dagrun for risk_analysis_v1 to None, run_after=None
[2026-02-26T02:08:21.586+0000] {processor.py:183} INFO - Processing /opt/airflow/dags/pipeline.py took 2.190 seconds
[2026-02-26T02:08:51.747+0000] {processor.py:161} INFO - Started process (PID=88) to work on /opt/airflow/dags/pipeline.py
[2026-02-26T02:08:51.749+0000] {processor.py:830} INFO - Processing file /opt/airflow/dags/pipeline.py for tasks to queue
[2026-02-26T02:08:51.751+0000] {logging_mixin.py:188} INFO - [2026-02-26T02:08:51.751+0000] {dagbag.py:538} INFO - Filling up the DagBag from /opt/airflow/dags/pipeline.py
[2026-02-26T02:08:53.619+0000] {processor.py:840} INFO - DAG(s) 'risk_analysis_v1' retrieved from /opt/airflow/dags/pipeline.py
[2026-02-26T02:08:53.721+0000] {logging_mixin.py:188} INFO - [2026-02-26T02:08:53.720+0000] {dag.py:3036} INFO - Sync 1 DAGs
[2026-02-26T02:08:53.750+0000] {logging_mixin.py:188} INFO - [2026-02-26T02:08:53.749+0000] {dag.py:3823} INFO - Setting next_dagrun for risk_analysis_v1 to None, run_after=None
[2026-02-26T02:08:53.803+0000] {processor.py:183} INFO - Processing /opt/airflow/dags/pipeline.py took 2.065 seconds
[2026-02-26T02:09:24.115+0000] {processor.py:161} INFO - Started process (PID=275) to work on /opt/airflow/dags/pipeline.py
[2026-02-26T02:09:24.117+0000] {processor.py:830} INFO - Processing file /opt/airflow/dags/pipeline.py for tasks to queue
[2026-02-26T02:09:24.120+0000] {logging_mixin.py:188} INFO - [2026-02-26T02:09:24.119+0000] {dagbag.py:538} INFO - Filling up the DagBag from /opt/airflow/dags/pipeline.py
[2026-02-26T02:09:25.756+0000] {processor.py:840} INFO - DAG(s) 'risk_analysis_v1' retrieved from /opt/airflow/dags/pipeline.py
[2026-02-26T02:09:25.795+0000] {logging_mixin.py:188} INFO - [2026-02-26T02:09:25.794+0000] {dag.py:3036} INFO - Sync 1 DAGs
[2026-02-26T02:09:25.813+0000] {logging_mixin.py:188} INFO - [2026-02-26T02:09:25.812+0000] {dag.py:3823} INFO - Setting next_dagrun for risk_analysis_v1 to None, run_after=None
[2026-02-26T02:09:25.839+0000] {processor.py:183} INFO - Processing /opt/airflow/dags/pipeline.py took 1.730 seconds
[2026-02-26T02:09:56.257+0000] {processor.py:161} INFO - Started process (PID=300) to work on /opt/airflow/dags/pipeline.py
[2026-02-26T02:09:56.260+0000] {processor.py:830} INFO - Processing file /opt/airflow/dags/pipeline.py for tasks to queue
[2026-02-26T02:09:56.263+0000] {logging_mixin.py:188} INFO - [2026-02-26T02:09:56.262+0000] {dagbag.py:538} INFO - Filling up the DagBag from /opt/airflow/dags/pipeline.py
[2026-02-26T02:09:57.914+0000] {processor.py:840} INFO - DAG(s) 'risk_analysis_v1' retrieved from /opt/airflow/dags/pipeline.py
[2026-02-26T02:09:57.957+0000] {logging_mixin.py:188} INFO - [2026-02-26T02:09:57.957+0000] {dag.py:3036} INFO - Sync 1 DAGs
[2026-02-26T02:09:57.977+0000] {logging_mixin.py:188} INFO - [2026-02-26T02:09:57.977+0000] {dag.py:3823} INFO - Setting next_dagrun for risk_analysis_v1 to None, run_after=None
[2026-02-26T02:09:58.006+0000] {processor.py:183} INFO - Processing /opt/airflow/dags/pipeline.py took 1.754 seconds
[2026-02-26T02:10:28.428+0000] {processor.py:161} INFO - Started process (PID=323) to work on /opt/airflow/dags/pipeline.py
[2026-02-26T02:10:28.430+0000] {processor.py:830} INFO - Processing file /opt/airflow/dags/pipeline.py for tasks to queue
[2026-02-26T02:10:28.432+0000] {logging_mixin.py:188} INFO - [2026-02-26T02:10:28.432+0000] {dagbag.py:538} INFO - Filling up the DagBag from /opt/airflow/dags/pipeline.py
[2026-02-26T02:10:30.038+0000] {processor.py:840} INFO - DAG(s) 'risk_analysis_v1' retrieved from /opt/airflow/dags/pipeline.py
[2026-02-26T02:10:30.078+0000] {logging_mixin.py:188} INFO - [2026-02-26T02:10:30.077+0000] {dag.py:3036} INFO - Sync 1 DAGs
[2026-02-26T02:10:30.093+0000] {logging_mixin.py:188} INFO - [2026-02-26T02:10:30.092+0000] {dag.py:3823} INFO - Setting next_dagrun for risk_analysis_v1 to None, run_after=None
[2026-02-26T02:10:30.122+0000] {processor.py:183} INFO - Processing /opt/airflow/dags/pipeline.py took 1.704 seconds
[2026-02-26T02:11:00.516+0000] {processor.py:161} INFO - Started process (PID=346) to work on /opt/airflow/dags/pipeline.py
[2026-02-26T02:11:00.518+0000] {processor.py:830} INFO - Processing file /opt/airflow/dags/pipeline.py for tasks to queue
[2026-02-26T02:11:00.522+0000] {logging_mixin.py:188} INFO - [2026-02-26T02:11:00.520+0000] {dagbag.py:538} INFO - Filling up the DagBag from /opt/airflow/dags/pipeline.py
[2026-02-26T02:11:02.116+0000] {processor.py:840} INFO - DAG(s) 'risk_analysis_v1' retrieved from /opt/airflow/dags/pipeline.py
[2026-02-26T02:11:02.149+0000] {logging_mixin.py:188} INFO - [2026-02-26T02:11:02.148+0000] {dag.py:3036} INFO - Sync 1 DAGs
[2026-02-26T02:11:02.164+0000] {logging_mixin.py:188} INFO - [2026-02-26T02:11:02.163+0000] {dag.py:3823} INFO - Setting next_dagrun for risk_analysis_v1 to None, run_after=None
[2026-02-26T02:11:02.230+0000] {processor.py:183} INFO - Processing /opt/airflow/dags/pipeline.py took 1.721 seconds
[2026-02-26T02:11:32.444+0000] {processor.py:161} INFO - Started process (PID=369) to work on /opt/airflow/dags/pipeline.py
[2026-02-26T02:11:32.447+0000] {processor.py:830} INFO - Processing file /opt/airflow/dags/pipeline.py for tasks to queue
[2026-02-26T02:11:32.451+0000] {logging_mixin.py:188} INFO - [2026-02-26T02:11:32.451+0000] {dagbag.py:538} INFO - Filling up the DagBag from /opt/airflow/dags/pipeline.py
[2026-02-26T02:11:33.969+0000] {processor.py:840} INFO - DAG(s) 'risk_analysis_v1' retrieved from /opt/airflow/dags/pipeline.py
[2026-02-26T02:11:34.003+0000] {logging_mixin.py:188} INFO - [2026-02-26T02:11:34.002+0000] {dag.py:3036} INFO - Sync 1 DAGs
[2026-02-26T02:11:34.019+0000] {logging_mixin.py:188} INFO - [2026-02-26T02:11:34.019+0000] {dag.py:3823} INFO - Setting next_dagrun for risk_analysis_v1 to None, run_after=None
[2026-02-26T02:11:34.050+0000] {processor.py:183} INFO - Processing /opt/airflow/dags/pipeline.py took 1.611 seconds
[2026-02-26T02:12:04.454+0000] {processor.py:161} INFO - Started process (PID=392) to work on /opt/airflow/dags/pipeline.py
[2026-02-26T02:12:04.456+0000] {processor.py:830} INFO - Processing file /opt/airflow/dags/pipeline.py for tasks to queue
[2026-02-26T02:12:04.458+0000] {logging_mixin.py:188} INFO - [2026-02-26T02:12:04.458+0000] {dagbag.py:538} INFO - Filling up the DagBag from /opt/airflow/dags/pipeline.py
[2026-02-26T02:12:06.160+0000] {processor.py:840} INFO - DAG(s) 'risk_analysis_v1' retrieved from /opt/airflow/dags/pipeline.py
[2026-02-26T02:12:06.204+0000] {logging_mixin.py:188} INFO - [2026-02-26T02:12:06.203+0000] {dag.py:3036} INFO - Sync 1 DAGs
[2026-02-26T02:12:06.224+0000] {logging_mixin.py:188} INFO - [2026-02-26T02:12:06.224+0000] {dag.py:3823} INFO - Setting next_dagrun for risk_analysis_v1 to None, run_after=None
[2026-02-26T02:12:06.260+0000] {processor.py:183} INFO - Processing /opt/airflow/dags/pipeline.py took 1.813 seconds
[2026-02-26T02:12:36.646+0000] {processor.py:161} INFO - Started process (PID=435) to work on /opt/airflow/dags/pipeline.py
[2026-02-26T02:12:36.648+0000] {processor.py:830} INFO - Processing file /opt/airflow/dags/pipeline.py for tasks to queue
[2026-02-26T02:12:36.650+0000] {logging_mixin.py:188} INFO - [2026-02-26T02:12:36.650+0000] {dagbag.py:538} INFO - Filling up the DagBag from /opt/airflow/dags/pipeline.py
[2026-02-26T02:12:38.224+0000] {processor.py:840} INFO - DAG(s) 'risk_analysis_v1' retrieved from /opt/airflow/dags/pipeline.py
[2026-02-26T02:12:38.264+0000] {logging_mixin.py:188} INFO - [2026-02-26T02:12:38.263+0000] {dag.py:3036} INFO - Sync 1 DAGs
[2026-02-26T02:12:38.293+0000] {logging_mixin.py:188} INFO - [2026-02-26T02:12:38.293+0000] {dag.py:3823} INFO - Setting next_dagrun for risk_analysis_v1 to None, run_after=None
[2026-02-26T02:12:38.328+0000] {processor.py:183} INFO - Processing /opt/airflow/dags/pipeline.py took 1.687 seconds
[2026-02-26T02:13:08.643+0000] {processor.py:161} INFO - Started process (PID=458) to work on /opt/airflow/dags/pipeline.py
[2026-02-26T02:13:08.645+0000] {processor.py:830} INFO - Processing file /opt/airflow/dags/pipeline.py for tasks to queue
[2026-02-26T02:13:08.647+0000] {logging_mixin.py:188} INFO - [2026-02-26T02:13:08.647+0000] {dagbag.py:538} INFO - Filling up the DagBag from /opt/airflow/dags/pipeline.py
[2026-02-26T02:13:10.206+0000] {processor.py:840} INFO - DAG(s) 'risk_analysis_v1' retrieved from /opt/airflow/dags/pipeline.py
[2026-02-26T02:13:10.263+0000] {logging_mixin.py:188} INFO - [2026-02-26T02:13:10.263+0000] {dag.py:3036} INFO - Sync 1 DAGs
[2026-02-26T02:13:10.279+0000] {logging_mixin.py:188} INFO - [2026-02-26T02:13:10.279+0000] {dag.py:3823} INFO - Setting next_dagrun for risk_analysis_v1 to None, run_after=None
[2026-02-26T02:13:10.308+0000] {processor.py:183} INFO - Processing /opt/airflow/dags/pipeline.py took 1.670 seconds
[2026-02-26T02:13:40.819+0000] {processor.py:161} INFO - Started process (PID=481) to work on /opt/airflow/dags/pipeline.py
[2026-02-26T02:13:40.821+0000] {processor.py:830} INFO - Processing file /opt/airflow/dags/pipeline.py for tasks to queue
[2026-02-26T02:13:40.824+0000] {logging_mixin.py:188} INFO - [2026-02-26T02:13:40.823+0000] {dagbag.py:538} INFO - Filling up the DagBag from /opt/airflow/dags/pipeline.py
[2026-02-26T02:13:42.327+0000] {processor.py:840} INFO - DAG(s) 'risk_analysis_v1' retrieved from /opt/airflow/dags/pipeline.py
[2026-02-26T02:13:42.368+0000] {logging_mixin.py:188} INFO - [2026-02-26T02:13:42.367+0000] {dag.py:3036} INFO - Sync 1 DAGs
[2026-02-26T02:13:42.385+0000] {logging_mixin.py:188} INFO - [2026-02-26T02:13:42.385+0000] {dag.py:3823} INFO - Setting next_dagrun for risk_analysis_v1 to None, run_after=None
[2026-02-26T02:13:42.416+0000] {processor.py:183} INFO - Processing /opt/airflow/dags/pipeline.py took 1.603 seconds
[2026-02-26T02:14:12.832+0000] {processor.py:161} INFO - Started process (PID=504) to work on /opt/airflow/dags/pipeline.py
[2026-02-26T02:14:12.834+0000] {processor.py:830} INFO - Processing file /opt/airflow/dags/pipeline.py for tasks to queue
[2026-02-26T02:14:12.836+0000] {logging_mixin.py:188} INFO - [2026-02-26T02:14:12.836+0000] {dagbag.py:538} INFO - Filling up the DagBag from /opt/airflow/dags/pipeline.py
[2026-02-26T02:14:14.549+0000] {processor.py:840} INFO - DAG(s) 'risk_analysis_v1' retrieved from /opt/airflow/dags/pipeline.py
[2026-02-26T02:14:14.586+0000] {logging_mixin.py:188} INFO - [2026-02-26T02:14:14.586+0000] {dag.py:3036} INFO - Sync 1 DAGs
[2026-02-26T02:14:14.607+0000] {logging_mixin.py:188} INFO - [2026-02-26T02:14:14.607+0000] {dag.py:3823} INFO - Setting next_dagrun for risk_analysis_v1 to None, run_after=None
[2026-02-26T02:14:14.642+0000] {processor.py:183} INFO - Processing /opt/airflow/dags/pipeline.py took 1.815 seconds
[2026-02-26T02:14:45.051+0000] {processor.py:161} INFO - Started process (PID=527) to work on /opt/airflow/dags/pipeline.py
[2026-02-26T02:14:45.053+0000] {processor.py:830} INFO - Processing file /opt/airflow/dags/pipeline.py for tasks to queue
[2026-02-26T02:14:45.056+0000] {logging_mixin.py:188} INFO - [2026-02-26T02:14:45.055+0000] {dagbag.py:538} INFO - Filling up the DagBag from /opt/airflow/dags/pipeline.py
[2026-02-26T02:14:46.870+0000] {processor.py:840} INFO - DAG(s) 'risk_analysis_v1' retrieved from /opt/airflow/dags/pipeline.py
[2026-02-26T02:14:46.921+0000] {logging_mixin.py:188} INFO - [2026-02-26T02:14:46.920+0000] {dag.py:3036} INFO - Sync 1 DAGs
[2026-02-26T02:14:46.951+0000] {logging_mixin.py:188} INFO - [2026-02-26T02:14:46.951+0000] {dag.py:3823} INFO - Setting next_dagrun for risk_analysis_v1 to None, run_after=None
[2026-02-26T02:14:46.986+0000] {processor.py:183} INFO - Processing /opt/airflow/dags/pipeline.py took 1.939 seconds
[2026-02-26T02:15:17.365+0000] {processor.py:161} INFO - Started process (PID=550) to work on /opt/airflow/dags/pipeline.py
[2026-02-26T02:15:17.366+0000] {processor.py:830} INFO - Processing file /opt/airflow/dags/pipeline.py for tasks to queue
[2026-02-26T02:15:17.369+0000] {logging_mixin.py:188} INFO - [2026-02-26T02:15:17.368+0000] {dagbag.py:538} INFO - Filling up the DagBag from /opt/airflow/dags/pipeline.py
[2026-02-26T02:15:19.224+0000] {processor.py:840} INFO - DAG(s) 'risk_analysis_v1' retrieved from /opt/airflow/dags/pipeline.py
[2026-02-26T02:15:19.279+0000] {logging_mixin.py:188} INFO - [2026-02-26T02:15:19.278+0000] {dag.py:3036} INFO - Sync 1 DAGs
[2026-02-26T02:15:19.309+0000] {logging_mixin.py:188} INFO - [2026-02-26T02:15:19.308+0000] {dag.py:3823} INFO - Setting next_dagrun for risk_analysis_v1 to None, run_after=None
[2026-02-26T02:15:19.355+0000] {processor.py:183} INFO - Processing /opt/airflow/dags/pipeline.py took 1.997 seconds
[2026-02-26T02:16:20.014+0000] {processor.py:161} INFO - Started process (PID=65) to work on /opt/airflow/dags/pipeline.py
[2026-02-26T02:16:20.016+0000] {processor.py:830} INFO - Processing file /opt/airflow/dags/pipeline.py for tasks to queue
[2026-02-26T02:16:20.018+0000] {logging_mixin.py:188} INFO - [2026-02-26T02:16:20.018+0000] {dagbag.py:538} INFO - Filling up the DagBag from /opt/airflow/dags/pipeline.py
[2026-02-26T02:16:23.219+0000] {processor.py:840} INFO - DAG(s) 'risk_analysis_v1' retrieved from /opt/airflow/dags/pipeline.py
[2026-02-26T02:16:23.490+0000] {logging_mixin.py:188} INFO - [2026-02-26T02:16:23.489+0000] {override.py:1769} INFO - Created Permission View: can read on DAG:risk_analysis_v1
[2026-02-26T02:16:23.505+0000] {logging_mixin.py:188} INFO - [2026-02-26T02:16:23.505+0000] {override.py:1769} INFO - Created Permission View: can delete on DAG:risk_analysis_v1
[2026-02-26T02:16:23.516+0000] {logging_mixin.py:188} INFO - [2026-02-26T02:16:23.515+0000] {override.py:1769} INFO - Created Permission View: can edit on DAG:risk_analysis_v1
[2026-02-26T02:16:23.517+0000] {logging_mixin.py:188} INFO - [2026-02-26T02:16:23.517+0000] {dag.py:3036} INFO - Sync 1 DAGs
[2026-02-26T02:16:23.535+0000] {logging_mixin.py:188} WARNING - /home/airflow/.local/lib/python3.8/site-packages/airflow/models/dag.py:3574 DeprecationWarning: The dag_concurrency option in [core] has been renamed to max_active_tasks_per_dag - the old setting has been used, but please update your config.
[2026-02-26T02:16:23.537+0000] {logging_mixin.py:188} INFO - [2026-02-26T02:16:23.536+0000] {dag.py:3058} INFO - Creating ORM DAG for risk_analysis_v1
[2026-02-26T02:16:23.538+0000] {logging_mixin.py:188} INFO - [2026-02-26T02:16:23.538+0000] {dag.py:3823} INFO - Setting next_dagrun for risk_analysis_v1 to None, run_after=None
[2026-02-26T02:16:23.567+0000] {processor.py:183} INFO - Processing /opt/airflow/dags/pipeline.py took 3.559 seconds
[2026-02-26T02:16:53.907+0000] {processor.py:161} INFO - Started process (PID=88) to work on /opt/airflow/dags/pipeline.py
[2026-02-26T02:16:53.908+0000] {processor.py:830} INFO - Processing file /opt/airflow/dags/pipeline.py for tasks to queue
[2026-02-26T02:16:53.910+0000] {logging_mixin.py:188} INFO - [2026-02-26T02:16:53.909+0000] {dagbag.py:538} INFO - Filling up the DagBag from /opt/airflow/dags/pipeline.py
[2026-02-26T02:16:55.514+0000] {processor.py:840} INFO - DAG(s) 'risk_analysis_v1' retrieved from /opt/airflow/dags/pipeline.py
[2026-02-26T02:16:55.551+0000] {logging_mixin.py:188} INFO - [2026-02-26T02:16:55.550+0000] {dag.py:3036} INFO - Sync 1 DAGs
[2026-02-26T02:16:55.567+0000] {logging_mixin.py:188} INFO - [2026-02-26T02:16:55.567+0000] {dag.py:3823} INFO - Setting next_dagrun for risk_analysis_v1 to None, run_after=None
[2026-02-26T02:16:55.628+0000] {processor.py:183} INFO - Processing /opt/airflow/dags/pipeline.py took 1.727 seconds
[2026-02-26T02:17:25.806+0000] {processor.py:161} INFO - Started process (PID=260) to work on /opt/airflow/dags/pipeline.py
[2026-02-26T02:17:25.808+0000] {processor.py:830} INFO - Processing file /opt/airflow/dags/pipeline.py for tasks to queue
[2026-02-26T02:17:25.810+0000] {logging_mixin.py:188} INFO - [2026-02-26T02:17:25.809+0000] {dagbag.py:538} INFO - Filling up the DagBag from /opt/airflow/dags/pipeline.py
[2026-02-26T02:17:27.832+0000] {processor.py:840} INFO - DAG(s) 'risk_analysis_v1' retrieved from /opt/airflow/dags/pipeline.py
[2026-02-26T02:17:27.895+0000] {logging_mixin.py:188} INFO - [2026-02-26T02:17:27.893+0000] {dag.py:3036} INFO - Sync 1 DAGs
[2026-02-26T02:17:27.928+0000] {logging_mixin.py:188} INFO - [2026-02-26T02:17:27.927+0000] {dag.py:3823} INFO - Setting next_dagrun for risk_analysis_v1 to None, run_after=None
[2026-02-26T02:17:27.980+0000] {processor.py:183} INFO - Processing /opt/airflow/dags/pipeline.py took 2.185 seconds
[2026-02-26T02:17:58.369+0000] {processor.py:161} INFO - Started process (PID=298) to work on /opt/airflow/dags/pipeline.py
[2026-02-26T02:17:58.371+0000] {processor.py:830} INFO - Processing file /opt/airflow/dags/pipeline.py for tasks to queue
[2026-02-26T02:17:58.374+0000] {logging_mixin.py:188} INFO - [2026-02-26T02:17:58.373+0000] {dagbag.py:538} INFO - Filling up the DagBag from /opt/airflow/dags/pipeline.py
[2026-02-26T02:18:00.129+0000] {processor.py:840} INFO - DAG(s) 'risk_analysis_v1' retrieved from /opt/airflow/dags/pipeline.py
[2026-02-26T02:18:00.174+0000] {logging_mixin.py:188} INFO - [2026-02-26T02:18:00.173+0000] {dag.py:3036} INFO - Sync 1 DAGs
[2026-02-26T02:18:00.193+0000] {logging_mixin.py:188} INFO - [2026-02-26T02:18:00.192+0000] {dag.py:3823} INFO - Setting next_dagrun for risk_analysis_v1 to None, run_after=None
[2026-02-26T02:18:00.243+0000] {processor.py:183} INFO - Processing /opt/airflow/dags/pipeline.py took 1.882 seconds
[2026-02-26T02:18:30.658+0000] {processor.py:161} INFO - Started process (PID=321) to work on /opt/airflow/dags/pipeline.py
[2026-02-26T02:18:30.660+0000] {processor.py:830} INFO - Processing file /opt/airflow/dags/pipeline.py for tasks to queue
[2026-02-26T02:18:30.663+0000] {logging_mixin.py:188} INFO - [2026-02-26T02:18:30.662+0000] {dagbag.py:538} INFO - Filling up the DagBag from /opt/airflow/dags/pipeline.py
[2026-02-26T02:18:32.370+0000] {processor.py:840} INFO - DAG(s) 'risk_analysis_v1' retrieved from /opt/airflow/dags/pipeline.py
[2026-02-26T02:18:32.415+0000] {logging_mixin.py:188} INFO - [2026-02-26T02:18:32.414+0000] {dag.py:3036} INFO - Sync 1 DAGs
[2026-02-26T02:18:32.436+0000] {logging_mixin.py:188} INFO - [2026-02-26T02:18:32.436+0000] {dag.py:3823} INFO - Setting next_dagrun for risk_analysis_v1 to None, run_after=None
[2026-02-26T02:18:32.492+0000] {processor.py:183} INFO - Processing /opt/airflow/dags/pipeline.py took 1.839 seconds
[2026-02-26T02:19:02.911+0000] {processor.py:161} INFO - Started process (PID=346) to work on /opt/airflow/dags/pipeline.py
[2026-02-26T02:19:02.914+0000] {processor.py:830} INFO - Processing file /opt/airflow/dags/pipeline.py for tasks to queue
[2026-02-26T02:19:02.916+0000] {logging_mixin.py:188} INFO - [2026-02-26T02:19:02.915+0000] {dagbag.py:538} INFO - Filling up the DagBag from /opt/airflow/dags/pipeline.py
[2026-02-26T02:19:04.525+0000] {processor.py:840} INFO - DAG(s) 'risk_analysis_v1' retrieved from /opt/airflow/dags/pipeline.py
[2026-02-26T02:19:04.564+0000] {logging_mixin.py:188} INFO - [2026-02-26T02:19:04.564+0000] {dag.py:3036} INFO - Sync 1 DAGs
[2026-02-26T02:19:04.581+0000] {logging_mixin.py:188} INFO - [2026-02-26T02:19:04.581+0000] {dag.py:3823} INFO - Setting next_dagrun for risk_analysis_v1 to None, run_after=None
[2026-02-26T02:19:04.610+0000] {processor.py:183} INFO - Processing /opt/airflow/dags/pipeline.py took 1.706 seconds
[2026-02-26T02:19:35.036+0000] {processor.py:161} INFO - Started process (PID=369) to work on /opt/airflow/dags/pipeline.py
[2026-02-26T02:19:35.039+0000] {processor.py:830} INFO - Processing file /opt/airflow/dags/pipeline.py for tasks to queue
[2026-02-26T02:19:35.046+0000] {logging_mixin.py:188} INFO - [2026-02-26T02:19:35.044+0000] {dagbag.py:538} INFO - Filling up the DagBag from /opt/airflow/dags/pipeline.py
[2026-02-26T02:19:36.698+0000] {processor.py:840} INFO - DAG(s) 'risk_analysis_v1' retrieved from /opt/airflow/dags/pipeline.py
[2026-02-26T02:19:36.735+0000] {logging_mixin.py:188} INFO - [2026-02-26T02:19:36.734+0000] {dag.py:3036} INFO - Sync 1 DAGs
[2026-02-26T02:19:36.754+0000] {logging_mixin.py:188} INFO - [2026-02-26T02:19:36.754+0000] {dag.py:3823} INFO - Setting next_dagrun for risk_analysis_v1 to None, run_after=None
[2026-02-26T02:19:36.788+0000] {processor.py:183} INFO - Processing /opt/airflow/dags/pipeline.py took 1.758 seconds
[2026-02-26T02:20:07.192+0000] {processor.py:161} INFO - Started process (PID=392) to work on /opt/airflow/dags/pipeline.py
[2026-02-26T02:20:07.194+0000] {processor.py:830} INFO - Processing file /opt/airflow/dags/pipeline.py for tasks to queue
[2026-02-26T02:20:07.196+0000] {logging_mixin.py:188} INFO - [2026-02-26T02:20:07.195+0000] {dagbag.py:538} INFO - Filling up the DagBag from /opt/airflow/dags/pipeline.py
[2026-02-26T02:20:08.865+0000] {processor.py:840} INFO - DAG(s) 'risk_analysis_v1' retrieved from /opt/airflow/dags/pipeline.py
[2026-02-26T02:20:08.904+0000] {logging_mixin.py:188} INFO - [2026-02-26T02:20:08.903+0000] {dag.py:3036} INFO - Sync 1 DAGs
[2026-02-26T02:20:08.924+0000] {logging_mixin.py:188} INFO - [2026-02-26T02:20:08.923+0000] {dag.py:3823} INFO - Setting next_dagrun for risk_analysis_v1 to None, run_after=None
[2026-02-26T02:20:08.954+0000] {processor.py:183} INFO - Processing /opt/airflow/dags/pipeline.py took 1.771 seconds
[2026-02-26T02:20:39.352+0000] {processor.py:161} INFO - Started process (PID=415) to work on /opt/airflow/dags/pipeline.py
[2026-02-26T02:20:39.354+0000] {processor.py:830} INFO - Processing file /opt/airflow/dags/pipeline.py for tasks to queue
[2026-02-26T02:20:39.357+0000] {logging_mixin.py:188} INFO - [2026-02-26T02:20:39.356+0000] {dagbag.py:538} INFO - Filling up the DagBag from /opt/airflow/dags/pipeline.py
[2026-02-26T02:20:41.152+0000] {processor.py:840} INFO - DAG(s) 'risk_analysis_v1' retrieved from /opt/airflow/dags/pipeline.py
[2026-02-26T02:20:41.194+0000] {logging_mixin.py:188} INFO - [2026-02-26T02:20:41.193+0000] {dag.py:3036} INFO - Sync 1 DAGs
[2026-02-26T02:20:41.214+0000] {logging_mixin.py:188} INFO - [2026-02-26T02:20:41.213+0000] {dag.py:3823} INFO - Setting next_dagrun for risk_analysis_v1 to None, run_after=None
[2026-02-26T02:20:41.286+0000] {processor.py:183} INFO - Processing /opt/airflow/dags/pipeline.py took 1.945 seconds
[2026-02-26T02:21:11.677+0000] {processor.py:161} INFO - Started process (PID=438) to work on /opt/airflow/dags/pipeline.py
[2026-02-26T02:21:11.679+0000] {processor.py:830} INFO - Processing file /opt/airflow/dags/pipeline.py for tasks to queue
[2026-02-26T02:21:11.681+0000] {logging_mixin.py:188} INFO - [2026-02-26T02:21:11.680+0000] {dagbag.py:538} INFO - Filling up the DagBag from /opt/airflow/dags/pipeline.py
[2026-02-26T02:21:13.266+0000] {processor.py:840} INFO - DAG(s) 'risk_analysis_v1' retrieved from /opt/airflow/dags/pipeline.py
[2026-02-26T02:21:13.310+0000] {logging_mixin.py:188} INFO - [2026-02-26T02:21:13.310+0000] {dag.py:3036} INFO - Sync 1 DAGs
[2026-02-26T02:21:13.327+0000] {logging_mixin.py:188} INFO - [2026-02-26T02:21:13.327+0000] {dag.py:3823} INFO - Setting next_dagrun for risk_analysis_v1 to None, run_after=None
[2026-02-26T02:21:13.393+0000] {processor.py:183} INFO - Processing /opt/airflow/dags/pipeline.py took 1.721 seconds
[2026-02-26T02:21:43.709+0000] {processor.py:161} INFO - Started process (PID=481) to work on /opt/airflow/dags/pipeline.py
[2026-02-26T02:21:43.710+0000] {processor.py:830} INFO - Processing file /opt/airflow/dags/pipeline.py for tasks to queue
[2026-02-26T02:21:43.714+0000] {logging_mixin.py:188} INFO - [2026-02-26T02:21:43.713+0000] {dagbag.py:538} INFO - Filling up the DagBag from /opt/airflow/dags/pipeline.py
[2026-02-26T02:21:45.345+0000] {processor.py:840} INFO - DAG(s) 'risk_analysis_v1' retrieved from /opt/airflow/dags/pipeline.py
[2026-02-26T02:21:45.381+0000] {logging_mixin.py:188} INFO - [2026-02-26T02:21:45.381+0000] {dag.py:3036} INFO - Sync 1 DAGs
[2026-02-26T02:21:45.395+0000] {logging_mixin.py:188} INFO - [2026-02-26T02:21:45.395+0000] {dag.py:3823} INFO - Setting next_dagrun for risk_analysis_v1 to None, run_after=None
[2026-02-26T02:21:45.422+0000] {processor.py:183} INFO - Processing /opt/airflow/dags/pipeline.py took 1.717 seconds
[2026-02-26T02:22:15.836+0000] {processor.py:161} INFO - Started process (PID=504) to work on /opt/airflow/dags/pipeline.py
[2026-02-26T02:22:15.839+0000] {processor.py:830} INFO - Processing file /opt/airflow/dags/pipeline.py for tasks to queue
[2026-02-26T02:22:15.841+0000] {logging_mixin.py:188} INFO - [2026-02-26T02:22:15.840+0000] {dagbag.py:538} INFO - Filling up the DagBag from /opt/airflow/dags/pipeline.py
[2026-02-26T02:22:17.509+0000] {processor.py:840} INFO - DAG(s) 'risk_analysis_v1' retrieved from /opt/airflow/dags/pipeline.py
[2026-02-26T02:22:17.548+0000] {logging_mixin.py:188} INFO - [2026-02-26T02:22:17.547+0000] {dag.py:3036} INFO - Sync 1 DAGs
[2026-02-26T02:22:17.564+0000] {logging_mixin.py:188} INFO - [2026-02-26T02:22:17.564+0000] {dag.py:3823} INFO - Setting next_dagrun for risk_analysis_v1 to None, run_after=None
[2026-02-26T02:22:17.593+0000] {processor.py:183} INFO - Processing /opt/airflow/dags/pipeline.py took 1.762 seconds
[2026-02-26T02:22:47.965+0000] {processor.py:161} INFO - Started process (PID=527) to work on /opt/airflow/dags/pipeline.py
[2026-02-26T02:22:47.968+0000] {processor.py:830} INFO - Processing file /opt/airflow/dags/pipeline.py for tasks to queue
[2026-02-26T02:22:47.970+0000] {logging_mixin.py:188} INFO - [2026-02-26T02:22:47.969+0000] {dagbag.py:538} INFO - Filling up the DagBag from /opt/airflow/dags/pipeline.py
[2026-02-26T02:22:49.772+0000] {processor.py:840} INFO - DAG(s) 'risk_analysis_v1' retrieved from /opt/airflow/dags/pipeline.py
[2026-02-26T02:22:49.818+0000] {logging_mixin.py:188} INFO - [2026-02-26T02:22:49.817+0000] {dag.py:3036} INFO - Sync 1 DAGs
[2026-02-26T02:22:49.836+0000] {logging_mixin.py:188} INFO - [2026-02-26T02:22:49.835+0000] {dag.py:3823} INFO - Setting next_dagrun for risk_analysis_v1 to None, run_after=None
[2026-02-26T02:22:49.880+0000] {processor.py:183} INFO - Processing /opt/airflow/dags/pipeline.py took 1.921 seconds
[2026-02-26T02:23:20.918+0000] {processor.py:161} INFO - Started process (PID=550) to work on /opt/airflow/dags/pipeline.py
[2026-02-26T02:23:20.920+0000] {processor.py:830} INFO - Processing file /opt/airflow/dags/pipeline.py for tasks to queue
[2026-02-26T02:23:20.922+0000] {logging_mixin.py:188} INFO - [2026-02-26T02:23:20.922+0000] {dagbag.py:538} INFO - Filling up the DagBag from /opt/airflow/dags/pipeline.py
[2026-02-26T02:23:22.690+0000] {processor.py:840} INFO - DAG(s) 'risk_analysis_v1' retrieved from /opt/airflow/dags/pipeline.py
[2026-02-26T02:23:22.738+0000] {logging_mixin.py:188} INFO - [2026-02-26T02:23:22.736+0000] {dag.py:3036} INFO - Sync 1 DAGs
[2026-02-26T02:23:22.759+0000] {logging_mixin.py:188} INFO - [2026-02-26T02:23:22.758+0000] {dag.py:3823} INFO - Setting next_dagrun for risk_analysis_v1 to None, run_after=None
[2026-02-26T02:23:22.814+0000] {processor.py:183} INFO - Processing /opt/airflow/dags/pipeline.py took 1.900 seconds
[2026-02-26T02:23:53.237+0000] {processor.py:161} INFO - Started process (PID=573) to work on /opt/airflow/dags/pipeline.py
[2026-02-26T02:23:53.238+0000] {processor.py:830} INFO - Processing file /opt/airflow/dags/pipeline.py for tasks to queue
[2026-02-26T02:23:53.240+0000] {logging_mixin.py:188} INFO - [2026-02-26T02:23:53.239+0000] {dagbag.py:538} INFO - Filling up the DagBag from /opt/airflow/dags/pipeline.py
[2026-02-26T02:23:54.953+0000] {processor.py:840} INFO - DAG(s) 'risk_analysis_v1' retrieved from /opt/airflow/dags/pipeline.py
[2026-02-26T02:23:54.994+0000] {logging_mixin.py:188} INFO - [2026-02-26T02:23:54.994+0000] {dag.py:3036} INFO - Sync 1 DAGs
[2026-02-26T02:23:55.013+0000] {logging_mixin.py:188} INFO - [2026-02-26T02:23:55.013+0000] {dag.py:3823} INFO - Setting next_dagrun for risk_analysis_v1 to None, run_after=None
[2026-02-26T02:23:55.047+0000] {processor.py:183} INFO - Processing /opt/airflow/dags/pipeline.py took 1.817 seconds
[2026-02-26T02:24:25.424+0000] {processor.py:161} INFO - Started process (PID=596) to work on /opt/airflow/dags/pipeline.py
[2026-02-26T02:24:25.426+0000] {processor.py:830} INFO - Processing file /opt/airflow/dags/pipeline.py for tasks to queue
[2026-02-26T02:24:25.428+0000] {logging_mixin.py:188} INFO - [2026-02-26T02:24:25.427+0000] {dagbag.py:538} INFO - Filling up the DagBag from /opt/airflow/dags/pipeline.py
[2026-02-26T02:24:27.110+0000] {processor.py:840} INFO - DAG(s) 'risk_analysis_v1' retrieved from /opt/airflow/dags/pipeline.py
[2026-02-26T02:24:27.146+0000] {logging_mixin.py:188} INFO - [2026-02-26T02:24:27.145+0000] {dag.py:3036} INFO - Sync 1 DAGs
[2026-02-26T02:24:27.164+0000] {logging_mixin.py:188} INFO - [2026-02-26T02:24:27.164+0000] {dag.py:3823} INFO - Setting next_dagrun for risk_analysis_v1 to None, run_after=None
[2026-02-26T02:24:27.227+0000] {processor.py:183} INFO - Processing /opt/airflow/dags/pipeline.py took 1.810 seconds
[2026-02-26T02:24:57.662+0000] {processor.py:161} INFO - Started process (PID=619) to work on /opt/airflow/dags/pipeline.py
[2026-02-26T02:24:57.666+0000] {processor.py:830} INFO - Processing file /opt/airflow/dags/pipeline.py for tasks to queue
[2026-02-26T02:24:57.670+0000] {logging_mixin.py:188} INFO - [2026-02-26T02:24:57.668+0000] {dagbag.py:538} INFO - Filling up the DagBag from /opt/airflow/dags/pipeline.py
[2026-02-26T02:24:59.402+0000] {processor.py:840} INFO - DAG(s) 'risk_analysis_v1' retrieved from /opt/airflow/dags/pipeline.py
[2026-02-26T02:24:59.446+0000] {logging_mixin.py:188} INFO - [2026-02-26T02:24:59.445+0000] {dag.py:3036} INFO - Sync 1 DAGs
[2026-02-26T02:24:59.465+0000] {logging_mixin.py:188} INFO - [2026-02-26T02:24:59.465+0000] {dag.py:3823} INFO - Setting next_dagrun for risk_analysis_v1 to None, run_after=None
[2026-02-26T02:24:59.495+0000] {processor.py:183} INFO - Processing /opt/airflow/dags/pipeline.py took 1.840 seconds
[2026-02-26T02:25:29.919+0000] {processor.py:161} INFO - Started process (PID=642) to work on /opt/airflow/dags/pipeline.py
[2026-02-26T02:25:29.922+0000] {processor.py:830} INFO - Processing file /opt/airflow/dags/pipeline.py for tasks to queue
[2026-02-26T02:25:29.925+0000] {logging_mixin.py:188} INFO - [2026-02-26T02:25:29.925+0000] {dagbag.py:538} INFO - Filling up the DagBag from /opt/airflow/dags/pipeline.py
[2026-02-26T02:25:31.670+0000] {processor.py:840} INFO - DAG(s) 'risk_analysis_v1' retrieved from /opt/airflow/dags/pipeline.py
[2026-02-26T02:25:31.704+0000] {logging_mixin.py:188} INFO - [2026-02-26T02:25:31.703+0000] {dag.py:3036} INFO - Sync 1 DAGs
[2026-02-26T02:25:31.722+0000] {logging_mixin.py:188} INFO - [2026-02-26T02:25:31.722+0000] {dag.py:3823} INFO - Setting next_dagrun for risk_analysis_v1 to None, run_after=None
[2026-02-26T02:25:31.754+0000] {processor.py:183} INFO - Processing /opt/airflow/dags/pipeline.py took 1.841 seconds
[2026-02-26T02:26:02.115+0000] {processor.py:161} INFO - Started process (PID=665) to work on /opt/airflow/dags/pipeline.py
[2026-02-26T02:26:02.116+0000] {processor.py:830} INFO - Processing file /opt/airflow/dags/pipeline.py for tasks to queue
[2026-02-26T02:26:02.118+0000] {logging_mixin.py:188} INFO - [2026-02-26T02:26:02.118+0000] {dagbag.py:538} INFO - Filling up the DagBag from /opt/airflow/dags/pipeline.py
[2026-02-26T02:26:03.816+0000] {processor.py:840} INFO - DAG(s) 'risk_analysis_v1' retrieved from /opt/airflow/dags/pipeline.py
[2026-02-26T02:26:03.852+0000] {logging_mixin.py:188} INFO - [2026-02-26T02:26:03.852+0000] {dag.py:3036} INFO - Sync 1 DAGs
[2026-02-26T02:26:03.870+0000] {logging_mixin.py:188} INFO - [2026-02-26T02:26:03.870+0000] {dag.py:3823} INFO - Setting next_dagrun for risk_analysis_v1 to None, run_after=None
[2026-02-26T02:26:03.903+0000] {processor.py:183} INFO - Processing /opt/airflow/dags/pipeline.py took 1.793 seconds
[2026-02-26T02:26:34.281+0000] {processor.py:161} INFO - Started process (PID=688) to work on /opt/airflow/dags/pipeline.py
[2026-02-26T02:26:34.283+0000] {processor.py:830} INFO - Processing file /opt/airflow/dags/pipeline.py for tasks to queue
[2026-02-26T02:26:34.285+0000] {logging_mixin.py:188} INFO - [2026-02-26T02:26:34.284+0000] {dagbag.py:538} INFO - Filling up the DagBag from /opt/airflow/dags/pipeline.py
[2026-02-26T02:26:35.910+0000] {processor.py:840} INFO - DAG(s) 'risk_analysis_v1' retrieved from /opt/airflow/dags/pipeline.py
[2026-02-26T02:26:35.949+0000] {logging_mixin.py:188} INFO - [2026-02-26T02:26:35.948+0000] {dag.py:3036} INFO - Sync 1 DAGs
[2026-02-26T02:26:35.969+0000] {logging_mixin.py:188} INFO - [2026-02-26T02:26:35.969+0000] {dag.py:3823} INFO - Setting next_dagrun for risk_analysis_v1 to None, run_after=None
[2026-02-26T02:26:36.002+0000] {processor.py:183} INFO - Processing /opt/airflow/dags/pipeline.py took 1.727 seconds
[2026-02-26T02:27:06.214+0000] {processor.py:161} INFO - Started process (PID=711) to work on /opt/airflow/dags/pipeline.py
[2026-02-26T02:27:06.216+0000] {processor.py:830} INFO - Processing file /opt/airflow/dags/pipeline.py for tasks to queue
[2026-02-26T02:27:06.218+0000] {logging_mixin.py:188} INFO - [2026-02-26T02:27:06.217+0000] {dagbag.py:538} INFO - Filling up the DagBag from /opt/airflow/dags/pipeline.py
[2026-02-26T02:27:07.697+0000] {processor.py:840} INFO - DAG(s) 'risk_analysis_v1' retrieved from /opt/airflow/dags/pipeline.py
[2026-02-26T02:27:07.736+0000] {logging_mixin.py:188} INFO - [2026-02-26T02:27:07.735+0000] {dag.py:3036} INFO - Sync 1 DAGs
[2026-02-26T02:27:07.751+0000] {logging_mixin.py:188} INFO - [2026-02-26T02:27:07.751+0000] {dag.py:3823} INFO - Setting next_dagrun for risk_analysis_v1 to None, run_after=None
[2026-02-26T02:27:07.818+0000] {processor.py:183} INFO - Processing /opt/airflow/dags/pipeline.py took 1.611 seconds
[2026-02-26T02:27:38.233+0000] {processor.py:161} INFO - Started process (PID=734) to work on /opt/airflow/dags/pipeline.py
[2026-02-26T02:27:38.235+0000] {processor.py:830} INFO - Processing file /opt/airflow/dags/pipeline.py for tasks to queue
[2026-02-26T02:27:38.237+0000] {logging_mixin.py:188} INFO - [2026-02-26T02:27:38.237+0000] {dagbag.py:538} INFO - Filling up the DagBag from /opt/airflow/dags/pipeline.py
[2026-02-26T02:27:40.029+0000] {processor.py:840} INFO - DAG(s) 'risk_analysis_v1' retrieved from /opt/airflow/dags/pipeline.py
[2026-02-26T02:27:40.077+0000] {logging_mixin.py:188} INFO - [2026-02-26T02:27:40.076+0000] {dag.py:3036} INFO - Sync 1 DAGs
[2026-02-26T02:27:40.097+0000] {logging_mixin.py:188} INFO - [2026-02-26T02:27:40.096+0000] {dag.py:3823} INFO - Setting next_dagrun for risk_analysis_v1 to None, run_after=None
[2026-02-26T02:27:40.124+0000] {processor.py:183} INFO - Processing /opt/airflow/dags/pipeline.py took 1.896 seconds
[2026-02-26T02:28:10.551+0000] {processor.py:161} INFO - Started process (PID=757) to work on /opt/airflow/dags/pipeline.py
[2026-02-26T02:28:10.553+0000] {processor.py:830} INFO - Processing file /opt/airflow/dags/pipeline.py for tasks to queue
[2026-02-26T02:28:10.556+0000] {logging_mixin.py:188} INFO - [2026-02-26T02:28:10.555+0000] {dagbag.py:538} INFO - Filling up the DagBag from /opt/airflow/dags/pipeline.py
[2026-02-26T02:28:12.432+0000] {processor.py:840} INFO - DAG(s) 'risk_analysis_v1' retrieved from /opt/airflow/dags/pipeline.py
[2026-02-26T02:28:12.481+0000] {logging_mixin.py:188} INFO - [2026-02-26T02:28:12.480+0000] {dag.py:3036} INFO - Sync 1 DAGs
[2026-02-26T02:28:12.504+0000] {logging_mixin.py:188} INFO - [2026-02-26T02:28:12.504+0000] {dag.py:3823} INFO - Setting next_dagrun for risk_analysis_v1 to None, run_after=None
[2026-02-26T02:28:12.537+0000] {processor.py:183} INFO - Processing /opt/airflow/dags/pipeline.py took 1.995 seconds
[2026-02-26T02:28:42.889+0000] {processor.py:161} INFO - Started process (PID=780) to work on /opt/airflow/dags/pipeline.py
[2026-02-26T02:28:42.891+0000] {processor.py:830} INFO - Processing file /opt/airflow/dags/pipeline.py for tasks to queue
[2026-02-26T02:28:42.893+0000] {logging_mixin.py:188} INFO - [2026-02-26T02:28:42.893+0000] {dagbag.py:538} INFO - Filling up the DagBag from /opt/airflow/dags/pipeline.py
[2026-02-26T02:28:44.635+0000] {processor.py:840} INFO - DAG(s) 'risk_analysis_v1' retrieved from /opt/airflow/dags/pipeline.py
[2026-02-26T02:28:44.677+0000] {logging_mixin.py:188} INFO - [2026-02-26T02:28:44.676+0000] {dag.py:3036} INFO - Sync 1 DAGs
[2026-02-26T02:28:44.693+0000] {logging_mixin.py:188} INFO - [2026-02-26T02:28:44.692+0000] {dag.py:3823} INFO - Setting next_dagrun for risk_analysis_v1 to None, run_after=None
[2026-02-26T02:28:44.723+0000] {processor.py:183} INFO - Processing /opt/airflow/dags/pipeline.py took 1.840 seconds
[2026-02-26T02:29:15.141+0000] {processor.py:161} INFO - Started process (PID=803) to work on /opt/airflow/dags/pipeline.py
[2026-02-26T02:29:15.143+0000] {processor.py:830} INFO - Processing file /opt/airflow/dags/pipeline.py for tasks to queue
[2026-02-26T02:29:15.144+0000] {logging_mixin.py:188} INFO - [2026-02-26T02:29:15.144+0000] {dagbag.py:538} INFO - Filling up the DagBag from /opt/airflow/dags/pipeline.py
[2026-02-26T02:29:16.826+0000] {processor.py:840} INFO - DAG(s) 'risk_analysis_v1' retrieved from /opt/airflow/dags/pipeline.py
[2026-02-26T02:29:16.864+0000] {logging_mixin.py:188} INFO - [2026-02-26T02:29:16.864+0000] {dag.py:3036} INFO - Sync 1 DAGs
[2026-02-26T02:29:16.881+0000] {logging_mixin.py:188} INFO - [2026-02-26T02:29:16.881+0000] {dag.py:3823} INFO - Setting next_dagrun for risk_analysis_v1 to None, run_after=None
[2026-02-26T02:29:16.941+0000] {processor.py:183} INFO - Processing /opt/airflow/dags/pipeline.py took 1.806 seconds
[2026-02-26T02:29:47.359+0000] {processor.py:161} INFO - Started process (PID=826) to work on /opt/airflow/dags/pipeline.py
[2026-02-26T02:29:47.361+0000] {processor.py:830} INFO - Processing file /opt/airflow/dags/pipeline.py for tasks to queue
[2026-02-26T02:29:47.363+0000] {logging_mixin.py:188} INFO - [2026-02-26T02:29:47.363+0000] {dagbag.py:538} INFO - Filling up the DagBag from /opt/airflow/dags/pipeline.py
[2026-02-26T02:29:49.105+0000] {processor.py:840} INFO - DAG(s) 'risk_analysis_v1' retrieved from /opt/airflow/dags/pipeline.py
[2026-02-26T02:29:49.147+0000] {logging_mixin.py:188} INFO - [2026-02-26T02:29:49.146+0000] {dag.py:3036} INFO - Sync 1 DAGs
[2026-02-26T02:29:49.162+0000] {logging_mixin.py:188} INFO - [2026-02-26T02:29:49.161+0000] {dag.py:3823} INFO - Setting next_dagrun for risk_analysis_v1 to None, run_after=None
[2026-02-26T02:29:49.187+0000] {processor.py:183} INFO - Processing /opt/airflow/dags/pipeline.py took 1.837 seconds
[2026-02-26T02:30:19.603+0000] {processor.py:161} INFO - Started process (PID=849) to work on /opt/airflow/dags/pipeline.py
[2026-02-26T02:30:19.606+0000] {processor.py:830} INFO - Processing file /opt/airflow/dags/pipeline.py for tasks to queue
[2026-02-26T02:30:19.609+0000] {logging_mixin.py:188} INFO - [2026-02-26T02:30:19.608+0000] {dagbag.py:538} INFO - Filling up the DagBag from /opt/airflow/dags/pipeline.py
[2026-02-26T02:30:21.226+0000] {processor.py:840} INFO - DAG(s) 'risk_analysis_v1' retrieved from /opt/airflow/dags/pipeline.py
[2026-02-26T02:30:21.259+0000] {logging_mixin.py:188} INFO - [2026-02-26T02:30:21.259+0000] {dag.py:3036} INFO - Sync 1 DAGs
[2026-02-26T02:30:21.275+0000] {logging_mixin.py:188} INFO - [2026-02-26T02:30:21.275+0000] {dag.py:3823} INFO - Setting next_dagrun for risk_analysis_v1 to None, run_after=None
[2026-02-26T02:30:21.336+0000] {processor.py:183} INFO - Processing /opt/airflow/dags/pipeline.py took 1.740 seconds
[2026-02-26T02:30:51.717+0000] {processor.py:161} INFO - Started process (PID=872) to work on /opt/airflow/dags/pipeline.py
[2026-02-26T02:30:51.719+0000] {processor.py:830} INFO - Processing file /opt/airflow/dags/pipeline.py for tasks to queue
[2026-02-26T02:30:51.721+0000] {logging_mixin.py:188} INFO - [2026-02-26T02:30:51.721+0000] {dagbag.py:538} INFO - Filling up the DagBag from /opt/airflow/dags/pipeline.py
[2026-02-26T02:30:53.328+0000] {processor.py:840} INFO - DAG(s) 'risk_analysis_v1' retrieved from /opt/airflow/dags/pipeline.py
[2026-02-26T02:30:53.366+0000] {logging_mixin.py:188} INFO - [2026-02-26T02:30:53.365+0000] {dag.py:3036} INFO - Sync 1 DAGs
[2026-02-26T02:30:53.413+0000] {logging_mixin.py:188} INFO - [2026-02-26T02:30:53.413+0000] {dag.py:3823} INFO - Setting next_dagrun for risk_analysis_v1 to None, run_after=None
[2026-02-26T02:30:53.444+0000] {processor.py:183} INFO - Processing /opt/airflow/dags/pipeline.py took 1.732 seconds
[2026-02-26T02:31:23.958+0000] {processor.py:161} INFO - Started process (PID=895) to work on /opt/airflow/dags/pipeline.py
[2026-02-26T02:31:23.959+0000] {processor.py:830} INFO - Processing file /opt/airflow/dags/pipeline.py for tasks to queue
[2026-02-26T02:31:23.961+0000] {logging_mixin.py:188} INFO - [2026-02-26T02:31:23.961+0000] {dagbag.py:538} INFO - Filling up the DagBag from /opt/airflow/dags/pipeline.py
[2026-02-26T02:31:25.597+0000] {processor.py:840} INFO - DAG(s) 'risk_analysis_v1' retrieved from /opt/airflow/dags/pipeline.py
[2026-02-26T02:31:25.637+0000] {logging_mixin.py:188} INFO - [2026-02-26T02:31:25.636+0000] {dag.py:3036} INFO - Sync 1 DAGs
[2026-02-26T02:31:25.655+0000] {logging_mixin.py:188} INFO - [2026-02-26T02:31:25.654+0000] {dag.py:3823} INFO - Setting next_dagrun for risk_analysis_v1 to None, run_after=None
[2026-02-26T02:31:25.719+0000] {processor.py:183} INFO - Processing /opt/airflow/dags/pipeline.py took 1.767 seconds
[2026-02-26T02:31:56.144+0000] {processor.py:161} INFO - Started process (PID=918) to work on /opt/airflow/dags/pipeline.py
[2026-02-26T02:31:56.146+0000] {processor.py:830} INFO - Processing file /opt/airflow/dags/pipeline.py for tasks to queue
[2026-02-26T02:31:56.148+0000] {logging_mixin.py:188} INFO - [2026-02-26T02:31:56.148+0000] {dagbag.py:538} INFO - Filling up the DagBag from /opt/airflow/dags/pipeline.py
[2026-02-26T02:31:57.786+0000] {processor.py:840} INFO - DAG(s) 'risk_analysis_v1' retrieved from /opt/airflow/dags/pipeline.py
[2026-02-26T02:31:57.829+0000] {logging_mixin.py:188} INFO - [2026-02-26T02:31:57.828+0000] {dag.py:3036} INFO - Sync 1 DAGs
[2026-02-26T02:31:57.851+0000] {logging_mixin.py:188} INFO - [2026-02-26T02:31:57.851+0000] {dag.py:3823} INFO - Setting next_dagrun for risk_analysis_v1 to None, run_after=None
[2026-02-26T02:31:57.893+0000] {processor.py:183} INFO - Processing /opt/airflow/dags/pipeline.py took 1.760 seconds
[2026-02-26T02:32:28.125+0000] {processor.py:161} INFO - Started process (PID=941) to work on /opt/airflow/dags/pipeline.py
[2026-02-26T02:32:28.127+0000] {processor.py:830} INFO - Processing file /opt/airflow/dags/pipeline.py for tasks to queue
[2026-02-26T02:32:28.129+0000] {logging_mixin.py:188} INFO - [2026-02-26T02:32:28.129+0000] {dagbag.py:538} INFO - Filling up the DagBag from /opt/airflow/dags/pipeline.py
[2026-02-26T02:32:29.836+0000] {processor.py:840} INFO - DAG(s) 'risk_analysis_v1' retrieved from /opt/airflow/dags/pipeline.py
[2026-02-26T02:32:29.875+0000] {logging_mixin.py:188} INFO - [2026-02-26T02:32:29.874+0000] {dag.py:3036} INFO - Sync 1 DAGs
[2026-02-26T02:32:29.899+0000] {logging_mixin.py:188} INFO - [2026-02-26T02:32:29.898+0000] {dag.py:3823} INFO - Setting next_dagrun for risk_analysis_v1 to None, run_after=None
[2026-02-26T02:32:29.927+0000] {processor.py:183} INFO - Processing /opt/airflow/dags/pipeline.py took 1.807 seconds
[2026-02-26T02:33:00.406+0000] {processor.py:161} INFO - Started process (PID=964) to work on /opt/airflow/dags/pipeline.py
[2026-02-26T02:33:00.410+0000] {processor.py:830} INFO - Processing file /opt/airflow/dags/pipeline.py for tasks to queue
[2026-02-26T02:33:00.415+0000] {logging_mixin.py:188} INFO - [2026-02-26T02:33:00.415+0000] {dagbag.py:538} INFO - Filling up the DagBag from /opt/airflow/dags/pipeline.py
[2026-02-26T02:33:02.094+0000] {processor.py:840} INFO - DAG(s) 'risk_analysis_v1' retrieved from /opt/airflow/dags/pipeline.py
[2026-02-26T02:33:02.131+0000] {logging_mixin.py:188} INFO - [2026-02-26T02:33:02.130+0000] {dag.py:3036} INFO - Sync 1 DAGs
[2026-02-26T02:33:02.148+0000] {logging_mixin.py:188} INFO - [2026-02-26T02:33:02.147+0000] {dag.py:3823} INFO - Setting next_dagrun for risk_analysis_v1 to None, run_after=None
[2026-02-26T02:33:02.181+0000] {processor.py:183} INFO - Processing /opt/airflow/dags/pipeline.py took 1.783 seconds
[2026-02-26T02:33:32.583+0000] {processor.py:161} INFO - Started process (PID=987) to work on /opt/airflow/dags/pipeline.py
[2026-02-26T02:33:32.584+0000] {processor.py:830} INFO - Processing file /opt/airflow/dags/pipeline.py for tasks to queue
[2026-02-26T02:33:32.586+0000] {logging_mixin.py:188} INFO - [2026-02-26T02:33:32.586+0000] {dagbag.py:538} INFO - Filling up the DagBag from /opt/airflow/dags/pipeline.py
[2026-02-26T02:33:34.328+0000] {processor.py:840} INFO - DAG(s) 'risk_analysis_v1' retrieved from /opt/airflow/dags/pipeline.py
[2026-02-26T02:33:34.370+0000] {logging_mixin.py:188} INFO - [2026-02-26T02:33:34.368+0000] {dag.py:3036} INFO - Sync 1 DAGs
[2026-02-26T02:33:34.390+0000] {logging_mixin.py:188} INFO - [2026-02-26T02:33:34.390+0000] {dag.py:3823} INFO - Setting next_dagrun for risk_analysis_v1 to None, run_after=None
[2026-02-26T02:33:34.420+0000] {processor.py:183} INFO - Processing /opt/airflow/dags/pipeline.py took 1.842 seconds
[2026-02-26T02:34:04.834+0000] {processor.py:161} INFO - Started process (PID=1010) to work on /opt/airflow/dags/pipeline.py
[2026-02-26T02:34:04.836+0000] {processor.py:830} INFO - Processing file /opt/airflow/dags/pipeline.py for tasks to queue
[2026-02-26T02:34:04.838+0000] {logging_mixin.py:188} INFO - [2026-02-26T02:34:04.837+0000] {dagbag.py:538} INFO - Filling up the DagBag from /opt/airflow/dags/pipeline.py
[2026-02-26T02:34:06.410+0000] {processor.py:840} INFO - DAG(s) 'risk_analysis_v1' retrieved from /opt/airflow/dags/pipeline.py
[2026-02-26T02:34:06.458+0000] {logging_mixin.py:188} INFO - [2026-02-26T02:34:06.457+0000] {dag.py:3036} INFO - Sync 1 DAGs
[2026-02-26T02:34:06.478+0000] {logging_mixin.py:188} INFO - [2026-02-26T02:34:06.477+0000] {dag.py:3823} INFO - Setting next_dagrun for risk_analysis_v1 to None, run_after=None
[2026-02-26T02:34:06.547+0000] {processor.py:183} INFO - Processing /opt/airflow/dags/pipeline.py took 1.719 seconds
[2026-02-26T02:34:36.957+0000] {processor.py:161} INFO - Started process (PID=1033) to work on /opt/airflow/dags/pipeline.py
[2026-02-26T02:34:36.959+0000] {processor.py:830} INFO - Processing file /opt/airflow/dags/pipeline.py for tasks to queue
[2026-02-26T02:34:36.961+0000] {logging_mixin.py:188} INFO - [2026-02-26T02:34:36.960+0000] {dagbag.py:538} INFO - Filling up the DagBag from /opt/airflow/dags/pipeline.py
[2026-02-26T02:34:38.539+0000] {processor.py:840} INFO - DAG(s) 'risk_analysis_v1' retrieved from /opt/airflow/dags/pipeline.py
[2026-02-26T02:34:38.577+0000] {logging_mixin.py:188} INFO - [2026-02-26T02:34:38.576+0000] {dag.py:3036} INFO - Sync 1 DAGs
[2026-02-26T02:34:38.595+0000] {logging_mixin.py:188} INFO - [2026-02-26T02:34:38.595+0000] {dag.py:3823} INFO - Setting next_dagrun for risk_analysis_v1 to None, run_after=None
[2026-02-26T02:34:38.636+0000] {processor.py:183} INFO - Processing /opt/airflow/dags/pipeline.py took 1.686 seconds
[2026-02-26T02:35:08.903+0000] {processor.py:161} INFO - Started process (PID=1056) to work on /opt/airflow/dags/pipeline.py
[2026-02-26T02:35:08.904+0000] {processor.py:830} INFO - Processing file /opt/airflow/dags/pipeline.py for tasks to queue
[2026-02-26T02:35:08.906+0000] {logging_mixin.py:188} INFO - [2026-02-26T02:35:08.905+0000] {dagbag.py:538} INFO - Filling up the DagBag from /opt/airflow/dags/pipeline.py
[2026-02-26T02:35:10.418+0000] {processor.py:840} INFO - DAG(s) 'risk_analysis_v1' retrieved from /opt/airflow/dags/pipeline.py
[2026-02-26T02:35:10.456+0000] {logging_mixin.py:188} INFO - [2026-02-26T02:35:10.456+0000] {dag.py:3036} INFO - Sync 1 DAGs
[2026-02-26T02:35:10.474+0000] {logging_mixin.py:188} INFO - [2026-02-26T02:35:10.474+0000] {dag.py:3823} INFO - Setting next_dagrun for risk_analysis_v1 to None, run_after=None
[2026-02-26T02:35:10.508+0000] {processor.py:183} INFO - Processing /opt/airflow/dags/pipeline.py took 1.611 seconds
[2026-02-26T02:35:40.925+0000] {processor.py:161} INFO - Started process (PID=1079) to work on /opt/airflow/dags/pipeline.py
[2026-02-26T02:35:40.928+0000] {processor.py:830} INFO - Processing file /opt/airflow/dags/pipeline.py for tasks to queue
[2026-02-26T02:35:40.932+0000] {logging_mixin.py:188} INFO - [2026-02-26T02:35:40.931+0000] {dagbag.py:538} INFO - Filling up the DagBag from /opt/airflow/dags/pipeline.py
[2026-02-26T02:35:42.595+0000] {processor.py:840} INFO - DAG(s) 'risk_analysis_v1' retrieved from /opt/airflow/dags/pipeline.py
[2026-02-26T02:35:42.634+0000] {logging_mixin.py:188} INFO - [2026-02-26T02:35:42.633+0000] {dag.py:3036} INFO - Sync 1 DAGs
[2026-02-26T02:35:42.665+0000] {logging_mixin.py:188} INFO - [2026-02-26T02:35:42.665+0000] {dag.py:3823} INFO - Setting next_dagrun for risk_analysis_v1 to None, run_after=None
[2026-02-26T02:35:42.709+0000] {processor.py:183} INFO - Processing /opt/airflow/dags/pipeline.py took 1.793 seconds
[2026-02-26T02:36:13.151+0000] {processor.py:161} INFO - Started process (PID=1102) to work on /opt/airflow/dags/pipeline.py
[2026-02-26T02:36:13.153+0000] {processor.py:830} INFO - Processing file /opt/airflow/dags/pipeline.py for tasks to queue
[2026-02-26T02:36:13.156+0000] {logging_mixin.py:188} INFO - [2026-02-26T02:36:13.155+0000] {dagbag.py:538} INFO - Filling up the DagBag from /opt/airflow/dags/pipeline.py
[2026-02-26T02:36:14.791+0000] {processor.py:840} INFO - DAG(s) 'risk_analysis_v1' retrieved from /opt/airflow/dags/pipeline.py
[2026-02-26T02:36:14.882+0000] {logging_mixin.py:188} INFO - [2026-02-26T02:36:14.881+0000] {dag.py:3036} INFO - Sync 1 DAGs
[2026-02-26T02:36:14.907+0000] {logging_mixin.py:188} INFO - [2026-02-26T02:36:14.906+0000] {dag.py:3823} INFO - Setting next_dagrun for risk_analysis_v1 to None, run_after=None
[2026-02-26T02:36:14.942+0000] {processor.py:183} INFO - Processing /opt/airflow/dags/pipeline.py took 1.801 seconds
[2026-02-26T02:36:45.453+0000] {processor.py:161} INFO - Started process (PID=1125) to work on /opt/airflow/dags/pipeline.py
[2026-02-26T02:36:45.455+0000] {processor.py:830} INFO - Processing file /opt/airflow/dags/pipeline.py for tasks to queue
[2026-02-26T02:36:45.458+0000] {logging_mixin.py:188} INFO - [2026-02-26T02:36:45.457+0000] {dagbag.py:538} INFO - Filling up the DagBag from /opt/airflow/dags/pipeline.py
[2026-02-26T02:36:47.117+0000] {processor.py:840} INFO - DAG(s) 'risk_analysis_v1' retrieved from /opt/airflow/dags/pipeline.py
[2026-02-26T02:36:47.157+0000] {logging_mixin.py:188} INFO - [2026-02-26T02:36:47.156+0000] {dag.py:3036} INFO - Sync 1 DAGs
[2026-02-26T02:36:47.175+0000] {logging_mixin.py:188} INFO - [2026-02-26T02:36:47.174+0000] {dag.py:3823} INFO - Setting next_dagrun for risk_analysis_v1 to None, run_after=None
[2026-02-26T02:36:47.239+0000] {processor.py:183} INFO - Processing /opt/airflow/dags/pipeline.py took 1.793 seconds
[2026-02-26T02:37:17.374+0000] {processor.py:161} INFO - Started process (PID=1148) to work on /opt/airflow/dags/pipeline.py
[2026-02-26T02:37:17.375+0000] {processor.py:830} INFO - Processing file /opt/airflow/dags/pipeline.py for tasks to queue
[2026-02-26T02:37:17.378+0000] {logging_mixin.py:188} INFO - [2026-02-26T02:37:17.377+0000] {dagbag.py:538} INFO - Filling up the DagBag from /opt/airflow/dags/pipeline.py
[2026-02-26T02:37:19.033+0000] {processor.py:840} INFO - DAG(s) 'risk_analysis_v1' retrieved from /opt/airflow/dags/pipeline.py
[2026-02-26T02:37:19.087+0000] {logging_mixin.py:188} INFO - [2026-02-26T02:37:19.086+0000] {dag.py:3036} INFO - Sync 1 DAGs
[2026-02-26T02:37:19.109+0000] {logging_mixin.py:188} INFO - [2026-02-26T02:37:19.108+0000] {dag.py:3823} INFO - Setting next_dagrun for risk_analysis_v1 to None, run_after=None
[2026-02-26T02:37:19.153+0000] {processor.py:183} INFO - Processing /opt/airflow/dags/pipeline.py took 1.786 seconds
[2026-02-26T02:37:49.583+0000] {processor.py:161} INFO - Started process (PID=1171) to work on /opt/airflow/dags/pipeline.py
[2026-02-26T02:37:49.585+0000] {processor.py:830} INFO - Processing file /opt/airflow/dags/pipeline.py for tasks to queue
[2026-02-26T02:37:49.587+0000] {logging_mixin.py:188} INFO - [2026-02-26T02:37:49.587+0000] {dagbag.py:538} INFO - Filling up the DagBag from /opt/airflow/dags/pipeline.py
[2026-02-26T02:37:51.296+0000] {processor.py:840} INFO - DAG(s) 'risk_analysis_v1' retrieved from /opt/airflow/dags/pipeline.py
[2026-02-26T02:37:51.364+0000] {logging_mixin.py:188} INFO - [2026-02-26T02:37:51.363+0000] {dag.py:3036} INFO - Sync 1 DAGs
[2026-02-26T02:37:51.394+0000] {logging_mixin.py:188} INFO - [2026-02-26T02:37:51.394+0000] {dag.py:3823} INFO - Setting next_dagrun for risk_analysis_v1 to None, run_after=None
[2026-02-26T02:37:51.437+0000] {processor.py:183} INFO - Processing /opt/airflow/dags/pipeline.py took 1.860 seconds
[2026-02-26T02:38:21.848+0000] {processor.py:161} INFO - Started process (PID=1194) to work on /opt/airflow/dags/pipeline.py
[2026-02-26T02:38:21.851+0000] {processor.py:830} INFO - Processing file /opt/airflow/dags/pipeline.py for tasks to queue
[2026-02-26T02:38:21.853+0000] {logging_mixin.py:188} INFO - [2026-02-26T02:38:21.853+0000] {dagbag.py:538} INFO - Filling up the DagBag from /opt/airflow/dags/pipeline.py
[2026-02-26T02:38:23.520+0000] {processor.py:840} INFO - DAG(s) 'risk_analysis_v1' retrieved from /opt/airflow/dags/pipeline.py
[2026-02-26T02:38:23.582+0000] {logging_mixin.py:188} INFO - [2026-02-26T02:38:23.581+0000] {dag.py:3036} INFO - Sync 1 DAGs
[2026-02-26T02:38:23.613+0000] {logging_mixin.py:188} INFO - [2026-02-26T02:38:23.613+0000] {dag.py:3823} INFO - Setting next_dagrun for risk_analysis_v1 to None, run_after=None
[2026-02-26T02:38:23.644+0000] {processor.py:183} INFO - Processing /opt/airflow/dags/pipeline.py took 1.801 seconds
[2026-02-26T02:38:54.118+0000] {processor.py:161} INFO - Started process (PID=1217) to work on /opt/airflow/dags/pipeline.py
[2026-02-26T02:38:54.121+0000] {processor.py:830} INFO - Processing file /opt/airflow/dags/pipeline.py for tasks to queue
[2026-02-26T02:38:54.124+0000] {logging_mixin.py:188} INFO - [2026-02-26T02:38:54.123+0000] {dagbag.py:538} INFO - Filling up the DagBag from /opt/airflow/dags/pipeline.py
[2026-02-26T02:38:55.837+0000] {processor.py:840} INFO - DAG(s) 'risk_analysis_v1' retrieved from /opt/airflow/dags/pipeline.py
[2026-02-26T02:38:55.880+0000] {logging_mixin.py:188} INFO - [2026-02-26T02:38:55.879+0000] {dag.py:3036} INFO - Sync 1 DAGs
[2026-02-26T02:38:55.898+0000] {logging_mixin.py:188} INFO - [2026-02-26T02:38:55.898+0000] {dag.py:3823} INFO - Setting next_dagrun for risk_analysis_v1 to None, run_after=None
[2026-02-26T02:38:55.930+0000] {processor.py:183} INFO - Processing /opt/airflow/dags/pipeline.py took 1.826 seconds
[2026-02-26T02:39:26.367+0000] {processor.py:161} INFO - Started process (PID=1240) to work on /opt/airflow/dags/pipeline.py
[2026-02-26T02:39:26.369+0000] {processor.py:830} INFO - Processing file /opt/airflow/dags/pipeline.py for tasks to queue
[2026-02-26T02:39:26.372+0000] {logging_mixin.py:188} INFO - [2026-02-26T02:39:26.371+0000] {dagbag.py:538} INFO - Filling up the DagBag from /opt/airflow/dags/pipeline.py
[2026-02-26T02:39:27.911+0000] {processor.py:840} INFO - DAG(s) 'risk_analysis_v1' retrieved from /opt/airflow/dags/pipeline.py
[2026-02-26T02:39:27.951+0000] {logging_mixin.py:188} INFO - [2026-02-26T02:39:27.950+0000] {dag.py:3036} INFO - Sync 1 DAGs
[2026-02-26T02:39:27.969+0000] {logging_mixin.py:188} INFO - [2026-02-26T02:39:27.968+0000] {dag.py:3823} INFO - Setting next_dagrun for risk_analysis_v1 to None, run_after=None
[2026-02-26T02:39:28.008+0000] {processor.py:183} INFO - Processing /opt/airflow/dags/pipeline.py took 1.646 seconds
[2026-02-26T02:39:58.264+0000] {processor.py:161} INFO - Started process (PID=1263) to work on /opt/airflow/dags/pipeline.py
[2026-02-26T02:39:58.267+0000] {processor.py:830} INFO - Processing file /opt/airflow/dags/pipeline.py for tasks to queue
[2026-02-26T02:39:58.270+0000] {logging_mixin.py:188} INFO - [2026-02-26T02:39:58.269+0000] {dagbag.py:538} INFO - Filling up the DagBag from /opt/airflow/dags/pipeline.py
[2026-02-26T02:39:59.946+0000] {processor.py:840} INFO - DAG(s) 'risk_analysis_v1' retrieved from /opt/airflow/dags/pipeline.py
[2026-02-26T02:39:59.998+0000] {logging_mixin.py:188} INFO - [2026-02-26T02:39:59.997+0000] {dag.py:3036} INFO - Sync 1 DAGs
[2026-02-26T02:40:00.030+0000] {logging_mixin.py:188} INFO - [2026-02-26T02:40:00.029+0000] {dag.py:3823} INFO - Setting next_dagrun for risk_analysis_v1 to None, run_after=None
[2026-02-26T02:40:00.071+0000] {processor.py:183} INFO - Processing /opt/airflow/dags/pipeline.py took 1.817 seconds
[2026-02-26T02:40:30.543+0000] {processor.py:161} INFO - Started process (PID=1286) to work on /opt/airflow/dags/pipeline.py
[2026-02-26T02:40:30.545+0000] {processor.py:830} INFO - Processing file /opt/airflow/dags/pipeline.py for tasks to queue
[2026-02-26T02:40:30.547+0000] {logging_mixin.py:188} INFO - [2026-02-26T02:40:30.547+0000] {dagbag.py:538} INFO - Filling up the DagBag from /opt/airflow/dags/pipeline.py
[2026-02-26T02:40:32.190+0000] {processor.py:840} INFO - DAG(s) 'risk_analysis_v1' retrieved from /opt/airflow/dags/pipeline.py
[2026-02-26T02:40:32.255+0000] {logging_mixin.py:188} INFO - [2026-02-26T02:40:32.254+0000] {dag.py:3036} INFO - Sync 1 DAGs
[2026-02-26T02:40:32.285+0000] {logging_mixin.py:188} INFO - [2026-02-26T02:40:32.285+0000] {dag.py:3823} INFO - Setting next_dagrun for risk_analysis_v1 to None, run_after=None
[2026-02-26T02:40:32.331+0000] {processor.py:183} INFO - Processing /opt/airflow/dags/pipeline.py took 1.796 seconds
[2026-02-26T02:41:02.729+0000] {processor.py:161} INFO - Started process (PID=1309) to work on /opt/airflow/dags/pipeline.py
[2026-02-26T02:41:02.731+0000] {processor.py:830} INFO - Processing file /opt/airflow/dags/pipeline.py for tasks to queue
[2026-02-26T02:41:02.733+0000] {logging_mixin.py:188} INFO - [2026-02-26T02:41:02.732+0000] {dagbag.py:538} INFO - Filling up the DagBag from /opt/airflow/dags/pipeline.py
[2026-02-26T02:41:03.748+0000] {processor.py:840} INFO - DAG(s) 'risk_analysis_v1' retrieved from /opt/airflow/dags/pipeline.py
[2026-02-26T02:41:03.784+0000] {logging_mixin.py:188} INFO - [2026-02-26T02:41:03.783+0000] {dag.py:3036} INFO - Sync 1 DAGs
[2026-02-26T02:41:03.801+0000] {logging_mixin.py:188} INFO - [2026-02-26T02:41:03.801+0000] {dag.py:3823} INFO - Setting next_dagrun for risk_analysis_v1 to None, run_after=None
[2026-02-26T02:41:03.821+0000] {processor.py:183} INFO - Processing /opt/airflow/dags/pipeline.py took 1.096 seconds
[2026-02-26T02:55:17.060+0000] {processor.py:161} INFO - Started process (PID=65) to work on /opt/airflow/dags/pipeline.py
[2026-02-26T02:55:17.062+0000] {processor.py:830} INFO - Processing file /opt/airflow/dags/pipeline.py for tasks to queue
[2026-02-26T02:55:17.064+0000] {logging_mixin.py:188} INFO - [2026-02-26T02:55:17.064+0000] {dagbag.py:538} INFO - Filling up the DagBag from /opt/airflow/dags/pipeline.py
[2026-02-26T02:55:22.247+0000] {processor.py:840} INFO - DAG(s) 'risk_analysis_v1' retrieved from /opt/airflow/dags/pipeline.py
[2026-02-26T02:55:22.596+0000] {logging_mixin.py:188} INFO - [2026-02-26T02:55:22.595+0000] {override.py:1769} INFO - Created Permission View: can edit on DAG:risk_analysis_v1
[2026-02-26T02:55:22.616+0000] {logging_mixin.py:188} INFO - [2026-02-26T02:55:22.615+0000] {override.py:1769} INFO - Created Permission View: can read on DAG:risk_analysis_v1
[2026-02-26T02:55:22.630+0000] {logging_mixin.py:188} INFO - [2026-02-26T02:55:22.630+0000] {override.py:1769} INFO - Created Permission View: can delete on DAG:risk_analysis_v1
[2026-02-26T02:55:22.632+0000] {logging_mixin.py:188} INFO - [2026-02-26T02:55:22.631+0000] {dag.py:3036} INFO - Sync 1 DAGs
[2026-02-26T02:55:22.653+0000] {logging_mixin.py:188} WARNING - /home/airflow/.local/lib/python3.8/site-packages/airflow/models/dag.py:3574 DeprecationWarning: The dag_concurrency option in [core] has been renamed to max_active_tasks_per_dag - the old setting has been used, but please update your config.
[2026-02-26T02:55:22.656+0000] {logging_mixin.py:188} INFO - [2026-02-26T02:55:22.655+0000] {dag.py:3058} INFO - Creating ORM DAG for risk_analysis_v1
[2026-02-26T02:55:22.658+0000] {logging_mixin.py:188} INFO - [2026-02-26T02:55:22.658+0000] {dag.py:3823} INFO - Setting next_dagrun for risk_analysis_v1 to None, run_after=None
[2026-02-26T02:55:22.692+0000] {processor.py:183} INFO - Processing /opt/airflow/dags/pipeline.py took 5.637 seconds
[2026-02-26T02:55:53.130+0000] {processor.py:161} INFO - Started process (PID=88) to work on /opt/airflow/dags/pipeline.py
[2026-02-26T02:55:53.131+0000] {processor.py:830} INFO - Processing file /opt/airflow/dags/pipeline.py for tasks to queue
[2026-02-26T02:55:53.133+0000] {logging_mixin.py:188} INFO - [2026-02-26T02:55:53.133+0000] {dagbag.py:538} INFO - Filling up the DagBag from /opt/airflow/dags/pipeline.py
[2026-02-26T02:55:55.114+0000] {processor.py:840} INFO - DAG(s) 'risk_analysis_v1' retrieved from /opt/airflow/dags/pipeline.py
[2026-02-26T02:55:55.154+0000] {logging_mixin.py:188} INFO - [2026-02-26T02:55:55.153+0000] {dag.py:3036} INFO - Sync 1 DAGs
[2026-02-26T02:55:55.172+0000] {logging_mixin.py:188} INFO - [2026-02-26T02:55:55.172+0000] {dag.py:3823} INFO - Setting next_dagrun for risk_analysis_v1 to None, run_after=None
[2026-02-26T02:55:55.207+0000] {processor.py:183} INFO - Processing /opt/airflow/dags/pipeline.py took 2.085 seconds
[2026-02-26T02:56:25.587+0000] {processor.py:161} INFO - Started process (PID=276) to work on /opt/airflow/dags/pipeline.py
[2026-02-26T02:56:25.589+0000] {processor.py:830} INFO - Processing file /opt/airflow/dags/pipeline.py for tasks to queue
[2026-02-26T02:56:25.591+0000] {logging_mixin.py:188} INFO - [2026-02-26T02:56:25.591+0000] {dagbag.py:538} INFO - Filling up the DagBag from /opt/airflow/dags/pipeline.py
[2026-02-26T02:56:27.261+0000] {processor.py:840} INFO - DAG(s) 'risk_analysis_v1' retrieved from /opt/airflow/dags/pipeline.py
[2026-02-26T02:56:27.303+0000] {logging_mixin.py:188} INFO - [2026-02-26T02:56:27.302+0000] {dag.py:3036} INFO - Sync 1 DAGs
[2026-02-26T02:56:27.321+0000] {logging_mixin.py:188} INFO - [2026-02-26T02:56:27.320+0000] {dag.py:3823} INFO - Setting next_dagrun for risk_analysis_v1 to None, run_after=None
[2026-02-26T02:56:27.351+0000] {processor.py:183} INFO - Processing /opt/airflow/dags/pipeline.py took 1.772 seconds
[2026-02-26T02:56:57.780+0000] {processor.py:161} INFO - Started process (PID=301) to work on /opt/airflow/dags/pipeline.py
[2026-02-26T02:56:57.782+0000] {processor.py:830} INFO - Processing file /opt/airflow/dags/pipeline.py for tasks to queue
[2026-02-26T02:56:57.787+0000] {logging_mixin.py:188} INFO - [2026-02-26T02:56:57.785+0000] {dagbag.py:538} INFO - Filling up the DagBag from /opt/airflow/dags/pipeline.py
[2026-02-26T02:56:59.451+0000] {processor.py:840} INFO - DAG(s) 'risk_analysis_v1' retrieved from /opt/airflow/dags/pipeline.py
[2026-02-26T02:56:59.492+0000] {logging_mixin.py:188} INFO - [2026-02-26T02:56:59.491+0000] {dag.py:3036} INFO - Sync 1 DAGs
[2026-02-26T02:56:59.507+0000] {logging_mixin.py:188} INFO - [2026-02-26T02:56:59.507+0000] {dag.py:3823} INFO - Setting next_dagrun for risk_analysis_v1 to None, run_after=None
[2026-02-26T02:56:59.541+0000] {processor.py:183} INFO - Processing /opt/airflow/dags/pipeline.py took 1.770 seconds
[2026-02-26T02:57:29.948+0000] {processor.py:161} INFO - Started process (PID=324) to work on /opt/airflow/dags/pipeline.py
[2026-02-26T02:57:29.950+0000] {processor.py:830} INFO - Processing file /opt/airflow/dags/pipeline.py for tasks to queue
[2026-02-26T02:57:29.953+0000] {logging_mixin.py:188} INFO - [2026-02-26T02:57:29.952+0000] {dagbag.py:538} INFO - Filling up the DagBag from /opt/airflow/dags/pipeline.py
[2026-02-26T02:57:31.533+0000] {processor.py:840} INFO - DAG(s) 'risk_analysis_v1' retrieved from /opt/airflow/dags/pipeline.py
[2026-02-26T02:57:31.573+0000] {logging_mixin.py:188} INFO - [2026-02-26T02:57:31.573+0000] {dag.py:3036} INFO - Sync 1 DAGs
[2026-02-26T02:57:31.591+0000] {logging_mixin.py:188} INFO - [2026-02-26T02:57:31.590+0000] {dag.py:3823} INFO - Setting next_dagrun for risk_analysis_v1 to None, run_after=None
[2026-02-26T02:57:31.624+0000] {processor.py:183} INFO - Processing /opt/airflow/dags/pipeline.py took 1.680 seconds
[2026-02-26T02:58:02.018+0000] {processor.py:161} INFO - Started process (PID=347) to work on /opt/airflow/dags/pipeline.py
[2026-02-26T02:58:02.025+0000] {processor.py:830} INFO - Processing file /opt/airflow/dags/pipeline.py for tasks to queue
[2026-02-26T02:58:02.030+0000] {logging_mixin.py:188} INFO - [2026-02-26T02:58:02.029+0000] {dagbag.py:538} INFO - Filling up the DagBag from /opt/airflow/dags/pipeline.py
[2026-02-26T02:58:03.620+0000] {processor.py:840} INFO - DAG(s) 'risk_analysis_v1' retrieved from /opt/airflow/dags/pipeline.py
[2026-02-26T02:58:03.657+0000] {logging_mixin.py:188} INFO - [2026-02-26T02:58:03.656+0000] {dag.py:3036} INFO - Sync 1 DAGs
[2026-02-26T02:58:03.673+0000] {logging_mixin.py:188} INFO - [2026-02-26T02:58:03.673+0000] {dag.py:3823} INFO - Setting next_dagrun for risk_analysis_v1 to None, run_after=None
[2026-02-26T02:58:03.702+0000] {processor.py:183} INFO - Processing /opt/airflow/dags/pipeline.py took 1.696 seconds
[2026-02-26T02:58:33.991+0000] {processor.py:161} INFO - Started process (PID=370) to work on /opt/airflow/dags/pipeline.py
[2026-02-26T02:58:33.993+0000] {processor.py:830} INFO - Processing file /opt/airflow/dags/pipeline.py for tasks to queue
[2026-02-26T02:58:33.997+0000] {logging_mixin.py:188} INFO - [2026-02-26T02:58:33.996+0000] {dagbag.py:538} INFO - Filling up the DagBag from /opt/airflow/dags/pipeline.py
[2026-02-26T02:58:35.761+0000] {processor.py:840} INFO - DAG(s) 'risk_analysis_v1' retrieved from /opt/airflow/dags/pipeline.py
[2026-02-26T02:58:35.798+0000] {logging_mixin.py:188} INFO - [2026-02-26T02:58:35.797+0000] {dag.py:3036} INFO - Sync 1 DAGs
[2026-02-26T02:58:35.814+0000] {logging_mixin.py:188} INFO - [2026-02-26T02:58:35.813+0000] {dag.py:3823} INFO - Setting next_dagrun for risk_analysis_v1 to None, run_after=None
[2026-02-26T02:58:35.846+0000] {processor.py:183} INFO - Processing /opt/airflow/dags/pipeline.py took 1.859 seconds
[2026-02-26T02:59:06.230+0000] {processor.py:161} INFO - Started process (PID=393) to work on /opt/airflow/dags/pipeline.py
[2026-02-26T02:59:06.232+0000] {processor.py:830} INFO - Processing file /opt/airflow/dags/pipeline.py for tasks to queue
[2026-02-26T02:59:06.236+0000] {logging_mixin.py:188} INFO - [2026-02-26T02:59:06.235+0000] {dagbag.py:538} INFO - Filling up the DagBag from /opt/airflow/dags/pipeline.py
[2026-02-26T02:59:07.830+0000] {processor.py:840} INFO - DAG(s) 'risk_analysis_v1' retrieved from /opt/airflow/dags/pipeline.py
[2026-02-26T02:59:07.872+0000] {logging_mixin.py:188} INFO - [2026-02-26T02:59:07.871+0000] {dag.py:3036} INFO - Sync 1 DAGs
[2026-02-26T02:59:07.893+0000] {logging_mixin.py:188} INFO - [2026-02-26T02:59:07.893+0000] {dag.py:3823} INFO - Setting next_dagrun for risk_analysis_v1 to None, run_after=None
[2026-02-26T02:59:07.936+0000] {processor.py:183} INFO - Processing /opt/airflow/dags/pipeline.py took 1.710 seconds
[2026-02-26T02:59:38.347+0000] {processor.py:161} INFO - Started process (PID=436) to work on /opt/airflow/dags/pipeline.py
[2026-02-26T02:59:38.350+0000] {processor.py:830} INFO - Processing file /opt/airflow/dags/pipeline.py for tasks to queue
[2026-02-26T02:59:38.353+0000] {logging_mixin.py:188} INFO - [2026-02-26T02:59:38.352+0000] {dagbag.py:538} INFO - Filling up the DagBag from /opt/airflow/dags/pipeline.py
[2026-02-26T02:59:39.935+0000] {processor.py:840} INFO - DAG(s) 'risk_analysis_v1' retrieved from /opt/airflow/dags/pipeline.py
[2026-02-26T02:59:39.973+0000] {logging_mixin.py:188} INFO - [2026-02-26T02:59:39.972+0000] {dag.py:3036} INFO - Sync 1 DAGs
[2026-02-26T02:59:39.992+0000] {logging_mixin.py:188} INFO - [2026-02-26T02:59:39.992+0000] {dag.py:3823} INFO - Setting next_dagrun for risk_analysis_v1 to None, run_after=None
[2026-02-26T02:59:40.061+0000] {processor.py:183} INFO - Processing /opt/airflow/dags/pipeline.py took 1.726 seconds
[2026-02-26T03:00:10.461+0000] {processor.py:161} INFO - Started process (PID=459) to work on /opt/airflow/dags/pipeline.py
[2026-02-26T03:00:10.464+0000] {processor.py:830} INFO - Processing file /opt/airflow/dags/pipeline.py for tasks to queue
[2026-02-26T03:00:10.467+0000] {logging_mixin.py:188} INFO - [2026-02-26T03:00:10.466+0000] {dagbag.py:538} INFO - Filling up the DagBag from /opt/airflow/dags/pipeline.py
[2026-02-26T03:00:12.037+0000] {processor.py:840} INFO - DAG(s) 'risk_analysis_v1' retrieved from /opt/airflow/dags/pipeline.py
[2026-02-26T03:00:12.073+0000] {logging_mixin.py:188} INFO - [2026-02-26T03:00:12.072+0000] {dag.py:3036} INFO - Sync 1 DAGs
[2026-02-26T03:00:12.090+0000] {logging_mixin.py:188} INFO - [2026-02-26T03:00:12.090+0000] {dag.py:3823} INFO - Setting next_dagrun for risk_analysis_v1 to None, run_after=None
[2026-02-26T03:00:12.122+0000] {processor.py:183} INFO - Processing /opt/airflow/dags/pipeline.py took 1.666 seconds
[2026-02-26T03:00:42.597+0000] {processor.py:161} INFO - Started process (PID=482) to work on /opt/airflow/dags/pipeline.py
[2026-02-26T03:00:42.598+0000] {processor.py:830} INFO - Processing file /opt/airflow/dags/pipeline.py for tasks to queue
[2026-02-26T03:00:42.602+0000] {logging_mixin.py:188} INFO - [2026-02-26T03:00:42.601+0000] {dagbag.py:538} INFO - Filling up the DagBag from /opt/airflow/dags/pipeline.py
[2026-02-26T03:00:44.184+0000] {processor.py:840} INFO - DAG(s) 'risk_analysis_v1' retrieved from /opt/airflow/dags/pipeline.py
[2026-02-26T03:00:44.227+0000] {logging_mixin.py:188} INFO - [2026-02-26T03:00:44.226+0000] {dag.py:3036} INFO - Sync 1 DAGs
[2026-02-26T03:00:44.244+0000] {logging_mixin.py:188} INFO - [2026-02-26T03:00:44.243+0000] {dag.py:3823} INFO - Setting next_dagrun for risk_analysis_v1 to None, run_after=None
[2026-02-26T03:00:44.269+0000] {processor.py:183} INFO - Processing /opt/airflow/dags/pipeline.py took 1.679 seconds
[2026-02-26T03:01:14.577+0000] {processor.py:161} INFO - Started process (PID=505) to work on /opt/airflow/dags/pipeline.py
[2026-02-26T03:01:14.581+0000] {processor.py:830} INFO - Processing file /opt/airflow/dags/pipeline.py for tasks to queue
[2026-02-26T03:01:14.584+0000] {logging_mixin.py:188} INFO - [2026-02-26T03:01:14.583+0000] {dagbag.py:538} INFO - Filling up the DagBag from /opt/airflow/dags/pipeline.py
[2026-02-26T03:01:16.238+0000] {processor.py:840} INFO - DAG(s) 'risk_analysis_v1' retrieved from /opt/airflow/dags/pipeline.py
[2026-02-26T03:01:16.282+0000] {logging_mixin.py:188} INFO - [2026-02-26T03:01:16.281+0000] {dag.py:3036} INFO - Sync 1 DAGs
[2026-02-26T03:01:16.300+0000] {logging_mixin.py:188} INFO - [2026-02-26T03:01:16.299+0000] {dag.py:3823} INFO - Setting next_dagrun for risk_analysis_v1 to None, run_after=None
[2026-02-26T03:01:16.331+0000] {processor.py:183} INFO - Processing /opt/airflow/dags/pipeline.py took 1.760 seconds
[2026-02-26T03:01:46.811+0000] {processor.py:161} INFO - Started process (PID=528) to work on /opt/airflow/dags/pipeline.py
[2026-02-26T03:01:46.813+0000] {processor.py:830} INFO - Processing file /opt/airflow/dags/pipeline.py for tasks to queue
[2026-02-26T03:01:46.814+0000] {logging_mixin.py:188} INFO - [2026-02-26T03:01:46.814+0000] {dagbag.py:538} INFO - Filling up the DagBag from /opt/airflow/dags/pipeline.py
[2026-02-26T03:01:48.461+0000] {processor.py:840} INFO - DAG(s) 'risk_analysis_v1' retrieved from /opt/airflow/dags/pipeline.py
[2026-02-26T03:01:48.507+0000] {logging_mixin.py:188} INFO - [2026-02-26T03:01:48.506+0000] {dag.py:3036} INFO - Sync 1 DAGs
[2026-02-26T03:01:48.529+0000] {logging_mixin.py:188} INFO - [2026-02-26T03:01:48.528+0000] {dag.py:3823} INFO - Setting next_dagrun for risk_analysis_v1 to None, run_after=None
[2026-02-26T03:01:48.563+0000] {processor.py:183} INFO - Processing /opt/airflow/dags/pipeline.py took 1.757 seconds
[2026-02-26T03:02:18.984+0000] {processor.py:161} INFO - Started process (PID=551) to work on /opt/airflow/dags/pipeline.py
[2026-02-26T03:02:18.986+0000] {processor.py:830} INFO - Processing file /opt/airflow/dags/pipeline.py for tasks to queue
[2026-02-26T03:02:18.990+0000] {logging_mixin.py:188} INFO - [2026-02-26T03:02:18.989+0000] {dagbag.py:538} INFO - Filling up the DagBag from /opt/airflow/dags/pipeline.py
[2026-02-26T03:02:20.669+0000] {processor.py:840} INFO - DAG(s) 'risk_analysis_v1' retrieved from /opt/airflow/dags/pipeline.py
[2026-02-26T03:02:20.716+0000] {logging_mixin.py:188} INFO - [2026-02-26T03:02:20.715+0000] {dag.py:3036} INFO - Sync 1 DAGs
[2026-02-26T03:02:20.744+0000] {logging_mixin.py:188} INFO - [2026-02-26T03:02:20.743+0000] {dag.py:3823} INFO - Setting next_dagrun for risk_analysis_v1 to None, run_after=None
[2026-02-26T03:02:20.820+0000] {processor.py:183} INFO - Processing /opt/airflow/dags/pipeline.py took 1.842 seconds
[2026-02-26T03:02:51.231+0000] {processor.py:161} INFO - Started process (PID=574) to work on /opt/airflow/dags/pipeline.py
[2026-02-26T03:02:51.233+0000] {processor.py:830} INFO - Processing file /opt/airflow/dags/pipeline.py for tasks to queue
[2026-02-26T03:02:51.237+0000] {logging_mixin.py:188} INFO - [2026-02-26T03:02:51.236+0000] {dagbag.py:538} INFO - Filling up the DagBag from /opt/airflow/dags/pipeline.py
[2026-02-26T03:02:52.959+0000] {processor.py:840} INFO - DAG(s) 'risk_analysis_v1' retrieved from /opt/airflow/dags/pipeline.py
[2026-02-26T03:02:53.008+0000] {logging_mixin.py:188} INFO - [2026-02-26T03:02:53.007+0000] {dag.py:3036} INFO - Sync 1 DAGs
[2026-02-26T03:02:53.026+0000] {logging_mixin.py:188} INFO - [2026-02-26T03:02:53.026+0000] {dag.py:3823} INFO - Setting next_dagrun for risk_analysis_v1 to None, run_after=None
[2026-02-26T03:02:53.057+0000] {processor.py:183} INFO - Processing /opt/airflow/dags/pipeline.py took 1.833 seconds
[2026-02-26T03:03:23.425+0000] {processor.py:161} INFO - Started process (PID=597) to work on /opt/airflow/dags/pipeline.py
[2026-02-26T03:03:23.426+0000] {processor.py:830} INFO - Processing file /opt/airflow/dags/pipeline.py for tasks to queue
[2026-02-26T03:03:23.428+0000] {logging_mixin.py:188} INFO - [2026-02-26T03:03:23.427+0000] {dagbag.py:538} INFO - Filling up the DagBag from /opt/airflow/dags/pipeline.py
[2026-02-26T03:03:25.226+0000] {processor.py:840} INFO - DAG(s) 'risk_analysis_v1' retrieved from /opt/airflow/dags/pipeline.py
[2026-02-26T03:03:25.269+0000] {logging_mixin.py:188} INFO - [2026-02-26T03:03:25.268+0000] {dag.py:3036} INFO - Sync 1 DAGs
[2026-02-26T03:03:25.290+0000] {logging_mixin.py:188} INFO - [2026-02-26T03:03:25.289+0000] {dag.py:3823} INFO - Setting next_dagrun for risk_analysis_v1 to None, run_after=None
[2026-02-26T03:03:25.359+0000] {processor.py:183} INFO - Processing /opt/airflow/dags/pipeline.py took 1.939 seconds
[2026-02-26T03:03:55.763+0000] {processor.py:161} INFO - Started process (PID=620) to work on /opt/airflow/dags/pipeline.py
[2026-02-26T03:03:55.765+0000] {processor.py:830} INFO - Processing file /opt/airflow/dags/pipeline.py for tasks to queue
[2026-02-26T03:03:55.768+0000] {logging_mixin.py:188} INFO - [2026-02-26T03:03:55.767+0000] {dagbag.py:538} INFO - Filling up the DagBag from /opt/airflow/dags/pipeline.py
[2026-02-26T03:03:57.536+0000] {processor.py:840} INFO - DAG(s) 'risk_analysis_v1' retrieved from /opt/airflow/dags/pipeline.py
[2026-02-26T03:03:57.573+0000] {logging_mixin.py:188} INFO - [2026-02-26T03:03:57.573+0000] {dag.py:3036} INFO - Sync 1 DAGs
[2026-02-26T03:03:57.589+0000] {logging_mixin.py:188} INFO - [2026-02-26T03:03:57.588+0000] {dag.py:3823} INFO - Setting next_dagrun for risk_analysis_v1 to None, run_after=None
[2026-02-26T03:03:57.658+0000] {processor.py:183} INFO - Processing /opt/airflow/dags/pipeline.py took 1.907 seconds
[2026-02-26T03:04:28.048+0000] {processor.py:161} INFO - Started process (PID=643) to work on /opt/airflow/dags/pipeline.py
[2026-02-26T03:04:28.051+0000] {processor.py:830} INFO - Processing file /opt/airflow/dags/pipeline.py for tasks to queue
[2026-02-26T03:04:28.053+0000] {logging_mixin.py:188} INFO - [2026-02-26T03:04:28.053+0000] {dagbag.py:538} INFO - Filling up the DagBag from /opt/airflow/dags/pipeline.py
[2026-02-26T03:04:29.770+0000] {processor.py:840} INFO - DAG(s) 'risk_analysis_v1' retrieved from /opt/airflow/dags/pipeline.py
[2026-02-26T03:04:29.807+0000] {logging_mixin.py:188} INFO - [2026-02-26T03:04:29.806+0000] {dag.py:3036} INFO - Sync 1 DAGs
[2026-02-26T03:04:29.824+0000] {logging_mixin.py:188} INFO - [2026-02-26T03:04:29.824+0000] {dag.py:3823} INFO - Setting next_dagrun for risk_analysis_v1 to None, run_after=None
[2026-02-26T03:04:29.897+0000] {processor.py:183} INFO - Processing /opt/airflow/dags/pipeline.py took 1.854 seconds
[2026-02-26T03:04:35.063+0000] {processor.py:161} INFO - Started process (PID=666) to work on /opt/airflow/dags/pipeline.py
[2026-02-26T03:04:35.065+0000] {processor.py:830} INFO - Processing file /opt/airflow/dags/pipeline.py for tasks to queue
[2026-02-26T03:04:35.067+0000] {logging_mixin.py:188} INFO - [2026-02-26T03:04:35.067+0000] {dagbag.py:538} INFO - Filling up the DagBag from /opt/airflow/dags/pipeline.py
[2026-02-26T03:04:36.898+0000] {processor.py:840} INFO - DAG(s) 'risk_analysis_v1' retrieved from /opt/airflow/dags/pipeline.py
[2026-02-26T03:04:36.957+0000] {logging_mixin.py:188} INFO - [2026-02-26T03:04:36.956+0000] {dag.py:3036} INFO - Sync 1 DAGs
[2026-02-26T03:04:36.981+0000] {logging_mixin.py:188} INFO - [2026-02-26T03:04:36.981+0000] {dag.py:3823} INFO - Setting next_dagrun for risk_analysis_v1 to None, run_after=None
[2026-02-26T03:04:37.057+0000] {processor.py:183} INFO - Processing /opt/airflow/dags/pipeline.py took 2.002 seconds
[2026-02-26T03:05:42.405+0000] {processor.py:161} INFO - Started process (PID=64) to work on /opt/airflow/dags/pipeline.py
[2026-02-26T03:05:42.407+0000] {processor.py:830} INFO - Processing file /opt/airflow/dags/pipeline.py for tasks to queue
[2026-02-26T03:05:42.409+0000] {logging_mixin.py:188} INFO - [2026-02-26T03:05:42.408+0000] {dagbag.py:538} INFO - Filling up the DagBag from /opt/airflow/dags/pipeline.py
[2026-02-26T03:05:45.449+0000] {processor.py:840} INFO - DAG(s) 'risk_analysis_v1' retrieved from /opt/airflow/dags/pipeline.py
[2026-02-26T03:05:45.749+0000] {logging_mixin.py:188} INFO - [2026-02-26T03:05:45.748+0000] {override.py:1769} INFO - Created Permission View: can delete on DAG:risk_analysis_v1
[2026-02-26T03:05:45.767+0000] {logging_mixin.py:188} INFO - [2026-02-26T03:05:45.765+0000] {override.py:1769} INFO - Created Permission View: can read on DAG:risk_analysis_v1
[2026-02-26T03:05:45.779+0000] {logging_mixin.py:188} INFO - [2026-02-26T03:05:45.778+0000] {override.py:1769} INFO - Created Permission View: can edit on DAG:risk_analysis_v1
[2026-02-26T03:05:45.781+0000] {logging_mixin.py:188} INFO - [2026-02-26T03:05:45.780+0000] {dag.py:3036} INFO - Sync 1 DAGs
[2026-02-26T03:05:45.801+0000] {logging_mixin.py:188} WARNING - /home/airflow/.local/lib/python3.8/site-packages/airflow/models/dag.py:3574 DeprecationWarning: The dag_concurrency option in [core] has been renamed to max_active_tasks_per_dag - the old setting has been used, but please update your config.
[2026-02-26T03:05:45.803+0000] {logging_mixin.py:188} INFO - [2026-02-26T03:05:45.802+0000] {dag.py:3058} INFO - Creating ORM DAG for risk_analysis_v1
[2026-02-26T03:05:45.805+0000] {logging_mixin.py:188} INFO - [2026-02-26T03:05:45.804+0000] {dag.py:3823} INFO - Setting next_dagrun for risk_analysis_v1 to None, run_after=None
[2026-02-26T03:05:45.837+0000] {processor.py:183} INFO - Processing /opt/airflow/dags/pipeline.py took 3.436 seconds
[2026-02-26T03:06:16.209+0000] {processor.py:161} INFO - Started process (PID=88) to work on /opt/airflow/dags/pipeline.py
[2026-02-26T03:06:16.210+0000] {processor.py:830} INFO - Processing file /opt/airflow/dags/pipeline.py for tasks to queue
[2026-02-26T03:06:16.212+0000] {logging_mixin.py:188} INFO - [2026-02-26T03:06:16.212+0000] {dagbag.py:538} INFO - Filling up the DagBag from /opt/airflow/dags/pipeline.py
[2026-02-26T03:06:17.774+0000] {processor.py:840} INFO - DAG(s) 'risk_analysis_v1' retrieved from /opt/airflow/dags/pipeline.py
[2026-02-26T03:06:17.813+0000] {logging_mixin.py:188} INFO - [2026-02-26T03:06:17.812+0000] {dag.py:3036} INFO - Sync 1 DAGs
[2026-02-26T03:06:17.829+0000] {logging_mixin.py:188} INFO - [2026-02-26T03:06:17.828+0000] {dag.py:3823} INFO - Setting next_dagrun for risk_analysis_v1 to None, run_after=None
[2026-02-26T03:06:17.861+0000] {processor.py:183} INFO - Processing /opt/airflow/dags/pipeline.py took 1.659 seconds
[2026-02-26T03:06:48.369+0000] {processor.py:161} INFO - Started process (PID=261) to work on /opt/airflow/dags/pipeline.py
[2026-02-26T03:06:48.371+0000] {processor.py:830} INFO - Processing file /opt/airflow/dags/pipeline.py for tasks to queue
[2026-02-26T03:06:48.373+0000] {logging_mixin.py:188} INFO - [2026-02-26T03:06:48.372+0000] {dagbag.py:538} INFO - Filling up the DagBag from /opt/airflow/dags/pipeline.py
[2026-02-26T03:06:50.168+0000] {processor.py:840} INFO - DAG(s) 'risk_analysis_v1' retrieved from /opt/airflow/dags/pipeline.py
[2026-02-26T03:06:50.252+0000] {logging_mixin.py:188} INFO - [2026-02-26T03:06:50.251+0000] {dag.py:3036} INFO - Sync 1 DAGs
[2026-02-26T03:06:50.289+0000] {logging_mixin.py:188} INFO - [2026-02-26T03:06:50.289+0000] {dag.py:3823} INFO - Setting next_dagrun for risk_analysis_v1 to None, run_after=None
[2026-02-26T03:06:50.326+0000] {processor.py:183} INFO - Processing /opt/airflow/dags/pipeline.py took 1.965 seconds
[2026-02-26T03:07:20.775+0000] {processor.py:161} INFO - Started process (PID=301) to work on /opt/airflow/dags/pipeline.py
[2026-02-26T03:07:20.776+0000] {processor.py:830} INFO - Processing file /opt/airflow/dags/pipeline.py for tasks to queue
[2026-02-26T03:07:20.778+0000] {logging_mixin.py:188} INFO - [2026-02-26T03:07:20.778+0000] {dagbag.py:538} INFO - Filling up the DagBag from /opt/airflow/dags/pipeline.py
[2026-02-26T03:07:22.409+0000] {processor.py:840} INFO - DAG(s) 'risk_analysis_v1' retrieved from /opt/airflow/dags/pipeline.py
[2026-02-26T03:07:22.464+0000] {logging_mixin.py:188} INFO - [2026-02-26T03:07:22.463+0000] {dag.py:3036} INFO - Sync 1 DAGs
[2026-02-26T03:07:22.488+0000] {logging_mixin.py:188} INFO - [2026-02-26T03:07:22.488+0000] {dag.py:3823} INFO - Setting next_dagrun for risk_analysis_v1 to None, run_after=None
[2026-02-26T03:07:22.532+0000] {processor.py:183} INFO - Processing /opt/airflow/dags/pipeline.py took 1.762 seconds
[2026-02-26T03:07:52.976+0000] {processor.py:161} INFO - Started process (PID=324) to work on /opt/airflow/dags/pipeline.py
[2026-02-26T03:07:52.978+0000] {processor.py:830} INFO - Processing file /opt/airflow/dags/pipeline.py for tasks to queue
[2026-02-26T03:07:52.980+0000] {logging_mixin.py:188} INFO - [2026-02-26T03:07:52.979+0000] {dagbag.py:538} INFO - Filling up the DagBag from /opt/airflow/dags/pipeline.py
[2026-02-26T03:07:54.537+0000] {processor.py:840} INFO - DAG(s) 'risk_analysis_v1' retrieved from /opt/airflow/dags/pipeline.py
[2026-02-26T03:07:54.581+0000] {logging_mixin.py:188} INFO - [2026-02-26T03:07:54.579+0000] {dag.py:3036} INFO - Sync 1 DAGs
[2026-02-26T03:07:54.603+0000] {logging_mixin.py:188} INFO - [2026-02-26T03:07:54.602+0000] {dag.py:3823} INFO - Setting next_dagrun for risk_analysis_v1 to None, run_after=None
[2026-02-26T03:07:54.641+0000] {processor.py:183} INFO - Processing /opt/airflow/dags/pipeline.py took 1.671 seconds
[2026-02-26T03:08:25.058+0000] {processor.py:161} INFO - Started process (PID=347) to work on /opt/airflow/dags/pipeline.py
[2026-02-26T03:08:25.061+0000] {processor.py:830} INFO - Processing file /opt/airflow/dags/pipeline.py for tasks to queue
[2026-02-26T03:08:25.067+0000] {logging_mixin.py:188} INFO - [2026-02-26T03:08:25.066+0000] {dagbag.py:538} INFO - Filling up the DagBag from /opt/airflow/dags/pipeline.py
[2026-02-26T03:08:26.659+0000] {processor.py:840} INFO - DAG(s) 'risk_analysis_v1' retrieved from /opt/airflow/dags/pipeline.py
[2026-02-26T03:08:26.715+0000] {logging_mixin.py:188} INFO - [2026-02-26T03:08:26.714+0000] {dag.py:3036} INFO - Sync 1 DAGs
[2026-02-26T03:08:26.737+0000] {logging_mixin.py:188} INFO - [2026-02-26T03:08:26.736+0000] {dag.py:3823} INFO - Setting next_dagrun for risk_analysis_v1 to None, run_after=None
[2026-02-26T03:08:26.805+0000] {processor.py:183} INFO - Processing /opt/airflow/dags/pipeline.py took 1.759 seconds
[2026-02-26T03:08:57.209+0000] {processor.py:161} INFO - Started process (PID=370) to work on /opt/airflow/dags/pipeline.py
[2026-02-26T03:08:57.210+0000] {processor.py:830} INFO - Processing file /opt/airflow/dags/pipeline.py for tasks to queue
[2026-02-26T03:08:57.213+0000] {logging_mixin.py:188} INFO - [2026-02-26T03:08:57.212+0000] {dagbag.py:538} INFO - Filling up the DagBag from /opt/airflow/dags/pipeline.py
[2026-02-26T03:08:58.754+0000] {processor.py:840} INFO - DAG(s) 'risk_analysis_v1' retrieved from /opt/airflow/dags/pipeline.py
[2026-02-26T03:08:58.790+0000] {logging_mixin.py:188} INFO - [2026-02-26T03:08:58.789+0000] {dag.py:3036} INFO - Sync 1 DAGs
[2026-02-26T03:08:58.806+0000] {logging_mixin.py:188} INFO - [2026-02-26T03:08:58.806+0000] {dag.py:3823} INFO - Setting next_dagrun for risk_analysis_v1 to None, run_after=None
[2026-02-26T03:08:58.868+0000] {processor.py:183} INFO - Processing /opt/airflow/dags/pipeline.py took 1.665 seconds
[2026-02-26T03:09:29.109+0000] {processor.py:161} INFO - Started process (PID=393) to work on /opt/airflow/dags/pipeline.py
[2026-02-26T03:09:29.111+0000] {processor.py:830} INFO - Processing file /opt/airflow/dags/pipeline.py for tasks to queue
[2026-02-26T03:09:29.114+0000] {logging_mixin.py:188} INFO - [2026-02-26T03:09:29.113+0000] {dagbag.py:538} INFO - Filling up the DagBag from /opt/airflow/dags/pipeline.py
[2026-02-26T03:09:30.624+0000] {processor.py:840} INFO - DAG(s) 'risk_analysis_v1' retrieved from /opt/airflow/dags/pipeline.py
[2026-02-26T03:09:30.672+0000] {logging_mixin.py:188} INFO - [2026-02-26T03:09:30.671+0000] {dag.py:3036} INFO - Sync 1 DAGs
[2026-02-26T03:09:30.697+0000] {logging_mixin.py:188} INFO - [2026-02-26T03:09:30.696+0000] {dag.py:3823} INFO - Setting next_dagrun for risk_analysis_v1 to None, run_after=None
[2026-02-26T03:09:30.768+0000] {processor.py:183} INFO - Processing /opt/airflow/dags/pipeline.py took 1.665 seconds
[2026-02-26T03:10:01.188+0000] {processor.py:161} INFO - Started process (PID=436) to work on /opt/airflow/dags/pipeline.py
[2026-02-26T03:10:01.190+0000] {processor.py:830} INFO - Processing file /opt/airflow/dags/pipeline.py for tasks to queue
[2026-02-26T03:10:01.193+0000] {logging_mixin.py:188} INFO - [2026-02-26T03:10:01.192+0000] {dagbag.py:538} INFO - Filling up the DagBag from /opt/airflow/dags/pipeline.py
[2026-02-26T03:10:03.068+0000] {processor.py:840} INFO - DAG(s) 'risk_analysis_v1' retrieved from /opt/airflow/dags/pipeline.py
[2026-02-26T03:10:03.107+0000] {logging_mixin.py:188} INFO - [2026-02-26T03:10:03.106+0000] {dag.py:3036} INFO - Sync 1 DAGs
[2026-02-26T03:10:03.135+0000] {logging_mixin.py:188} INFO - [2026-02-26T03:10:03.135+0000] {dag.py:3823} INFO - Setting next_dagrun for risk_analysis_v1 to None, run_after=None
[2026-02-26T03:10:03.200+0000] {processor.py:183} INFO - Processing /opt/airflow/dags/pipeline.py took 2.026 seconds
[2026-02-26T03:10:33.565+0000] {processor.py:161} INFO - Started process (PID=459) to work on /opt/airflow/dags/pipeline.py
[2026-02-26T03:10:33.573+0000] {processor.py:830} INFO - Processing file /opt/airflow/dags/pipeline.py for tasks to queue
[2026-02-26T03:10:33.576+0000] {logging_mixin.py:188} INFO - [2026-02-26T03:10:33.576+0000] {dagbag.py:538} INFO - Filling up the DagBag from /opt/airflow/dags/pipeline.py
[2026-02-26T03:10:35.103+0000] {processor.py:840} INFO - DAG(s) 'risk_analysis_v1' retrieved from /opt/airflow/dags/pipeline.py
[2026-02-26T03:10:35.152+0000] {logging_mixin.py:188} INFO - [2026-02-26T03:10:35.151+0000] {dag.py:3036} INFO - Sync 1 DAGs
[2026-02-26T03:10:35.187+0000] {logging_mixin.py:188} INFO - [2026-02-26T03:10:35.186+0000] {dag.py:3823} INFO - Setting next_dagrun for risk_analysis_v1 to None, run_after=None
[2026-02-26T03:10:35.216+0000] {processor.py:183} INFO - Processing /opt/airflow/dags/pipeline.py took 1.656 seconds
[2026-02-26T03:11:05.732+0000] {processor.py:161} INFO - Started process (PID=482) to work on /opt/airflow/dags/pipeline.py
[2026-02-26T03:11:05.735+0000] {processor.py:830} INFO - Processing file /opt/airflow/dags/pipeline.py for tasks to queue
[2026-02-26T03:11:05.738+0000] {logging_mixin.py:188} INFO - [2026-02-26T03:11:05.737+0000] {dagbag.py:538} INFO - Filling up the DagBag from /opt/airflow/dags/pipeline.py
[2026-02-26T03:11:07.443+0000] {processor.py:840} INFO - DAG(s) 'risk_analysis_v1' retrieved from /opt/airflow/dags/pipeline.py
[2026-02-26T03:11:07.493+0000] {logging_mixin.py:188} INFO - [2026-02-26T03:11:07.492+0000] {dag.py:3036} INFO - Sync 1 DAGs
[2026-02-26T03:11:07.515+0000] {logging_mixin.py:188} INFO - [2026-02-26T03:11:07.515+0000] {dag.py:3823} INFO - Setting next_dagrun for risk_analysis_v1 to None, run_after=None
[2026-02-26T03:11:07.590+0000] {processor.py:183} INFO - Processing /opt/airflow/dags/pipeline.py took 1.867 seconds
[2026-02-26T03:11:38.024+0000] {processor.py:161} INFO - Started process (PID=505) to work on /opt/airflow/dags/pipeline.py
[2026-02-26T03:11:38.026+0000] {processor.py:830} INFO - Processing file /opt/airflow/dags/pipeline.py for tasks to queue
[2026-02-26T03:11:38.029+0000] {logging_mixin.py:188} INFO - [2026-02-26T03:11:38.028+0000] {dagbag.py:538} INFO - Filling up the DagBag from /opt/airflow/dags/pipeline.py
[2026-02-26T03:11:39.560+0000] {processor.py:840} INFO - DAG(s) 'risk_analysis_v1' retrieved from /opt/airflow/dags/pipeline.py
[2026-02-26T03:11:39.597+0000] {logging_mixin.py:188} INFO - [2026-02-26T03:11:39.596+0000] {dag.py:3036} INFO - Sync 1 DAGs
[2026-02-26T03:11:39.616+0000] {logging_mixin.py:188} INFO - [2026-02-26T03:11:39.616+0000] {dag.py:3823} INFO - Setting next_dagrun for risk_analysis_v1 to None, run_after=None
[2026-02-26T03:11:39.651+0000] {processor.py:183} INFO - Processing /opt/airflow/dags/pipeline.py took 1.634 seconds
[2026-02-26T03:12:10.078+0000] {processor.py:161} INFO - Started process (PID=528) to work on /opt/airflow/dags/pipeline.py
[2026-02-26T03:12:10.080+0000] {processor.py:830} INFO - Processing file /opt/airflow/dags/pipeline.py for tasks to queue
[2026-02-26T03:12:10.082+0000] {logging_mixin.py:188} INFO - [2026-02-26T03:12:10.082+0000] {dagbag.py:538} INFO - Filling up the DagBag from /opt/airflow/dags/pipeline.py
[2026-02-26T03:12:11.684+0000] {processor.py:840} INFO - DAG(s) 'risk_analysis_v1' retrieved from /opt/airflow/dags/pipeline.py
[2026-02-26T03:12:11.724+0000] {logging_mixin.py:188} INFO - [2026-02-26T03:12:11.723+0000] {dag.py:3036} INFO - Sync 1 DAGs
[2026-02-26T03:12:11.743+0000] {logging_mixin.py:188} INFO - [2026-02-26T03:12:11.742+0000] {dag.py:3823} INFO - Setting next_dagrun for risk_analysis_v1 to None, run_after=None
[2026-02-26T03:12:11.776+0000] {processor.py:183} INFO - Processing /opt/airflow/dags/pipeline.py took 1.707 seconds
[2026-02-26T03:12:41.892+0000] {processor.py:161} INFO - Started process (PID=551) to work on /opt/airflow/dags/pipeline.py
[2026-02-26T03:12:41.894+0000] {processor.py:830} INFO - Processing file /opt/airflow/dags/pipeline.py for tasks to queue
[2026-02-26T03:12:41.897+0000] {logging_mixin.py:188} INFO - [2026-02-26T03:12:41.896+0000] {dagbag.py:538} INFO - Filling up the DagBag from /opt/airflow/dags/pipeline.py
[2026-02-26T03:12:43.337+0000] {processor.py:840} INFO - DAG(s) 'risk_analysis_v1' retrieved from /opt/airflow/dags/pipeline.py
[2026-02-26T03:12:43.381+0000] {logging_mixin.py:188} INFO - [2026-02-26T03:12:43.380+0000] {dag.py:3036} INFO - Sync 1 DAGs
[2026-02-26T03:12:43.399+0000] {logging_mixin.py:188} INFO - [2026-02-26T03:12:43.398+0000] {dag.py:3823} INFO - Setting next_dagrun for risk_analysis_v1 to None, run_after=None
[2026-02-26T03:12:43.462+0000] {processor.py:183} INFO - Processing /opt/airflow/dags/pipeline.py took 1.578 seconds
[2026-02-26T03:13:13.860+0000] {processor.py:161} INFO - Started process (PID=574) to work on /opt/airflow/dags/pipeline.py
[2026-02-26T03:13:13.862+0000] {processor.py:830} INFO - Processing file /opt/airflow/dags/pipeline.py for tasks to queue
[2026-02-26T03:13:13.864+0000] {logging_mixin.py:188} INFO - [2026-02-26T03:13:13.863+0000] {dagbag.py:538} INFO - Filling up the DagBag from /opt/airflow/dags/pipeline.py
[2026-02-26T03:13:15.374+0000] {processor.py:840} INFO - DAG(s) 'risk_analysis_v1' retrieved from /opt/airflow/dags/pipeline.py
[2026-02-26T03:13:15.413+0000] {logging_mixin.py:188} INFO - [2026-02-26T03:13:15.412+0000] {dag.py:3036} INFO - Sync 1 DAGs
[2026-02-26T03:13:15.429+0000] {logging_mixin.py:188} INFO - [2026-02-26T03:13:15.428+0000] {dag.py:3823} INFO - Setting next_dagrun for risk_analysis_v1 to None, run_after=None
[2026-02-26T03:13:15.481+0000] {processor.py:183} INFO - Processing /opt/airflow/dags/pipeline.py took 1.627 seconds
[2026-02-26T03:13:45.855+0000] {processor.py:161} INFO - Started process (PID=597) to work on /opt/airflow/dags/pipeline.py
[2026-02-26T03:13:45.856+0000] {processor.py:830} INFO - Processing file /opt/airflow/dags/pipeline.py for tasks to queue
[2026-02-26T03:13:45.859+0000] {logging_mixin.py:188} INFO - [2026-02-26T03:13:45.858+0000] {dagbag.py:538} INFO - Filling up the DagBag from /opt/airflow/dags/pipeline.py
[2026-02-26T03:13:47.329+0000] {processor.py:840} INFO - DAG(s) 'risk_analysis_v1' retrieved from /opt/airflow/dags/pipeline.py
[2026-02-26T03:13:47.367+0000] {logging_mixin.py:188} INFO - [2026-02-26T03:13:47.366+0000] {dag.py:3036} INFO - Sync 1 DAGs
[2026-02-26T03:13:47.385+0000] {logging_mixin.py:188} INFO - [2026-02-26T03:13:47.384+0000] {dag.py:3823} INFO - Setting next_dagrun for risk_analysis_v1 to None, run_after=None
[2026-02-26T03:13:47.413+0000] {processor.py:183} INFO - Processing /opt/airflow/dags/pipeline.py took 1.563 seconds
[2026-02-26T03:14:17.837+0000] {processor.py:161} INFO - Started process (PID=620) to work on /opt/airflow/dags/pipeline.py
[2026-02-26T03:14:17.840+0000] {processor.py:830} INFO - Processing file /opt/airflow/dags/pipeline.py for tasks to queue
[2026-02-26T03:14:17.842+0000] {logging_mixin.py:188} INFO - [2026-02-26T03:14:17.842+0000] {dagbag.py:538} INFO - Filling up the DagBag from /opt/airflow/dags/pipeline.py
[2026-02-26T03:14:19.473+0000] {processor.py:840} INFO - DAG(s) 'risk_analysis_v1' retrieved from /opt/airflow/dags/pipeline.py
[2026-02-26T03:14:19.513+0000] {logging_mixin.py:188} INFO - [2026-02-26T03:14:19.512+0000] {dag.py:3036} INFO - Sync 1 DAGs
[2026-02-26T03:14:19.532+0000] {logging_mixin.py:188} INFO - [2026-02-26T03:14:19.531+0000] {dag.py:3823} INFO - Setting next_dagrun for risk_analysis_v1 to None, run_after=None
[2026-02-26T03:14:19.591+0000] {processor.py:183} INFO - Processing /opt/airflow/dags/pipeline.py took 1.766 seconds
[2026-02-26T03:14:49.986+0000] {processor.py:161} INFO - Started process (PID=643) to work on /opt/airflow/dags/pipeline.py
[2026-02-26T03:14:49.987+0000] {processor.py:830} INFO - Processing file /opt/airflow/dags/pipeline.py for tasks to queue
[2026-02-26T03:14:49.990+0000] {logging_mixin.py:188} INFO - [2026-02-26T03:14:49.989+0000] {dagbag.py:538} INFO - Filling up the DagBag from /opt/airflow/dags/pipeline.py
[2026-02-26T03:14:51.546+0000] {processor.py:840} INFO - DAG(s) 'risk_analysis_v1' retrieved from /opt/airflow/dags/pipeline.py
[2026-02-26T03:14:51.585+0000] {logging_mixin.py:188} INFO - [2026-02-26T03:14:51.584+0000] {dag.py:3036} INFO - Sync 1 DAGs
[2026-02-26T03:14:51.603+0000] {logging_mixin.py:188} INFO - [2026-02-26T03:14:51.602+0000] {dag.py:3823} INFO - Setting next_dagrun for risk_analysis_v1 to None, run_after=None
[2026-02-26T03:14:51.666+0000] {processor.py:183} INFO - Processing /opt/airflow/dags/pipeline.py took 1.687 seconds
[2026-02-26T03:15:21.878+0000] {processor.py:161} INFO - Started process (PID=666) to work on /opt/airflow/dags/pipeline.py
[2026-02-26T03:15:21.880+0000] {processor.py:830} INFO - Processing file /opt/airflow/dags/pipeline.py for tasks to queue
[2026-02-26T03:15:21.882+0000] {logging_mixin.py:188} INFO - [2026-02-26T03:15:21.881+0000] {dagbag.py:538} INFO - Filling up the DagBag from /opt/airflow/dags/pipeline.py
[2026-02-26T03:15:23.435+0000] {processor.py:840} INFO - DAG(s) 'risk_analysis_v1' retrieved from /opt/airflow/dags/pipeline.py
[2026-02-26T03:15:23.471+0000] {logging_mixin.py:188} INFO - [2026-02-26T03:15:23.470+0000] {dag.py:3036} INFO - Sync 1 DAGs
[2026-02-26T03:15:23.487+0000] {logging_mixin.py:188} INFO - [2026-02-26T03:15:23.486+0000] {dag.py:3823} INFO - Setting next_dagrun for risk_analysis_v1 to None, run_after=None
[2026-02-26T03:15:23.523+0000] {processor.py:183} INFO - Processing /opt/airflow/dags/pipeline.py took 1.652 seconds
[2026-02-26T03:15:54.002+0000] {processor.py:161} INFO - Started process (PID=689) to work on /opt/airflow/dags/pipeline.py
[2026-02-26T03:15:54.004+0000] {processor.py:830} INFO - Processing file /opt/airflow/dags/pipeline.py for tasks to queue
[2026-02-26T03:15:54.005+0000] {logging_mixin.py:188} INFO - [2026-02-26T03:15:54.005+0000] {dagbag.py:538} INFO - Filling up the DagBag from /opt/airflow/dags/pipeline.py
[2026-02-26T03:15:55.529+0000] {processor.py:840} INFO - DAG(s) 'risk_analysis_v1' retrieved from /opt/airflow/dags/pipeline.py
[2026-02-26T03:15:55.566+0000] {logging_mixin.py:188} INFO - [2026-02-26T03:15:55.565+0000] {dag.py:3036} INFO - Sync 1 DAGs
[2026-02-26T03:15:55.582+0000] {logging_mixin.py:188} INFO - [2026-02-26T03:15:55.581+0000] {dag.py:3823} INFO - Setting next_dagrun for risk_analysis_v1 to None, run_after=None
[2026-02-26T03:15:55.642+0000] {processor.py:183} INFO - Processing /opt/airflow/dags/pipeline.py took 1.646 seconds
[2026-02-26T03:16:26.025+0000] {processor.py:161} INFO - Started process (PID=712) to work on /opt/airflow/dags/pipeline.py
[2026-02-26T03:16:26.027+0000] {processor.py:830} INFO - Processing file /opt/airflow/dags/pipeline.py for tasks to queue
[2026-02-26T03:16:26.029+0000] {logging_mixin.py:188} INFO - [2026-02-26T03:16:26.028+0000] {dagbag.py:538} INFO - Filling up the DagBag from /opt/airflow/dags/pipeline.py
[2026-02-26T03:16:27.523+0000] {processor.py:840} INFO - DAG(s) 'risk_analysis_v1' retrieved from /opt/airflow/dags/pipeline.py
[2026-02-26T03:16:27.561+0000] {logging_mixin.py:188} INFO - [2026-02-26T03:16:27.560+0000] {dag.py:3036} INFO - Sync 1 DAGs
[2026-02-26T03:16:27.578+0000] {logging_mixin.py:188} INFO - [2026-02-26T03:16:27.577+0000] {dag.py:3823} INFO - Setting next_dagrun for risk_analysis_v1 to None, run_after=None
[2026-02-26T03:16:27.646+0000] {processor.py:183} INFO - Processing /opt/airflow/dags/pipeline.py took 1.629 seconds
[2026-02-26T03:16:58.080+0000] {processor.py:161} INFO - Started process (PID=735) to work on /opt/airflow/dags/pipeline.py
[2026-02-26T03:16:58.081+0000] {processor.py:830} INFO - Processing file /opt/airflow/dags/pipeline.py for tasks to queue
[2026-02-26T03:16:58.083+0000] {logging_mixin.py:188} INFO - [2026-02-26T03:16:58.082+0000] {dagbag.py:538} INFO - Filling up the DagBag from /opt/airflow/dags/pipeline.py
[2026-02-26T03:16:59.791+0000] {processor.py:840} INFO - DAG(s) 'risk_analysis_v1' retrieved from /opt/airflow/dags/pipeline.py
[2026-02-26T03:16:59.827+0000] {logging_mixin.py:188} INFO - [2026-02-26T03:16:59.826+0000] {dag.py:3036} INFO - Sync 1 DAGs
[2026-02-26T03:16:59.844+0000] {logging_mixin.py:188} INFO - [2026-02-26T03:16:59.843+0000] {dag.py:3823} INFO - Setting next_dagrun for risk_analysis_v1 to None, run_after=None
[2026-02-26T03:16:59.910+0000] {processor.py:183} INFO - Processing /opt/airflow/dags/pipeline.py took 1.835 seconds
[2026-02-26T03:17:30.300+0000] {processor.py:161} INFO - Started process (PID=758) to work on /opt/airflow/dags/pipeline.py
[2026-02-26T03:17:30.301+0000] {processor.py:830} INFO - Processing file /opt/airflow/dags/pipeline.py for tasks to queue
[2026-02-26T03:17:30.303+0000] {logging_mixin.py:188} INFO - [2026-02-26T03:17:30.302+0000] {dagbag.py:538} INFO - Filling up the DagBag from /opt/airflow/dags/pipeline.py
[2026-02-26T03:17:32.012+0000] {processor.py:840} INFO - DAG(s) 'risk_analysis_v1' retrieved from /opt/airflow/dags/pipeline.py
[2026-02-26T03:17:32.052+0000] {logging_mixin.py:188} INFO - [2026-02-26T03:17:32.051+0000] {dag.py:3036} INFO - Sync 1 DAGs
[2026-02-26T03:17:32.072+0000] {logging_mixin.py:188} INFO - [2026-02-26T03:17:32.072+0000] {dag.py:3823} INFO - Setting next_dagrun for risk_analysis_v1 to None, run_after=None
[2026-02-26T03:17:32.118+0000] {processor.py:183} INFO - Processing /opt/airflow/dags/pipeline.py took 1.824 seconds
[2026-02-26T03:18:02.531+0000] {processor.py:161} INFO - Started process (PID=781) to work on /opt/airflow/dags/pipeline.py
[2026-02-26T03:18:02.533+0000] {processor.py:830} INFO - Processing file /opt/airflow/dags/pipeline.py for tasks to queue
[2026-02-26T03:18:02.535+0000] {logging_mixin.py:188} INFO - [2026-02-26T03:18:02.534+0000] {dagbag.py:538} INFO - Filling up the DagBag from /opt/airflow/dags/pipeline.py
[2026-02-26T03:18:04.259+0000] {processor.py:840} INFO - DAG(s) 'risk_analysis_v1' retrieved from /opt/airflow/dags/pipeline.py
[2026-02-26T03:18:04.312+0000] {logging_mixin.py:188} INFO - [2026-02-26T03:18:04.311+0000] {dag.py:3036} INFO - Sync 1 DAGs
[2026-02-26T03:18:04.340+0000] {logging_mixin.py:188} INFO - [2026-02-26T03:18:04.340+0000] {dag.py:3823} INFO - Setting next_dagrun for risk_analysis_v1 to None, run_after=None
[2026-02-26T03:18:04.386+0000] {processor.py:183} INFO - Processing /opt/airflow/dags/pipeline.py took 1.862 seconds
[2026-02-26T03:18:34.801+0000] {processor.py:161} INFO - Started process (PID=804) to work on /opt/airflow/dags/pipeline.py
[2026-02-26T03:18:34.818+0000] {processor.py:830} INFO - Processing file /opt/airflow/dags/pipeline.py for tasks to queue
[2026-02-26T03:18:34.820+0000] {logging_mixin.py:188} INFO - [2026-02-26T03:18:34.820+0000] {dagbag.py:538} INFO - Filling up the DagBag from /opt/airflow/dags/pipeline.py
[2026-02-26T03:18:36.558+0000] {processor.py:840} INFO - DAG(s) 'risk_analysis_v1' retrieved from /opt/airflow/dags/pipeline.py
[2026-02-26T03:18:36.594+0000] {logging_mixin.py:188} INFO - [2026-02-26T03:18:36.593+0000] {dag.py:3036} INFO - Sync 1 DAGs
[2026-02-26T03:18:36.614+0000] {logging_mixin.py:188} INFO - [2026-02-26T03:18:36.613+0000] {dag.py:3823} INFO - Setting next_dagrun for risk_analysis_v1 to None, run_after=None
[2026-02-26T03:18:36.666+0000] {processor.py:183} INFO - Processing /opt/airflow/dags/pipeline.py took 1.874 seconds
[2026-02-26T03:18:45.092+0000] {processor.py:161} INFO - Started process (PID=827) to work on /opt/airflow/dags/pipeline.py
[2026-02-26T03:18:45.094+0000] {processor.py:830} INFO - Processing file /opt/airflow/dags/pipeline.py for tasks to queue
[2026-02-26T03:18:45.095+0000] {logging_mixin.py:188} INFO - [2026-02-26T03:18:45.095+0000] {dagbag.py:538} INFO - Filling up the DagBag from /opt/airflow/dags/pipeline.py
[2026-02-26T03:18:46.947+0000] {processor.py:840} INFO - DAG(s) 'risk_analysis_v1' retrieved from /opt/airflow/dags/pipeline.py
[2026-02-26T03:18:46.996+0000] {logging_mixin.py:188} INFO - [2026-02-26T03:18:46.994+0000] {dag.py:3036} INFO - Sync 1 DAGs
[2026-02-26T03:18:47.020+0000] {logging_mixin.py:188} INFO - [2026-02-26T03:18:47.020+0000] {dag.py:3823} INFO - Setting next_dagrun for risk_analysis_v1 to None, run_after=None
[2026-02-26T03:18:47.113+0000] {processor.py:183} INFO - Processing /opt/airflow/dags/pipeline.py took 2.026 seconds
[2026-02-26T03:19:56.101+0000] {processor.py:161} INFO - Started process (PID=64) to work on /opt/airflow/dags/pipeline.py
[2026-02-26T03:19:56.102+0000] {processor.py:830} INFO - Processing file /opt/airflow/dags/pipeline.py for tasks to queue
[2026-02-26T03:19:56.104+0000] {logging_mixin.py:188} INFO - [2026-02-26T03:19:56.104+0000] {dagbag.py:538} INFO - Filling up the DagBag from /opt/airflow/dags/pipeline.py
[2026-02-26T03:19:59.705+0000] {processor.py:840} INFO - DAG(s) 'risk_analysis_v1' retrieved from /opt/airflow/dags/pipeline.py
[2026-02-26T03:20:00.091+0000] {logging_mixin.py:188} INFO - [2026-02-26T03:20:00.089+0000] {override.py:1769} INFO - Created Permission View: can read on DAG:risk_analysis_v1
[2026-02-26T03:20:00.112+0000] {logging_mixin.py:188} INFO - [2026-02-26T03:20:00.111+0000] {override.py:1769} INFO - Created Permission View: can delete on DAG:risk_analysis_v1
[2026-02-26T03:20:00.123+0000] {logging_mixin.py:188} INFO - [2026-02-26T03:20:00.122+0000] {override.py:1769} INFO - Created Permission View: can edit on DAG:risk_analysis_v1
[2026-02-26T03:20:00.125+0000] {logging_mixin.py:188} INFO - [2026-02-26T03:20:00.124+0000] {dag.py:3036} INFO - Sync 1 DAGs
[2026-02-26T03:20:00.146+0000] {logging_mixin.py:188} WARNING - /home/airflow/.local/lib/python3.8/site-packages/airflow/models/dag.py:3574 DeprecationWarning: The dag_concurrency option in [core] has been renamed to max_active_tasks_per_dag - the old setting has been used, but please update your config.
[2026-02-26T03:20:00.148+0000] {logging_mixin.py:188} INFO - [2026-02-26T03:20:00.147+0000] {dag.py:3058} INFO - Creating ORM DAG for risk_analysis_v1
[2026-02-26T03:20:00.149+0000] {logging_mixin.py:188} INFO - [2026-02-26T03:20:00.149+0000] {dag.py:3823} INFO - Setting next_dagrun for risk_analysis_v1 to None, run_after=None
[2026-02-26T03:20:00.182+0000] {processor.py:183} INFO - Processing /opt/airflow/dags/pipeline.py took 4.089 seconds
[2026-02-26T03:20:30.555+0000] {processor.py:161} INFO - Started process (PID=88) to work on /opt/airflow/dags/pipeline.py
[2026-02-26T03:20:30.557+0000] {processor.py:830} INFO - Processing file /opt/airflow/dags/pipeline.py for tasks to queue
[2026-02-26T03:20:30.559+0000] {logging_mixin.py:188} INFO - [2026-02-26T03:20:30.559+0000] {dagbag.py:538} INFO - Filling up the DagBag from /opt/airflow/dags/pipeline.py
[2026-02-26T03:20:32.340+0000] {processor.py:840} INFO - DAG(s) 'risk_analysis_v1' retrieved from /opt/airflow/dags/pipeline.py
[2026-02-26T03:20:32.390+0000] {logging_mixin.py:188} INFO - [2026-02-26T03:20:32.389+0000] {dag.py:3036} INFO - Sync 1 DAGs
[2026-02-26T03:20:32.415+0000] {logging_mixin.py:188} INFO - [2026-02-26T03:20:32.414+0000] {dag.py:3823} INFO - Setting next_dagrun for risk_analysis_v1 to None, run_after=None
[2026-02-26T03:20:32.443+0000] {processor.py:183} INFO - Processing /opt/airflow/dags/pipeline.py took 1.899 seconds
[2026-02-26T03:21:02.860+0000] {processor.py:161} INFO - Started process (PID=184) to work on /opt/airflow/dags/pipeline.py
[2026-02-26T03:21:02.863+0000] {processor.py:830} INFO - Processing file /opt/airflow/dags/pipeline.py for tasks to queue
[2026-02-26T03:21:02.865+0000] {logging_mixin.py:188} INFO - [2026-02-26T03:21:02.865+0000] {dagbag.py:538} INFO - Filling up the DagBag from /opt/airflow/dags/pipeline.py
[2026-02-26T03:21:04.493+0000] {processor.py:840} INFO - DAG(s) 'risk_analysis_v1' retrieved from /opt/airflow/dags/pipeline.py
[2026-02-26T03:21:04.530+0000] {logging_mixin.py:188} INFO - [2026-02-26T03:21:04.529+0000] {dag.py:3036} INFO - Sync 1 DAGs
[2026-02-26T03:21:04.549+0000] {logging_mixin.py:188} INFO - [2026-02-26T03:21:04.549+0000] {dag.py:3823} INFO - Setting next_dagrun for risk_analysis_v1 to None, run_after=None
[2026-02-26T03:21:04.578+0000] {processor.py:183} INFO - Processing /opt/airflow/dags/pipeline.py took 1.723 seconds
[2026-02-26T03:21:34.993+0000] {processor.py:161} INFO - Started process (PID=299) to work on /opt/airflow/dags/pipeline.py
[2026-02-26T03:21:34.995+0000] {processor.py:830} INFO - Processing file /opt/airflow/dags/pipeline.py for tasks to queue
[2026-02-26T03:21:34.998+0000] {logging_mixin.py:188} INFO - [2026-02-26T03:21:34.997+0000] {dagbag.py:538} INFO - Filling up the DagBag from /opt/airflow/dags/pipeline.py
[2026-02-26T03:21:36.576+0000] {processor.py:840} INFO - DAG(s) 'risk_analysis_v1' retrieved from /opt/airflow/dags/pipeline.py
[2026-02-26T03:21:36.615+0000] {logging_mixin.py:188} INFO - [2026-02-26T03:21:36.615+0000] {dag.py:3036} INFO - Sync 1 DAGs
[2026-02-26T03:21:36.632+0000] {logging_mixin.py:188} INFO - [2026-02-26T03:21:36.632+0000] {dag.py:3823} INFO - Setting next_dagrun for risk_analysis_v1 to None, run_after=None
[2026-02-26T03:21:36.659+0000] {processor.py:183} INFO - Processing /opt/airflow/dags/pipeline.py took 1.672 seconds
[2026-02-26T03:22:07.066+0000] {processor.py:161} INFO - Started process (PID=324) to work on /opt/airflow/dags/pipeline.py
[2026-02-26T03:22:07.068+0000] {processor.py:830} INFO - Processing file /opt/airflow/dags/pipeline.py for tasks to queue
[2026-02-26T03:22:07.070+0000] {logging_mixin.py:188} INFO - [2026-02-26T03:22:07.069+0000] {dagbag.py:538} INFO - Filling up the DagBag from /opt/airflow/dags/pipeline.py
[2026-02-26T03:22:08.824+0000] {processor.py:840} INFO - DAG(s) 'risk_analysis_v1' retrieved from /opt/airflow/dags/pipeline.py
[2026-02-26T03:22:08.867+0000] {logging_mixin.py:188} INFO - [2026-02-26T03:22:08.866+0000] {dag.py:3036} INFO - Sync 1 DAGs
[2026-02-26T03:22:08.886+0000] {logging_mixin.py:188} INFO - [2026-02-26T03:22:08.885+0000] {dag.py:3823} INFO - Setting next_dagrun for risk_analysis_v1 to None, run_after=None
[2026-02-26T03:22:08.921+0000] {processor.py:183} INFO - Processing /opt/airflow/dags/pipeline.py took 1.865 seconds
[2026-02-26T03:22:39.301+0000] {processor.py:161} INFO - Started process (PID=347) to work on /opt/airflow/dags/pipeline.py
[2026-02-26T03:22:39.302+0000] {processor.py:830} INFO - Processing file /opt/airflow/dags/pipeline.py for tasks to queue
[2026-02-26T03:22:39.304+0000] {logging_mixin.py:188} INFO - [2026-02-26T03:22:39.303+0000] {dagbag.py:538} INFO - Filling up the DagBag from /opt/airflow/dags/pipeline.py
[2026-02-26T03:22:41.212+0000] {processor.py:840} INFO - DAG(s) 'risk_analysis_v1' retrieved from /opt/airflow/dags/pipeline.py
[2026-02-26T03:22:41.256+0000] {logging_mixin.py:188} INFO - [2026-02-26T03:22:41.254+0000] {dag.py:3036} INFO - Sync 1 DAGs
[2026-02-26T03:22:41.273+0000] {logging_mixin.py:188} INFO - [2026-02-26T03:22:41.272+0000] {dag.py:3823} INFO - Setting next_dagrun for risk_analysis_v1 to None, run_after=None
[2026-02-26T03:22:41.304+0000] {processor.py:183} INFO - Processing /opt/airflow/dags/pipeline.py took 2.008 seconds
[2026-02-26T03:23:11.678+0000] {processor.py:161} INFO - Started process (PID=370) to work on /opt/airflow/dags/pipeline.py
[2026-02-26T03:23:11.681+0000] {processor.py:830} INFO - Processing file /opt/airflow/dags/pipeline.py for tasks to queue
[2026-02-26T03:23:11.683+0000] {logging_mixin.py:188} INFO - [2026-02-26T03:23:11.683+0000] {dagbag.py:538} INFO - Filling up the DagBag from /opt/airflow/dags/pipeline.py
[2026-02-26T03:23:13.452+0000] {processor.py:840} INFO - DAG(s) 'risk_analysis_v1' retrieved from /opt/airflow/dags/pipeline.py
[2026-02-26T03:23:13.491+0000] {logging_mixin.py:188} INFO - [2026-02-26T03:23:13.490+0000] {dag.py:3036} INFO - Sync 1 DAGs
[2026-02-26T03:23:13.514+0000] {logging_mixin.py:188} INFO - [2026-02-26T03:23:13.513+0000] {dag.py:3823} INFO - Setting next_dagrun for risk_analysis_v1 to None, run_after=None
[2026-02-26T03:23:13.543+0000] {processor.py:183} INFO - Processing /opt/airflow/dags/pipeline.py took 1.870 seconds
[2026-02-26T03:23:43.924+0000] {processor.py:161} INFO - Started process (PID=393) to work on /opt/airflow/dags/pipeline.py
[2026-02-26T03:23:43.927+0000] {processor.py:830} INFO - Processing file /opt/airflow/dags/pipeline.py for tasks to queue
[2026-02-26T03:23:43.929+0000] {logging_mixin.py:188} INFO - [2026-02-26T03:23:43.928+0000] {dagbag.py:538} INFO - Filling up the DagBag from /opt/airflow/dags/pipeline.py
[2026-02-26T03:23:45.521+0000] {processor.py:840} INFO - DAG(s) 'risk_analysis_v1' retrieved from /opt/airflow/dags/pipeline.py
[2026-02-26T03:23:45.559+0000] {logging_mixin.py:188} INFO - [2026-02-26T03:23:45.558+0000] {dag.py:3036} INFO - Sync 1 DAGs
[2026-02-26T03:23:45.578+0000] {logging_mixin.py:188} INFO - [2026-02-26T03:23:45.578+0000] {dag.py:3823} INFO - Setting next_dagrun for risk_analysis_v1 to None, run_after=None
[2026-02-26T03:23:45.640+0000] {processor.py:183} INFO - Processing /opt/airflow/dags/pipeline.py took 1.724 seconds
[2026-02-26T03:24:16.081+0000] {processor.py:161} INFO - Started process (PID=416) to work on /opt/airflow/dags/pipeline.py
[2026-02-26T03:24:16.083+0000] {processor.py:830} INFO - Processing file /opt/airflow/dags/pipeline.py for tasks to queue
[2026-02-26T03:24:16.085+0000] {logging_mixin.py:188} INFO - [2026-02-26T03:24:16.084+0000] {dagbag.py:538} INFO - Filling up the DagBag from /opt/airflow/dags/pipeline.py
[2026-02-26T03:24:17.713+0000] {processor.py:840} INFO - DAG(s) 'risk_analysis_v1' retrieved from /opt/airflow/dags/pipeline.py
[2026-02-26T03:24:17.799+0000] {logging_mixin.py:188} INFO - [2026-02-26T03:24:17.798+0000] {dag.py:3036} INFO - Sync 1 DAGs
[2026-02-26T03:24:17.819+0000] {logging_mixin.py:188} INFO - [2026-02-26T03:24:17.819+0000] {dag.py:3823} INFO - Setting next_dagrun for risk_analysis_v1 to None, run_after=None
[2026-02-26T03:24:17.856+0000] {processor.py:183} INFO - Processing /opt/airflow/dags/pipeline.py took 1.779 seconds
[2026-02-26T03:24:48.233+0000] {processor.py:161} INFO - Started process (PID=439) to work on /opt/airflow/dags/pipeline.py
[2026-02-26T03:24:48.235+0000] {processor.py:830} INFO - Processing file /opt/airflow/dags/pipeline.py for tasks to queue
[2026-02-26T03:24:48.237+0000] {logging_mixin.py:188} INFO - [2026-02-26T03:24:48.237+0000] {dagbag.py:538} INFO - Filling up the DagBag from /opt/airflow/dags/pipeline.py
[2026-02-26T03:24:49.982+0000] {processor.py:840} INFO - DAG(s) 'risk_analysis_v1' retrieved from /opt/airflow/dags/pipeline.py
[2026-02-26T03:24:50.020+0000] {logging_mixin.py:188} INFO - [2026-02-26T03:24:50.019+0000] {dag.py:3036} INFO - Sync 1 DAGs
[2026-02-26T03:24:50.041+0000] {logging_mixin.py:188} INFO - [2026-02-26T03:24:50.041+0000] {dag.py:3823} INFO - Setting next_dagrun for risk_analysis_v1 to None, run_after=None
[2026-02-26T03:24:50.073+0000] {processor.py:183} INFO - Processing /opt/airflow/dags/pipeline.py took 1.844 seconds
[2026-02-26T03:25:20.531+0000] {processor.py:161} INFO - Started process (PID=462) to work on /opt/airflow/dags/pipeline.py
[2026-02-26T03:25:20.533+0000] {processor.py:830} INFO - Processing file /opt/airflow/dags/pipeline.py for tasks to queue
[2026-02-26T03:25:20.535+0000] {logging_mixin.py:188} INFO - [2026-02-26T03:25:20.535+0000] {dagbag.py:538} INFO - Filling up the DagBag from /opt/airflow/dags/pipeline.py
[2026-02-26T03:25:22.250+0000] {processor.py:840} INFO - DAG(s) 'risk_analysis_v1' retrieved from /opt/airflow/dags/pipeline.py
[2026-02-26T03:25:22.300+0000] {logging_mixin.py:188} INFO - [2026-02-26T03:25:22.299+0000] {dag.py:3036} INFO - Sync 1 DAGs
[2026-02-26T03:25:22.328+0000] {logging_mixin.py:188} INFO - [2026-02-26T03:25:22.327+0000] {dag.py:3823} INFO - Setting next_dagrun for risk_analysis_v1 to None, run_after=None
[2026-02-26T03:25:22.366+0000] {processor.py:183} INFO - Processing /opt/airflow/dags/pipeline.py took 1.841 seconds
[2026-02-26T03:25:52.768+0000] {processor.py:161} INFO - Started process (PID=485) to work on /opt/airflow/dags/pipeline.py
[2026-02-26T03:25:52.769+0000] {processor.py:830} INFO - Processing file /opt/airflow/dags/pipeline.py for tasks to queue
[2026-02-26T03:25:52.771+0000] {logging_mixin.py:188} INFO - [2026-02-26T03:25:52.771+0000] {dagbag.py:538} INFO - Filling up the DagBag from /opt/airflow/dags/pipeline.py
[2026-02-26T03:25:54.499+0000] {processor.py:840} INFO - DAG(s) 'risk_analysis_v1' retrieved from /opt/airflow/dags/pipeline.py
[2026-02-26T03:25:54.538+0000] {logging_mixin.py:188} INFO - [2026-02-26T03:25:54.537+0000] {dag.py:3036} INFO - Sync 1 DAGs
[2026-02-26T03:25:54.556+0000] {logging_mixin.py:188} INFO - [2026-02-26T03:25:54.555+0000] {dag.py:3823} INFO - Setting next_dagrun for risk_analysis_v1 to None, run_after=None
[2026-02-26T03:25:54.586+0000] {processor.py:183} INFO - Processing /opt/airflow/dags/pipeline.py took 1.825 seconds
[2026-02-26T03:26:09.913+0000] {processor.py:161} INFO - Started process (PID=508) to work on /opt/airflow/dags/pipeline.py
[2026-02-26T03:26:09.916+0000] {processor.py:830} INFO - Processing file /opt/airflow/dags/pipeline.py for tasks to queue
[2026-02-26T03:26:09.919+0000] {logging_mixin.py:188} INFO - [2026-02-26T03:26:09.919+0000] {dagbag.py:538} INFO - Filling up the DagBag from /opt/airflow/dags/pipeline.py
[2026-02-26T03:26:11.826+0000] {processor.py:840} INFO - DAG(s) 'risk_analysis_v1' retrieved from /opt/airflow/dags/pipeline.py
[2026-02-26T03:26:12.021+0000] {logging_mixin.py:188} INFO - [2026-02-26T03:26:12.020+0000] {dag.py:3036} INFO - Sync 1 DAGs
[2026-02-26T03:26:12.039+0000] {logging_mixin.py:188} INFO - [2026-02-26T03:26:12.039+0000] {dag.py:3823} INFO - Setting next_dagrun for risk_analysis_v1 to None, run_after=None
[2026-02-26T03:26:12.094+0000] {processor.py:183} INFO - Processing /opt/airflow/dags/pipeline.py took 2.185 seconds
[2026-02-26T03:26:42.227+0000] {processor.py:161} INFO - Started process (PID=551) to work on /opt/airflow/dags/pipeline.py
[2026-02-26T03:26:42.230+0000] {processor.py:830} INFO - Processing file /opt/airflow/dags/pipeline.py for tasks to queue
[2026-02-26T03:26:42.233+0000] {logging_mixin.py:188} INFO - [2026-02-26T03:26:42.232+0000] {dagbag.py:538} INFO - Filling up the DagBag from /opt/airflow/dags/pipeline.py
[2026-02-26T03:26:43.972+0000] {processor.py:840} INFO - DAG(s) 'risk_analysis_v1' retrieved from /opt/airflow/dags/pipeline.py
[2026-02-26T03:26:44.014+0000] {logging_mixin.py:188} INFO - [2026-02-26T03:26:44.013+0000] {dag.py:3036} INFO - Sync 1 DAGs
[2026-02-26T03:26:44.037+0000] {logging_mixin.py:188} INFO - [2026-02-26T03:26:44.036+0000] {dag.py:3823} INFO - Setting next_dagrun for risk_analysis_v1 to None, run_after=None
[2026-02-26T03:26:44.099+0000] {processor.py:183} INFO - Processing /opt/airflow/dags/pipeline.py took 1.878 seconds
[2026-02-26T03:27:14.497+0000] {processor.py:161} INFO - Started process (PID=579) to work on /opt/airflow/dags/pipeline.py
[2026-02-26T03:27:14.501+0000] {processor.py:830} INFO - Processing file /opt/airflow/dags/pipeline.py for tasks to queue
[2026-02-26T03:27:14.503+0000] {logging_mixin.py:188} INFO - [2026-02-26T03:27:14.502+0000] {dagbag.py:538} INFO - Filling up the DagBag from /opt/airflow/dags/pipeline.py
[2026-02-26T03:27:16.087+0000] {processor.py:840} INFO - DAG(s) 'risk_analysis_v1' retrieved from /opt/airflow/dags/pipeline.py
[2026-02-26T03:27:16.128+0000] {logging_mixin.py:188} INFO - [2026-02-26T03:27:16.128+0000] {dag.py:3036} INFO - Sync 1 DAGs
[2026-02-26T03:27:16.148+0000] {logging_mixin.py:188} INFO - [2026-02-26T03:27:16.147+0000] {dag.py:3823} INFO - Setting next_dagrun for risk_analysis_v1 to None, run_after=None
[2026-02-26T03:27:16.215+0000] {processor.py:183} INFO - Processing /opt/airflow/dags/pipeline.py took 1.726 seconds
[2026-02-26T03:27:46.610+0000] {processor.py:161} INFO - Started process (PID=602) to work on /opt/airflow/dags/pipeline.py
[2026-02-26T03:27:46.612+0000] {processor.py:830} INFO - Processing file /opt/airflow/dags/pipeline.py for tasks to queue
[2026-02-26T03:27:46.614+0000] {logging_mixin.py:188} INFO - [2026-02-26T03:27:46.614+0000] {dagbag.py:538} INFO - Filling up the DagBag from /opt/airflow/dags/pipeline.py
[2026-02-26T03:27:48.199+0000] {processor.py:840} INFO - DAG(s) 'risk_analysis_v1' retrieved from /opt/airflow/dags/pipeline.py
[2026-02-26T03:27:48.241+0000] {logging_mixin.py:188} INFO - [2026-02-26T03:27:48.240+0000] {dag.py:3036} INFO - Sync 1 DAGs
[2026-02-26T03:27:48.276+0000] {logging_mixin.py:188} INFO - [2026-02-26T03:27:48.276+0000] {dag.py:3823} INFO - Setting next_dagrun for risk_analysis_v1 to None, run_after=None
[2026-02-26T03:27:48.310+0000] {processor.py:183} INFO - Processing /opt/airflow/dags/pipeline.py took 1.704 seconds
[2026-02-26T03:29:20.612+0000] {processor.py:161} INFO - Started process (PID=64) to work on /opt/airflow/dags/pipeline.py
[2026-02-26T03:29:20.614+0000] {processor.py:830} INFO - Processing file /opt/airflow/dags/pipeline.py for tasks to queue
[2026-02-26T03:29:20.615+0000] {logging_mixin.py:188} INFO - [2026-02-26T03:29:20.615+0000] {dagbag.py:538} INFO - Filling up the DagBag from /opt/airflow/dags/pipeline.py
[2026-02-26T03:29:23.844+0000] {processor.py:840} INFO - DAG(s) 'risk_analysis_v1' retrieved from /opt/airflow/dags/pipeline.py
[2026-02-26T03:29:24.127+0000] {logging_mixin.py:188} INFO - [2026-02-26T03:29:24.126+0000] {override.py:1769} INFO - Created Permission View: can edit on DAG:risk_analysis_v1
[2026-02-26T03:29:24.141+0000] {logging_mixin.py:188} INFO - [2026-02-26T03:29:24.141+0000] {override.py:1769} INFO - Created Permission View: can read on DAG:risk_analysis_v1
[2026-02-26T03:29:24.152+0000] {logging_mixin.py:188} INFO - [2026-02-26T03:29:24.151+0000] {override.py:1769} INFO - Created Permission View: can delete on DAG:risk_analysis_v1
[2026-02-26T03:29:24.153+0000] {logging_mixin.py:188} INFO - [2026-02-26T03:29:24.152+0000] {dag.py:3036} INFO - Sync 1 DAGs
[2026-02-26T03:29:24.173+0000] {logging_mixin.py:188} WARNING - /home/airflow/.local/lib/python3.8/site-packages/airflow/models/dag.py:3574 DeprecationWarning: The dag_concurrency option in [core] has been renamed to max_active_tasks_per_dag - the old setting has been used, but please update your config.
[2026-02-26T03:29:24.175+0000] {logging_mixin.py:188} INFO - [2026-02-26T03:29:24.174+0000] {dag.py:3058} INFO - Creating ORM DAG for risk_analysis_v1
[2026-02-26T03:29:24.177+0000] {logging_mixin.py:188} INFO - [2026-02-26T03:29:24.177+0000] {dag.py:3823} INFO - Setting next_dagrun for risk_analysis_v1 to None, run_after=None
[2026-02-26T03:29:24.204+0000] {processor.py:183} INFO - Processing /opt/airflow/dags/pipeline.py took 3.596 seconds
[2026-02-26T03:29:54.596+0000] {processor.py:161} INFO - Started process (PID=88) to work on /opt/airflow/dags/pipeline.py
[2026-02-26T03:29:54.597+0000] {processor.py:830} INFO - Processing file /opt/airflow/dags/pipeline.py for tasks to queue
[2026-02-26T03:29:54.599+0000] {logging_mixin.py:188} INFO - [2026-02-26T03:29:54.599+0000] {dagbag.py:538} INFO - Filling up the DagBag from /opt/airflow/dags/pipeline.py
[2026-02-26T03:29:56.229+0000] {processor.py:840} INFO - DAG(s) 'risk_analysis_v1' retrieved from /opt/airflow/dags/pipeline.py
[2026-02-26T03:29:56.267+0000] {logging_mixin.py:188} INFO - [2026-02-26T03:29:56.266+0000] {dag.py:3036} INFO - Sync 1 DAGs
[2026-02-26T03:29:56.287+0000] {logging_mixin.py:188} INFO - [2026-02-26T03:29:56.287+0000] {dag.py:3823} INFO - Setting next_dagrun for risk_analysis_v1 to None, run_after=None
[2026-02-26T03:29:56.356+0000] {processor.py:183} INFO - Processing /opt/airflow/dags/pipeline.py took 1.766 seconds
[2026-02-26T03:30:26.734+0000] {processor.py:161} INFO - Started process (PID=111) to work on /opt/airflow/dags/pipeline.py
[2026-02-26T03:30:26.736+0000] {processor.py:830} INFO - Processing file /opt/airflow/dags/pipeline.py for tasks to queue
[2026-02-26T03:30:26.738+0000] {logging_mixin.py:188} INFO - [2026-02-26T03:30:26.737+0000] {dagbag.py:538} INFO - Filling up the DagBag from /opt/airflow/dags/pipeline.py
[2026-02-26T03:30:28.338+0000] {processor.py:840} INFO - DAG(s) 'risk_analysis_v1' retrieved from /opt/airflow/dags/pipeline.py
[2026-02-26T03:30:28.377+0000] {logging_mixin.py:188} INFO - [2026-02-26T03:30:28.376+0000] {dag.py:3036} INFO - Sync 1 DAGs
[2026-02-26T03:30:28.396+0000] {logging_mixin.py:188} INFO - [2026-02-26T03:30:28.396+0000] {dag.py:3823} INFO - Setting next_dagrun for risk_analysis_v1 to None, run_after=None
[2026-02-26T03:30:28.457+0000] {processor.py:183} INFO - Processing /opt/airflow/dags/pipeline.py took 1.727 seconds
[2026-02-26T03:30:58.723+0000] {processor.py:161} INFO - Started process (PID=134) to work on /opt/airflow/dags/pipeline.py
[2026-02-26T03:30:58.731+0000] {processor.py:830} INFO - Processing file /opt/airflow/dags/pipeline.py for tasks to queue
[2026-02-26T03:30:58.736+0000] {logging_mixin.py:188} INFO - [2026-02-26T03:30:58.735+0000] {dagbag.py:538} INFO - Filling up the DagBag from /opt/airflow/dags/pipeline.py
[2026-02-26T03:31:00.647+0000] {processor.py:840} INFO - DAG(s) 'risk_analysis_v1' retrieved from /opt/airflow/dags/pipeline.py
[2026-02-26T03:31:00.670+0000] {logging_mixin.py:188} INFO - [2026-02-26T03:31:00.669+0000] {dag.py:3036} INFO - Sync 1 DAGs
[2026-02-26T03:31:00.693+0000] {logging_mixin.py:188} INFO - [2026-02-26T03:31:00.692+0000] {dag.py:3823} INFO - Setting next_dagrun for risk_analysis_v1 to None, run_after=None
[2026-02-26T03:31:00.736+0000] {processor.py:183} INFO - Processing /opt/airflow/dags/pipeline.py took 2.021 seconds
[2026-02-26T03:31:31.140+0000] {processor.py:161} INFO - Started process (PID=157) to work on /opt/airflow/dags/pipeline.py
[2026-02-26T03:31:31.143+0000] {processor.py:830} INFO - Processing file /opt/airflow/dags/pipeline.py for tasks to queue
[2026-02-26T03:31:31.145+0000] {logging_mixin.py:188} INFO - [2026-02-26T03:31:31.144+0000] {dagbag.py:538} INFO - Filling up the DagBag from /opt/airflow/dags/pipeline.py
[2026-02-26T03:31:32.635+0000] {processor.py:840} INFO - DAG(s) 'risk_analysis_v1' retrieved from /opt/airflow/dags/pipeline.py
[2026-02-26T03:31:32.800+0000] {logging_mixin.py:188} INFO - [2026-02-26T03:31:32.798+0000] {dag.py:3036} INFO - Sync 1 DAGs
[2026-02-26T03:31:32.819+0000] {logging_mixin.py:188} INFO - [2026-02-26T03:31:32.818+0000] {dag.py:3823} INFO - Setting next_dagrun for risk_analysis_v1 to None, run_after=None
[2026-02-26T03:31:32.893+0000] {processor.py:183} INFO - Processing /opt/airflow/dags/pipeline.py took 1.757 seconds
[2026-02-26T03:32:03.307+0000] {processor.py:161} INFO - Started process (PID=180) to work on /opt/airflow/dags/pipeline.py
[2026-02-26T03:32:03.310+0000] {processor.py:830} INFO - Processing file /opt/airflow/dags/pipeline.py for tasks to queue
[2026-02-26T03:32:03.314+0000] {logging_mixin.py:188} INFO - [2026-02-26T03:32:03.313+0000] {dagbag.py:538} INFO - Filling up the DagBag from /opt/airflow/dags/pipeline.py
[2026-02-26T03:32:05.032+0000] {processor.py:840} INFO - DAG(s) 'risk_analysis_v1' retrieved from /opt/airflow/dags/pipeline.py
[2026-02-26T03:32:05.073+0000] {logging_mixin.py:188} INFO - [2026-02-26T03:32:05.072+0000] {dag.py:3036} INFO - Sync 1 DAGs
[2026-02-26T03:32:05.090+0000] {logging_mixin.py:188} INFO - [2026-02-26T03:32:05.089+0000] {dag.py:3823} INFO - Setting next_dagrun for risk_analysis_v1 to None, run_after=None
[2026-02-26T03:32:05.126+0000] {processor.py:183} INFO - Processing /opt/airflow/dags/pipeline.py took 1.824 seconds
[2026-02-26T03:32:30.836+0000] {processor.py:161} INFO - Started process (PID=203) to work on /opt/airflow/dags/pipeline.py
[2026-02-26T03:32:30.837+0000] {processor.py:830} INFO - Processing file /opt/airflow/dags/pipeline.py for tasks to queue
[2026-02-26T03:32:30.840+0000] {logging_mixin.py:188} INFO - [2026-02-26T03:32:30.839+0000] {dagbag.py:538} INFO - Filling up the DagBag from /opt/airflow/dags/pipeline.py
[2026-02-26T03:32:32.637+0000] {processor.py:840} INFO - DAG(s) 'risk_analysis_v1' retrieved from /opt/airflow/dags/pipeline.py
[2026-02-26T03:32:32.842+0000] {logging_mixin.py:188} INFO - [2026-02-26T03:32:32.841+0000] {dag.py:3036} INFO - Sync 1 DAGs
[2026-02-26T03:32:32.860+0000] {logging_mixin.py:188} INFO - [2026-02-26T03:32:32.859+0000] {dag.py:3823} INFO - Setting next_dagrun for risk_analysis_v1 to None, run_after=None
[2026-02-26T03:32:32.927+0000] {processor.py:183} INFO - Processing /opt/airflow/dags/pipeline.py took 2.098 seconds
[2026-02-26T03:33:50.969+0000] {processor.py:161} INFO - Started process (PID=65) to work on /opt/airflow/dags/pipeline.py
[2026-02-26T03:33:50.971+0000] {processor.py:830} INFO - Processing file /opt/airflow/dags/pipeline.py for tasks to queue
[2026-02-26T03:33:50.972+0000] {logging_mixin.py:188} INFO - [2026-02-26T03:33:50.972+0000] {dagbag.py:538} INFO - Filling up the DagBag from /opt/airflow/dags/pipeline.py
[2026-02-26T03:33:54.289+0000] {processor.py:840} INFO - DAG(s) 'risk_analysis_v1' retrieved from /opt/airflow/dags/pipeline.py
[2026-02-26T03:33:54.563+0000] {logging_mixin.py:188} INFO - [2026-02-26T03:33:54.563+0000] {override.py:1769} INFO - Created Permission View: can read on DAG:risk_analysis_v1
[2026-02-26T03:33:54.578+0000] {logging_mixin.py:188} INFO - [2026-02-26T03:33:54.577+0000] {override.py:1769} INFO - Created Permission View: can delete on DAG:risk_analysis_v1
[2026-02-26T03:33:54.588+0000] {logging_mixin.py:188} INFO - [2026-02-26T03:33:54.588+0000] {override.py:1769} INFO - Created Permission View: can edit on DAG:risk_analysis_v1
[2026-02-26T03:33:54.590+0000] {logging_mixin.py:188} INFO - [2026-02-26T03:33:54.589+0000] {dag.py:3036} INFO - Sync 1 DAGs
[2026-02-26T03:33:54.607+0000] {logging_mixin.py:188} WARNING - /home/airflow/.local/lib/python3.8/site-packages/airflow/models/dag.py:3574 DeprecationWarning: The dag_concurrency option in [core] has been renamed to max_active_tasks_per_dag - the old setting has been used, but please update your config.
[2026-02-26T03:33:54.609+0000] {logging_mixin.py:188} INFO - [2026-02-26T03:33:54.609+0000] {dag.py:3058} INFO - Creating ORM DAG for risk_analysis_v1
[2026-02-26T03:33:54.611+0000] {logging_mixin.py:188} INFO - [2026-02-26T03:33:54.611+0000] {dag.py:3823} INFO - Setting next_dagrun for risk_analysis_v1 to None, run_after=None
[2026-02-26T03:33:54.654+0000] {processor.py:183} INFO - Processing /opt/airflow/dags/pipeline.py took 3.689 seconds
[2026-02-26T03:34:25.056+0000] {processor.py:161} INFO - Started process (PID=88) to work on /opt/airflow/dags/pipeline.py
[2026-02-26T03:34:25.058+0000] {processor.py:830} INFO - Processing file /opt/airflow/dags/pipeline.py for tasks to queue
[2026-02-26T03:34:25.060+0000] {logging_mixin.py:188} INFO - [2026-02-26T03:34:25.059+0000] {dagbag.py:538} INFO - Filling up the DagBag from /opt/airflow/dags/pipeline.py
[2026-02-26T03:34:26.644+0000] {processor.py:840} INFO - DAG(s) 'risk_analysis_v1' retrieved from /opt/airflow/dags/pipeline.py
[2026-02-26T03:34:26.681+0000] {logging_mixin.py:188} INFO - [2026-02-26T03:34:26.680+0000] {dag.py:3036} INFO - Sync 1 DAGs
[2026-02-26T03:34:26.697+0000] {logging_mixin.py:188} INFO - [2026-02-26T03:34:26.697+0000] {dag.py:3823} INFO - Setting next_dagrun for risk_analysis_v1 to None, run_after=None
[2026-02-26T03:34:26.762+0000] {processor.py:183} INFO - Processing /opt/airflow/dags/pipeline.py took 1.715 seconds
[2026-02-26T03:34:57.114+0000] {processor.py:161} INFO - Started process (PID=243) to work on /opt/airflow/dags/pipeline.py
[2026-02-26T03:34:57.116+0000] {processor.py:830} INFO - Processing file /opt/airflow/dags/pipeline.py for tasks to queue
[2026-02-26T03:34:57.118+0000] {logging_mixin.py:188} INFO - [2026-02-26T03:34:57.118+0000] {dagbag.py:538} INFO - Filling up the DagBag from /opt/airflow/dags/pipeline.py
[2026-02-26T03:34:59.006+0000] {processor.py:840} INFO - DAG(s) 'risk_analysis_v1' retrieved from /opt/airflow/dags/pipeline.py
[2026-02-26T03:34:59.042+0000] {logging_mixin.py:188} INFO - [2026-02-26T03:34:59.041+0000] {dag.py:3036} INFO - Sync 1 DAGs
[2026-02-26T03:34:59.061+0000] {logging_mixin.py:188} INFO - [2026-02-26T03:34:59.061+0000] {dag.py:3823} INFO - Setting next_dagrun for risk_analysis_v1 to None, run_after=None
[2026-02-26T03:34:59.087+0000] {processor.py:183} INFO - Processing /opt/airflow/dags/pipeline.py took 1.981 seconds
[2026-02-26T03:35:29.483+0000] {processor.py:161} INFO - Started process (PID=299) to work on /opt/airflow/dags/pipeline.py
[2026-02-26T03:35:29.484+0000] {processor.py:830} INFO - Processing file /opt/airflow/dags/pipeline.py for tasks to queue
[2026-02-26T03:35:29.486+0000] {logging_mixin.py:188} INFO - [2026-02-26T03:35:29.486+0000] {dagbag.py:538} INFO - Filling up the DagBag from /opt/airflow/dags/pipeline.py
[2026-02-26T03:35:31.082+0000] {processor.py:840} INFO - DAG(s) 'risk_analysis_v1' retrieved from /opt/airflow/dags/pipeline.py
[2026-02-26T03:35:31.126+0000] {logging_mixin.py:188} INFO - [2026-02-26T03:35:31.125+0000] {dag.py:3036} INFO - Sync 1 DAGs
[2026-02-26T03:35:31.145+0000] {logging_mixin.py:188} INFO - [2026-02-26T03:35:31.144+0000] {dag.py:3823} INFO - Setting next_dagrun for risk_analysis_v1 to None, run_after=None
[2026-02-26T03:35:31.202+0000] {processor.py:183} INFO - Processing /opt/airflow/dags/pipeline.py took 1.725 seconds
[2026-02-26T03:36:01.639+0000] {processor.py:161} INFO - Started process (PID=324) to work on /opt/airflow/dags/pipeline.py
[2026-02-26T03:36:01.642+0000] {processor.py:830} INFO - Processing file /opt/airflow/dags/pipeline.py for tasks to queue
[2026-02-26T03:36:01.645+0000] {logging_mixin.py:188} INFO - [2026-02-26T03:36:01.644+0000] {dagbag.py:538} INFO - Filling up the DagBag from /opt/airflow/dags/pipeline.py
[2026-02-26T03:36:03.202+0000] {processor.py:840} INFO - DAG(s) 'risk_analysis_v1' retrieved from /opt/airflow/dags/pipeline.py
[2026-02-26T03:36:03.239+0000] {logging_mixin.py:188} INFO - [2026-02-26T03:36:03.238+0000] {dag.py:3036} INFO - Sync 1 DAGs
[2026-02-26T03:36:03.262+0000] {logging_mixin.py:188} INFO - [2026-02-26T03:36:03.261+0000] {dag.py:3823} INFO - Setting next_dagrun for risk_analysis_v1 to None, run_after=None
[2026-02-26T03:36:03.289+0000] {processor.py:183} INFO - Processing /opt/airflow/dags/pipeline.py took 1.658 seconds
[2026-02-26T03:36:33.687+0000] {processor.py:161} INFO - Started process (PID=347) to work on /opt/airflow/dags/pipeline.py
[2026-02-26T03:36:33.688+0000] {processor.py:830} INFO - Processing file /opt/airflow/dags/pipeline.py for tasks to queue
[2026-02-26T03:36:33.690+0000] {logging_mixin.py:188} INFO - [2026-02-26T03:36:33.689+0000] {dagbag.py:538} INFO - Filling up the DagBag from /opt/airflow/dags/pipeline.py
[2026-02-26T03:36:35.215+0000] {processor.py:840} INFO - DAG(s) 'risk_analysis_v1' retrieved from /opt/airflow/dags/pipeline.py
[2026-02-26T03:36:35.255+0000] {logging_mixin.py:188} INFO - [2026-02-26T03:36:35.254+0000] {dag.py:3036} INFO - Sync 1 DAGs
[2026-02-26T03:36:35.272+0000] {logging_mixin.py:188} INFO - [2026-02-26T03:36:35.271+0000] {dag.py:3823} INFO - Setting next_dagrun for risk_analysis_v1 to None, run_after=None
[2026-02-26T03:36:35.337+0000] {processor.py:183} INFO - Processing /opt/airflow/dags/pipeline.py took 1.656 seconds
[2026-02-26T03:37:05.455+0000] {processor.py:161} INFO - Started process (PID=370) to work on /opt/airflow/dags/pipeline.py
[2026-02-26T03:37:05.458+0000] {processor.py:830} INFO - Processing file /opt/airflow/dags/pipeline.py for tasks to queue
[2026-02-26T03:37:05.461+0000] {logging_mixin.py:188} INFO - [2026-02-26T03:37:05.460+0000] {dagbag.py:538} INFO - Filling up the DagBag from /opt/airflow/dags/pipeline.py
[2026-02-26T03:37:06.961+0000] {processor.py:840} INFO - DAG(s) 'risk_analysis_v1' retrieved from /opt/airflow/dags/pipeline.py
[2026-02-26T03:37:06.995+0000] {logging_mixin.py:188} INFO - [2026-02-26T03:37:06.994+0000] {dag.py:3036} INFO - Sync 1 DAGs
[2026-02-26T03:37:07.009+0000] {logging_mixin.py:188} INFO - [2026-02-26T03:37:07.009+0000] {dag.py:3823} INFO - Setting next_dagrun for risk_analysis_v1 to None, run_after=None
[2026-02-26T03:37:07.071+0000] {processor.py:183} INFO - Processing /opt/airflow/dags/pipeline.py took 1.623 seconds
[2026-02-26T03:37:37.534+0000] {processor.py:161} INFO - Started process (PID=393) to work on /opt/airflow/dags/pipeline.py
[2026-02-26T03:37:37.536+0000] {processor.py:830} INFO - Processing file /opt/airflow/dags/pipeline.py for tasks to queue
[2026-02-26T03:37:37.540+0000] {logging_mixin.py:188} INFO - [2026-02-26T03:37:37.538+0000] {dagbag.py:538} INFO - Filling up the DagBag from /opt/airflow/dags/pipeline.py
[2026-02-26T03:37:39.232+0000] {processor.py:840} INFO - DAG(s) 'risk_analysis_v1' retrieved from /opt/airflow/dags/pipeline.py
[2026-02-26T03:37:39.268+0000] {logging_mixin.py:188} INFO - [2026-02-26T03:37:39.267+0000] {dag.py:3036} INFO - Sync 1 DAGs
[2026-02-26T03:37:39.292+0000] {logging_mixin.py:188} INFO - [2026-02-26T03:37:39.291+0000] {dag.py:3823} INFO - Setting next_dagrun for risk_analysis_v1 to None, run_after=None
[2026-02-26T03:37:39.320+0000] {processor.py:183} INFO - Processing /opt/airflow/dags/pipeline.py took 1.794 seconds
[2026-02-26T03:38:09.780+0000] {processor.py:161} INFO - Started process (PID=416) to work on /opt/airflow/dags/pipeline.py
[2026-02-26T03:38:09.781+0000] {processor.py:830} INFO - Processing file /opt/airflow/dags/pipeline.py for tasks to queue
[2026-02-26T03:38:09.783+0000] {logging_mixin.py:188} INFO - [2026-02-26T03:38:09.782+0000] {dagbag.py:538} INFO - Filling up the DagBag from /opt/airflow/dags/pipeline.py
[2026-02-26T03:38:11.657+0000] {processor.py:840} INFO - DAG(s) 'risk_analysis_v1' retrieved from /opt/airflow/dags/pipeline.py
[2026-02-26T03:38:11.704+0000] {logging_mixin.py:188} INFO - [2026-02-26T03:38:11.703+0000] {dag.py:3036} INFO - Sync 1 DAGs
[2026-02-26T03:38:11.727+0000] {logging_mixin.py:188} INFO - [2026-02-26T03:38:11.726+0000] {dag.py:3823} INFO - Setting next_dagrun for risk_analysis_v1 to None, run_after=None
[2026-02-26T03:38:11.769+0000] {processor.py:183} INFO - Processing /opt/airflow/dags/pipeline.py took 1.996 seconds
[2026-02-26T03:38:42.171+0000] {processor.py:161} INFO - Started process (PID=439) to work on /opt/airflow/dags/pipeline.py
[2026-02-26T03:38:42.173+0000] {processor.py:830} INFO - Processing file /opt/airflow/dags/pipeline.py for tasks to queue
[2026-02-26T03:38:42.176+0000] {logging_mixin.py:188} INFO - [2026-02-26T03:38:42.175+0000] {dagbag.py:538} INFO - Filling up the DagBag from /opt/airflow/dags/pipeline.py
[2026-02-26T03:38:43.767+0000] {processor.py:840} INFO - DAG(s) 'risk_analysis_v1' retrieved from /opt/airflow/dags/pipeline.py
[2026-02-26T03:38:43.808+0000] {logging_mixin.py:188} INFO - [2026-02-26T03:38:43.807+0000] {dag.py:3036} INFO - Sync 1 DAGs
[2026-02-26T03:38:43.825+0000] {logging_mixin.py:188} INFO - [2026-02-26T03:38:43.824+0000] {dag.py:3823} INFO - Setting next_dagrun for risk_analysis_v1 to None, run_after=None
[2026-02-26T03:38:43.891+0000] {processor.py:183} INFO - Processing /opt/airflow/dags/pipeline.py took 1.729 seconds
[2026-02-26T03:39:14.378+0000] {processor.py:161} INFO - Started process (PID=462) to work on /opt/airflow/dags/pipeline.py
[2026-02-26T03:39:14.380+0000] {processor.py:830} INFO - Processing file /opt/airflow/dags/pipeline.py for tasks to queue
[2026-02-26T03:39:14.382+0000] {logging_mixin.py:188} INFO - [2026-02-26T03:39:14.381+0000] {dagbag.py:538} INFO - Filling up the DagBag from /opt/airflow/dags/pipeline.py
[2026-02-26T03:39:15.990+0000] {processor.py:840} INFO - DAG(s) 'risk_analysis_v1' retrieved from /opt/airflow/dags/pipeline.py
[2026-02-26T03:39:16.031+0000] {logging_mixin.py:188} INFO - [2026-02-26T03:39:16.030+0000] {dag.py:3036} INFO - Sync 1 DAGs
[2026-02-26T03:39:16.056+0000] {logging_mixin.py:188} INFO - [2026-02-26T03:39:16.055+0000] {dag.py:3823} INFO - Setting next_dagrun for risk_analysis_v1 to None, run_after=None
[2026-02-26T03:39:16.086+0000] {processor.py:183} INFO - Processing /opt/airflow/dags/pipeline.py took 1.714 seconds
[2026-02-26T03:39:46.483+0000] {processor.py:161} INFO - Started process (PID=485) to work on /opt/airflow/dags/pipeline.py
[2026-02-26T03:39:46.485+0000] {processor.py:830} INFO - Processing file /opt/airflow/dags/pipeline.py for tasks to queue
[2026-02-26T03:39:46.488+0000] {logging_mixin.py:188} INFO - [2026-02-26T03:39:46.487+0000] {dagbag.py:538} INFO - Filling up the DagBag from /opt/airflow/dags/pipeline.py
[2026-02-26T03:39:48.078+0000] {processor.py:840} INFO - DAG(s) 'risk_analysis_v1' retrieved from /opt/airflow/dags/pipeline.py
[2026-02-26T03:39:48.112+0000] {logging_mixin.py:188} INFO - [2026-02-26T03:39:48.111+0000] {dag.py:3036} INFO - Sync 1 DAGs
[2026-02-26T03:39:48.127+0000] {logging_mixin.py:188} INFO - [2026-02-26T03:39:48.127+0000] {dag.py:3823} INFO - Setting next_dagrun for risk_analysis_v1 to None, run_after=None
[2026-02-26T03:39:48.193+0000] {processor.py:183} INFO - Processing /opt/airflow/dags/pipeline.py took 1.716 seconds
[2026-02-26T03:40:18.585+0000] {processor.py:161} INFO - Started process (PID=508) to work on /opt/airflow/dags/pipeline.py
[2026-02-26T03:40:18.587+0000] {processor.py:830} INFO - Processing file /opt/airflow/dags/pipeline.py for tasks to queue
[2026-02-26T03:40:18.589+0000] {logging_mixin.py:188} INFO - [2026-02-26T03:40:18.589+0000] {dagbag.py:538} INFO - Filling up the DagBag from /opt/airflow/dags/pipeline.py
[2026-02-26T03:40:20.289+0000] {processor.py:840} INFO - DAG(s) 'risk_analysis_v1' retrieved from /opt/airflow/dags/pipeline.py
[2026-02-26T03:40:20.327+0000] {logging_mixin.py:188} INFO - [2026-02-26T03:40:20.326+0000] {dag.py:3036} INFO - Sync 1 DAGs
[2026-02-26T03:40:20.342+0000] {logging_mixin.py:188} INFO - [2026-02-26T03:40:20.342+0000] {dag.py:3823} INFO - Setting next_dagrun for risk_analysis_v1 to None, run_after=None
[2026-02-26T03:40:20.406+0000] {processor.py:183} INFO - Processing /opt/airflow/dags/pipeline.py took 1.829 seconds
[2026-02-26T03:40:50.861+0000] {processor.py:161} INFO - Started process (PID=531) to work on /opt/airflow/dags/pipeline.py
[2026-02-26T03:40:50.864+0000] {processor.py:830} INFO - Processing file /opt/airflow/dags/pipeline.py for tasks to queue
[2026-02-26T03:40:50.867+0000] {logging_mixin.py:188} INFO - [2026-02-26T03:40:50.867+0000] {dagbag.py:538} INFO - Filling up the DagBag from /opt/airflow/dags/pipeline.py
[2026-02-26T03:40:52.405+0000] {processor.py:840} INFO - DAG(s) 'risk_analysis_v1' retrieved from /opt/airflow/dags/pipeline.py
[2026-02-26T03:40:52.445+0000] {logging_mixin.py:188} INFO - [2026-02-26T03:40:52.444+0000] {dag.py:3036} INFO - Sync 1 DAGs
[2026-02-26T03:40:52.465+0000] {logging_mixin.py:188} INFO - [2026-02-26T03:40:52.465+0000] {dag.py:3823} INFO - Setting next_dagrun for risk_analysis_v1 to None, run_after=None
[2026-02-26T03:40:52.535+0000] {processor.py:183} INFO - Processing /opt/airflow/dags/pipeline.py took 1.679 seconds
[2026-02-26T03:41:22.832+0000] {processor.py:161} INFO - Started process (PID=574) to work on /opt/airflow/dags/pipeline.py
[2026-02-26T03:41:22.833+0000] {processor.py:830} INFO - Processing file /opt/airflow/dags/pipeline.py for tasks to queue
[2026-02-26T03:41:22.835+0000] {logging_mixin.py:188} INFO - [2026-02-26T03:41:22.835+0000] {dagbag.py:538} INFO - Filling up the DagBag from /opt/airflow/dags/pipeline.py
[2026-02-26T03:41:24.371+0000] {processor.py:840} INFO - DAG(s) 'risk_analysis_v1' retrieved from /opt/airflow/dags/pipeline.py
[2026-02-26T03:41:24.408+0000] {logging_mixin.py:188} INFO - [2026-02-26T03:41:24.408+0000] {dag.py:3036} INFO - Sync 1 DAGs
[2026-02-26T03:41:24.431+0000] {logging_mixin.py:188} INFO - [2026-02-26T03:41:24.430+0000] {dag.py:3823} INFO - Setting next_dagrun for risk_analysis_v1 to None, run_after=None
[2026-02-26T03:41:24.465+0000] {processor.py:183} INFO - Processing /opt/airflow/dags/pipeline.py took 1.638 seconds
[2026-02-26T03:41:54.882+0000] {processor.py:161} INFO - Started process (PID=603) to work on /opt/airflow/dags/pipeline.py
[2026-02-26T03:41:54.883+0000] {processor.py:830} INFO - Processing file /opt/airflow/dags/pipeline.py for tasks to queue
[2026-02-26T03:41:54.885+0000] {logging_mixin.py:188} INFO - [2026-02-26T03:41:54.885+0000] {dagbag.py:538} INFO - Filling up the DagBag from /opt/airflow/dags/pipeline.py
[2026-02-26T03:41:56.572+0000] {processor.py:840} INFO - DAG(s) 'risk_analysis_v1' retrieved from /opt/airflow/dags/pipeline.py
[2026-02-26T03:41:56.618+0000] {logging_mixin.py:188} INFO - [2026-02-26T03:41:56.617+0000] {dag.py:3036} INFO - Sync 1 DAGs
[2026-02-26T03:41:56.634+0000] {logging_mixin.py:188} INFO - [2026-02-26T03:41:56.634+0000] {dag.py:3823} INFO - Setting next_dagrun for risk_analysis_v1 to None, run_after=None
[2026-02-26T03:41:56.695+0000] {processor.py:183} INFO - Processing /opt/airflow/dags/pipeline.py took 1.819 seconds
[2026-02-26T03:42:27.129+0000] {processor.py:161} INFO - Started process (PID=626) to work on /opt/airflow/dags/pipeline.py
[2026-02-26T03:42:27.131+0000] {processor.py:830} INFO - Processing file /opt/airflow/dags/pipeline.py for tasks to queue
[2026-02-26T03:42:27.132+0000] {logging_mixin.py:188} INFO - [2026-02-26T03:42:27.132+0000] {dagbag.py:538} INFO - Filling up the DagBag from /opt/airflow/dags/pipeline.py
[2026-02-26T03:42:28.756+0000] {processor.py:840} INFO - DAG(s) 'risk_analysis_v1' retrieved from /opt/airflow/dags/pipeline.py
[2026-02-26T03:42:28.793+0000] {logging_mixin.py:188} INFO - [2026-02-26T03:42:28.792+0000] {dag.py:3036} INFO - Sync 1 DAGs
[2026-02-26T03:42:28.812+0000] {logging_mixin.py:188} INFO - [2026-02-26T03:42:28.812+0000] {dag.py:3823} INFO - Setting next_dagrun for risk_analysis_v1 to None, run_after=None
[2026-02-26T03:42:28.867+0000] {processor.py:183} INFO - Processing /opt/airflow/dags/pipeline.py took 1.742 seconds
[2026-02-26T03:42:59.270+0000] {processor.py:161} INFO - Started process (PID=649) to work on /opt/airflow/dags/pipeline.py
[2026-02-26T03:42:59.272+0000] {processor.py:830} INFO - Processing file /opt/airflow/dags/pipeline.py for tasks to queue
[2026-02-26T03:42:59.274+0000] {logging_mixin.py:188} INFO - [2026-02-26T03:42:59.274+0000] {dagbag.py:538} INFO - Filling up the DagBag from /opt/airflow/dags/pipeline.py
[2026-02-26T03:43:00.830+0000] {processor.py:840} INFO - DAG(s) 'risk_analysis_v1' retrieved from /opt/airflow/dags/pipeline.py
[2026-02-26T03:43:00.863+0000] {logging_mixin.py:188} INFO - [2026-02-26T03:43:00.863+0000] {dag.py:3036} INFO - Sync 1 DAGs
[2026-02-26T03:43:00.880+0000] {logging_mixin.py:188} INFO - [2026-02-26T03:43:00.879+0000] {dag.py:3823} INFO - Setting next_dagrun for risk_analysis_v1 to None, run_after=None
[2026-02-26T03:43:00.911+0000] {processor.py:183} INFO - Processing /opt/airflow/dags/pipeline.py took 1.647 seconds
[2026-02-26T03:43:31.247+0000] {processor.py:161} INFO - Started process (PID=672) to work on /opt/airflow/dags/pipeline.py
[2026-02-26T03:43:31.249+0000] {processor.py:830} INFO - Processing file /opt/airflow/dags/pipeline.py for tasks to queue
[2026-02-26T03:43:31.251+0000] {logging_mixin.py:188} INFO - [2026-02-26T03:43:31.251+0000] {dagbag.py:538} INFO - Filling up the DagBag from /opt/airflow/dags/pipeline.py
[2026-02-26T03:43:32.937+0000] {processor.py:840} INFO - DAG(s) 'risk_analysis_v1' retrieved from /opt/airflow/dags/pipeline.py
[2026-02-26T03:43:32.973+0000] {logging_mixin.py:188} INFO - [2026-02-26T03:43:32.972+0000] {dag.py:3036} INFO - Sync 1 DAGs
[2026-02-26T03:43:32.994+0000] {logging_mixin.py:188} INFO - [2026-02-26T03:43:32.993+0000] {dag.py:3823} INFO - Setting next_dagrun for risk_analysis_v1 to None, run_after=None
[2026-02-26T03:43:33.028+0000] {processor.py:183} INFO - Processing /opt/airflow/dags/pipeline.py took 1.787 seconds
[2026-02-26T03:44:03.476+0000] {processor.py:161} INFO - Started process (PID=695) to work on /opt/airflow/dags/pipeline.py
[2026-02-26T03:44:03.477+0000] {processor.py:830} INFO - Processing file /opt/airflow/dags/pipeline.py for tasks to queue
[2026-02-26T03:44:03.479+0000] {logging_mixin.py:188} INFO - [2026-02-26T03:44:03.479+0000] {dagbag.py:538} INFO - Filling up the DagBag from /opt/airflow/dags/pipeline.py
[2026-02-26T03:44:05.094+0000] {processor.py:840} INFO - DAG(s) 'risk_analysis_v1' retrieved from /opt/airflow/dags/pipeline.py
[2026-02-26T03:44:05.130+0000] {logging_mixin.py:188} INFO - [2026-02-26T03:44:05.130+0000] {dag.py:3036} INFO - Sync 1 DAGs
[2026-02-26T03:44:05.146+0000] {logging_mixin.py:188} INFO - [2026-02-26T03:44:05.146+0000] {dag.py:3823} INFO - Setting next_dagrun for risk_analysis_v1 to None, run_after=None
[2026-02-26T03:44:05.200+0000] {processor.py:183} INFO - Processing /opt/airflow/dags/pipeline.py took 1.729 seconds
[2026-02-26T03:44:35.569+0000] {processor.py:161} INFO - Started process (PID=718) to work on /opt/airflow/dags/pipeline.py
[2026-02-26T03:44:35.595+0000] {processor.py:830} INFO - Processing file /opt/airflow/dags/pipeline.py for tasks to queue
[2026-02-26T03:44:35.598+0000] {logging_mixin.py:188} INFO - [2026-02-26T03:44:35.597+0000] {dagbag.py:538} INFO - Filling up the DagBag from /opt/airflow/dags/pipeline.py
[2026-02-26T03:44:37.226+0000] {processor.py:840} INFO - DAG(s) 'risk_analysis_v1' retrieved from /opt/airflow/dags/pipeline.py
[2026-02-26T03:44:37.267+0000] {logging_mixin.py:188} INFO - [2026-02-26T03:44:37.267+0000] {dag.py:3036} INFO - Sync 1 DAGs
[2026-02-26T03:44:37.284+0000] {logging_mixin.py:188} INFO - [2026-02-26T03:44:37.284+0000] {dag.py:3823} INFO - Setting next_dagrun for risk_analysis_v1 to None, run_after=None
[2026-02-26T03:44:37.316+0000] {processor.py:183} INFO - Processing /opt/airflow/dags/pipeline.py took 1.752 seconds
[2026-02-26T03:45:07.700+0000] {processor.py:161} INFO - Started process (PID=741) to work on /opt/airflow/dags/pipeline.py
[2026-02-26T03:45:07.701+0000] {processor.py:830} INFO - Processing file /opt/airflow/dags/pipeline.py for tasks to queue
[2026-02-26T03:45:07.703+0000] {logging_mixin.py:188} INFO - [2026-02-26T03:45:07.703+0000] {dagbag.py:538} INFO - Filling up the DagBag from /opt/airflow/dags/pipeline.py
[2026-02-26T03:45:09.237+0000] {processor.py:840} INFO - DAG(s) 'risk_analysis_v1' retrieved from /opt/airflow/dags/pipeline.py
[2026-02-26T03:45:09.274+0000] {logging_mixin.py:188} INFO - [2026-02-26T03:45:09.273+0000] {dag.py:3036} INFO - Sync 1 DAGs
[2026-02-26T03:45:09.292+0000] {logging_mixin.py:188} INFO - [2026-02-26T03:45:09.292+0000] {dag.py:3823} INFO - Setting next_dagrun for risk_analysis_v1 to None, run_after=None
[2026-02-26T03:45:09.319+0000] {processor.py:183} INFO - Processing /opt/airflow/dags/pipeline.py took 1.624 seconds
[2026-02-26T03:45:39.487+0000] {processor.py:161} INFO - Started process (PID=764) to work on /opt/airflow/dags/pipeline.py
[2026-02-26T03:45:39.489+0000] {processor.py:830} INFO - Processing file /opt/airflow/dags/pipeline.py for tasks to queue
[2026-02-26T03:45:39.491+0000] {logging_mixin.py:188} INFO - [2026-02-26T03:45:39.490+0000] {dagbag.py:538} INFO - Filling up the DagBag from /opt/airflow/dags/pipeline.py
[2026-02-26T03:45:41.137+0000] {processor.py:840} INFO - DAG(s) 'risk_analysis_v1' retrieved from /opt/airflow/dags/pipeline.py
[2026-02-26T03:45:41.197+0000] {logging_mixin.py:188} INFO - [2026-02-26T03:45:41.196+0000] {dag.py:3036} INFO - Sync 1 DAGs
[2026-02-26T03:45:41.213+0000] {logging_mixin.py:188} INFO - [2026-02-26T03:45:41.213+0000] {dag.py:3823} INFO - Setting next_dagrun for risk_analysis_v1 to None, run_after=None
[2026-02-26T03:45:41.280+0000] {processor.py:183} INFO - Processing /opt/airflow/dags/pipeline.py took 1.803 seconds
[2026-02-26T03:46:11.712+0000] {processor.py:161} INFO - Started process (PID=787) to work on /opt/airflow/dags/pipeline.py
[2026-02-26T03:46:11.714+0000] {processor.py:830} INFO - Processing file /opt/airflow/dags/pipeline.py for tasks to queue
[2026-02-26T03:46:11.716+0000] {logging_mixin.py:188} INFO - [2026-02-26T03:46:11.715+0000] {dagbag.py:538} INFO - Filling up the DagBag from /opt/airflow/dags/pipeline.py
[2026-02-26T03:46:13.309+0000] {processor.py:840} INFO - DAG(s) 'risk_analysis_v1' retrieved from /opt/airflow/dags/pipeline.py
[2026-02-26T03:46:13.352+0000] {logging_mixin.py:188} INFO - [2026-02-26T03:46:13.351+0000] {dag.py:3036} INFO - Sync 1 DAGs
[2026-02-26T03:46:13.373+0000] {logging_mixin.py:188} INFO - [2026-02-26T03:46:13.372+0000] {dag.py:3823} INFO - Setting next_dagrun for risk_analysis_v1 to None, run_after=None
[2026-02-26T03:46:13.408+0000] {processor.py:183} INFO - Processing /opt/airflow/dags/pipeline.py took 1.702 seconds
[2026-02-26T03:46:43.811+0000] {processor.py:161} INFO - Started process (PID=810) to work on /opt/airflow/dags/pipeline.py
[2026-02-26T03:46:43.814+0000] {processor.py:830} INFO - Processing file /opt/airflow/dags/pipeline.py for tasks to queue
[2026-02-26T03:46:43.820+0000] {logging_mixin.py:188} INFO - [2026-02-26T03:46:43.818+0000] {dagbag.py:538} INFO - Filling up the DagBag from /opt/airflow/dags/pipeline.py
[2026-02-26T03:46:45.643+0000] {processor.py:840} INFO - DAG(s) 'risk_analysis_v1' retrieved from /opt/airflow/dags/pipeline.py
[2026-02-26T03:46:45.691+0000] {logging_mixin.py:188} INFO - [2026-02-26T03:46:45.689+0000] {dag.py:3036} INFO - Sync 1 DAGs
[2026-02-26T03:46:45.716+0000] {logging_mixin.py:188} INFO - [2026-02-26T03:46:45.716+0000] {dag.py:3823} INFO - Setting next_dagrun for risk_analysis_v1 to None, run_after=None
[2026-02-26T03:46:45.783+0000] {processor.py:183} INFO - Processing /opt/airflow/dags/pipeline.py took 1.980 seconds
[2026-02-26T03:47:16.148+0000] {processor.py:161} INFO - Started process (PID=833) to work on /opt/airflow/dags/pipeline.py
[2026-02-26T03:47:16.149+0000] {processor.py:830} INFO - Processing file /opt/airflow/dags/pipeline.py for tasks to queue
[2026-02-26T03:47:16.151+0000] {logging_mixin.py:188} INFO - [2026-02-26T03:47:16.151+0000] {dagbag.py:538} INFO - Filling up the DagBag from /opt/airflow/dags/pipeline.py
[2026-02-26T03:47:17.733+0000] {processor.py:840} INFO - DAG(s) 'risk_analysis_v1' retrieved from /opt/airflow/dags/pipeline.py
[2026-02-26T03:47:17.751+0000] {logging_mixin.py:188} INFO - [2026-02-26T03:47:17.750+0000] {dag.py:3036} INFO - Sync 1 DAGs
[2026-02-26T03:47:17.769+0000] {logging_mixin.py:188} INFO - [2026-02-26T03:47:17.768+0000] {dag.py:3823} INFO - Setting next_dagrun for risk_analysis_v1 to None, run_after=None
[2026-02-26T03:47:17.832+0000] {processor.py:183} INFO - Processing /opt/airflow/dags/pipeline.py took 1.689 seconds
[2026-02-26T03:47:48.286+0000] {processor.py:161} INFO - Started process (PID=856) to work on /opt/airflow/dags/pipeline.py
[2026-02-26T03:47:48.288+0000] {processor.py:830} INFO - Processing file /opt/airflow/dags/pipeline.py for tasks to queue
[2026-02-26T03:47:48.290+0000] {logging_mixin.py:188} INFO - [2026-02-26T03:47:48.290+0000] {dagbag.py:538} INFO - Filling up the DagBag from /opt/airflow/dags/pipeline.py
[2026-02-26T03:47:50.055+0000] {processor.py:840} INFO - DAG(s) 'risk_analysis_v1' retrieved from /opt/airflow/dags/pipeline.py
[2026-02-26T03:47:50.202+0000] {logging_mixin.py:188} INFO - [2026-02-26T03:47:50.201+0000] {dag.py:3036} INFO - Sync 1 DAGs
[2026-02-26T03:47:50.217+0000] {logging_mixin.py:188} INFO - [2026-02-26T03:47:50.217+0000] {dag.py:3823} INFO - Setting next_dagrun for risk_analysis_v1 to None, run_after=None
[2026-02-26T03:47:50.249+0000] {processor.py:183} INFO - Processing /opt/airflow/dags/pipeline.py took 1.969 seconds
[2026-02-26T03:48:20.662+0000] {processor.py:161} INFO - Started process (PID=879) to work on /opt/airflow/dags/pipeline.py
[2026-02-26T03:48:20.664+0000] {processor.py:830} INFO - Processing file /opt/airflow/dags/pipeline.py for tasks to queue
[2026-02-26T03:48:20.667+0000] {logging_mixin.py:188} INFO - [2026-02-26T03:48:20.666+0000] {dagbag.py:538} INFO - Filling up the DagBag from /opt/airflow/dags/pipeline.py
[2026-02-26T03:48:22.330+0000] {processor.py:840} INFO - DAG(s) 'risk_analysis_v1' retrieved from /opt/airflow/dags/pipeline.py
[2026-02-26T03:48:22.373+0000] {logging_mixin.py:188} INFO - [2026-02-26T03:48:22.372+0000] {dag.py:3036} INFO - Sync 1 DAGs
[2026-02-26T03:48:22.390+0000] {logging_mixin.py:188} INFO - [2026-02-26T03:48:22.390+0000] {dag.py:3823} INFO - Setting next_dagrun for risk_analysis_v1 to None, run_after=None
[2026-02-26T03:48:22.453+0000] {processor.py:183} INFO - Processing /opt/airflow/dags/pipeline.py took 1.797 seconds
[2026-02-26T03:48:52.975+0000] {processor.py:161} INFO - Started process (PID=902) to work on /opt/airflow/dags/pipeline.py
[2026-02-26T03:48:52.977+0000] {processor.py:830} INFO - Processing file /opt/airflow/dags/pipeline.py for tasks to queue
[2026-02-26T03:48:52.979+0000] {logging_mixin.py:188} INFO - [2026-02-26T03:48:52.978+0000] {dagbag.py:538} INFO - Filling up the DagBag from /opt/airflow/dags/pipeline.py
[2026-02-26T03:48:54.547+0000] {processor.py:840} INFO - DAG(s) 'risk_analysis_v1' retrieved from /opt/airflow/dags/pipeline.py
[2026-02-26T03:48:54.583+0000] {logging_mixin.py:188} INFO - [2026-02-26T03:48:54.583+0000] {dag.py:3036} INFO - Sync 1 DAGs
[2026-02-26T03:48:54.603+0000] {logging_mixin.py:188} INFO - [2026-02-26T03:48:54.602+0000] {dag.py:3823} INFO - Setting next_dagrun for risk_analysis_v1 to None, run_after=None
[2026-02-26T03:48:54.666+0000] {processor.py:183} INFO - Processing /opt/airflow/dags/pipeline.py took 1.699 seconds
[2026-02-26T03:49:25.090+0000] {processor.py:161} INFO - Started process (PID=925) to work on /opt/airflow/dags/pipeline.py
[2026-02-26T03:49:25.093+0000] {processor.py:830} INFO - Processing file /opt/airflow/dags/pipeline.py for tasks to queue
[2026-02-26T03:49:25.096+0000] {logging_mixin.py:188} INFO - [2026-02-26T03:49:25.095+0000] {dagbag.py:538} INFO - Filling up the DagBag from /opt/airflow/dags/pipeline.py
[2026-02-26T03:49:26.689+0000] {processor.py:840} INFO - DAG(s) 'risk_analysis_v1' retrieved from /opt/airflow/dags/pipeline.py
[2026-02-26T03:49:26.726+0000] {logging_mixin.py:188} INFO - [2026-02-26T03:49:26.725+0000] {dag.py:3036} INFO - Sync 1 DAGs
[2026-02-26T03:49:26.744+0000] {logging_mixin.py:188} INFO - [2026-02-26T03:49:26.744+0000] {dag.py:3823} INFO - Setting next_dagrun for risk_analysis_v1 to None, run_after=None
[2026-02-26T03:49:26.774+0000] {processor.py:183} INFO - Processing /opt/airflow/dags/pipeline.py took 1.700 seconds
[2026-02-26T03:49:57.204+0000] {processor.py:161} INFO - Started process (PID=948) to work on /opt/airflow/dags/pipeline.py
[2026-02-26T03:49:57.208+0000] {processor.py:830} INFO - Processing file /opt/airflow/dags/pipeline.py for tasks to queue
[2026-02-26T03:49:57.211+0000] {logging_mixin.py:188} INFO - [2026-02-26T03:49:57.210+0000] {dagbag.py:538} INFO - Filling up the DagBag from /opt/airflow/dags/pipeline.py
[2026-02-26T03:49:58.842+0000] {processor.py:840} INFO - DAG(s) 'risk_analysis_v1' retrieved from /opt/airflow/dags/pipeline.py
[2026-02-26T03:49:58.877+0000] {logging_mixin.py:188} INFO - [2026-02-26T03:49:58.876+0000] {dag.py:3036} INFO - Sync 1 DAGs
[2026-02-26T03:49:58.897+0000] {logging_mixin.py:188} INFO - [2026-02-26T03:49:58.897+0000] {dag.py:3823} INFO - Setting next_dagrun for risk_analysis_v1 to None, run_after=None
[2026-02-26T03:49:58.965+0000] {processor.py:183} INFO - Processing /opt/airflow/dags/pipeline.py took 1.771 seconds
[2026-02-26T03:50:29.370+0000] {processor.py:161} INFO - Started process (PID=971) to work on /opt/airflow/dags/pipeline.py
[2026-02-26T03:50:29.371+0000] {processor.py:830} INFO - Processing file /opt/airflow/dags/pipeline.py for tasks to queue
[2026-02-26T03:50:29.373+0000] {logging_mixin.py:188} INFO - [2026-02-26T03:50:29.373+0000] {dagbag.py:538} INFO - Filling up the DagBag from /opt/airflow/dags/pipeline.py
[2026-02-26T03:50:30.931+0000] {processor.py:840} INFO - DAG(s) 'risk_analysis_v1' retrieved from /opt/airflow/dags/pipeline.py
[2026-02-26T03:50:30.966+0000] {logging_mixin.py:188} INFO - [2026-02-26T03:50:30.965+0000] {dag.py:3036} INFO - Sync 1 DAGs
[2026-02-26T03:50:30.982+0000] {logging_mixin.py:188} INFO - [2026-02-26T03:50:30.982+0000] {dag.py:3823} INFO - Setting next_dagrun for risk_analysis_v1 to None, run_after=None
[2026-02-26T03:50:31.014+0000] {processor.py:183} INFO - Processing /opt/airflow/dags/pipeline.py took 1.650 seconds
[2026-02-26T03:51:01.349+0000] {processor.py:161} INFO - Started process (PID=994) to work on /opt/airflow/dags/pipeline.py
[2026-02-26T03:51:01.351+0000] {processor.py:830} INFO - Processing file /opt/airflow/dags/pipeline.py for tasks to queue
[2026-02-26T03:51:01.356+0000] {logging_mixin.py:188} INFO - [2026-02-26T03:51:01.355+0000] {dagbag.py:538} INFO - Filling up the DagBag from /opt/airflow/dags/pipeline.py
[2026-02-26T03:51:02.917+0000] {processor.py:840} INFO - DAG(s) 'risk_analysis_v1' retrieved from /opt/airflow/dags/pipeline.py
[2026-02-26T03:51:02.948+0000] {logging_mixin.py:188} INFO - [2026-02-26T03:51:02.947+0000] {dag.py:3036} INFO - Sync 1 DAGs
[2026-02-26T03:51:02.963+0000] {logging_mixin.py:188} INFO - [2026-02-26T03:51:02.963+0000] {dag.py:3823} INFO - Setting next_dagrun for risk_analysis_v1 to None, run_after=None
[2026-02-26T03:51:03.033+0000] {processor.py:183} INFO - Processing /opt/airflow/dags/pipeline.py took 1.689 seconds
[2026-02-26T03:51:33.445+0000] {processor.py:161} INFO - Started process (PID=1017) to work on /opt/airflow/dags/pipeline.py
[2026-02-26T03:51:33.446+0000] {processor.py:830} INFO - Processing file /opt/airflow/dags/pipeline.py for tasks to queue
[2026-02-26T03:51:33.449+0000] {logging_mixin.py:188} INFO - [2026-02-26T03:51:33.448+0000] {dagbag.py:538} INFO - Filling up the DagBag from /opt/airflow/dags/pipeline.py
[2026-02-26T03:51:34.991+0000] {processor.py:840} INFO - DAG(s) 'risk_analysis_v1' retrieved from /opt/airflow/dags/pipeline.py
[2026-02-26T03:51:35.025+0000] {logging_mixin.py:188} INFO - [2026-02-26T03:51:35.024+0000] {dag.py:3036} INFO - Sync 1 DAGs
[2026-02-26T03:51:35.047+0000] {logging_mixin.py:188} INFO - [2026-02-26T03:51:35.047+0000] {dag.py:3823} INFO - Setting next_dagrun for risk_analysis_v1 to None, run_after=None
[2026-02-26T03:51:35.116+0000] {processor.py:183} INFO - Processing /opt/airflow/dags/pipeline.py took 1.677 seconds
