[2026-02-19T02:44:27.097+0000] {processor.py:161} INFO - Started process (PID=63) to work on /opt/airflow/dags/pipeline.py
[2026-02-19T02:44:27.099+0000] {processor.py:830} INFO - Processing file /opt/airflow/dags/pipeline.py for tasks to queue
[2026-02-19T02:44:27.101+0000] {logging_mixin.py:188} INFO - [2026-02-19T02:44:27.100+0000] {dagbag.py:538} INFO - Filling up the DagBag from /opt/airflow/dags/pipeline.py
[2026-02-19T02:44:29.567+0000] {processor.py:840} INFO - DAG(s) 'risk_analysis_v1' retrieved from /opt/airflow/dags/pipeline.py
[2026-02-19T02:44:29.831+0000] {logging_mixin.py:188} INFO - [2026-02-19T02:44:29.831+0000] {override.py:1769} INFO - Created Permission View: can read on DAG:risk_analysis_v1
[2026-02-19T02:44:29.845+0000] {logging_mixin.py:188} INFO - [2026-02-19T02:44:29.845+0000] {override.py:1769} INFO - Created Permission View: can delete on DAG:risk_analysis_v1
[2026-02-19T02:44:29.857+0000] {logging_mixin.py:188} INFO - [2026-02-19T02:44:29.857+0000] {override.py:1769} INFO - Created Permission View: can edit on DAG:risk_analysis_v1
[2026-02-19T02:44:29.858+0000] {logging_mixin.py:188} INFO - [2026-02-19T02:44:29.858+0000] {dag.py:3036} INFO - Sync 1 DAGs
[2026-02-19T02:44:29.871+0000] {logging_mixin.py:188} WARNING - /home/airflow/.local/lib/python3.8/site-packages/airflow/models/dag.py:3574 DeprecationWarning: The dag_concurrency option in [core] has been renamed to max_active_tasks_per_dag - the old setting has been used, but please update your config.
[2026-02-19T02:44:29.873+0000] {logging_mixin.py:188} INFO - [2026-02-19T02:44:29.872+0000] {dag.py:3058} INFO - Creating ORM DAG for risk_analysis_v1
[2026-02-19T02:44:29.874+0000] {logging_mixin.py:188} INFO - [2026-02-19T02:44:29.873+0000] {dag.py:3823} INFO - Setting next_dagrun for risk_analysis_v1 to None, run_after=None
[2026-02-19T02:44:29.901+0000] {processor.py:183} INFO - Processing /opt/airflow/dags/pipeline.py took 2.809 seconds
[2026-02-19T02:45:00.167+0000] {processor.py:161} INFO - Started process (PID=84) to work on /opt/airflow/dags/pipeline.py
[2026-02-19T02:45:00.169+0000] {processor.py:830} INFO - Processing file /opt/airflow/dags/pipeline.py for tasks to queue
[2026-02-19T02:45:00.170+0000] {logging_mixin.py:188} INFO - [2026-02-19T02:45:00.170+0000] {dagbag.py:538} INFO - Filling up the DagBag from /opt/airflow/dags/pipeline.py
[2026-02-19T02:45:01.358+0000] {processor.py:840} INFO - DAG(s) 'risk_analysis_v1' retrieved from /opt/airflow/dags/pipeline.py
[2026-02-19T02:45:01.384+0000] {logging_mixin.py:188} INFO - [2026-02-19T02:45:01.383+0000] {dag.py:3036} INFO - Sync 1 DAGs
[2026-02-19T02:45:01.397+0000] {logging_mixin.py:188} INFO - [2026-02-19T02:45:01.396+0000] {dag.py:3823} INFO - Setting next_dagrun for risk_analysis_v1 to None, run_after=None
[2026-02-19T02:45:01.435+0000] {processor.py:183} INFO - Processing /opt/airflow/dags/pipeline.py took 1.272 seconds
[2026-02-19T02:45:31.704+0000] {processor.py:161} INFO - Started process (PID=105) to work on /opt/airflow/dags/pipeline.py
[2026-02-19T02:45:31.706+0000] {processor.py:830} INFO - Processing file /opt/airflow/dags/pipeline.py for tasks to queue
[2026-02-19T02:45:31.707+0000] {logging_mixin.py:188} INFO - [2026-02-19T02:45:31.707+0000] {dagbag.py:538} INFO - Filling up the DagBag from /opt/airflow/dags/pipeline.py
[2026-02-19T02:45:33.964+0000] {processor.py:840} INFO - DAG(s) 'risk_analysis_v1' retrieved from /opt/airflow/dags/pipeline.py
[2026-02-19T02:45:34.017+0000] {logging_mixin.py:188} INFO - [2026-02-19T02:45:34.016+0000] {dag.py:3036} INFO - Sync 1 DAGs
[2026-02-19T02:45:34.039+0000] {logging_mixin.py:188} INFO - [2026-02-19T02:45:34.039+0000] {dag.py:3823} INFO - Setting next_dagrun for risk_analysis_v1 to None, run_after=None
[2026-02-19T02:45:34.069+0000] {processor.py:183} INFO - Processing /opt/airflow/dags/pipeline.py took 2.370 seconds
[2026-02-19T02:46:04.322+0000] {processor.py:161} INFO - Started process (PID=152) to work on /opt/airflow/dags/pipeline.py
[2026-02-19T02:46:04.323+0000] {processor.py:830} INFO - Processing file /opt/airflow/dags/pipeline.py for tasks to queue
[2026-02-19T02:46:04.325+0000] {logging_mixin.py:188} INFO - [2026-02-19T02:46:04.324+0000] {dagbag.py:538} INFO - Filling up the DagBag from /opt/airflow/dags/pipeline.py
[2026-02-19T02:46:05.505+0000] {processor.py:840} INFO - DAG(s) 'risk_analysis_v1' retrieved from /opt/airflow/dags/pipeline.py
[2026-02-19T02:46:05.540+0000] {logging_mixin.py:188} INFO - [2026-02-19T02:46:05.539+0000] {dag.py:3036} INFO - Sync 1 DAGs
[2026-02-19T02:46:05.554+0000] {logging_mixin.py:188} INFO - [2026-02-19T02:46:05.553+0000] {dag.py:3823} INFO - Setting next_dagrun for risk_analysis_v1 to None, run_after=None
[2026-02-19T02:46:05.579+0000] {processor.py:183} INFO - Processing /opt/airflow/dags/pipeline.py took 1.261 seconds
[2026-02-19T02:46:35.826+0000] {processor.py:161} INFO - Started process (PID=173) to work on /opt/airflow/dags/pipeline.py
[2026-02-19T02:46:35.828+0000] {processor.py:830} INFO - Processing file /opt/airflow/dags/pipeline.py for tasks to queue
[2026-02-19T02:46:35.829+0000] {logging_mixin.py:188} INFO - [2026-02-19T02:46:35.829+0000] {dagbag.py:538} INFO - Filling up the DagBag from /opt/airflow/dags/pipeline.py
[2026-02-19T02:46:36.858+0000] {processor.py:840} INFO - DAG(s) 'risk_analysis_v1' retrieved from /opt/airflow/dags/pipeline.py
[2026-02-19T02:46:36.885+0000] {logging_mixin.py:188} INFO - [2026-02-19T02:46:36.885+0000] {dag.py:3036} INFO - Sync 1 DAGs
[2026-02-19T02:46:36.898+0000] {logging_mixin.py:188} INFO - [2026-02-19T02:46:36.897+0000] {dag.py:3823} INFO - Setting next_dagrun for risk_analysis_v1 to None, run_after=None
[2026-02-19T02:46:36.920+0000] {processor.py:183} INFO - Processing /opt/airflow/dags/pipeline.py took 1.098 seconds
[2026-02-19T02:47:07.027+0000] {processor.py:161} INFO - Started process (PID=194) to work on /opt/airflow/dags/pipeline.py
[2026-02-19T02:47:07.029+0000] {processor.py:830} INFO - Processing file /opt/airflow/dags/pipeline.py for tasks to queue
[2026-02-19T02:47:07.030+0000] {logging_mixin.py:188} INFO - [2026-02-19T02:47:07.029+0000] {dagbag.py:538} INFO - Filling up the DagBag from /opt/airflow/dags/pipeline.py
[2026-02-19T02:47:08.091+0000] {processor.py:840} INFO - DAG(s) 'risk_analysis_v1' retrieved from /opt/airflow/dags/pipeline.py
[2026-02-19T02:47:08.120+0000] {logging_mixin.py:188} INFO - [2026-02-19T02:47:08.120+0000] {dag.py:3036} INFO - Sync 1 DAGs
[2026-02-19T02:47:08.133+0000] {logging_mixin.py:188} INFO - [2026-02-19T02:47:08.132+0000] {dag.py:3823} INFO - Setting next_dagrun for risk_analysis_v1 to None, run_after=None
[2026-02-19T02:47:08.158+0000] {processor.py:183} INFO - Processing /opt/airflow/dags/pipeline.py took 1.136 seconds
[2026-02-19T02:47:38.367+0000] {processor.py:161} INFO - Started process (PID=215) to work on /opt/airflow/dags/pipeline.py
[2026-02-19T02:47:38.368+0000] {processor.py:830} INFO - Processing file /opt/airflow/dags/pipeline.py for tasks to queue
[2026-02-19T02:47:38.370+0000] {logging_mixin.py:188} INFO - [2026-02-19T02:47:38.369+0000] {dagbag.py:538} INFO - Filling up the DagBag from /opt/airflow/dags/pipeline.py
[2026-02-19T02:47:39.673+0000] {processor.py:840} INFO - DAG(s) 'risk_analysis_v1' retrieved from /opt/airflow/dags/pipeline.py
[2026-02-19T02:47:39.714+0000] {logging_mixin.py:188} INFO - [2026-02-19T02:47:39.713+0000] {dag.py:3036} INFO - Sync 1 DAGs
[2026-02-19T02:47:39.730+0000] {logging_mixin.py:188} INFO - [2026-02-19T02:47:39.730+0000] {dag.py:3823} INFO - Setting next_dagrun for risk_analysis_v1 to None, run_after=None
[2026-02-19T02:47:39.765+0000] {processor.py:183} INFO - Processing /opt/airflow/dags/pipeline.py took 1.401 seconds
[2026-02-19T02:48:10.030+0000] {processor.py:161} INFO - Started process (PID=236) to work on /opt/airflow/dags/pipeline.py
[2026-02-19T02:48:10.031+0000] {processor.py:830} INFO - Processing file /opt/airflow/dags/pipeline.py for tasks to queue
[2026-02-19T02:48:10.033+0000] {logging_mixin.py:188} INFO - [2026-02-19T02:48:10.033+0000] {dagbag.py:538} INFO - Filling up the DagBag from /opt/airflow/dags/pipeline.py
[2026-02-19T02:48:11.183+0000] {processor.py:840} INFO - DAG(s) 'risk_analysis_v1' retrieved from /opt/airflow/dags/pipeline.py
[2026-02-19T02:48:11.219+0000] {logging_mixin.py:188} INFO - [2026-02-19T02:48:11.219+0000] {dag.py:3036} INFO - Sync 1 DAGs
[2026-02-19T02:48:11.236+0000] {logging_mixin.py:188} INFO - [2026-02-19T02:48:11.235+0000] {dag.py:3823} INFO - Setting next_dagrun for risk_analysis_v1 to None, run_after=None
[2026-02-19T02:48:11.261+0000] {processor.py:183} INFO - Processing /opt/airflow/dags/pipeline.py took 1.236 seconds
[2026-02-19T02:48:41.525+0000] {processor.py:161} INFO - Started process (PID=257) to work on /opt/airflow/dags/pipeline.py
[2026-02-19T02:48:41.527+0000] {processor.py:830} INFO - Processing file /opt/airflow/dags/pipeline.py for tasks to queue
[2026-02-19T02:48:41.529+0000] {logging_mixin.py:188} INFO - [2026-02-19T02:48:41.528+0000] {dagbag.py:538} INFO - Filling up the DagBag from /opt/airflow/dags/pipeline.py
[2026-02-19T02:48:42.503+0000] {processor.py:840} INFO - DAG(s) 'risk_analysis_v1' retrieved from /opt/airflow/dags/pipeline.py
[2026-02-19T02:48:42.529+0000] {logging_mixin.py:188} INFO - [2026-02-19T02:48:42.529+0000] {dag.py:3036} INFO - Sync 1 DAGs
[2026-02-19T02:48:42.542+0000] {logging_mixin.py:188} INFO - [2026-02-19T02:48:42.541+0000] {dag.py:3823} INFO - Setting next_dagrun for risk_analysis_v1 to None, run_after=None
[2026-02-19T02:48:42.565+0000] {processor.py:183} INFO - Processing /opt/airflow/dags/pipeline.py took 1.044 seconds
[2026-02-19T02:49:12.733+0000] {processor.py:161} INFO - Started process (PID=278) to work on /opt/airflow/dags/pipeline.py
[2026-02-19T02:49:12.735+0000] {processor.py:830} INFO - Processing file /opt/airflow/dags/pipeline.py for tasks to queue
[2026-02-19T02:49:12.737+0000] {logging_mixin.py:188} INFO - [2026-02-19T02:49:12.736+0000] {dagbag.py:538} INFO - Filling up the DagBag from /opt/airflow/dags/pipeline.py
[2026-02-19T02:49:13.716+0000] {processor.py:840} INFO - DAG(s) 'risk_analysis_v1' retrieved from /opt/airflow/dags/pipeline.py
[2026-02-19T02:49:13.745+0000] {logging_mixin.py:188} INFO - [2026-02-19T02:49:13.745+0000] {dag.py:3036} INFO - Sync 1 DAGs
[2026-02-19T02:49:13.758+0000] {logging_mixin.py:188} INFO - [2026-02-19T02:49:13.758+0000] {dag.py:3823} INFO - Setting next_dagrun for risk_analysis_v1 to None, run_after=None
[2026-02-19T02:49:13.783+0000] {processor.py:183} INFO - Processing /opt/airflow/dags/pipeline.py took 1.053 seconds
[2026-02-19T02:49:44.038+0000] {processor.py:161} INFO - Started process (PID=299) to work on /opt/airflow/dags/pipeline.py
[2026-02-19T02:49:44.039+0000] {processor.py:830} INFO - Processing file /opt/airflow/dags/pipeline.py for tasks to queue
[2026-02-19T02:49:44.041+0000] {logging_mixin.py:188} INFO - [2026-02-19T02:49:44.040+0000] {dagbag.py:538} INFO - Filling up the DagBag from /opt/airflow/dags/pipeline.py
[2026-02-19T02:49:45.074+0000] {processor.py:840} INFO - DAG(s) 'risk_analysis_v1' retrieved from /opt/airflow/dags/pipeline.py
[2026-02-19T02:49:45.100+0000] {logging_mixin.py:188} INFO - [2026-02-19T02:49:45.099+0000] {dag.py:3036} INFO - Sync 1 DAGs
[2026-02-19T02:49:45.112+0000] {logging_mixin.py:188} INFO - [2026-02-19T02:49:45.112+0000] {dag.py:3823} INFO - Setting next_dagrun for risk_analysis_v1 to None, run_after=None
[2026-02-19T02:49:45.137+0000] {processor.py:183} INFO - Processing /opt/airflow/dags/pipeline.py took 1.102 seconds
[2026-02-19T02:50:15.254+0000] {processor.py:161} INFO - Started process (PID=320) to work on /opt/airflow/dags/pipeline.py
[2026-02-19T02:50:15.256+0000] {processor.py:830} INFO - Processing file /opt/airflow/dags/pipeline.py for tasks to queue
[2026-02-19T02:50:15.258+0000] {logging_mixin.py:188} INFO - [2026-02-19T02:50:15.257+0000] {dagbag.py:538} INFO - Filling up the DagBag from /opt/airflow/dags/pipeline.py
[2026-02-19T02:50:16.357+0000] {processor.py:840} INFO - DAG(s) 'risk_analysis_v1' retrieved from /opt/airflow/dags/pipeline.py
[2026-02-19T02:50:16.388+0000] {logging_mixin.py:188} INFO - [2026-02-19T02:50:16.387+0000] {dag.py:3036} INFO - Sync 1 DAGs
[2026-02-19T02:50:16.402+0000] {logging_mixin.py:188} INFO - [2026-02-19T02:50:16.401+0000] {dag.py:3823} INFO - Setting next_dagrun for risk_analysis_v1 to None, run_after=None
[2026-02-19T02:50:16.432+0000] {processor.py:183} INFO - Processing /opt/airflow/dags/pipeline.py took 1.184 seconds
[2026-02-19T02:50:46.576+0000] {processor.py:161} INFO - Started process (PID=341) to work on /opt/airflow/dags/pipeline.py
[2026-02-19T02:50:46.578+0000] {processor.py:830} INFO - Processing file /opt/airflow/dags/pipeline.py for tasks to queue
[2026-02-19T02:50:46.580+0000] {logging_mixin.py:188} INFO - [2026-02-19T02:50:46.579+0000] {dagbag.py:538} INFO - Filling up the DagBag from /opt/airflow/dags/pipeline.py
[2026-02-19T02:50:47.745+0000] {processor.py:840} INFO - DAG(s) 'risk_analysis_v1' retrieved from /opt/airflow/dags/pipeline.py
[2026-02-19T02:50:47.773+0000] {logging_mixin.py:188} INFO - [2026-02-19T02:50:47.772+0000] {dag.py:3036} INFO - Sync 1 DAGs
[2026-02-19T02:50:47.789+0000] {logging_mixin.py:188} INFO - [2026-02-19T02:50:47.789+0000] {dag.py:3823} INFO - Setting next_dagrun for risk_analysis_v1 to None, run_after=None
[2026-02-19T02:50:47.814+0000] {processor.py:183} INFO - Processing /opt/airflow/dags/pipeline.py took 1.242 seconds
[2026-02-19T02:51:18.060+0000] {processor.py:161} INFO - Started process (PID=362) to work on /opt/airflow/dags/pipeline.py
[2026-02-19T02:51:18.062+0000] {processor.py:830} INFO - Processing file /opt/airflow/dags/pipeline.py for tasks to queue
[2026-02-19T02:51:18.063+0000] {logging_mixin.py:188} INFO - [2026-02-19T02:51:18.063+0000] {dagbag.py:538} INFO - Filling up the DagBag from /opt/airflow/dags/pipeline.py
[2026-02-19T02:51:19.173+0000] {processor.py:840} INFO - DAG(s) 'risk_analysis_v1' retrieved from /opt/airflow/dags/pipeline.py
[2026-02-19T02:51:19.201+0000] {logging_mixin.py:188} INFO - [2026-02-19T02:51:19.199+0000] {dag.py:3036} INFO - Sync 1 DAGs
[2026-02-19T02:51:19.214+0000] {logging_mixin.py:188} INFO - [2026-02-19T02:51:19.214+0000] {dag.py:3823} INFO - Setting next_dagrun for risk_analysis_v1 to None, run_after=None
[2026-02-19T02:51:19.239+0000] {processor.py:183} INFO - Processing /opt/airflow/dags/pipeline.py took 1.183 seconds
[2026-02-19T02:51:49.489+0000] {processor.py:161} INFO - Started process (PID=383) to work on /opt/airflow/dags/pipeline.py
[2026-02-19T02:51:49.491+0000] {processor.py:830} INFO - Processing file /opt/airflow/dags/pipeline.py for tasks to queue
[2026-02-19T02:51:49.492+0000] {logging_mixin.py:188} INFO - [2026-02-19T02:51:49.492+0000] {dagbag.py:538} INFO - Filling up the DagBag from /opt/airflow/dags/pipeline.py
[2026-02-19T02:51:50.594+0000] {processor.py:840} INFO - DAG(s) 'risk_analysis_v1' retrieved from /opt/airflow/dags/pipeline.py
[2026-02-19T02:51:50.628+0000] {logging_mixin.py:188} INFO - [2026-02-19T02:51:50.627+0000] {dag.py:3036} INFO - Sync 1 DAGs
[2026-02-19T02:51:50.641+0000] {logging_mixin.py:188} INFO - [2026-02-19T02:51:50.641+0000] {dag.py:3823} INFO - Setting next_dagrun for risk_analysis_v1 to None, run_after=None
[2026-02-19T02:51:50.668+0000] {processor.py:183} INFO - Processing /opt/airflow/dags/pipeline.py took 1.183 seconds
[2026-02-19T02:52:20.917+0000] {processor.py:161} INFO - Started process (PID=404) to work on /opt/airflow/dags/pipeline.py
[2026-02-19T02:52:20.919+0000] {processor.py:830} INFO - Processing file /opt/airflow/dags/pipeline.py for tasks to queue
[2026-02-19T02:52:20.921+0000] {logging_mixin.py:188} INFO - [2026-02-19T02:52:20.920+0000] {dagbag.py:538} INFO - Filling up the DagBag from /opt/airflow/dags/pipeline.py
[2026-02-19T02:52:21.958+0000] {processor.py:840} INFO - DAG(s) 'risk_analysis_v1' retrieved from /opt/airflow/dags/pipeline.py
[2026-02-19T02:52:21.987+0000] {logging_mixin.py:188} INFO - [2026-02-19T02:52:21.987+0000] {dag.py:3036} INFO - Sync 1 DAGs
[2026-02-19T02:52:22.001+0000] {logging_mixin.py:188} INFO - [2026-02-19T02:52:22.001+0000] {dag.py:3823} INFO - Setting next_dagrun for risk_analysis_v1 to None, run_after=None
[2026-02-19T02:52:22.026+0000] {processor.py:183} INFO - Processing /opt/airflow/dags/pipeline.py took 1.112 seconds
[2026-02-19T02:52:52.119+0000] {processor.py:161} INFO - Started process (PID=425) to work on /opt/airflow/dags/pipeline.py
[2026-02-19T02:52:52.121+0000] {processor.py:830} INFO - Processing file /opt/airflow/dags/pipeline.py for tasks to queue
[2026-02-19T02:52:52.123+0000] {logging_mixin.py:188} INFO - [2026-02-19T02:52:52.122+0000] {dagbag.py:538} INFO - Filling up the DagBag from /opt/airflow/dags/pipeline.py
[2026-02-19T02:52:53.150+0000] {processor.py:840} INFO - DAG(s) 'risk_analysis_v1' retrieved from /opt/airflow/dags/pipeline.py
[2026-02-19T02:52:53.179+0000] {logging_mixin.py:188} INFO - [2026-02-19T02:52:53.178+0000] {dag.py:3036} INFO - Sync 1 DAGs
[2026-02-19T02:52:53.193+0000] {logging_mixin.py:188} INFO - [2026-02-19T02:52:53.193+0000] {dag.py:3823} INFO - Setting next_dagrun for risk_analysis_v1 to None, run_after=None
[2026-02-19T02:52:53.219+0000] {processor.py:183} INFO - Processing /opt/airflow/dags/pipeline.py took 1.103 seconds
[2026-02-19T02:53:23.331+0000] {processor.py:161} INFO - Started process (PID=446) to work on /opt/airflow/dags/pipeline.py
[2026-02-19T02:53:23.332+0000] {processor.py:830} INFO - Processing file /opt/airflow/dags/pipeline.py for tasks to queue
[2026-02-19T02:53:23.333+0000] {logging_mixin.py:188} INFO - [2026-02-19T02:53:23.333+0000] {dagbag.py:538} INFO - Filling up the DagBag from /opt/airflow/dags/pipeline.py
[2026-02-19T02:53:24.444+0000] {processor.py:840} INFO - DAG(s) 'risk_analysis_v1' retrieved from /opt/airflow/dags/pipeline.py
[2026-02-19T02:53:24.476+0000] {logging_mixin.py:188} INFO - [2026-02-19T02:53:24.475+0000] {dag.py:3036} INFO - Sync 1 DAGs
[2026-02-19T02:53:24.491+0000] {logging_mixin.py:188} INFO - [2026-02-19T02:53:24.490+0000] {dag.py:3823} INFO - Setting next_dagrun for risk_analysis_v1 to None, run_after=None
[2026-02-19T02:53:24.519+0000] {processor.py:183} INFO - Processing /opt/airflow/dags/pipeline.py took 1.193 seconds
[2026-02-19T02:53:54.672+0000] {processor.py:161} INFO - Started process (PID=467) to work on /opt/airflow/dags/pipeline.py
[2026-02-19T02:53:54.674+0000] {processor.py:830} INFO - Processing file /opt/airflow/dags/pipeline.py for tasks to queue
[2026-02-19T02:53:54.675+0000] {logging_mixin.py:188} INFO - [2026-02-19T02:53:54.675+0000] {dagbag.py:538} INFO - Filling up the DagBag from /opt/airflow/dags/pipeline.py
[2026-02-19T02:53:55.696+0000] {processor.py:840} INFO - DAG(s) 'risk_analysis_v1' retrieved from /opt/airflow/dags/pipeline.py
[2026-02-19T02:53:55.725+0000] {logging_mixin.py:188} INFO - [2026-02-19T02:53:55.725+0000] {dag.py:3036} INFO - Sync 1 DAGs
[2026-02-19T02:53:55.739+0000] {logging_mixin.py:188} INFO - [2026-02-19T02:53:55.739+0000] {dag.py:3823} INFO - Setting next_dagrun for risk_analysis_v1 to None, run_after=None
[2026-02-19T02:53:55.765+0000] {processor.py:183} INFO - Processing /opt/airflow/dags/pipeline.py took 1.097 seconds
[2026-02-19T02:54:26.005+0000] {processor.py:161} INFO - Started process (PID=488) to work on /opt/airflow/dags/pipeline.py
[2026-02-19T02:54:26.007+0000] {processor.py:830} INFO - Processing file /opt/airflow/dags/pipeline.py for tasks to queue
[2026-02-19T02:54:26.009+0000] {logging_mixin.py:188} INFO - [2026-02-19T02:54:26.008+0000] {dagbag.py:538} INFO - Filling up the DagBag from /opt/airflow/dags/pipeline.py
[2026-02-19T02:54:27.227+0000] {processor.py:840} INFO - DAG(s) 'risk_analysis_v1' retrieved from /opt/airflow/dags/pipeline.py
[2026-02-19T02:54:27.275+0000] {logging_mixin.py:188} INFO - [2026-02-19T02:54:27.272+0000] {dag.py:3036} INFO - Sync 1 DAGs
[2026-02-19T02:54:27.290+0000] {logging_mixin.py:188} INFO - [2026-02-19T02:54:27.289+0000] {dag.py:3823} INFO - Setting next_dagrun for risk_analysis_v1 to None, run_after=None
[2026-02-19T02:54:27.335+0000] {processor.py:183} INFO - Processing /opt/airflow/dags/pipeline.py took 1.333 seconds
[2026-02-19T02:55:35.051+0000] {processor.py:161} INFO - Started process (PID=63) to work on /opt/airflow/dags/pipeline.py
[2026-02-19T02:55:35.053+0000] {processor.py:830} INFO - Processing file /opt/airflow/dags/pipeline.py for tasks to queue
[2026-02-19T02:55:35.054+0000] {logging_mixin.py:188} INFO - [2026-02-19T02:55:35.054+0000] {dagbag.py:538} INFO - Filling up the DagBag from /opt/airflow/dags/pipeline.py
[2026-02-19T02:55:37.261+0000] {processor.py:840} INFO - DAG(s) 'risk_analysis_v1' retrieved from /opt/airflow/dags/pipeline.py
[2026-02-19T02:55:37.518+0000] {logging_mixin.py:188} INFO - [2026-02-19T02:55:37.517+0000] {override.py:1769} INFO - Created Permission View: can edit on DAG:risk_analysis_v1
[2026-02-19T02:55:37.531+0000] {logging_mixin.py:188} INFO - [2026-02-19T02:55:37.531+0000] {override.py:1769} INFO - Created Permission View: can read on DAG:risk_analysis_v1
[2026-02-19T02:55:37.541+0000] {logging_mixin.py:188} INFO - [2026-02-19T02:55:37.541+0000] {override.py:1769} INFO - Created Permission View: can delete on DAG:risk_analysis_v1
[2026-02-19T02:55:37.542+0000] {logging_mixin.py:188} INFO - [2026-02-19T02:55:37.542+0000] {dag.py:3036} INFO - Sync 1 DAGs
[2026-02-19T02:55:37.553+0000] {logging_mixin.py:188} WARNING - /home/airflow/.local/lib/python3.8/site-packages/airflow/models/dag.py:3574 DeprecationWarning: The dag_concurrency option in [core] has been renamed to max_active_tasks_per_dag - the old setting has been used, but please update your config.
[2026-02-19T02:55:37.555+0000] {logging_mixin.py:188} INFO - [2026-02-19T02:55:37.554+0000] {dag.py:3058} INFO - Creating ORM DAG for risk_analysis_v1
[2026-02-19T02:55:37.556+0000] {logging_mixin.py:188} INFO - [2026-02-19T02:55:37.555+0000] {dag.py:3823} INFO - Setting next_dagrun for risk_analysis_v1 to None, run_after=None
[2026-02-19T02:55:37.578+0000] {processor.py:183} INFO - Processing /opt/airflow/dags/pipeline.py took 2.530 seconds
[2026-02-19T02:56:07.847+0000] {processor.py:161} INFO - Started process (PID=86) to work on /opt/airflow/dags/pipeline.py
[2026-02-19T02:56:07.850+0000] {processor.py:830} INFO - Processing file /opt/airflow/dags/pipeline.py for tasks to queue
[2026-02-19T02:56:07.852+0000] {logging_mixin.py:188} INFO - [2026-02-19T02:56:07.851+0000] {dagbag.py:538} INFO - Filling up the DagBag from /opt/airflow/dags/pipeline.py
[2026-02-19T02:56:09.093+0000] {processor.py:840} INFO - DAG(s) 'risk_analysis_v1' retrieved from /opt/airflow/dags/pipeline.py
[2026-02-19T02:56:09.140+0000] {logging_mixin.py:188} INFO - [2026-02-19T02:56:09.140+0000] {dag.py:3036} INFO - Sync 1 DAGs
[2026-02-19T02:56:09.160+0000] {logging_mixin.py:188} INFO - [2026-02-19T02:56:09.160+0000] {dag.py:3823} INFO - Setting next_dagrun for risk_analysis_v1 to None, run_after=None
[2026-02-19T02:56:09.185+0000] {processor.py:183} INFO - Processing /opt/airflow/dags/pipeline.py took 1.345 seconds
[2026-02-19T02:56:39.438+0000] {processor.py:161} INFO - Started process (PID=129) to work on /opt/airflow/dags/pipeline.py
[2026-02-19T02:56:39.440+0000] {processor.py:830} INFO - Processing file /opt/airflow/dags/pipeline.py for tasks to queue
[2026-02-19T02:56:39.441+0000] {logging_mixin.py:188} INFO - [2026-02-19T02:56:39.441+0000] {dagbag.py:538} INFO - Filling up the DagBag from /opt/airflow/dags/pipeline.py
[2026-02-19T02:56:40.464+0000] {processor.py:840} INFO - DAG(s) 'risk_analysis_v1' retrieved from /opt/airflow/dags/pipeline.py
[2026-02-19T02:56:40.492+0000] {logging_mixin.py:188} INFO - [2026-02-19T02:56:40.492+0000] {dag.py:3036} INFO - Sync 1 DAGs
[2026-02-19T02:56:40.504+0000] {logging_mixin.py:188} INFO - [2026-02-19T02:56:40.504+0000] {dag.py:3823} INFO - Setting next_dagrun for risk_analysis_v1 to None, run_after=None
[2026-02-19T02:56:40.529+0000] {processor.py:183} INFO - Processing /opt/airflow/dags/pipeline.py took 1.095 seconds
[2026-02-19T02:57:10.647+0000] {processor.py:161} INFO - Started process (PID=150) to work on /opt/airflow/dags/pipeline.py
[2026-02-19T02:57:10.649+0000] {processor.py:830} INFO - Processing file /opt/airflow/dags/pipeline.py for tasks to queue
[2026-02-19T02:57:10.650+0000] {logging_mixin.py:188} INFO - [2026-02-19T02:57:10.650+0000] {dagbag.py:538} INFO - Filling up the DagBag from /opt/airflow/dags/pipeline.py
[2026-02-19T02:57:11.697+0000] {processor.py:840} INFO - DAG(s) 'risk_analysis_v1' retrieved from /opt/airflow/dags/pipeline.py
[2026-02-19T02:57:11.732+0000] {logging_mixin.py:188} INFO - [2026-02-19T02:57:11.731+0000] {dag.py:3036} INFO - Sync 1 DAGs
[2026-02-19T02:57:11.744+0000] {logging_mixin.py:188} INFO - [2026-02-19T02:57:11.744+0000] {dag.py:3823} INFO - Setting next_dagrun for risk_analysis_v1 to None, run_after=None
[2026-02-19T02:57:11.773+0000] {processor.py:183} INFO - Processing /opt/airflow/dags/pipeline.py took 1.131 seconds
[2026-02-19T02:57:41.982+0000] {processor.py:161} INFO - Started process (PID=221) to work on /opt/airflow/dags/pipeline.py
[2026-02-19T02:57:41.984+0000] {processor.py:830} INFO - Processing file /opt/airflow/dags/pipeline.py for tasks to queue
[2026-02-19T02:57:41.987+0000] {logging_mixin.py:188} INFO - [2026-02-19T02:57:41.986+0000] {dagbag.py:538} INFO - Filling up the DagBag from /opt/airflow/dags/pipeline.py
[2026-02-19T02:57:43.085+0000] {processor.py:840} INFO - DAG(s) 'risk_analysis_v1' retrieved from /opt/airflow/dags/pipeline.py
[2026-02-19T02:57:43.116+0000] {logging_mixin.py:188} INFO - [2026-02-19T02:57:43.115+0000] {dag.py:3036} INFO - Sync 1 DAGs
[2026-02-19T02:57:43.132+0000] {logging_mixin.py:188} INFO - [2026-02-19T02:57:43.131+0000] {dag.py:3823} INFO - Setting next_dagrun for risk_analysis_v1 to None, run_after=None
[2026-02-19T02:57:43.159+0000] {processor.py:183} INFO - Processing /opt/airflow/dags/pipeline.py took 1.182 seconds
[2026-02-19T02:58:13.414+0000] {processor.py:161} INFO - Started process (PID=242) to work on /opt/airflow/dags/pipeline.py
[2026-02-19T02:58:13.416+0000] {processor.py:830} INFO - Processing file /opt/airflow/dags/pipeline.py for tasks to queue
[2026-02-19T02:58:13.417+0000] {logging_mixin.py:188} INFO - [2026-02-19T02:58:13.417+0000] {dagbag.py:538} INFO - Filling up the DagBag from /opt/airflow/dags/pipeline.py
[2026-02-19T02:58:14.478+0000] {processor.py:840} INFO - DAG(s) 'risk_analysis_v1' retrieved from /opt/airflow/dags/pipeline.py
[2026-02-19T02:58:14.504+0000] {logging_mixin.py:188} INFO - [2026-02-19T02:58:14.503+0000] {dag.py:3036} INFO - Sync 1 DAGs
[2026-02-19T02:58:14.515+0000] {logging_mixin.py:188} INFO - [2026-02-19T02:58:14.515+0000] {dag.py:3823} INFO - Setting next_dagrun for risk_analysis_v1 to None, run_after=None
[2026-02-19T02:58:14.541+0000] {processor.py:183} INFO - Processing /opt/airflow/dags/pipeline.py took 1.131 seconds
[2026-02-19T02:58:44.624+0000] {processor.py:161} INFO - Started process (PID=263) to work on /opt/airflow/dags/pipeline.py
[2026-02-19T02:58:44.626+0000] {processor.py:830} INFO - Processing file /opt/airflow/dags/pipeline.py for tasks to queue
[2026-02-19T02:58:44.627+0000] {logging_mixin.py:188} INFO - [2026-02-19T02:58:44.627+0000] {dagbag.py:538} INFO - Filling up the DagBag from /opt/airflow/dags/pipeline.py
[2026-02-19T02:58:45.609+0000] {processor.py:840} INFO - DAG(s) 'risk_analysis_v1' retrieved from /opt/airflow/dags/pipeline.py
[2026-02-19T02:58:45.634+0000] {logging_mixin.py:188} INFO - [2026-02-19T02:58:45.634+0000] {dag.py:3036} INFO - Sync 1 DAGs
[2026-02-19T02:58:45.646+0000] {logging_mixin.py:188} INFO - [2026-02-19T02:58:45.646+0000] {dag.py:3823} INFO - Setting next_dagrun for risk_analysis_v1 to None, run_after=None
[2026-02-19T02:58:45.671+0000] {processor.py:183} INFO - Processing /opt/airflow/dags/pipeline.py took 1.053 seconds
[2026-02-19T02:59:15.825+0000] {processor.py:161} INFO - Started process (PID=290) to work on /opt/airflow/dags/pipeline.py
[2026-02-19T02:59:15.826+0000] {processor.py:830} INFO - Processing file /opt/airflow/dags/pipeline.py for tasks to queue
[2026-02-19T02:59:15.828+0000] {logging_mixin.py:188} INFO - [2026-02-19T02:59:15.828+0000] {dagbag.py:538} INFO - Filling up the DagBag from /opt/airflow/dags/pipeline.py
[2026-02-19T02:59:16.792+0000] {processor.py:840} INFO - DAG(s) 'risk_analysis_v1' retrieved from /opt/airflow/dags/pipeline.py
[2026-02-19T02:59:16.819+0000] {logging_mixin.py:188} INFO - [2026-02-19T02:59:16.818+0000] {dag.py:3036} INFO - Sync 1 DAGs
[2026-02-19T02:59:16.832+0000] {logging_mixin.py:188} INFO - [2026-02-19T02:59:16.831+0000] {dag.py:3823} INFO - Setting next_dagrun for risk_analysis_v1 to None, run_after=None
[2026-02-19T02:59:16.856+0000] {processor.py:183} INFO - Processing /opt/airflow/dags/pipeline.py took 1.036 seconds
[2026-02-19T02:59:47.119+0000] {processor.py:161} INFO - Started process (PID=311) to work on /opt/airflow/dags/pipeline.py
[2026-02-19T02:59:47.120+0000] {processor.py:830} INFO - Processing file /opt/airflow/dags/pipeline.py for tasks to queue
[2026-02-19T02:59:47.122+0000] {logging_mixin.py:188} INFO - [2026-02-19T02:59:47.121+0000] {dagbag.py:538} INFO - Filling up the DagBag from /opt/airflow/dags/pipeline.py
[2026-02-19T02:59:48.071+0000] {processor.py:840} INFO - DAG(s) 'risk_analysis_v1' retrieved from /opt/airflow/dags/pipeline.py
[2026-02-19T02:59:48.097+0000] {logging_mixin.py:188} INFO - [2026-02-19T02:59:48.097+0000] {dag.py:3036} INFO - Sync 1 DAGs
[2026-02-19T02:59:48.109+0000] {logging_mixin.py:188} INFO - [2026-02-19T02:59:48.108+0000] {dag.py:3823} INFO - Setting next_dagrun for risk_analysis_v1 to None, run_after=None
[2026-02-19T02:59:48.131+0000] {processor.py:183} INFO - Processing /opt/airflow/dags/pipeline.py took 1.016 seconds
[2026-02-19T03:00:18.330+0000] {processor.py:161} INFO - Started process (PID=332) to work on /opt/airflow/dags/pipeline.py
[2026-02-19T03:00:18.331+0000] {processor.py:830} INFO - Processing file /opt/airflow/dags/pipeline.py for tasks to queue
[2026-02-19T03:00:18.333+0000] {logging_mixin.py:188} INFO - [2026-02-19T03:00:18.333+0000] {dagbag.py:538} INFO - Filling up the DagBag from /opt/airflow/dags/pipeline.py
[2026-02-19T03:00:19.251+0000] {processor.py:840} INFO - DAG(s) 'risk_analysis_v1' retrieved from /opt/airflow/dags/pipeline.py
[2026-02-19T03:00:19.277+0000] {logging_mixin.py:188} INFO - [2026-02-19T03:00:19.276+0000] {dag.py:3036} INFO - Sync 1 DAGs
[2026-02-19T03:00:19.288+0000] {logging_mixin.py:188} INFO - [2026-02-19T03:00:19.287+0000] {dag.py:3823} INFO - Setting next_dagrun for risk_analysis_v1 to None, run_after=None
[2026-02-19T03:00:19.309+0000] {processor.py:183} INFO - Processing /opt/airflow/dags/pipeline.py took 0.983 seconds
[2026-02-19T03:00:49.585+0000] {processor.py:161} INFO - Started process (PID=353) to work on /opt/airflow/dags/pipeline.py
[2026-02-19T03:00:49.587+0000] {processor.py:830} INFO - Processing file /opt/airflow/dags/pipeline.py for tasks to queue
[2026-02-19T03:00:49.588+0000] {logging_mixin.py:188} INFO - [2026-02-19T03:00:49.588+0000] {dagbag.py:538} INFO - Filling up the DagBag from /opt/airflow/dags/pipeline.py
[2026-02-19T03:00:50.606+0000] {processor.py:840} INFO - DAG(s) 'risk_analysis_v1' retrieved from /opt/airflow/dags/pipeline.py
[2026-02-19T03:00:50.631+0000] {logging_mixin.py:188} INFO - [2026-02-19T03:00:50.630+0000] {dag.py:3036} INFO - Sync 1 DAGs
[2026-02-19T03:00:50.643+0000] {logging_mixin.py:188} INFO - [2026-02-19T03:00:50.643+0000] {dag.py:3823} INFO - Setting next_dagrun for risk_analysis_v1 to None, run_after=None
[2026-02-19T03:00:50.669+0000] {processor.py:183} INFO - Processing /opt/airflow/dags/pipeline.py took 1.087 seconds
[2026-02-19T03:01:20.800+0000] {processor.py:161} INFO - Started process (PID=374) to work on /opt/airflow/dags/pipeline.py
[2026-02-19T03:01:20.802+0000] {processor.py:830} INFO - Processing file /opt/airflow/dags/pipeline.py for tasks to queue
[2026-02-19T03:01:20.803+0000] {logging_mixin.py:188} INFO - [2026-02-19T03:01:20.803+0000] {dagbag.py:538} INFO - Filling up the DagBag from /opt/airflow/dags/pipeline.py
[2026-02-19T03:01:21.851+0000] {processor.py:840} INFO - DAG(s) 'risk_analysis_v1' retrieved from /opt/airflow/dags/pipeline.py
[2026-02-19T03:01:21.876+0000] {logging_mixin.py:188} INFO - [2026-02-19T03:01:21.875+0000] {dag.py:3036} INFO - Sync 1 DAGs
[2026-02-19T03:01:21.887+0000] {logging_mixin.py:188} INFO - [2026-02-19T03:01:21.886+0000] {dag.py:3823} INFO - Setting next_dagrun for risk_analysis_v1 to None, run_after=None
[2026-02-19T03:01:21.912+0000] {processor.py:183} INFO - Processing /opt/airflow/dags/pipeline.py took 1.117 seconds
[2026-02-19T03:01:52.132+0000] {processor.py:161} INFO - Started process (PID=395) to work on /opt/airflow/dags/pipeline.py
[2026-02-19T03:01:52.134+0000] {processor.py:830} INFO - Processing file /opt/airflow/dags/pipeline.py for tasks to queue
[2026-02-19T03:01:52.135+0000] {logging_mixin.py:188} INFO - [2026-02-19T03:01:52.135+0000] {dagbag.py:538} INFO - Filling up the DagBag from /opt/airflow/dags/pipeline.py
[2026-02-19T03:01:53.192+0000] {processor.py:840} INFO - DAG(s) 'risk_analysis_v1' retrieved from /opt/airflow/dags/pipeline.py
[2026-02-19T03:01:53.217+0000] {logging_mixin.py:188} INFO - [2026-02-19T03:01:53.216+0000] {dag.py:3036} INFO - Sync 1 DAGs
[2026-02-19T03:01:53.234+0000] {logging_mixin.py:188} INFO - [2026-02-19T03:01:53.233+0000] {dag.py:3823} INFO - Setting next_dagrun for risk_analysis_v1 to None, run_after=None
[2026-02-19T03:01:53.264+0000] {processor.py:183} INFO - Processing /opt/airflow/dags/pipeline.py took 1.136 seconds
[2026-02-19T03:02:23.355+0000] {processor.py:161} INFO - Started process (PID=416) to work on /opt/airflow/dags/pipeline.py
[2026-02-19T03:02:23.357+0000] {processor.py:830} INFO - Processing file /opt/airflow/dags/pipeline.py for tasks to queue
[2026-02-19T03:02:23.358+0000] {logging_mixin.py:188} INFO - [2026-02-19T03:02:23.358+0000] {dagbag.py:538} INFO - Filling up the DagBag from /opt/airflow/dags/pipeline.py
[2026-02-19T03:02:24.319+0000] {processor.py:840} INFO - DAG(s) 'risk_analysis_v1' retrieved from /opt/airflow/dags/pipeline.py
[2026-02-19T03:02:24.346+0000] {logging_mixin.py:188} INFO - [2026-02-19T03:02:24.344+0000] {dag.py:3036} INFO - Sync 1 DAGs
[2026-02-19T03:02:24.359+0000] {logging_mixin.py:188} INFO - [2026-02-19T03:02:24.358+0000] {dag.py:3823} INFO - Setting next_dagrun for risk_analysis_v1 to None, run_after=None
[2026-02-19T03:02:24.383+0000] {processor.py:183} INFO - Processing /opt/airflow/dags/pipeline.py took 1.033 seconds
[2026-02-19T03:02:54.585+0000] {processor.py:161} INFO - Started process (PID=437) to work on /opt/airflow/dags/pipeline.py
[2026-02-19T03:02:54.587+0000] {processor.py:830} INFO - Processing file /opt/airflow/dags/pipeline.py for tasks to queue
[2026-02-19T03:02:54.590+0000] {logging_mixin.py:188} INFO - [2026-02-19T03:02:54.589+0000] {dagbag.py:538} INFO - Filling up the DagBag from /opt/airflow/dags/pipeline.py
[2026-02-19T03:02:55.528+0000] {processor.py:840} INFO - DAG(s) 'risk_analysis_v1' retrieved from /opt/airflow/dags/pipeline.py
[2026-02-19T03:02:55.553+0000] {logging_mixin.py:188} INFO - [2026-02-19T03:02:55.552+0000] {dag.py:3036} INFO - Sync 1 DAGs
[2026-02-19T03:02:55.563+0000] {logging_mixin.py:188} INFO - [2026-02-19T03:02:55.563+0000] {dag.py:3823} INFO - Setting next_dagrun for risk_analysis_v1 to None, run_after=None
[2026-02-19T03:02:55.588+0000] {processor.py:183} INFO - Processing /opt/airflow/dags/pipeline.py took 1.007 seconds
[2026-02-19T03:03:25.859+0000] {processor.py:161} INFO - Started process (PID=458) to work on /opt/airflow/dags/pipeline.py
[2026-02-19T03:03:25.861+0000] {processor.py:830} INFO - Processing file /opt/airflow/dags/pipeline.py for tasks to queue
[2026-02-19T03:03:25.862+0000] {logging_mixin.py:188} INFO - [2026-02-19T03:03:25.862+0000] {dagbag.py:538} INFO - Filling up the DagBag from /opt/airflow/dags/pipeline.py
[2026-02-19T03:03:26.814+0000] {processor.py:840} INFO - DAG(s) 'risk_analysis_v1' retrieved from /opt/airflow/dags/pipeline.py
[2026-02-19T03:03:26.839+0000] {logging_mixin.py:188} INFO - [2026-02-19T03:03:26.838+0000] {dag.py:3036} INFO - Sync 1 DAGs
[2026-02-19T03:03:26.851+0000] {logging_mixin.py:188} INFO - [2026-02-19T03:03:26.851+0000] {dag.py:3823} INFO - Setting next_dagrun for risk_analysis_v1 to None, run_after=None
[2026-02-19T03:03:26.873+0000] {processor.py:183} INFO - Processing /opt/airflow/dags/pipeline.py took 1.018 seconds
[2026-02-19T03:03:57.075+0000] {processor.py:161} INFO - Started process (PID=479) to work on /opt/airflow/dags/pipeline.py
[2026-02-19T03:03:57.076+0000] {processor.py:830} INFO - Processing file /opt/airflow/dags/pipeline.py for tasks to queue
[2026-02-19T03:03:57.078+0000] {logging_mixin.py:188} INFO - [2026-02-19T03:03:57.077+0000] {dagbag.py:538} INFO - Filling up the DagBag from /opt/airflow/dags/pipeline.py
[2026-02-19T03:03:58.077+0000] {processor.py:840} INFO - DAG(s) 'risk_analysis_v1' retrieved from /opt/airflow/dags/pipeline.py
[2026-02-19T03:03:58.105+0000] {logging_mixin.py:188} INFO - [2026-02-19T03:03:58.104+0000] {dag.py:3036} INFO - Sync 1 DAGs
[2026-02-19T03:03:58.117+0000] {logging_mixin.py:188} INFO - [2026-02-19T03:03:58.117+0000] {dag.py:3823} INFO - Setting next_dagrun for risk_analysis_v1 to None, run_after=None
[2026-02-19T03:03:58.146+0000] {processor.py:183} INFO - Processing /opt/airflow/dags/pipeline.py took 1.076 seconds
[2026-02-19T03:04:28.323+0000] {processor.py:161} INFO - Started process (PID=500) to work on /opt/airflow/dags/pipeline.py
[2026-02-19T03:04:28.325+0000] {processor.py:830} INFO - Processing file /opt/airflow/dags/pipeline.py for tasks to queue
[2026-02-19T03:04:28.327+0000] {logging_mixin.py:188} INFO - [2026-02-19T03:04:28.326+0000] {dagbag.py:538} INFO - Filling up the DagBag from /opt/airflow/dags/pipeline.py
[2026-02-19T03:04:29.366+0000] {processor.py:840} INFO - DAG(s) 'risk_analysis_v1' retrieved from /opt/airflow/dags/pipeline.py
[2026-02-19T03:04:29.394+0000] {logging_mixin.py:188} INFO - [2026-02-19T03:04:29.393+0000] {dag.py:3036} INFO - Sync 1 DAGs
[2026-02-19T03:04:29.407+0000] {logging_mixin.py:188} INFO - [2026-02-19T03:04:29.406+0000] {dag.py:3823} INFO - Setting next_dagrun for risk_analysis_v1 to None, run_after=None
[2026-02-19T03:04:29.430+0000] {processor.py:183} INFO - Processing /opt/airflow/dags/pipeline.py took 1.111 seconds
[2026-02-19T03:04:59.576+0000] {processor.py:161} INFO - Started process (PID=529) to work on /opt/airflow/dags/pipeline.py
[2026-02-19T03:04:59.577+0000] {processor.py:830} INFO - Processing file /opt/airflow/dags/pipeline.py for tasks to queue
[2026-02-19T03:04:59.579+0000] {logging_mixin.py:188} INFO - [2026-02-19T03:04:59.579+0000] {dagbag.py:538} INFO - Filling up the DagBag from /opt/airflow/dags/pipeline.py
[2026-02-19T03:05:00.634+0000] {processor.py:840} INFO - DAG(s) 'risk_analysis_v1' retrieved from /opt/airflow/dags/pipeline.py
[2026-02-19T03:05:00.661+0000] {logging_mixin.py:188} INFO - [2026-02-19T03:05:00.660+0000] {dag.py:3036} INFO - Sync 1 DAGs
[2026-02-19T03:05:00.674+0000] {logging_mixin.py:188} INFO - [2026-02-19T03:05:00.673+0000] {dag.py:3823} INFO - Setting next_dagrun for risk_analysis_v1 to None, run_after=None
[2026-02-19T03:05:00.701+0000] {processor.py:183} INFO - Processing /opt/airflow/dags/pipeline.py took 1.129 seconds
[2026-02-19T03:05:30.874+0000] {processor.py:161} INFO - Started process (PID=550) to work on /opt/airflow/dags/pipeline.py
[2026-02-19T03:05:30.875+0000] {processor.py:830} INFO - Processing file /opt/airflow/dags/pipeline.py for tasks to queue
[2026-02-19T03:05:30.877+0000] {logging_mixin.py:188} INFO - [2026-02-19T03:05:30.876+0000] {dagbag.py:538} INFO - Filling up the DagBag from /opt/airflow/dags/pipeline.py
[2026-02-19T03:05:31.979+0000] {processor.py:840} INFO - DAG(s) 'risk_analysis_v1' retrieved from /opt/airflow/dags/pipeline.py
[2026-02-19T03:05:32.006+0000] {logging_mixin.py:188} INFO - [2026-02-19T03:05:32.004+0000] {dag.py:3036} INFO - Sync 1 DAGs
[2026-02-19T03:05:32.019+0000] {logging_mixin.py:188} INFO - [2026-02-19T03:05:32.018+0000] {dag.py:3823} INFO - Setting next_dagrun for risk_analysis_v1 to None, run_after=None
[2026-02-19T03:05:32.043+0000] {processor.py:183} INFO - Processing /opt/airflow/dags/pipeline.py took 1.174 seconds
[2026-02-19T03:06:02.181+0000] {processor.py:161} INFO - Started process (PID=571) to work on /opt/airflow/dags/pipeline.py
[2026-02-19T03:06:02.183+0000] {processor.py:830} INFO - Processing file /opt/airflow/dags/pipeline.py for tasks to queue
[2026-02-19T03:06:02.184+0000] {logging_mixin.py:188} INFO - [2026-02-19T03:06:02.184+0000] {dagbag.py:538} INFO - Filling up the DagBag from /opt/airflow/dags/pipeline.py
[2026-02-19T03:06:03.197+0000] {processor.py:840} INFO - DAG(s) 'risk_analysis_v1' retrieved from /opt/airflow/dags/pipeline.py
[2026-02-19T03:06:03.225+0000] {logging_mixin.py:188} INFO - [2026-02-19T03:06:03.225+0000] {dag.py:3036} INFO - Sync 1 DAGs
[2026-02-19T03:06:03.238+0000] {logging_mixin.py:188} INFO - [2026-02-19T03:06:03.237+0000] {dag.py:3823} INFO - Setting next_dagrun for risk_analysis_v1 to None, run_after=None
[2026-02-19T03:06:03.264+0000] {processor.py:183} INFO - Processing /opt/airflow/dags/pipeline.py took 1.087 seconds
[2026-02-19T03:06:33.507+0000] {processor.py:161} INFO - Started process (PID=594) to work on /opt/airflow/dags/pipeline.py
[2026-02-19T03:06:33.509+0000] {processor.py:830} INFO - Processing file /opt/airflow/dags/pipeline.py for tasks to queue
[2026-02-19T03:06:33.510+0000] {logging_mixin.py:188} INFO - [2026-02-19T03:06:33.510+0000] {dagbag.py:538} INFO - Filling up the DagBag from /opt/airflow/dags/pipeline.py
[2026-02-19T03:06:34.504+0000] {processor.py:840} INFO - DAG(s) 'risk_analysis_v1' retrieved from /opt/airflow/dags/pipeline.py
[2026-02-19T03:06:34.531+0000] {logging_mixin.py:188} INFO - [2026-02-19T03:06:34.530+0000] {dag.py:3036} INFO - Sync 1 DAGs
[2026-02-19T03:06:34.543+0000] {logging_mixin.py:188} INFO - [2026-02-19T03:06:34.542+0000] {dag.py:3823} INFO - Setting next_dagrun for risk_analysis_v1 to None, run_after=None
[2026-02-19T03:06:34.567+0000] {processor.py:183} INFO - Processing /opt/airflow/dags/pipeline.py took 1.063 seconds
[2026-02-19T03:07:04.739+0000] {processor.py:161} INFO - Started process (PID=615) to work on /opt/airflow/dags/pipeline.py
[2026-02-19T03:07:04.741+0000] {processor.py:830} INFO - Processing file /opt/airflow/dags/pipeline.py for tasks to queue
[2026-02-19T03:07:04.743+0000] {logging_mixin.py:188} INFO - [2026-02-19T03:07:04.743+0000] {dagbag.py:538} INFO - Filling up the DagBag from /opt/airflow/dags/pipeline.py
[2026-02-19T03:07:05.771+0000] {processor.py:840} INFO - DAG(s) 'risk_analysis_v1' retrieved from /opt/airflow/dags/pipeline.py
[2026-02-19T03:07:05.798+0000] {logging_mixin.py:188} INFO - [2026-02-19T03:07:05.798+0000] {dag.py:3036} INFO - Sync 1 DAGs
[2026-02-19T03:07:05.810+0000] {logging_mixin.py:188} INFO - [2026-02-19T03:07:05.810+0000] {dag.py:3823} INFO - Setting next_dagrun for risk_analysis_v1 to None, run_after=None
[2026-02-19T03:07:05.859+0000] {processor.py:183} INFO - Processing /opt/airflow/dags/pipeline.py took 1.123 seconds
[2026-02-19T03:07:35.997+0000] {processor.py:161} INFO - Started process (PID=636) to work on /opt/airflow/dags/pipeline.py
[2026-02-19T03:07:35.999+0000] {processor.py:830} INFO - Processing file /opt/airflow/dags/pipeline.py for tasks to queue
[2026-02-19T03:07:36.000+0000] {logging_mixin.py:188} INFO - [2026-02-19T03:07:36.000+0000] {dagbag.py:538} INFO - Filling up the DagBag from /opt/airflow/dags/pipeline.py
[2026-02-19T03:07:36.925+0000] {processor.py:840} INFO - DAG(s) 'risk_analysis_v1' retrieved from /opt/airflow/dags/pipeline.py
[2026-02-19T03:07:36.949+0000] {logging_mixin.py:188} INFO - [2026-02-19T03:07:36.948+0000] {dag.py:3036} INFO - Sync 1 DAGs
[2026-02-19T03:07:36.960+0000] {logging_mixin.py:188} INFO - [2026-02-19T03:07:36.960+0000] {dag.py:3823} INFO - Setting next_dagrun for risk_analysis_v1 to None, run_after=None
[2026-02-19T03:07:36.983+0000] {processor.py:183} INFO - Processing /opt/airflow/dags/pipeline.py took 0.990 seconds
[2026-02-19T03:08:07.210+0000] {processor.py:161} INFO - Started process (PID=657) to work on /opt/airflow/dags/pipeline.py
[2026-02-19T03:08:07.212+0000] {processor.py:830} INFO - Processing file /opt/airflow/dags/pipeline.py for tasks to queue
[2026-02-19T03:08:07.214+0000] {logging_mixin.py:188} INFO - [2026-02-19T03:08:07.213+0000] {dagbag.py:538} INFO - Filling up the DagBag from /opt/airflow/dags/pipeline.py
[2026-02-19T03:08:08.174+0000] {processor.py:840} INFO - DAG(s) 'risk_analysis_v1' retrieved from /opt/airflow/dags/pipeline.py
[2026-02-19T03:08:08.201+0000] {logging_mixin.py:188} INFO - [2026-02-19T03:08:08.200+0000] {dag.py:3036} INFO - Sync 1 DAGs
[2026-02-19T03:08:08.215+0000] {logging_mixin.py:188} INFO - [2026-02-19T03:08:08.214+0000] {dag.py:3823} INFO - Setting next_dagrun for risk_analysis_v1 to None, run_after=None
[2026-02-19T03:08:08.239+0000] {processor.py:183} INFO - Processing /opt/airflow/dags/pipeline.py took 1.032 seconds
[2026-02-19T03:08:38.431+0000] {processor.py:161} INFO - Started process (PID=678) to work on /opt/airflow/dags/pipeline.py
[2026-02-19T03:08:38.433+0000] {processor.py:830} INFO - Processing file /opt/airflow/dags/pipeline.py for tasks to queue
[2026-02-19T03:08:38.434+0000] {logging_mixin.py:188} INFO - [2026-02-19T03:08:38.434+0000] {dagbag.py:538} INFO - Filling up the DagBag from /opt/airflow/dags/pipeline.py
[2026-02-19T03:08:39.370+0000] {processor.py:840} INFO - DAG(s) 'risk_analysis_v1' retrieved from /opt/airflow/dags/pipeline.py
[2026-02-19T03:08:39.395+0000] {logging_mixin.py:188} INFO - [2026-02-19T03:08:39.394+0000] {dag.py:3036} INFO - Sync 1 DAGs
[2026-02-19T03:08:39.406+0000] {logging_mixin.py:188} INFO - [2026-02-19T03:08:39.406+0000] {dag.py:3823} INFO - Setting next_dagrun for risk_analysis_v1 to None, run_after=None
[2026-02-19T03:08:39.428+0000] {processor.py:183} INFO - Processing /opt/airflow/dags/pipeline.py took 1.001 seconds
[2026-02-19T03:09:09.682+0000] {processor.py:161} INFO - Started process (PID=699) to work on /opt/airflow/dags/pipeline.py
[2026-02-19T03:09:09.683+0000] {processor.py:830} INFO - Processing file /opt/airflow/dags/pipeline.py for tasks to queue
[2026-02-19T03:09:09.684+0000] {logging_mixin.py:188} INFO - [2026-02-19T03:09:09.684+0000] {dagbag.py:538} INFO - Filling up the DagBag from /opt/airflow/dags/pipeline.py
[2026-02-19T03:09:10.768+0000] {processor.py:840} INFO - DAG(s) 'risk_analysis_v1' retrieved from /opt/airflow/dags/pipeline.py
[2026-02-19T03:09:10.794+0000] {logging_mixin.py:188} INFO - [2026-02-19T03:09:10.793+0000] {dag.py:3036} INFO - Sync 1 DAGs
[2026-02-19T03:09:10.805+0000] {logging_mixin.py:188} INFO - [2026-02-19T03:09:10.805+0000] {dag.py:3823} INFO - Setting next_dagrun for risk_analysis_v1 to None, run_after=None
[2026-02-19T03:09:10.829+0000] {processor.py:183} INFO - Processing /opt/airflow/dags/pipeline.py took 1.150 seconds
[2026-02-19T03:12:34.955+0000] {processor.py:161} INFO - Started process (PID=63) to work on /opt/airflow/dags/pipeline.py
[2026-02-19T03:12:34.959+0000] {processor.py:830} INFO - Processing file /opt/airflow/dags/pipeline.py for tasks to queue
[2026-02-19T03:12:34.962+0000] {logging_mixin.py:188} INFO - [2026-02-19T03:12:34.961+0000] {dagbag.py:538} INFO - Filling up the DagBag from /opt/airflow/dags/pipeline.py
[2026-02-19T03:12:38.985+0000] {processor.py:840} INFO - DAG(s) 'risk_analysis_v1' retrieved from /opt/airflow/dags/pipeline.py
[2026-02-19T03:12:39.372+0000] {logging_mixin.py:188} INFO - [2026-02-19T03:12:39.371+0000] {override.py:1769} INFO - Created Permission View: can edit on DAG:risk_analysis_v1
[2026-02-19T03:12:39.389+0000] {logging_mixin.py:188} INFO - [2026-02-19T03:12:39.388+0000] {override.py:1769} INFO - Created Permission View: can delete on DAG:risk_analysis_v1
[2026-02-19T03:12:39.408+0000] {logging_mixin.py:188} INFO - [2026-02-19T03:12:39.408+0000] {override.py:1769} INFO - Created Permission View: can read on DAG:risk_analysis_v1
[2026-02-19T03:12:39.410+0000] {logging_mixin.py:188} INFO - [2026-02-19T03:12:39.409+0000] {dag.py:3036} INFO - Sync 1 DAGs
[2026-02-19T03:12:39.431+0000] {logging_mixin.py:188} WARNING - /home/airflow/.local/lib/python3.8/site-packages/airflow/models/dag.py:3574 DeprecationWarning: The dag_concurrency option in [core] has been renamed to max_active_tasks_per_dag - the old setting has been used, but please update your config.
[2026-02-19T03:12:39.433+0000] {logging_mixin.py:188} INFO - [2026-02-19T03:12:39.432+0000] {dag.py:3058} INFO - Creating ORM DAG for risk_analysis_v1
[2026-02-19T03:12:39.434+0000] {logging_mixin.py:188} INFO - [2026-02-19T03:12:39.434+0000] {dag.py:3823} INFO - Setting next_dagrun for risk_analysis_v1 to None, run_after=None
[2026-02-19T03:12:39.479+0000] {processor.py:183} INFO - Processing /opt/airflow/dags/pipeline.py took 4.539 seconds
[2026-02-19T03:13:09.824+0000] {processor.py:161} INFO - Started process (PID=84) to work on /opt/airflow/dags/pipeline.py
[2026-02-19T03:13:09.826+0000] {processor.py:830} INFO - Processing file /opt/airflow/dags/pipeline.py for tasks to queue
[2026-02-19T03:13:09.828+0000] {logging_mixin.py:188} INFO - [2026-02-19T03:13:09.827+0000] {dagbag.py:538} INFO - Filling up the DagBag from /opt/airflow/dags/pipeline.py
[2026-02-19T03:13:14.361+0000] {logging_mixin.py:188} INFO - [2026-02-19T03:13:14.334+0000] {dagbag.py:348} ERROR - Failed to import: /opt/airflow/dags/pipeline.py
Traceback (most recent call last):
  File "/home/airflow/.local/lib/python3.8/site-packages/airflow/models/dagbag.py", line 344, in parse
  File "<frozen importlib._bootstrap_external>", line 843, in exec_module
  File "<frozen importlib._bootstrap>", line 219, in _call_with_frames_removed
  File "/opt/airflow/dags/pipeline.py", line 8, in <module>
    from src.etl_logic import run_etl
  File "/opt/airflow/src/etl_logic.py", line 1, in <module>
    import pandas as pd
  File "/home/airflow/.local/lib/python3.8/site-packages/pandas/__init__.py", line 22, in <module>
  File "<frozen importlib._bootstrap>", line 991, in _find_and_load
  File "<frozen importlib._bootstrap>", line 975, in _find_and_load_unlocked
  File "<frozen importlib._bootstrap>", line 671, in _load_unlocked
  File "<frozen importlib._bootstrap_external>", line 839, in exec_module
  File "<frozen importlib._bootstrap_external>", line 975, in get_code
  File "<frozen importlib._bootstrap_external>", line 1032, in get_data
OSError: [Errno 5] Input/output error: '/home/airflow/.local/lib/python3.8/site-packages/pandas/compat/__init__.py'
[2026-02-19T03:13:14.361+0000] {processor.py:842} WARNING - No viable dags retrieved from /opt/airflow/dags/pipeline.py
[2026-02-19T03:13:14.444+0000] {processor.py:186} ERROR - Got an exception! Propagating...
Traceback (most recent call last):
  File "/home/airflow/.local/lib/python3.8/site-packages/sqlalchemy/engine/base.py", line 3371, in _wrap_pool_connect
  File "/home/airflow/.local/lib/python3.8/site-packages/sqlalchemy/pool/base.py", line 327, in connect
  File "/home/airflow/.local/lib/python3.8/site-packages/sqlalchemy/pool/base.py", line 894, in _checkout
  File "/home/airflow/.local/lib/python3.8/site-packages/sqlalchemy/pool/base.py", line 493, in checkout
  File "/home/airflow/.local/lib/python3.8/site-packages/sqlalchemy/pool/impl.py", line 146, in _do_get
  File "/home/airflow/.local/lib/python3.8/site-packages/sqlalchemy/util/langhelpers.py", line 70, in __exit__
  File "/home/airflow/.local/lib/python3.8/site-packages/sqlalchemy/util/compat.py", line 211, in raise_
  File "/home/airflow/.local/lib/python3.8/site-packages/sqlalchemy/pool/impl.py", line 143, in _do_get
  File "/home/airflow/.local/lib/python3.8/site-packages/sqlalchemy/pool/base.py", line 273, in _create_connection
  File "/home/airflow/.local/lib/python3.8/site-packages/sqlalchemy/pool/base.py", line 388, in __init__
  File "/home/airflow/.local/lib/python3.8/site-packages/sqlalchemy/pool/base.py", line 691, in __connect
  File "/home/airflow/.local/lib/python3.8/site-packages/sqlalchemy/util/langhelpers.py", line 70, in __exit__
  File "/home/airflow/.local/lib/python3.8/site-packages/sqlalchemy/util/compat.py", line 211, in raise_
  File "/home/airflow/.local/lib/python3.8/site-packages/sqlalchemy/pool/base.py", line 686, in __connect
  File "/home/airflow/.local/lib/python3.8/site-packages/sqlalchemy/engine/create.py", line 574, in connect
  File "/home/airflow/.local/lib/python3.8/site-packages/sqlalchemy/engine/default.py", line 598, in connect
  File "/home/airflow/.local/lib/python3.8/site-packages/psycopg2/__init__.py", line 122, in connect
psycopg2.OperationalError: connection to server at "postgres" (172.18.0.2), port 5432 failed: FATAL:  could not open file "global/pg_filenode.map": Input/output error


The above exception was the direct cause of the following exception:

Traceback (most recent call last):
  File "/home/airflow/.local/lib/python3.8/site-packages/airflow/dag_processing/processor.py", line 182, in _run_file_processor
  File "/home/airflow/.local/lib/python3.8/site-packages/airflow/dag_processing/processor.py", line 163, in _handle_dag_file_processing
  File "/home/airflow/.local/lib/python3.8/site-packages/airflow/utils/session.py", line 79, in wrapper
  File "/home/airflow/.local/lib/python3.8/site-packages/airflow/dag_processing/processor.py", line 843, in process_file
  File "/home/airflow/.local/lib/python3.8/site-packages/airflow/api_internal/internal_api_call.py", line 114, in wrapper
  File "/home/airflow/.local/lib/python3.8/site-packages/airflow/utils/session.py", line 76, in wrapper
  File "/home/airflow/.local/lib/python3.8/site-packages/airflow/dag_processing/processor.py", line 622, in update_import_errors
  File "/home/airflow/.local/lib/python3.8/site-packages/sqlalchemy/orm/query.py", line 2773, in all
  File "/home/airflow/.local/lib/python3.8/site-packages/sqlalchemy/orm/query.py", line 2916, in _iter
  File "/home/airflow/.local/lib/python3.8/site-packages/sqlalchemy/orm/session.py", line 1716, in execute
  File "/home/airflow/.local/lib/python3.8/site-packages/sqlalchemy/orm/session.py", line 1555, in _connection_for_bind
  File "/home/airflow/.local/lib/python3.8/site-packages/sqlalchemy/orm/session.py", line 750, in _connection_for_bind
  File "/home/airflow/.local/lib/python3.8/site-packages/sqlalchemy/future/engine.py", line 412, in connect
  File "/home/airflow/.local/lib/python3.8/site-packages/sqlalchemy/engine/base.py", line 3325, in connect
  File "/home/airflow/.local/lib/python3.8/site-packages/sqlalchemy/engine/base.py", line 96, in __init__
  File "/home/airflow/.local/lib/python3.8/site-packages/sqlalchemy/engine/base.py", line 3404, in raw_connection
  File "/home/airflow/.local/lib/python3.8/site-packages/sqlalchemy/engine/base.py", line 3374, in _wrap_pool_connect
  File "/home/airflow/.local/lib/python3.8/site-packages/sqlalchemy/engine/base.py", line 2208, in _handle_dbapi_exception_noconnection
  File "/home/airflow/.local/lib/python3.8/site-packages/sqlalchemy/util/compat.py", line 211, in raise_
  File "/home/airflow/.local/lib/python3.8/site-packages/sqlalchemy/engine/base.py", line 3371, in _wrap_pool_connect
  File "/home/airflow/.local/lib/python3.8/site-packages/sqlalchemy/pool/base.py", line 327, in connect
  File "/home/airflow/.local/lib/python3.8/site-packages/sqlalchemy/pool/base.py", line 894, in _checkout
  File "/home/airflow/.local/lib/python3.8/site-packages/sqlalchemy/pool/base.py", line 493, in checkout
  File "/home/airflow/.local/lib/python3.8/site-packages/sqlalchemy/pool/impl.py", line 146, in _do_get
  File "/home/airflow/.local/lib/python3.8/site-packages/sqlalchemy/util/langhelpers.py", line 70, in __exit__
  File "/home/airflow/.local/lib/python3.8/site-packages/sqlalchemy/util/compat.py", line 211, in raise_
  File "/home/airflow/.local/lib/python3.8/site-packages/sqlalchemy/pool/impl.py", line 143, in _do_get
  File "/home/airflow/.local/lib/python3.8/site-packages/sqlalchemy/pool/base.py", line 273, in _create_connection
  File "/home/airflow/.local/lib/python3.8/site-packages/sqlalchemy/pool/base.py", line 388, in __init__
  File "/home/airflow/.local/lib/python3.8/site-packages/sqlalchemy/pool/base.py", line 691, in __connect
  File "/home/airflow/.local/lib/python3.8/site-packages/sqlalchemy/util/langhelpers.py", line 70, in __exit__
  File "/home/airflow/.local/lib/python3.8/site-packages/sqlalchemy/util/compat.py", line 211, in raise_
  File "/home/airflow/.local/lib/python3.8/site-packages/sqlalchemy/pool/base.py", line 686, in __connect
  File "/home/airflow/.local/lib/python3.8/site-packages/sqlalchemy/engine/create.py", line 574, in connect
  File "/home/airflow/.local/lib/python3.8/site-packages/sqlalchemy/engine/default.py", line 598, in connect
  File "/home/airflow/.local/lib/python3.8/site-packages/psycopg2/__init__.py", line 122, in connect
sqlalchemy.exc.OperationalError: (psycopg2.OperationalError) connection to server at "postgres" (172.18.0.2), port 5432 failed: FATAL:  could not open file "global/pg_filenode.map": Input/output error

(Background on this error at: https://sqlalche.me/e/14/e3q8)
[2026-02-19T09:19:42.639+0000] {processor.py:161} INFO - Started process (PID=63) to work on /opt/airflow/dags/pipeline.py
[2026-02-19T09:19:42.642+0000] {processor.py:830} INFO - Processing file /opt/airflow/dags/pipeline.py for tasks to queue
[2026-02-19T09:19:42.645+0000] {logging_mixin.py:188} INFO - [2026-02-19T09:19:42.644+0000] {dagbag.py:538} INFO - Filling up the DagBag from /opt/airflow/dags/pipeline.py
[2026-02-19T09:19:50.747+0000] {processor.py:840} INFO - DAG(s) 'risk_analysis_v1' retrieved from /opt/airflow/dags/pipeline.py
[2026-02-19T09:19:51.387+0000] {logging_mixin.py:188} INFO - [2026-02-19T09:19:51.386+0000] {override.py:1769} INFO - Created Permission View: can read on DAG:risk_analysis_v1
[2026-02-19T09:19:51.413+0000] {logging_mixin.py:188} INFO - [2026-02-19T09:19:51.413+0000] {override.py:1769} INFO - Created Permission View: can delete on DAG:risk_analysis_v1
[2026-02-19T09:19:51.436+0000] {logging_mixin.py:188} INFO - [2026-02-19T09:19:51.435+0000] {override.py:1769} INFO - Created Permission View: can edit on DAG:risk_analysis_v1
[2026-02-19T09:19:51.438+0000] {logging_mixin.py:188} INFO - [2026-02-19T09:19:51.437+0000] {dag.py:3036} INFO - Sync 1 DAGs
[2026-02-19T09:19:51.465+0000] {logging_mixin.py:188} WARNING - /home/airflow/.local/lib/python3.8/site-packages/airflow/models/dag.py:3574 DeprecationWarning: The dag_concurrency option in [core] has been renamed to max_active_tasks_per_dag - the old setting has been used, but please update your config.
[2026-02-19T09:19:51.469+0000] {logging_mixin.py:188} INFO - [2026-02-19T09:19:51.467+0000] {dag.py:3058} INFO - Creating ORM DAG for risk_analysis_v1
[2026-02-19T09:19:51.471+0000] {logging_mixin.py:188} INFO - [2026-02-19T09:19:51.471+0000] {dag.py:3823} INFO - Setting next_dagrun for risk_analysis_v1 to None, run_after=None
[2026-02-19T09:19:51.521+0000] {processor.py:183} INFO - Processing /opt/airflow/dags/pipeline.py took 8.892 seconds
[2026-02-19T09:20:22.065+0000] {processor.py:161} INFO - Started process (PID=84) to work on /opt/airflow/dags/pipeline.py
[2026-02-19T09:20:22.069+0000] {processor.py:830} INFO - Processing file /opt/airflow/dags/pipeline.py for tasks to queue
[2026-02-19T09:20:22.072+0000] {logging_mixin.py:188} INFO - [2026-02-19T09:20:22.071+0000] {dagbag.py:538} INFO - Filling up the DagBag from /opt/airflow/dags/pipeline.py
[2026-02-19T09:20:25.337+0000] {processor.py:840} INFO - DAG(s) 'risk_analysis_v1' retrieved from /opt/airflow/dags/pipeline.py
[2026-02-19T09:20:25.408+0000] {logging_mixin.py:188} INFO - [2026-02-19T09:20:25.407+0000] {dag.py:3036} INFO - Sync 1 DAGs
[2026-02-19T09:20:25.442+0000] {logging_mixin.py:188} INFO - [2026-02-19T09:20:25.441+0000] {dag.py:3823} INFO - Setting next_dagrun for risk_analysis_v1 to None, run_after=None
[2026-02-19T09:20:25.496+0000] {processor.py:183} INFO - Processing /opt/airflow/dags/pipeline.py took 3.444 seconds
[2026-02-19T09:20:56.056+0000] {processor.py:161} INFO - Started process (PID=105) to work on /opt/airflow/dags/pipeline.py
[2026-02-19T09:20:56.059+0000] {processor.py:830} INFO - Processing file /opt/airflow/dags/pipeline.py for tasks to queue
[2026-02-19T09:20:56.062+0000] {logging_mixin.py:188} INFO - [2026-02-19T09:20:56.061+0000] {dagbag.py:538} INFO - Filling up the DagBag from /opt/airflow/dags/pipeline.py
[2026-02-19T09:20:58.706+0000] {processor.py:840} INFO - DAG(s) 'risk_analysis_v1' retrieved from /opt/airflow/dags/pipeline.py
[2026-02-19T09:20:58.792+0000] {logging_mixin.py:188} INFO - [2026-02-19T09:20:58.791+0000] {dag.py:3036} INFO - Sync 1 DAGs
[2026-02-19T09:20:58.831+0000] {logging_mixin.py:188} INFO - [2026-02-19T09:20:58.831+0000] {dag.py:3823} INFO - Setting next_dagrun for risk_analysis_v1 to None, run_after=None
[2026-02-19T09:20:58.893+0000] {processor.py:183} INFO - Processing /opt/airflow/dags/pipeline.py took 2.847 seconds
[2026-02-19T09:22:50.137+0000] {processor.py:161} INFO - Started process (PID=63) to work on /opt/airflow/dags/pipeline.py
[2026-02-19T09:22:50.140+0000] {processor.py:830} INFO - Processing file /opt/airflow/dags/pipeline.py for tasks to queue
[2026-02-19T09:22:50.143+0000] {logging_mixin.py:188} INFO - [2026-02-19T09:22:50.142+0000] {dagbag.py:538} INFO - Filling up the DagBag from /opt/airflow/dags/pipeline.py
[2026-02-19T09:22:55.771+0000] {processor.py:840} INFO - DAG(s) 'risk_analysis_v1' retrieved from /opt/airflow/dags/pipeline.py
[2026-02-19T09:22:56.407+0000] {logging_mixin.py:188} INFO - [2026-02-19T09:22:56.406+0000] {override.py:1769} INFO - Created Permission View: can delete on DAG:risk_analysis_v1
[2026-02-19T09:22:56.440+0000] {logging_mixin.py:188} INFO - [2026-02-19T09:22:56.440+0000] {override.py:1769} INFO - Created Permission View: can read on DAG:risk_analysis_v1
[2026-02-19T09:22:56.462+0000] {logging_mixin.py:188} INFO - [2026-02-19T09:22:56.461+0000] {override.py:1769} INFO - Created Permission View: can edit on DAG:risk_analysis_v1
[2026-02-19T09:22:56.464+0000] {logging_mixin.py:188} INFO - [2026-02-19T09:22:56.463+0000] {dag.py:3036} INFO - Sync 1 DAGs
[2026-02-19T09:22:56.495+0000] {logging_mixin.py:188} WARNING - /home/airflow/.local/lib/python3.8/site-packages/airflow/models/dag.py:3574 DeprecationWarning: The dag_concurrency option in [core] has been renamed to max_active_tasks_per_dag - the old setting has been used, but please update your config.
[2026-02-19T09:22:56.498+0000] {logging_mixin.py:188} INFO - [2026-02-19T09:22:56.497+0000] {dag.py:3058} INFO - Creating ORM DAG for risk_analysis_v1
[2026-02-19T09:22:56.500+0000] {logging_mixin.py:188} INFO - [2026-02-19T09:22:56.499+0000] {dag.py:3823} INFO - Setting next_dagrun for risk_analysis_v1 to None, run_after=None
[2026-02-19T09:22:56.552+0000] {processor.py:183} INFO - Processing /opt/airflow/dags/pipeline.py took 6.425 seconds
[2026-02-19T09:23:27.135+0000] {processor.py:161} INFO - Started process (PID=84) to work on /opt/airflow/dags/pipeline.py
[2026-02-19T09:23:27.139+0000] {processor.py:830} INFO - Processing file /opt/airflow/dags/pipeline.py for tasks to queue
[2026-02-19T09:23:27.142+0000] {logging_mixin.py:188} INFO - [2026-02-19T09:23:27.141+0000] {dagbag.py:538} INFO - Filling up the DagBag from /opt/airflow/dags/pipeline.py
[2026-02-19T09:23:30.325+0000] {processor.py:840} INFO - DAG(s) 'risk_analysis_v1' retrieved from /opt/airflow/dags/pipeline.py
[2026-02-19T09:23:30.399+0000] {logging_mixin.py:188} INFO - [2026-02-19T09:23:30.397+0000] {dag.py:3036} INFO - Sync 1 DAGs
[2026-02-19T09:23:30.433+0000] {logging_mixin.py:188} INFO - [2026-02-19T09:23:30.432+0000] {dag.py:3823} INFO - Setting next_dagrun for risk_analysis_v1 to None, run_after=None
[2026-02-19T09:23:30.503+0000] {processor.py:183} INFO - Processing /opt/airflow/dags/pipeline.py took 3.383 seconds
[2026-02-19T09:24:01.128+0000] {processor.py:161} INFO - Started process (PID=105) to work on /opt/airflow/dags/pipeline.py
[2026-02-19T09:24:01.133+0000] {processor.py:830} INFO - Processing file /opt/airflow/dags/pipeline.py for tasks to queue
[2026-02-19T09:24:01.137+0000] {logging_mixin.py:188} INFO - [2026-02-19T09:24:01.135+0000] {dagbag.py:538} INFO - Filling up the DagBag from /opt/airflow/dags/pipeline.py
[2026-02-19T09:24:03.913+0000] {processor.py:840} INFO - DAG(s) 'risk_analysis_v1' retrieved from /opt/airflow/dags/pipeline.py
[2026-02-19T09:24:04.010+0000] {logging_mixin.py:188} INFO - [2026-02-19T09:24:04.009+0000] {dag.py:3036} INFO - Sync 1 DAGs
[2026-02-19T09:24:04.044+0000] {logging_mixin.py:188} INFO - [2026-02-19T09:24:04.043+0000] {dag.py:3823} INFO - Setting next_dagrun for risk_analysis_v1 to None, run_after=None
[2026-02-19T09:24:04.102+0000] {processor.py:183} INFO - Processing /opt/airflow/dags/pipeline.py took 2.990 seconds
[2026-02-19T09:24:34.504+0000] {processor.py:161} INFO - Started process (PID=169) to work on /opt/airflow/dags/pipeline.py
[2026-02-19T09:24:34.509+0000] {processor.py:830} INFO - Processing file /opt/airflow/dags/pipeline.py for tasks to queue
[2026-02-19T09:24:34.513+0000] {logging_mixin.py:188} INFO - [2026-02-19T09:24:34.512+0000] {dagbag.py:538} INFO - Filling up the DagBag from /opt/airflow/dags/pipeline.py
[2026-02-19T09:24:37.586+0000] {processor.py:840} INFO - DAG(s) 'risk_analysis_v1' retrieved from /opt/airflow/dags/pipeline.py
[2026-02-19T09:24:37.667+0000] {logging_mixin.py:188} INFO - [2026-02-19T09:24:37.665+0000] {dag.py:3036} INFO - Sync 1 DAGs
[2026-02-19T09:24:37.698+0000] {logging_mixin.py:188} INFO - [2026-02-19T09:24:37.698+0000] {dag.py:3823} INFO - Setting next_dagrun for risk_analysis_v1 to None, run_after=None
[2026-02-19T09:24:37.751+0000] {processor.py:183} INFO - Processing /opt/airflow/dags/pipeline.py took 3.261 seconds
[2026-02-19T09:25:07.986+0000] {processor.py:161} INFO - Started process (PID=195) to work on /opt/airflow/dags/pipeline.py
[2026-02-19T09:25:07.989+0000] {processor.py:830} INFO - Processing file /opt/airflow/dags/pipeline.py for tasks to queue
[2026-02-19T09:25:07.992+0000] {logging_mixin.py:188} INFO - [2026-02-19T09:25:07.991+0000] {dagbag.py:538} INFO - Filling up the DagBag from /opt/airflow/dags/pipeline.py
[2026-02-19T09:25:10.791+0000] {processor.py:840} INFO - DAG(s) 'risk_analysis_v1' retrieved from /opt/airflow/dags/pipeline.py
[2026-02-19T09:25:10.881+0000] {logging_mixin.py:188} INFO - [2026-02-19T09:25:10.880+0000] {dag.py:3036} INFO - Sync 1 DAGs
[2026-02-19T09:25:10.939+0000] {logging_mixin.py:188} INFO - [2026-02-19T09:25:10.938+0000] {dag.py:3823} INFO - Setting next_dagrun for risk_analysis_v1 to None, run_after=None
[2026-02-19T09:25:11.014+0000] {processor.py:183} INFO - Processing /opt/airflow/dags/pipeline.py took 3.045 seconds
[2026-02-19T09:25:41.391+0000] {processor.py:161} INFO - Started process (PID=218) to work on /opt/airflow/dags/pipeline.py
[2026-02-19T09:25:41.395+0000] {processor.py:830} INFO - Processing file /opt/airflow/dags/pipeline.py for tasks to queue
[2026-02-19T09:25:41.398+0000] {logging_mixin.py:188} INFO - [2026-02-19T09:25:41.397+0000] {dagbag.py:538} INFO - Filling up the DagBag from /opt/airflow/dags/pipeline.py
[2026-02-19T09:25:43.918+0000] {processor.py:840} INFO - DAG(s) 'risk_analysis_v1' retrieved from /opt/airflow/dags/pipeline.py
[2026-02-19T09:25:43.982+0000] {logging_mixin.py:188} INFO - [2026-02-19T09:25:43.980+0000] {dag.py:3036} INFO - Sync 1 DAGs
[2026-02-19T09:25:44.009+0000] {logging_mixin.py:188} INFO - [2026-02-19T09:25:44.009+0000] {dag.py:3823} INFO - Setting next_dagrun for risk_analysis_v1 to None, run_after=None
[2026-02-19T09:25:44.072+0000] {processor.py:183} INFO - Processing /opt/airflow/dags/pipeline.py took 2.697 seconds
[2026-02-19T09:26:14.618+0000] {processor.py:161} INFO - Started process (PID=239) to work on /opt/airflow/dags/pipeline.py
[2026-02-19T09:26:14.621+0000] {processor.py:830} INFO - Processing file /opt/airflow/dags/pipeline.py for tasks to queue
[2026-02-19T09:26:14.625+0000] {logging_mixin.py:188} INFO - [2026-02-19T09:26:14.624+0000] {dagbag.py:538} INFO - Filling up the DagBag from /opt/airflow/dags/pipeline.py
[2026-02-19T09:26:17.303+0000] {processor.py:840} INFO - DAG(s) 'risk_analysis_v1' retrieved from /opt/airflow/dags/pipeline.py
[2026-02-19T09:26:17.363+0000] {logging_mixin.py:188} INFO - [2026-02-19T09:26:17.362+0000] {dag.py:3036} INFO - Sync 1 DAGs
[2026-02-19T09:26:17.393+0000] {logging_mixin.py:188} INFO - [2026-02-19T09:26:17.393+0000] {dag.py:3823} INFO - Setting next_dagrun for risk_analysis_v1 to None, run_after=None
[2026-02-19T09:26:17.443+0000] {processor.py:183} INFO - Processing /opt/airflow/dags/pipeline.py took 2.835 seconds
[2026-02-19T09:26:47.988+0000] {processor.py:161} INFO - Started process (PID=260) to work on /opt/airflow/dags/pipeline.py
[2026-02-19T09:26:47.992+0000] {processor.py:830} INFO - Processing file /opt/airflow/dags/pipeline.py for tasks to queue
[2026-02-19T09:26:47.995+0000] {logging_mixin.py:188} INFO - [2026-02-19T09:26:47.994+0000] {dagbag.py:538} INFO - Filling up the DagBag from /opt/airflow/dags/pipeline.py
[2026-02-19T09:26:50.698+0000] {processor.py:840} INFO - DAG(s) 'risk_analysis_v1' retrieved from /opt/airflow/dags/pipeline.py
[2026-02-19T09:26:50.763+0000] {logging_mixin.py:188} INFO - [2026-02-19T09:26:50.759+0000] {dag.py:3036} INFO - Sync 1 DAGs
[2026-02-19T09:26:50.792+0000] {logging_mixin.py:188} INFO - [2026-02-19T09:26:50.791+0000] {dag.py:3823} INFO - Setting next_dagrun for risk_analysis_v1 to None, run_after=None
[2026-02-19T09:26:50.841+0000] {processor.py:183} INFO - Processing /opt/airflow/dags/pipeline.py took 2.865 seconds
[2026-02-19T09:27:21.392+0000] {processor.py:161} INFO - Started process (PID=281) to work on /opt/airflow/dags/pipeline.py
[2026-02-19T09:27:21.395+0000] {processor.py:830} INFO - Processing file /opt/airflow/dags/pipeline.py for tasks to queue
[2026-02-19T09:27:21.398+0000] {logging_mixin.py:188} INFO - [2026-02-19T09:27:21.397+0000] {dagbag.py:538} INFO - Filling up the DagBag from /opt/airflow/dags/pipeline.py
[2026-02-19T09:27:24.264+0000] {processor.py:840} INFO - DAG(s) 'risk_analysis_v1' retrieved from /opt/airflow/dags/pipeline.py
[2026-02-19T09:27:24.343+0000] {logging_mixin.py:188} INFO - [2026-02-19T09:27:24.342+0000] {dag.py:3036} INFO - Sync 1 DAGs
[2026-02-19T09:27:24.379+0000] {logging_mixin.py:188} INFO - [2026-02-19T09:27:24.379+0000] {dag.py:3823} INFO - Setting next_dagrun for risk_analysis_v1 to None, run_after=None
[2026-02-19T09:27:24.439+0000] {processor.py:183} INFO - Processing /opt/airflow/dags/pipeline.py took 3.056 seconds
[2026-02-19T09:27:54.889+0000] {processor.py:161} INFO - Started process (PID=302) to work on /opt/airflow/dags/pipeline.py
[2026-02-19T09:27:54.893+0000] {processor.py:830} INFO - Processing file /opt/airflow/dags/pipeline.py for tasks to queue
[2026-02-19T09:27:54.896+0000] {logging_mixin.py:188} INFO - [2026-02-19T09:27:54.895+0000] {dagbag.py:538} INFO - Filling up the DagBag from /opt/airflow/dags/pipeline.py
[2026-02-19T09:27:57.647+0000] {processor.py:840} INFO - DAG(s) 'risk_analysis_v1' retrieved from /opt/airflow/dags/pipeline.py
[2026-02-19T09:27:57.724+0000] {logging_mixin.py:188} INFO - [2026-02-19T09:27:57.723+0000] {dag.py:3036} INFO - Sync 1 DAGs
[2026-02-19T09:27:57.759+0000] {logging_mixin.py:188} INFO - [2026-02-19T09:27:57.759+0000] {dag.py:3823} INFO - Setting next_dagrun for risk_analysis_v1 to None, run_after=None
[2026-02-19T09:27:57.828+0000] {processor.py:183} INFO - Processing /opt/airflow/dags/pipeline.py took 2.951 seconds
[2026-02-19T09:28:28.366+0000] {processor.py:161} INFO - Started process (PID=323) to work on /opt/airflow/dags/pipeline.py
[2026-02-19T09:28:28.369+0000] {processor.py:830} INFO - Processing file /opt/airflow/dags/pipeline.py for tasks to queue
[2026-02-19T09:28:28.373+0000] {logging_mixin.py:188} INFO - [2026-02-19T09:28:28.372+0000] {dagbag.py:538} INFO - Filling up the DagBag from /opt/airflow/dags/pipeline.py
[2026-02-19T09:28:30.994+0000] {processor.py:840} INFO - DAG(s) 'risk_analysis_v1' retrieved from /opt/airflow/dags/pipeline.py
[2026-02-19T09:28:31.100+0000] {logging_mixin.py:188} INFO - [2026-02-19T09:28:31.098+0000] {dag.py:3036} INFO - Sync 1 DAGs
[2026-02-19T09:28:31.159+0000] {logging_mixin.py:188} INFO - [2026-02-19T09:28:31.158+0000] {dag.py:3823} INFO - Setting next_dagrun for risk_analysis_v1 to None, run_after=None
[2026-02-19T09:28:31.237+0000] {processor.py:183} INFO - Processing /opt/airflow/dags/pipeline.py took 2.881 seconds
[2026-02-19T09:29:01.757+0000] {processor.py:161} INFO - Started process (PID=344) to work on /opt/airflow/dags/pipeline.py
[2026-02-19T09:29:01.760+0000] {processor.py:830} INFO - Processing file /opt/airflow/dags/pipeline.py for tasks to queue
[2026-02-19T09:29:01.763+0000] {logging_mixin.py:188} INFO - [2026-02-19T09:29:01.762+0000] {dagbag.py:538} INFO - Filling up the DagBag from /opt/airflow/dags/pipeline.py
[2026-02-19T09:29:04.410+0000] {processor.py:840} INFO - DAG(s) 'risk_analysis_v1' retrieved from /opt/airflow/dags/pipeline.py
[2026-02-19T09:29:04.493+0000] {logging_mixin.py:188} INFO - [2026-02-19T09:29:04.492+0000] {dag.py:3036} INFO - Sync 1 DAGs
[2026-02-19T09:29:04.524+0000] {logging_mixin.py:188} INFO - [2026-02-19T09:29:04.523+0000] {dag.py:3823} INFO - Setting next_dagrun for risk_analysis_v1 to None, run_after=None
[2026-02-19T09:29:04.585+0000] {processor.py:183} INFO - Processing /opt/airflow/dags/pipeline.py took 2.836 seconds
[2026-02-19T09:29:35.139+0000] {processor.py:161} INFO - Started process (PID=365) to work on /opt/airflow/dags/pipeline.py
[2026-02-19T09:29:35.142+0000] {processor.py:830} INFO - Processing file /opt/airflow/dags/pipeline.py for tasks to queue
[2026-02-19T09:29:35.145+0000] {logging_mixin.py:188} INFO - [2026-02-19T09:29:35.144+0000] {dagbag.py:538} INFO - Filling up the DagBag from /opt/airflow/dags/pipeline.py
[2026-02-19T09:29:38.053+0000] {processor.py:840} INFO - DAG(s) 'risk_analysis_v1' retrieved from /opt/airflow/dags/pipeline.py
[2026-02-19T09:29:38.142+0000] {logging_mixin.py:188} INFO - [2026-02-19T09:29:38.141+0000] {dag.py:3036} INFO - Sync 1 DAGs
[2026-02-19T09:29:38.176+0000] {logging_mixin.py:188} INFO - [2026-02-19T09:29:38.175+0000] {dag.py:3823} INFO - Setting next_dagrun for risk_analysis_v1 to None, run_after=None
[2026-02-19T09:29:38.229+0000] {processor.py:183} INFO - Processing /opt/airflow/dags/pipeline.py took 3.097 seconds
[2026-02-19T09:30:08.572+0000] {processor.py:161} INFO - Started process (PID=386) to work on /opt/airflow/dags/pipeline.py
[2026-02-19T09:30:08.575+0000] {processor.py:830} INFO - Processing file /opt/airflow/dags/pipeline.py for tasks to queue
[2026-02-19T09:30:08.577+0000] {logging_mixin.py:188} INFO - [2026-02-19T09:30:08.576+0000] {dagbag.py:538} INFO - Filling up the DagBag from /opt/airflow/dags/pipeline.py
[2026-02-19T09:30:11.338+0000] {processor.py:840} INFO - DAG(s) 'risk_analysis_v1' retrieved from /opt/airflow/dags/pipeline.py
[2026-02-19T09:30:11.409+0000] {logging_mixin.py:188} INFO - [2026-02-19T09:30:11.408+0000] {dag.py:3036} INFO - Sync 1 DAGs
[2026-02-19T09:30:11.436+0000] {logging_mixin.py:188} INFO - [2026-02-19T09:30:11.435+0000] {dag.py:3823} INFO - Setting next_dagrun for risk_analysis_v1 to None, run_after=None
[2026-02-19T09:30:11.485+0000] {processor.py:183} INFO - Processing /opt/airflow/dags/pipeline.py took 2.923 seconds
[2026-02-19T09:30:41.977+0000] {processor.py:161} INFO - Started process (PID=407) to work on /opt/airflow/dags/pipeline.py
[2026-02-19T09:30:41.980+0000] {processor.py:830} INFO - Processing file /opt/airflow/dags/pipeline.py for tasks to queue
[2026-02-19T09:30:41.982+0000] {logging_mixin.py:188} INFO - [2026-02-19T09:30:41.982+0000] {dagbag.py:538} INFO - Filling up the DagBag from /opt/airflow/dags/pipeline.py
[2026-02-19T09:30:44.606+0000] {processor.py:840} INFO - DAG(s) 'risk_analysis_v1' retrieved from /opt/airflow/dags/pipeline.py
[2026-02-19T09:30:44.676+0000] {logging_mixin.py:188} INFO - [2026-02-19T09:30:44.674+0000] {dag.py:3036} INFO - Sync 1 DAGs
[2026-02-19T09:30:44.704+0000] {logging_mixin.py:188} INFO - [2026-02-19T09:30:44.703+0000] {dag.py:3823} INFO - Setting next_dagrun for risk_analysis_v1 to None, run_after=None
[2026-02-19T09:30:44.761+0000] {processor.py:183} INFO - Processing /opt/airflow/dags/pipeline.py took 2.793 seconds
[2026-02-19T09:31:15.305+0000] {processor.py:161} INFO - Started process (PID=428) to work on /opt/airflow/dags/pipeline.py
[2026-02-19T09:31:15.308+0000] {processor.py:830} INFO - Processing file /opt/airflow/dags/pipeline.py for tasks to queue
[2026-02-19T09:31:15.311+0000] {logging_mixin.py:188} INFO - [2026-02-19T09:31:15.310+0000] {dagbag.py:538} INFO - Filling up the DagBag from /opt/airflow/dags/pipeline.py
[2026-02-19T09:31:17.960+0000] {processor.py:840} INFO - DAG(s) 'risk_analysis_v1' retrieved from /opt/airflow/dags/pipeline.py
[2026-02-19T09:31:18.030+0000] {logging_mixin.py:188} INFO - [2026-02-19T09:31:18.029+0000] {dag.py:3036} INFO - Sync 1 DAGs
[2026-02-19T09:31:18.063+0000] {logging_mixin.py:188} INFO - [2026-02-19T09:31:18.062+0000] {dag.py:3823} INFO - Setting next_dagrun for risk_analysis_v1 to None, run_after=None
[2026-02-19T09:31:18.119+0000] {processor.py:183} INFO - Processing /opt/airflow/dags/pipeline.py took 2.825 seconds
[2026-02-19T09:31:48.665+0000] {processor.py:161} INFO - Started process (PID=449) to work on /opt/airflow/dags/pipeline.py
[2026-02-19T09:31:48.668+0000] {processor.py:830} INFO - Processing file /opt/airflow/dags/pipeline.py for tasks to queue
[2026-02-19T09:31:48.671+0000] {logging_mixin.py:188} INFO - [2026-02-19T09:31:48.670+0000] {dagbag.py:538} INFO - Filling up the DagBag from /opt/airflow/dags/pipeline.py
[2026-02-19T09:31:51.324+0000] {processor.py:840} INFO - DAG(s) 'risk_analysis_v1' retrieved from /opt/airflow/dags/pipeline.py
[2026-02-19T09:31:51.403+0000] {logging_mixin.py:188} INFO - [2026-02-19T09:31:51.401+0000] {dag.py:3036} INFO - Sync 1 DAGs
[2026-02-19T09:31:51.438+0000] {logging_mixin.py:188} INFO - [2026-02-19T09:31:51.438+0000] {dag.py:3823} INFO - Setting next_dagrun for risk_analysis_v1 to None, run_after=None
[2026-02-19T09:31:51.493+0000] {processor.py:183} INFO - Processing /opt/airflow/dags/pipeline.py took 2.836 seconds
[2026-02-19T09:32:21.990+0000] {processor.py:161} INFO - Started process (PID=470) to work on /opt/airflow/dags/pipeline.py
[2026-02-19T09:32:21.992+0000] {processor.py:830} INFO - Processing file /opt/airflow/dags/pipeline.py for tasks to queue
[2026-02-19T09:32:21.995+0000] {logging_mixin.py:188} INFO - [2026-02-19T09:32:21.994+0000] {dagbag.py:538} INFO - Filling up the DagBag from /opt/airflow/dags/pipeline.py
[2026-02-19T09:32:24.591+0000] {processor.py:840} INFO - DAG(s) 'risk_analysis_v1' retrieved from /opt/airflow/dags/pipeline.py
[2026-02-19T09:32:24.669+0000] {logging_mixin.py:188} INFO - [2026-02-19T09:32:24.668+0000] {dag.py:3036} INFO - Sync 1 DAGs
[2026-02-19T09:32:24.709+0000] {logging_mixin.py:188} INFO - [2026-02-19T09:32:24.708+0000] {dag.py:3823} INFO - Setting next_dagrun for risk_analysis_v1 to None, run_after=None
[2026-02-19T09:32:24.755+0000] {processor.py:183} INFO - Processing /opt/airflow/dags/pipeline.py took 2.774 seconds
[2026-02-19T09:32:55.380+0000] {processor.py:161} INFO - Started process (PID=491) to work on /opt/airflow/dags/pipeline.py
[2026-02-19T09:32:55.383+0000] {processor.py:830} INFO - Processing file /opt/airflow/dags/pipeline.py for tasks to queue
[2026-02-19T09:32:55.386+0000] {logging_mixin.py:188} INFO - [2026-02-19T09:32:55.385+0000] {dagbag.py:538} INFO - Filling up the DagBag from /opt/airflow/dags/pipeline.py
[2026-02-19T09:32:58.203+0000] {processor.py:840} INFO - DAG(s) 'risk_analysis_v1' retrieved from /opt/airflow/dags/pipeline.py
[2026-02-19T09:32:58.277+0000] {logging_mixin.py:188} INFO - [2026-02-19T09:32:58.273+0000] {dag.py:3036} INFO - Sync 1 DAGs
[2026-02-19T09:32:58.315+0000] {logging_mixin.py:188} INFO - [2026-02-19T09:32:58.314+0000] {dag.py:3823} INFO - Setting next_dagrun for risk_analysis_v1 to None, run_after=None
[2026-02-19T09:32:58.370+0000] {processor.py:183} INFO - Processing /opt/airflow/dags/pipeline.py took 3.000 seconds
[2026-02-19T09:33:28.856+0000] {processor.py:161} INFO - Started process (PID=512) to work on /opt/airflow/dags/pipeline.py
[2026-02-19T09:33:28.859+0000] {processor.py:830} INFO - Processing file /opt/airflow/dags/pipeline.py for tasks to queue
[2026-02-19T09:33:28.863+0000] {logging_mixin.py:188} INFO - [2026-02-19T09:33:28.861+0000] {dagbag.py:538} INFO - Filling up the DagBag from /opt/airflow/dags/pipeline.py
[2026-02-19T09:33:31.951+0000] {processor.py:840} INFO - DAG(s) 'risk_analysis_v1' retrieved from /opt/airflow/dags/pipeline.py
[2026-02-19T09:33:32.017+0000] {logging_mixin.py:188} INFO - [2026-02-19T09:33:32.016+0000] {dag.py:3036} INFO - Sync 1 DAGs
[2026-02-19T09:33:32.056+0000] {logging_mixin.py:188} INFO - [2026-02-19T09:33:32.056+0000] {dag.py:3823} INFO - Setting next_dagrun for risk_analysis_v1 to None, run_after=None
[2026-02-19T09:33:32.125+0000] {processor.py:183} INFO - Processing /opt/airflow/dags/pipeline.py took 3.279 seconds
[2026-02-19T09:34:02.740+0000] {processor.py:161} INFO - Started process (PID=533) to work on /opt/airflow/dags/pipeline.py
[2026-02-19T09:34:02.743+0000] {processor.py:830} INFO - Processing file /opt/airflow/dags/pipeline.py for tasks to queue
[2026-02-19T09:34:02.747+0000] {logging_mixin.py:188} INFO - [2026-02-19T09:34:02.746+0000] {dagbag.py:538} INFO - Filling up the DagBag from /opt/airflow/dags/pipeline.py
[2026-02-19T09:34:05.552+0000] {processor.py:840} INFO - DAG(s) 'risk_analysis_v1' retrieved from /opt/airflow/dags/pipeline.py
[2026-02-19T09:34:05.618+0000] {logging_mixin.py:188} INFO - [2026-02-19T09:34:05.616+0000] {dag.py:3036} INFO - Sync 1 DAGs
[2026-02-19T09:34:05.656+0000] {logging_mixin.py:188} INFO - [2026-02-19T09:34:05.655+0000] {dag.py:3823} INFO - Setting next_dagrun for risk_analysis_v1 to None, run_after=None
[2026-02-19T09:34:05.716+0000] {processor.py:183} INFO - Processing /opt/airflow/dags/pipeline.py took 2.991 seconds
[2026-02-19T09:34:36.101+0000] {processor.py:161} INFO - Started process (PID=554) to work on /opt/airflow/dags/pipeline.py
[2026-02-19T09:34:36.104+0000] {processor.py:830} INFO - Processing file /opt/airflow/dags/pipeline.py for tasks to queue
[2026-02-19T09:34:36.108+0000] {logging_mixin.py:188} INFO - [2026-02-19T09:34:36.106+0000] {dagbag.py:538} INFO - Filling up the DagBag from /opt/airflow/dags/pipeline.py
[2026-02-19T09:34:38.940+0000] {processor.py:840} INFO - DAG(s) 'risk_analysis_v1' retrieved from /opt/airflow/dags/pipeline.py
[2026-02-19T09:34:39.018+0000] {logging_mixin.py:188} INFO - [2026-02-19T09:34:39.015+0000] {dag.py:3036} INFO - Sync 1 DAGs
[2026-02-19T09:34:39.050+0000] {logging_mixin.py:188} INFO - [2026-02-19T09:34:39.049+0000] {dag.py:3823} INFO - Setting next_dagrun for risk_analysis_v1 to None, run_after=None
[2026-02-19T09:34:39.102+0000] {processor.py:183} INFO - Processing /opt/airflow/dags/pipeline.py took 3.014 seconds
[2026-02-19T09:35:09.597+0000] {processor.py:161} INFO - Started process (PID=575) to work on /opt/airflow/dags/pipeline.py
[2026-02-19T09:35:09.601+0000] {processor.py:830} INFO - Processing file /opt/airflow/dags/pipeline.py for tasks to queue
[2026-02-19T09:35:09.604+0000] {logging_mixin.py:188} INFO - [2026-02-19T09:35:09.603+0000] {dagbag.py:538} INFO - Filling up the DagBag from /opt/airflow/dags/pipeline.py
[2026-02-19T09:35:12.638+0000] {processor.py:840} INFO - DAG(s) 'risk_analysis_v1' retrieved from /opt/airflow/dags/pipeline.py
[2026-02-19T09:35:12.705+0000] {logging_mixin.py:188} INFO - [2026-02-19T09:35:12.704+0000] {dag.py:3036} INFO - Sync 1 DAGs
[2026-02-19T09:35:12.735+0000] {logging_mixin.py:188} INFO - [2026-02-19T09:35:12.734+0000] {dag.py:3823} INFO - Setting next_dagrun for risk_analysis_v1 to None, run_after=None
[2026-02-19T09:35:12.792+0000] {processor.py:183} INFO - Processing /opt/airflow/dags/pipeline.py took 3.210 seconds
[2026-02-19T09:35:43.041+0000] {processor.py:161} INFO - Started process (PID=614) to work on /opt/airflow/dags/pipeline.py
[2026-02-19T09:35:43.045+0000] {processor.py:830} INFO - Processing file /opt/airflow/dags/pipeline.py for tasks to queue
[2026-02-19T09:35:43.051+0000] {logging_mixin.py:188} INFO - [2026-02-19T09:35:43.049+0000] {dagbag.py:538} INFO - Filling up the DagBag from /opt/airflow/dags/pipeline.py
[2026-02-19T09:35:45.828+0000] {processor.py:840} INFO - DAG(s) 'risk_analysis_v1' retrieved from /opt/airflow/dags/pipeline.py
[2026-02-19T09:35:45.900+0000] {logging_mixin.py:188} INFO - [2026-02-19T09:35:45.899+0000] {dag.py:3036} INFO - Sync 1 DAGs
[2026-02-19T09:35:45.933+0000] {logging_mixin.py:188} INFO - [2026-02-19T09:35:45.933+0000] {dag.py:3823} INFO - Setting next_dagrun for risk_analysis_v1 to None, run_after=None
[2026-02-19T09:35:45.989+0000] {processor.py:183} INFO - Processing /opt/airflow/dags/pipeline.py took 2.966 seconds
[2026-02-19T09:36:16.442+0000] {processor.py:161} INFO - Started process (PID=666) to work on /opt/airflow/dags/pipeline.py
[2026-02-19T09:36:16.445+0000] {processor.py:830} INFO - Processing file /opt/airflow/dags/pipeline.py for tasks to queue
[2026-02-19T09:36:16.449+0000] {logging_mixin.py:188} INFO - [2026-02-19T09:36:16.448+0000] {dagbag.py:538} INFO - Filling up the DagBag from /opt/airflow/dags/pipeline.py
[2026-02-19T09:36:19.315+0000] {processor.py:840} INFO - DAG(s) 'risk_analysis_v1' retrieved from /opt/airflow/dags/pipeline.py
[2026-02-19T09:36:19.393+0000] {logging_mixin.py:188} INFO - [2026-02-19T09:36:19.392+0000] {dag.py:3036} INFO - Sync 1 DAGs
[2026-02-19T09:36:19.426+0000] {logging_mixin.py:188} INFO - [2026-02-19T09:36:19.425+0000] {dag.py:3823} INFO - Setting next_dagrun for risk_analysis_v1 to None, run_after=None
[2026-02-19T09:36:19.492+0000] {processor.py:183} INFO - Processing /opt/airflow/dags/pipeline.py took 3.058 seconds
[2026-02-19T09:36:49.949+0000] {processor.py:161} INFO - Started process (PID=687) to work on /opt/airflow/dags/pipeline.py
[2026-02-19T09:36:49.952+0000] {processor.py:830} INFO - Processing file /opt/airflow/dags/pipeline.py for tasks to queue
[2026-02-19T09:36:49.955+0000] {logging_mixin.py:188} INFO - [2026-02-19T09:36:49.954+0000] {dagbag.py:538} INFO - Filling up the DagBag from /opt/airflow/dags/pipeline.py
[2026-02-19T09:36:52.523+0000] {processor.py:840} INFO - DAG(s) 'risk_analysis_v1' retrieved from /opt/airflow/dags/pipeline.py
[2026-02-19T09:36:52.581+0000] {logging_mixin.py:188} INFO - [2026-02-19T09:36:52.579+0000] {dag.py:3036} INFO - Sync 1 DAGs
[2026-02-19T09:36:52.607+0000] {logging_mixin.py:188} INFO - [2026-02-19T09:36:52.606+0000] {dag.py:3823} INFO - Setting next_dagrun for risk_analysis_v1 to None, run_after=None
[2026-02-19T09:36:52.653+0000] {processor.py:183} INFO - Processing /opt/airflow/dags/pipeline.py took 2.712 seconds
[2026-02-19T09:37:23.203+0000] {processor.py:161} INFO - Started process (PID=708) to work on /opt/airflow/dags/pipeline.py
[2026-02-19T09:37:23.207+0000] {processor.py:830} INFO - Processing file /opt/airflow/dags/pipeline.py for tasks to queue
[2026-02-19T09:37:23.212+0000] {logging_mixin.py:188} INFO - [2026-02-19T09:37:23.210+0000] {dagbag.py:538} INFO - Filling up the DagBag from /opt/airflow/dags/pipeline.py
[2026-02-19T09:37:25.810+0000] {processor.py:840} INFO - DAG(s) 'risk_analysis_v1' retrieved from /opt/airflow/dags/pipeline.py
[2026-02-19T09:37:25.870+0000] {logging_mixin.py:188} INFO - [2026-02-19T09:37:25.869+0000] {dag.py:3036} INFO - Sync 1 DAGs
[2026-02-19T09:37:25.898+0000] {logging_mixin.py:188} INFO - [2026-02-19T09:37:25.898+0000] {dag.py:3823} INFO - Setting next_dagrun for risk_analysis_v1 to None, run_after=None
[2026-02-19T09:37:25.944+0000] {processor.py:183} INFO - Processing /opt/airflow/dags/pipeline.py took 2.755 seconds
[2026-02-19T09:37:56.542+0000] {processor.py:161} INFO - Started process (PID=729) to work on /opt/airflow/dags/pipeline.py
[2026-02-19T09:37:56.545+0000] {processor.py:830} INFO - Processing file /opt/airflow/dags/pipeline.py for tasks to queue
[2026-02-19T09:37:56.549+0000] {logging_mixin.py:188} INFO - [2026-02-19T09:37:56.548+0000] {dagbag.py:538} INFO - Filling up the DagBag from /opt/airflow/dags/pipeline.py
[2026-02-19T09:37:59.205+0000] {processor.py:840} INFO - DAG(s) 'risk_analysis_v1' retrieved from /opt/airflow/dags/pipeline.py
[2026-02-19T09:37:59.288+0000] {logging_mixin.py:188} INFO - [2026-02-19T09:37:59.287+0000] {dag.py:3036} INFO - Sync 1 DAGs
[2026-02-19T09:37:59.321+0000] {logging_mixin.py:188} INFO - [2026-02-19T09:37:59.320+0000] {dag.py:3823} INFO - Setting next_dagrun for risk_analysis_v1 to None, run_after=None
[2026-02-19T09:37:59.373+0000] {processor.py:183} INFO - Processing /opt/airflow/dags/pipeline.py took 2.840 seconds
[2026-02-19T09:38:29.905+0000] {processor.py:161} INFO - Started process (PID=750) to work on /opt/airflow/dags/pipeline.py
[2026-02-19T09:38:29.907+0000] {processor.py:830} INFO - Processing file /opt/airflow/dags/pipeline.py for tasks to queue
[2026-02-19T09:38:29.910+0000] {logging_mixin.py:188} INFO - [2026-02-19T09:38:29.909+0000] {dagbag.py:538} INFO - Filling up the DagBag from /opt/airflow/dags/pipeline.py
[2026-02-19T09:38:32.514+0000] {processor.py:840} INFO - DAG(s) 'risk_analysis_v1' retrieved from /opt/airflow/dags/pipeline.py
[2026-02-19T09:38:32.582+0000] {logging_mixin.py:188} INFO - [2026-02-19T09:38:32.580+0000] {dag.py:3036} INFO - Sync 1 DAGs
[2026-02-19T09:38:32.626+0000] {logging_mixin.py:188} INFO - [2026-02-19T09:38:32.625+0000] {dag.py:3823} INFO - Setting next_dagrun for risk_analysis_v1 to None, run_after=None
[2026-02-19T09:38:32.685+0000] {processor.py:183} INFO - Processing /opt/airflow/dags/pipeline.py took 2.788 seconds
[2026-02-19T09:39:03.242+0000] {processor.py:161} INFO - Started process (PID=771) to work on /opt/airflow/dags/pipeline.py
[2026-02-19T09:39:03.246+0000] {processor.py:830} INFO - Processing file /opt/airflow/dags/pipeline.py for tasks to queue
[2026-02-19T09:39:03.249+0000] {logging_mixin.py:188} INFO - [2026-02-19T09:39:03.249+0000] {dagbag.py:538} INFO - Filling up the DagBag from /opt/airflow/dags/pipeline.py
[2026-02-19T09:39:05.989+0000] {processor.py:840} INFO - DAG(s) 'risk_analysis_v1' retrieved from /opt/airflow/dags/pipeline.py
[2026-02-19T09:39:06.054+0000] {logging_mixin.py:188} INFO - [2026-02-19T09:39:06.053+0000] {dag.py:3036} INFO - Sync 1 DAGs
[2026-02-19T09:39:06.087+0000] {logging_mixin.py:188} INFO - [2026-02-19T09:39:06.087+0000] {dag.py:3823} INFO - Setting next_dagrun for risk_analysis_v1 to None, run_after=None
[2026-02-19T09:39:06.135+0000] {processor.py:183} INFO - Processing /opt/airflow/dags/pipeline.py took 2.903 seconds
[2026-02-19T09:39:36.693+0000] {processor.py:161} INFO - Started process (PID=792) to work on /opt/airflow/dags/pipeline.py
[2026-02-19T09:39:36.696+0000] {processor.py:830} INFO - Processing file /opt/airflow/dags/pipeline.py for tasks to queue
[2026-02-19T09:39:36.699+0000] {logging_mixin.py:188} INFO - [2026-02-19T09:39:36.698+0000] {dagbag.py:538} INFO - Filling up the DagBag from /opt/airflow/dags/pipeline.py
[2026-02-19T09:39:39.161+0000] {processor.py:840} INFO - DAG(s) 'risk_analysis_v1' retrieved from /opt/airflow/dags/pipeline.py
[2026-02-19T09:39:39.227+0000] {logging_mixin.py:188} INFO - [2026-02-19T09:39:39.225+0000] {dag.py:3036} INFO - Sync 1 DAGs
[2026-02-19T09:39:39.256+0000] {logging_mixin.py:188} INFO - [2026-02-19T09:39:39.255+0000] {dag.py:3823} INFO - Setting next_dagrun for risk_analysis_v1 to None, run_after=None
[2026-02-19T09:39:39.315+0000] {processor.py:183} INFO - Processing /opt/airflow/dags/pipeline.py took 2.634 seconds
[2026-02-19T09:40:09.851+0000] {processor.py:161} INFO - Started process (PID=813) to work on /opt/airflow/dags/pipeline.py
[2026-02-19T09:40:09.856+0000] {processor.py:830} INFO - Processing file /opt/airflow/dags/pipeline.py for tasks to queue
[2026-02-19T09:40:09.859+0000] {logging_mixin.py:188} INFO - [2026-02-19T09:40:09.857+0000] {dagbag.py:538} INFO - Filling up the DagBag from /opt/airflow/dags/pipeline.py
[2026-02-19T09:40:12.540+0000] {processor.py:840} INFO - DAG(s) 'risk_analysis_v1' retrieved from /opt/airflow/dags/pipeline.py
[2026-02-19T09:40:12.609+0000] {logging_mixin.py:188} INFO - [2026-02-19T09:40:12.607+0000] {dag.py:3036} INFO - Sync 1 DAGs
[2026-02-19T09:40:12.637+0000] {logging_mixin.py:188} INFO - [2026-02-19T09:40:12.637+0000] {dag.py:3823} INFO - Setting next_dagrun for risk_analysis_v1 to None, run_after=None
[2026-02-19T09:40:12.706+0000] {processor.py:183} INFO - Processing /opt/airflow/dags/pipeline.py took 2.867 seconds
[2026-02-19T09:40:43.291+0000] {processor.py:161} INFO - Started process (PID=834) to work on /opt/airflow/dags/pipeline.py
[2026-02-19T09:40:43.295+0000] {processor.py:830} INFO - Processing file /opt/airflow/dags/pipeline.py for tasks to queue
[2026-02-19T09:40:43.298+0000] {logging_mixin.py:188} INFO - [2026-02-19T09:40:43.297+0000] {dagbag.py:538} INFO - Filling up the DagBag from /opt/airflow/dags/pipeline.py
[2026-02-19T09:40:45.980+0000] {processor.py:840} INFO - DAG(s) 'risk_analysis_v1' retrieved from /opt/airflow/dags/pipeline.py
[2026-02-19T09:40:46.045+0000] {logging_mixin.py:188} INFO - [2026-02-19T09:40:46.044+0000] {dag.py:3036} INFO - Sync 1 DAGs
[2026-02-19T09:40:46.081+0000] {logging_mixin.py:188} INFO - [2026-02-19T09:40:46.080+0000] {dag.py:3823} INFO - Setting next_dagrun for risk_analysis_v1 to None, run_after=None
[2026-02-19T09:40:46.137+0000] {processor.py:183} INFO - Processing /opt/airflow/dags/pipeline.py took 2.857 seconds
[2026-02-19T09:41:16.666+0000] {processor.py:161} INFO - Started process (PID=855) to work on /opt/airflow/dags/pipeline.py
[2026-02-19T09:41:16.669+0000] {processor.py:830} INFO - Processing file /opt/airflow/dags/pipeline.py for tasks to queue
[2026-02-19T09:41:16.672+0000] {logging_mixin.py:188} INFO - [2026-02-19T09:41:16.671+0000] {dagbag.py:538} INFO - Filling up the DagBag from /opt/airflow/dags/pipeline.py
[2026-02-19T09:41:19.208+0000] {processor.py:840} INFO - DAG(s) 'risk_analysis_v1' retrieved from /opt/airflow/dags/pipeline.py
[2026-02-19T09:41:19.263+0000] {logging_mixin.py:188} INFO - [2026-02-19T09:41:19.262+0000] {dag.py:3036} INFO - Sync 1 DAGs
[2026-02-19T09:41:19.305+0000] {logging_mixin.py:188} INFO - [2026-02-19T09:41:19.304+0000] {dag.py:3823} INFO - Setting next_dagrun for risk_analysis_v1 to None, run_after=None
[2026-02-19T09:41:19.356+0000] {processor.py:183} INFO - Processing /opt/airflow/dags/pipeline.py took 2.700 seconds
[2026-02-19T09:41:49.874+0000] {processor.py:161} INFO - Started process (PID=876) to work on /opt/airflow/dags/pipeline.py
[2026-02-19T09:41:49.878+0000] {processor.py:830} INFO - Processing file /opt/airflow/dags/pipeline.py for tasks to queue
[2026-02-19T09:41:49.881+0000] {logging_mixin.py:188} INFO - [2026-02-19T09:41:49.880+0000] {dagbag.py:538} INFO - Filling up the DagBag from /opt/airflow/dags/pipeline.py
[2026-02-19T09:41:52.492+0000] {processor.py:840} INFO - DAG(s) 'risk_analysis_v1' retrieved from /opt/airflow/dags/pipeline.py
[2026-02-19T09:41:52.574+0000] {logging_mixin.py:188} INFO - [2026-02-19T09:41:52.570+0000] {dag.py:3036} INFO - Sync 1 DAGs
[2026-02-19T09:41:52.608+0000] {logging_mixin.py:188} INFO - [2026-02-19T09:41:52.607+0000] {dag.py:3823} INFO - Setting next_dagrun for risk_analysis_v1 to None, run_after=None
[2026-02-19T09:41:52.656+0000] {processor.py:183} INFO - Processing /opt/airflow/dags/pipeline.py took 2.797 seconds
[2026-02-19T09:44:39.225+0000] {processor.py:161} INFO - Started process (PID=63) to work on /opt/airflow/dags/pipeline.py
[2026-02-19T09:44:39.229+0000] {processor.py:830} INFO - Processing file /opt/airflow/dags/pipeline.py for tasks to queue
[2026-02-19T09:44:39.232+0000] {logging_mixin.py:188} INFO - [2026-02-19T09:44:39.231+0000] {dagbag.py:538} INFO - Filling up the DagBag from /opt/airflow/dags/pipeline.py
[2026-02-19T09:44:44.683+0000] {processor.py:840} INFO - DAG(s) 'risk_analysis_v1' retrieved from /opt/airflow/dags/pipeline.py
[2026-02-19T09:44:45.289+0000] {logging_mixin.py:188} INFO - [2026-02-19T09:44:45.288+0000] {override.py:1769} INFO - Created Permission View: can delete on DAG:risk_analysis_v1
[2026-02-19T09:44:45.318+0000] {logging_mixin.py:188} INFO - [2026-02-19T09:44:45.318+0000] {override.py:1769} INFO - Created Permission View: can edit on DAG:risk_analysis_v1
[2026-02-19T09:44:45.342+0000] {logging_mixin.py:188} INFO - [2026-02-19T09:44:45.341+0000] {override.py:1769} INFO - Created Permission View: can read on DAG:risk_analysis_v1
[2026-02-19T09:44:45.345+0000] {logging_mixin.py:188} INFO - [2026-02-19T09:44:45.344+0000] {dag.py:3036} INFO - Sync 1 DAGs
[2026-02-19T09:44:45.376+0000] {logging_mixin.py:188} WARNING - /home/airflow/.local/lib/python3.8/site-packages/airflow/models/dag.py:3574 DeprecationWarning: The dag_concurrency option in [core] has been renamed to max_active_tasks_per_dag - the old setting has been used, but please update your config.
[2026-02-19T09:44:45.378+0000] {logging_mixin.py:188} INFO - [2026-02-19T09:44:45.377+0000] {dag.py:3058} INFO - Creating ORM DAG for risk_analysis_v1
[2026-02-19T09:44:45.380+0000] {logging_mixin.py:188} INFO - [2026-02-19T09:44:45.380+0000] {dag.py:3823} INFO - Setting next_dagrun for risk_analysis_v1 to None, run_after=None
[2026-02-19T09:44:45.431+0000] {processor.py:183} INFO - Processing /opt/airflow/dags/pipeline.py took 6.217 seconds
[2026-02-19T09:45:15.785+0000] {processor.py:161} INFO - Started process (PID=84) to work on /opt/airflow/dags/pipeline.py
[2026-02-19T09:45:15.790+0000] {processor.py:830} INFO - Processing file /opt/airflow/dags/pipeline.py for tasks to queue
[2026-02-19T09:45:15.795+0000] {logging_mixin.py:188} INFO - [2026-02-19T09:45:15.793+0000] {dagbag.py:538} INFO - Filling up the DagBag from /opt/airflow/dags/pipeline.py
[2026-02-19T09:45:18.682+0000] {processor.py:840} INFO - DAG(s) 'risk_analysis_v1' retrieved from /opt/airflow/dags/pipeline.py
[2026-02-19T09:45:18.782+0000] {logging_mixin.py:188} INFO - [2026-02-19T09:45:18.778+0000] {dag.py:3036} INFO - Sync 1 DAGs
[2026-02-19T09:45:18.832+0000] {logging_mixin.py:188} INFO - [2026-02-19T09:45:18.832+0000] {dag.py:3823} INFO - Setting next_dagrun for risk_analysis_v1 to None, run_after=None
[2026-02-19T09:45:18.904+0000] {processor.py:183} INFO - Processing /opt/airflow/dags/pipeline.py took 3.140 seconds
[2026-02-19T09:45:49.368+0000] {processor.py:161} INFO - Started process (PID=130) to work on /opt/airflow/dags/pipeline.py
[2026-02-19T09:45:49.373+0000] {processor.py:830} INFO - Processing file /opt/airflow/dags/pipeline.py for tasks to queue
[2026-02-19T09:45:49.376+0000] {logging_mixin.py:188} INFO - [2026-02-19T09:45:49.375+0000] {dagbag.py:538} INFO - Filling up the DagBag from /opt/airflow/dags/pipeline.py
[2026-02-19T09:45:52.132+0000] {processor.py:840} INFO - DAG(s) 'risk_analysis_v1' retrieved from /opt/airflow/dags/pipeline.py
[2026-02-19T09:45:52.204+0000] {logging_mixin.py:188} INFO - [2026-02-19T09:45:52.202+0000] {dag.py:3036} INFO - Sync 1 DAGs
[2026-02-19T09:45:52.236+0000] {logging_mixin.py:188} INFO - [2026-02-19T09:45:52.235+0000] {dag.py:3823} INFO - Setting next_dagrun for risk_analysis_v1 to None, run_after=None
[2026-02-19T09:45:52.293+0000] {processor.py:183} INFO - Processing /opt/airflow/dags/pipeline.py took 2.937 seconds
[2026-02-19T09:46:22.825+0000] {processor.py:161} INFO - Started process (PID=174) to work on /opt/airflow/dags/pipeline.py
[2026-02-19T09:46:22.831+0000] {processor.py:830} INFO - Processing file /opt/airflow/dags/pipeline.py for tasks to queue
[2026-02-19T09:46:22.836+0000] {logging_mixin.py:188} INFO - [2026-02-19T09:46:22.834+0000] {dagbag.py:538} INFO - Filling up the DagBag from /opt/airflow/dags/pipeline.py
[2026-02-19T09:46:25.688+0000] {processor.py:840} INFO - DAG(s) 'risk_analysis_v1' retrieved from /opt/airflow/dags/pipeline.py
[2026-02-19T09:46:25.757+0000] {logging_mixin.py:188} INFO - [2026-02-19T09:46:25.756+0000] {dag.py:3036} INFO - Sync 1 DAGs
[2026-02-19T09:46:25.790+0000] {logging_mixin.py:188} INFO - [2026-02-19T09:46:25.790+0000] {dag.py:3823} INFO - Setting next_dagrun for risk_analysis_v1 to None, run_after=None
[2026-02-19T09:46:25.857+0000] {processor.py:183} INFO - Processing /opt/airflow/dags/pipeline.py took 3.045 seconds
[2026-02-19T09:46:56.272+0000] {processor.py:161} INFO - Started process (PID=195) to work on /opt/airflow/dags/pipeline.py
[2026-02-19T09:46:56.278+0000] {processor.py:830} INFO - Processing file /opt/airflow/dags/pipeline.py for tasks to queue
[2026-02-19T09:46:56.282+0000] {logging_mixin.py:188} INFO - [2026-02-19T09:46:56.281+0000] {dagbag.py:538} INFO - Filling up the DagBag from /opt/airflow/dags/pipeline.py
[2026-02-19T09:46:59.210+0000] {processor.py:840} INFO - DAG(s) 'risk_analysis_v1' retrieved from /opt/airflow/dags/pipeline.py
[2026-02-19T09:46:59.266+0000] {logging_mixin.py:188} INFO - [2026-02-19T09:46:59.265+0000] {dag.py:3036} INFO - Sync 1 DAGs
[2026-02-19T09:46:59.299+0000] {logging_mixin.py:188} INFO - [2026-02-19T09:46:59.299+0000] {dag.py:3823} INFO - Setting next_dagrun for risk_analysis_v1 to None, run_after=None
[2026-02-19T09:46:59.359+0000] {processor.py:183} INFO - Processing /opt/airflow/dags/pipeline.py took 3.099 seconds
[2026-02-19T09:47:29.750+0000] {processor.py:161} INFO - Started process (PID=216) to work on /opt/airflow/dags/pipeline.py
[2026-02-19T09:47:29.754+0000] {processor.py:830} INFO - Processing file /opt/airflow/dags/pipeline.py for tasks to queue
[2026-02-19T09:47:29.757+0000] {logging_mixin.py:188} INFO - [2026-02-19T09:47:29.756+0000] {dagbag.py:538} INFO - Filling up the DagBag from /opt/airflow/dags/pipeline.py
[2026-02-19T09:47:32.605+0000] {processor.py:840} INFO - DAG(s) 'risk_analysis_v1' retrieved from /opt/airflow/dags/pipeline.py
[2026-02-19T09:47:32.665+0000] {logging_mixin.py:188} INFO - [2026-02-19T09:47:32.664+0000] {dag.py:3036} INFO - Sync 1 DAGs
[2026-02-19T09:47:32.692+0000] {logging_mixin.py:188} INFO - [2026-02-19T09:47:32.691+0000] {dag.py:3823} INFO - Setting next_dagrun for risk_analysis_v1 to None, run_after=None
[2026-02-19T09:47:32.757+0000] {processor.py:183} INFO - Processing /opt/airflow/dags/pipeline.py took 3.019 seconds
[2026-02-19T09:49:35.384+0000] {processor.py:161} INFO - Started process (PID=63) to work on /opt/airflow/dags/pipeline.py
[2026-02-19T09:49:35.387+0000] {processor.py:830} INFO - Processing file /opt/airflow/dags/pipeline.py for tasks to queue
[2026-02-19T09:49:35.390+0000] {logging_mixin.py:188} INFO - [2026-02-19T09:49:35.389+0000] {dagbag.py:538} INFO - Filling up the DagBag from /opt/airflow/dags/pipeline.py
[2026-02-19T09:49:40.996+0000] {processor.py:840} INFO - DAG(s) 'risk_analysis_v1' retrieved from /opt/airflow/dags/pipeline.py
[2026-02-19T09:49:41.673+0000] {logging_mixin.py:188} INFO - [2026-02-19T09:49:41.671+0000] {override.py:1769} INFO - Created Permission View: can delete on DAG:risk_analysis_v1
[2026-02-19T09:49:41.704+0000] {logging_mixin.py:188} INFO - [2026-02-19T09:49:41.703+0000] {override.py:1769} INFO - Created Permission View: can read on DAG:risk_analysis_v1
[2026-02-19T09:49:41.725+0000] {logging_mixin.py:188} INFO - [2026-02-19T09:49:41.724+0000] {override.py:1769} INFO - Created Permission View: can edit on DAG:risk_analysis_v1
[2026-02-19T09:49:41.727+0000] {logging_mixin.py:188} INFO - [2026-02-19T09:49:41.726+0000] {dag.py:3036} INFO - Sync 1 DAGs
[2026-02-19T09:49:41.759+0000] {logging_mixin.py:188} WARNING - /home/airflow/.local/lib/python3.8/site-packages/airflow/models/dag.py:3574 DeprecationWarning: The dag_concurrency option in [core] has been renamed to max_active_tasks_per_dag - the old setting has been used, but please update your config.
[2026-02-19T09:49:41.762+0000] {logging_mixin.py:188} INFO - [2026-02-19T09:49:41.761+0000] {dag.py:3058} INFO - Creating ORM DAG for risk_analysis_v1
[2026-02-19T09:49:41.764+0000] {logging_mixin.py:188} INFO - [2026-02-19T09:49:41.764+0000] {dag.py:3823} INFO - Setting next_dagrun for risk_analysis_v1 to None, run_after=None
[2026-02-19T09:49:41.813+0000] {processor.py:183} INFO - Processing /opt/airflow/dags/pipeline.py took 6.443 seconds
[2026-02-19T09:50:12.347+0000] {processor.py:161} INFO - Started process (PID=84) to work on /opt/airflow/dags/pipeline.py
[2026-02-19T09:50:12.351+0000] {processor.py:830} INFO - Processing file /opt/airflow/dags/pipeline.py for tasks to queue
[2026-02-19T09:50:12.355+0000] {logging_mixin.py:188} INFO - [2026-02-19T09:50:12.354+0000] {dagbag.py:538} INFO - Filling up the DagBag from /opt/airflow/dags/pipeline.py
[2026-02-19T09:50:15.065+0000] {processor.py:840} INFO - DAG(s) 'risk_analysis_v1' retrieved from /opt/airflow/dags/pipeline.py
[2026-02-19T09:50:15.140+0000] {logging_mixin.py:188} INFO - [2026-02-19T09:50:15.138+0000] {dag.py:3036} INFO - Sync 1 DAGs
[2026-02-19T09:50:15.172+0000] {logging_mixin.py:188} INFO - [2026-02-19T09:50:15.172+0000] {dag.py:3823} INFO - Setting next_dagrun for risk_analysis_v1 to None, run_after=None
[2026-02-19T09:50:15.221+0000] {processor.py:183} INFO - Processing /opt/airflow/dags/pipeline.py took 2.891 seconds
[2026-02-19T09:50:45.728+0000] {processor.py:161} INFO - Started process (PID=148) to work on /opt/airflow/dags/pipeline.py
[2026-02-19T09:50:45.732+0000] {processor.py:830} INFO - Processing file /opt/airflow/dags/pipeline.py for tasks to queue
[2026-02-19T09:50:45.735+0000] {logging_mixin.py:188} INFO - [2026-02-19T09:50:45.734+0000] {dagbag.py:538} INFO - Filling up the DagBag from /opt/airflow/dags/pipeline.py
[2026-02-19T09:50:48.765+0000] {processor.py:840} INFO - DAG(s) 'risk_analysis_v1' retrieved from /opt/airflow/dags/pipeline.py
[2026-02-19T09:50:48.858+0000] {logging_mixin.py:188} INFO - [2026-02-19T09:50:48.856+0000] {dag.py:3036} INFO - Sync 1 DAGs
[2026-02-19T09:50:48.892+0000] {logging_mixin.py:188} INFO - [2026-02-19T09:50:48.891+0000] {dag.py:3823} INFO - Setting next_dagrun for risk_analysis_v1 to None, run_after=None
[2026-02-19T09:50:48.952+0000] {processor.py:183} INFO - Processing /opt/airflow/dags/pipeline.py took 3.234 seconds
[2026-02-19T09:51:19.144+0000] {processor.py:161} INFO - Started process (PID=174) to work on /opt/airflow/dags/pipeline.py
[2026-02-19T09:51:19.147+0000] {processor.py:830} INFO - Processing file /opt/airflow/dags/pipeline.py for tasks to queue
[2026-02-19T09:51:19.150+0000] {logging_mixin.py:188} INFO - [2026-02-19T09:51:19.150+0000] {dagbag.py:538} INFO - Filling up the DagBag from /opt/airflow/dags/pipeline.py
[2026-02-19T09:51:21.830+0000] {processor.py:840} INFO - DAG(s) 'risk_analysis_v1' retrieved from /opt/airflow/dags/pipeline.py
[2026-02-19T09:51:21.918+0000] {logging_mixin.py:188} INFO - [2026-02-19T09:51:21.916+0000] {dag.py:3036} INFO - Sync 1 DAGs
[2026-02-19T09:51:21.961+0000] {logging_mixin.py:188} INFO - [2026-02-19T09:51:21.960+0000] {dag.py:3823} INFO - Setting next_dagrun for risk_analysis_v1 to None, run_after=None
[2026-02-19T09:51:22.014+0000] {processor.py:183} INFO - Processing /opt/airflow/dags/pipeline.py took 2.884 seconds
[2026-02-19T09:51:52.533+0000] {processor.py:161} INFO - Started process (PID=195) to work on /opt/airflow/dags/pipeline.py
[2026-02-19T09:51:52.536+0000] {processor.py:830} INFO - Processing file /opt/airflow/dags/pipeline.py for tasks to queue
[2026-02-19T09:51:52.540+0000] {logging_mixin.py:188} INFO - [2026-02-19T09:51:52.539+0000] {dagbag.py:538} INFO - Filling up the DagBag from /opt/airflow/dags/pipeline.py
[2026-02-19T09:51:55.541+0000] {processor.py:840} INFO - DAG(s) 'risk_analysis_v1' retrieved from /opt/airflow/dags/pipeline.py
[2026-02-19T09:51:55.612+0000] {logging_mixin.py:188} INFO - [2026-02-19T09:51:55.611+0000] {dag.py:3036} INFO - Sync 1 DAGs
[2026-02-19T09:51:55.645+0000] {logging_mixin.py:188} INFO - [2026-02-19T09:51:55.644+0000] {dag.py:3823} INFO - Setting next_dagrun for risk_analysis_v1 to None, run_after=None
[2026-02-19T09:51:55.714+0000] {processor.py:183} INFO - Processing /opt/airflow/dags/pipeline.py took 3.193 seconds
[2026-02-19T09:52:26.227+0000] {processor.py:161} INFO - Started process (PID=216) to work on /opt/airflow/dags/pipeline.py
[2026-02-19T09:52:26.230+0000] {processor.py:830} INFO - Processing file /opt/airflow/dags/pipeline.py for tasks to queue
[2026-02-19T09:52:26.233+0000] {logging_mixin.py:188} INFO - [2026-02-19T09:52:26.232+0000] {dagbag.py:538} INFO - Filling up the DagBag from /opt/airflow/dags/pipeline.py
[2026-02-19T09:52:29.285+0000] {processor.py:840} INFO - DAG(s) 'risk_analysis_v1' retrieved from /opt/airflow/dags/pipeline.py
[2026-02-19T09:52:29.351+0000] {logging_mixin.py:188} INFO - [2026-02-19T09:52:29.350+0000] {dag.py:3036} INFO - Sync 1 DAGs
[2026-02-19T09:52:29.386+0000] {logging_mixin.py:188} INFO - [2026-02-19T09:52:29.385+0000] {dag.py:3823} INFO - Setting next_dagrun for risk_analysis_v1 to None, run_after=None
[2026-02-19T09:52:29.457+0000] {processor.py:183} INFO - Processing /opt/airflow/dags/pipeline.py took 3.239 seconds
[2026-02-19T09:52:59.983+0000] {processor.py:161} INFO - Started process (PID=237) to work on /opt/airflow/dags/pipeline.py
[2026-02-19T09:52:59.986+0000] {processor.py:830} INFO - Processing file /opt/airflow/dags/pipeline.py for tasks to queue
[2026-02-19T09:52:59.989+0000] {logging_mixin.py:188} INFO - [2026-02-19T09:52:59.988+0000] {dagbag.py:538} INFO - Filling up the DagBag from /opt/airflow/dags/pipeline.py
[2026-02-19T09:53:02.608+0000] {processor.py:840} INFO - DAG(s) 'risk_analysis_v1' retrieved from /opt/airflow/dags/pipeline.py
[2026-02-19T09:53:02.684+0000] {logging_mixin.py:188} INFO - [2026-02-19T09:53:02.682+0000] {dag.py:3036} INFO - Sync 1 DAGs
[2026-02-19T09:53:02.715+0000] {logging_mixin.py:188} INFO - [2026-02-19T09:53:02.714+0000] {dag.py:3823} INFO - Setting next_dagrun for risk_analysis_v1 to None, run_after=None
[2026-02-19T09:53:02.767+0000] {processor.py:183} INFO - Processing /opt/airflow/dags/pipeline.py took 2.793 seconds
[2026-02-19T09:53:33.006+0000] {processor.py:161} INFO - Started process (PID=258) to work on /opt/airflow/dags/pipeline.py
[2026-02-19T09:53:33.010+0000] {processor.py:830} INFO - Processing file /opt/airflow/dags/pipeline.py for tasks to queue
[2026-02-19T09:53:33.013+0000] {logging_mixin.py:188} INFO - [2026-02-19T09:53:33.012+0000] {dagbag.py:538} INFO - Filling up the DagBag from /opt/airflow/dags/pipeline.py
[2026-02-19T09:53:35.890+0000] {processor.py:840} INFO - DAG(s) 'risk_analysis_v1' retrieved from /opt/airflow/dags/pipeline.py
[2026-02-19T09:53:35.968+0000] {logging_mixin.py:188} INFO - [2026-02-19T09:53:35.964+0000] {dag.py:3036} INFO - Sync 1 DAGs
[2026-02-19T09:53:36.010+0000] {logging_mixin.py:188} INFO - [2026-02-19T09:53:36.009+0000] {dag.py:3823} INFO - Setting next_dagrun for risk_analysis_v1 to None, run_after=None
[2026-02-19T09:53:36.085+0000] {processor.py:183} INFO - Processing /opt/airflow/dags/pipeline.py took 3.089 seconds
[2026-02-19T09:54:06.400+0000] {processor.py:161} INFO - Started process (PID=281) to work on /opt/airflow/dags/pipeline.py
[2026-02-19T09:54:06.403+0000] {processor.py:830} INFO - Processing file /opt/airflow/dags/pipeline.py for tasks to queue
[2026-02-19T09:54:06.407+0000] {logging_mixin.py:188} INFO - [2026-02-19T09:54:06.406+0000] {dagbag.py:538} INFO - Filling up the DagBag from /opt/airflow/dags/pipeline.py
[2026-02-19T09:54:09.069+0000] {processor.py:840} INFO - DAG(s) 'risk_analysis_v1' retrieved from /opt/airflow/dags/pipeline.py
[2026-02-19T09:54:09.126+0000] {logging_mixin.py:188} INFO - [2026-02-19T09:54:09.125+0000] {dag.py:3036} INFO - Sync 1 DAGs
[2026-02-19T09:54:09.161+0000] {logging_mixin.py:188} INFO - [2026-02-19T09:54:09.161+0000] {dag.py:3823} INFO - Setting next_dagrun for risk_analysis_v1 to None, run_after=None
[2026-02-19T09:54:09.215+0000] {processor.py:183} INFO - Processing /opt/airflow/dags/pipeline.py took 2.834 seconds
[2026-02-19T09:54:39.836+0000] {processor.py:161} INFO - Started process (PID=302) to work on /opt/airflow/dags/pipeline.py
[2026-02-19T09:54:39.838+0000] {processor.py:830} INFO - Processing file /opt/airflow/dags/pipeline.py for tasks to queue
[2026-02-19T09:54:39.842+0000] {logging_mixin.py:188} INFO - [2026-02-19T09:54:39.841+0000] {dagbag.py:538} INFO - Filling up the DagBag from /opt/airflow/dags/pipeline.py
[2026-02-19T09:54:42.529+0000] {processor.py:840} INFO - DAG(s) 'risk_analysis_v1' retrieved from /opt/airflow/dags/pipeline.py
[2026-02-19T09:54:42.594+0000] {logging_mixin.py:188} INFO - [2026-02-19T09:54:42.593+0000] {dag.py:3036} INFO - Sync 1 DAGs
[2026-02-19T09:54:42.628+0000] {logging_mixin.py:188} INFO - [2026-02-19T09:54:42.627+0000] {dag.py:3823} INFO - Setting next_dagrun for risk_analysis_v1 to None, run_after=None
[2026-02-19T09:54:42.690+0000] {processor.py:183} INFO - Processing /opt/airflow/dags/pipeline.py took 2.866 seconds
[2026-02-19T09:55:13.234+0000] {processor.py:161} INFO - Started process (PID=323) to work on /opt/airflow/dags/pipeline.py
[2026-02-19T09:55:13.237+0000] {processor.py:830} INFO - Processing file /opt/airflow/dags/pipeline.py for tasks to queue
[2026-02-19T09:55:13.241+0000] {logging_mixin.py:188} INFO - [2026-02-19T09:55:13.240+0000] {dagbag.py:538} INFO - Filling up the DagBag from /opt/airflow/dags/pipeline.py
[2026-02-19T09:55:16.026+0000] {processor.py:840} INFO - DAG(s) 'risk_analysis_v1' retrieved from /opt/airflow/dags/pipeline.py
[2026-02-19T09:55:16.089+0000] {logging_mixin.py:188} INFO - [2026-02-19T09:55:16.087+0000] {dag.py:3036} INFO - Sync 1 DAGs
[2026-02-19T09:55:16.123+0000] {logging_mixin.py:188} INFO - [2026-02-19T09:55:16.122+0000] {dag.py:3823} INFO - Setting next_dagrun for risk_analysis_v1 to None, run_after=None
[2026-02-19T09:55:16.190+0000] {processor.py:183} INFO - Processing /opt/airflow/dags/pipeline.py took 2.964 seconds
[2026-02-19T09:55:46.710+0000] {processor.py:161} INFO - Started process (PID=344) to work on /opt/airflow/dags/pipeline.py
[2026-02-19T09:55:46.713+0000] {processor.py:830} INFO - Processing file /opt/airflow/dags/pipeline.py for tasks to queue
[2026-02-19T09:55:46.718+0000] {logging_mixin.py:188} INFO - [2026-02-19T09:55:46.717+0000] {dagbag.py:538} INFO - Filling up the DagBag from /opt/airflow/dags/pipeline.py
[2026-02-19T09:55:49.401+0000] {processor.py:840} INFO - DAG(s) 'risk_analysis_v1' retrieved from /opt/airflow/dags/pipeline.py
[2026-02-19T09:55:49.511+0000] {logging_mixin.py:188} INFO - [2026-02-19T09:55:49.509+0000] {dag.py:3036} INFO - Sync 1 DAGs
[2026-02-19T09:55:49.555+0000] {logging_mixin.py:188} INFO - [2026-02-19T09:55:49.554+0000] {dag.py:3823} INFO - Setting next_dagrun for risk_analysis_v1 to None, run_after=None
[2026-02-19T09:55:49.616+0000] {processor.py:183} INFO - Processing /opt/airflow/dags/pipeline.py took 2.916 seconds
[2026-02-19T09:57:49.679+0000] {processor.py:161} INFO - Started process (PID=63) to work on /opt/airflow/dags/pipeline.py
[2026-02-19T09:57:49.681+0000] {processor.py:830} INFO - Processing file /opt/airflow/dags/pipeline.py for tasks to queue
[2026-02-19T09:57:49.684+0000] {logging_mixin.py:188} INFO - [2026-02-19T09:57:49.683+0000] {dagbag.py:538} INFO - Filling up the DagBag from /opt/airflow/dags/pipeline.py
[2026-02-19T09:57:54.183+0000] {logging_mixin.py:188} INFO - [2026-02-19T09:57:54.165+0000] {dagbag.py:348} ERROR - Failed to import: /opt/airflow/dags/pipeline.py
Traceback (most recent call last):
  File "/home/airflow/.local/lib/python3.8/site-packages/airflow/models/dagbag.py", line 344, in parse
    loader.exec_module(new_module)
  File "<frozen importlib._bootstrap_external>", line 843, in exec_module
  File "<frozen importlib._bootstrap>", line 219, in _call_with_frames_removed
  File "/opt/airflow/dags/pipeline.py", line 9, in <module>
    from src.ml_logic import train_risk_model
  File "/opt/airflow/src/ml_logic.py", line 4, in <module>
    import modelcheck
ModuleNotFoundError: No module named 'modelcheck'
[2026-02-19T09:57:54.188+0000] {processor.py:842} WARNING - No viable dags retrieved from /opt/airflow/dags/pipeline.py
[2026-02-19T09:57:54.243+0000] {processor.py:183} INFO - Processing /opt/airflow/dags/pipeline.py took 4.571 seconds
[2026-02-19T09:58:24.748+0000] {processor.py:161} INFO - Started process (PID=84) to work on /opt/airflow/dags/pipeline.py
[2026-02-19T09:58:24.752+0000] {processor.py:830} INFO - Processing file /opt/airflow/dags/pipeline.py for tasks to queue
[2026-02-19T09:58:24.756+0000] {logging_mixin.py:188} INFO - [2026-02-19T09:58:24.755+0000] {dagbag.py:538} INFO - Filling up the DagBag from /opt/airflow/dags/pipeline.py
[2026-02-19T09:58:27.143+0000] {logging_mixin.py:188} INFO - [2026-02-19T09:58:27.125+0000] {dagbag.py:348} ERROR - Failed to import: /opt/airflow/dags/pipeline.py
Traceback (most recent call last):
  File "/home/airflow/.local/lib/python3.8/site-packages/airflow/models/dagbag.py", line 344, in parse
    loader.exec_module(new_module)
  File "<frozen importlib._bootstrap_external>", line 843, in exec_module
  File "<frozen importlib._bootstrap>", line 219, in _call_with_frames_removed
  File "/opt/airflow/dags/pipeline.py", line 9, in <module>
    from src.ml_logic import train_risk_model
  File "/opt/airflow/src/ml_logic.py", line 4, in <module>
    import modelcheck
ModuleNotFoundError: No module named 'modelcheck'
[2026-02-19T09:58:27.149+0000] {processor.py:842} WARNING - No viable dags retrieved from /opt/airflow/dags/pipeline.py
[2026-02-19T09:58:27.196+0000] {processor.py:183} INFO - Processing /opt/airflow/dags/pipeline.py took 2.461 seconds
[2026-02-19T09:58:57.475+0000] {processor.py:161} INFO - Started process (PID=105) to work on /opt/airflow/dags/pipeline.py
[2026-02-19T09:58:57.478+0000] {processor.py:830} INFO - Processing file /opt/airflow/dags/pipeline.py for tasks to queue
[2026-02-19T09:58:57.481+0000] {logging_mixin.py:188} INFO - [2026-02-19T09:58:57.480+0000] {dagbag.py:538} INFO - Filling up the DagBag from /opt/airflow/dags/pipeline.py
[2026-02-19T09:58:59.915+0000] {logging_mixin.py:188} INFO - [2026-02-19T09:58:59.899+0000] {dagbag.py:348} ERROR - Failed to import: /opt/airflow/dags/pipeline.py
Traceback (most recent call last):
  File "/home/airflow/.local/lib/python3.8/site-packages/airflow/models/dagbag.py", line 344, in parse
    loader.exec_module(new_module)
  File "<frozen importlib._bootstrap_external>", line 843, in exec_module
  File "<frozen importlib._bootstrap>", line 219, in _call_with_frames_removed
  File "/opt/airflow/dags/pipeline.py", line 9, in <module>
    from src.ml_logic import train_risk_model
  File "/opt/airflow/src/ml_logic.py", line 4, in <module>
    import modelcheck
ModuleNotFoundError: No module named 'modelcheck'
[2026-02-19T09:58:59.920+0000] {processor.py:842} WARNING - No viable dags retrieved from /opt/airflow/dags/pipeline.py
[2026-02-19T09:59:00.056+0000] {processor.py:183} INFO - Processing /opt/airflow/dags/pipeline.py took 2.591 seconds
[2026-02-19T09:59:30.606+0000] {processor.py:161} INFO - Started process (PID=126) to work on /opt/airflow/dags/pipeline.py
[2026-02-19T09:59:30.609+0000] {processor.py:830} INFO - Processing file /opt/airflow/dags/pipeline.py for tasks to queue
[2026-02-19T09:59:30.613+0000] {logging_mixin.py:188} INFO - [2026-02-19T09:59:30.612+0000] {dagbag.py:538} INFO - Filling up the DagBag from /opt/airflow/dags/pipeline.py
[2026-02-19T09:59:33.091+0000] {logging_mixin.py:188} INFO - [2026-02-19T09:59:33.073+0000] {dagbag.py:348} ERROR - Failed to import: /opt/airflow/dags/pipeline.py
Traceback (most recent call last):
  File "/home/airflow/.local/lib/python3.8/site-packages/airflow/models/dagbag.py", line 344, in parse
    loader.exec_module(new_module)
  File "<frozen importlib._bootstrap_external>", line 843, in exec_module
  File "<frozen importlib._bootstrap>", line 219, in _call_with_frames_removed
  File "/opt/airflow/dags/pipeline.py", line 9, in <module>
    from src.ml_logic import train_risk_model
  File "/opt/airflow/src/ml_logic.py", line 4, in <module>
    import modelcheck
ModuleNotFoundError: No module named 'modelcheck'
[2026-02-19T09:59:33.096+0000] {processor.py:842} WARNING - No viable dags retrieved from /opt/airflow/dags/pipeline.py
[2026-02-19T09:59:33.150+0000] {processor.py:183} INFO - Processing /opt/airflow/dags/pipeline.py took 2.555 seconds
[2026-02-19T10:00:03.368+0000] {processor.py:161} INFO - Started process (PID=147) to work on /opt/airflow/dags/pipeline.py
[2026-02-19T10:00:03.371+0000] {processor.py:830} INFO - Processing file /opt/airflow/dags/pipeline.py for tasks to queue
[2026-02-19T10:00:03.374+0000] {logging_mixin.py:188} INFO - [2026-02-19T10:00:03.373+0000] {dagbag.py:538} INFO - Filling up the DagBag from /opt/airflow/dags/pipeline.py
[2026-02-19T10:00:05.601+0000] {logging_mixin.py:188} INFO - [2026-02-19T10:00:05.585+0000] {dagbag.py:348} ERROR - Failed to import: /opt/airflow/dags/pipeline.py
Traceback (most recent call last):
  File "/home/airflow/.local/lib/python3.8/site-packages/airflow/models/dagbag.py", line 344, in parse
    loader.exec_module(new_module)
  File "<frozen importlib._bootstrap_external>", line 843, in exec_module
  File "<frozen importlib._bootstrap>", line 219, in _call_with_frames_removed
  File "/opt/airflow/dags/pipeline.py", line 9, in <module>
    from src.ml_logic import train_risk_model
  File "/opt/airflow/src/ml_logic.py", line 4, in <module>
    import modelcheck
ModuleNotFoundError: No module named 'modelcheck'
[2026-02-19T10:00:05.607+0000] {processor.py:842} WARNING - No viable dags retrieved from /opt/airflow/dags/pipeline.py
[2026-02-19T10:00:05.662+0000] {processor.py:183} INFO - Processing /opt/airflow/dags/pipeline.py took 2.303 seconds
[2026-02-19T10:04:12.970+0000] {processor.py:161} INFO - Started process (PID=169) to work on /opt/airflow/dags/pipeline.py
[2026-02-19T10:04:12.991+0000] {processor.py:830} INFO - Processing file /opt/airflow/dags/pipeline.py for tasks to queue
[2026-02-19T10:04:13.005+0000] {logging_mixin.py:188} INFO - [2026-02-19T10:04:12.996+0000] {dagbag.py:538} INFO - Filling up the DagBag from /opt/airflow/dags/pipeline.py
[2026-02-19T10:04:16.402+0000] {logging_mixin.py:188} INFO - [2026-02-19T10:04:16.388+0000] {dagbag.py:348} ERROR - Failed to import: /opt/airflow/dags/pipeline.py
Traceback (most recent call last):
  File "/home/airflow/.local/lib/python3.8/site-packages/airflow/models/dagbag.py", line 344, in parse
    loader.exec_module(new_module)
  File "<frozen importlib._bootstrap_external>", line 843, in exec_module
  File "<frozen importlib._bootstrap>", line 219, in _call_with_frames_removed
  File "/opt/airflow/dags/pipeline.py", line 9, in <module>
    from src.ml_logic import train_risk_model
  File "/opt/airflow/src/ml_logic.py", line 4, in <module>
    import modelcheck
ModuleNotFoundError: No module named 'modelcheck'
[2026-02-19T10:04:16.407+0000] {processor.py:842} WARNING - No viable dags retrieved from /opt/airflow/dags/pipeline.py
[2026-02-19T10:04:16.444+0000] {processor.py:183} INFO - Processing /opt/airflow/dags/pipeline.py took 3.501 seconds
[2026-02-19T10:04:46.807+0000] {processor.py:161} INFO - Started process (PID=191) to work on /opt/airflow/dags/pipeline.py
[2026-02-19T10:04:46.808+0000] {processor.py:830} INFO - Processing file /opt/airflow/dags/pipeline.py for tasks to queue
[2026-02-19T10:04:46.809+0000] {logging_mixin.py:188} INFO - [2026-02-19T10:04:46.809+0000] {dagbag.py:538} INFO - Filling up the DagBag from /opt/airflow/dags/pipeline.py
[2026-02-19T10:04:47.806+0000] {logging_mixin.py:188} INFO - [2026-02-19T10:04:47.797+0000] {dagbag.py:348} ERROR - Failed to import: /opt/airflow/dags/pipeline.py
Traceback (most recent call last):
  File "/home/airflow/.local/lib/python3.8/site-packages/airflow/models/dagbag.py", line 344, in parse
    loader.exec_module(new_module)
  File "<frozen importlib._bootstrap_external>", line 843, in exec_module
  File "<frozen importlib._bootstrap>", line 219, in _call_with_frames_removed
  File "/opt/airflow/dags/pipeline.py", line 9, in <module>
    from src.ml_logic import train_risk_model
  File "/opt/airflow/src/ml_logic.py", line 4, in <module>
    import modelcheck
ModuleNotFoundError: No module named 'modelcheck'
[2026-02-19T10:04:47.809+0000] {processor.py:842} WARNING - No viable dags retrieved from /opt/airflow/dags/pipeline.py
[2026-02-19T10:04:47.832+0000] {processor.py:183} INFO - Processing /opt/airflow/dags/pipeline.py took 1.030 seconds
[2026-02-19T10:05:18.044+0000] {processor.py:161} INFO - Started process (PID=212) to work on /opt/airflow/dags/pipeline.py
[2026-02-19T10:05:18.046+0000] {processor.py:830} INFO - Processing file /opt/airflow/dags/pipeline.py for tasks to queue
[2026-02-19T10:05:18.048+0000] {logging_mixin.py:188} INFO - [2026-02-19T10:05:18.047+0000] {dagbag.py:538} INFO - Filling up the DagBag from /opt/airflow/dags/pipeline.py
[2026-02-19T10:05:18.924+0000] {logging_mixin.py:188} INFO - [2026-02-19T10:05:18.915+0000] {dagbag.py:348} ERROR - Failed to import: /opt/airflow/dags/pipeline.py
Traceback (most recent call last):
  File "/home/airflow/.local/lib/python3.8/site-packages/airflow/models/dagbag.py", line 344, in parse
    loader.exec_module(new_module)
  File "<frozen importlib._bootstrap_external>", line 843, in exec_module
  File "<frozen importlib._bootstrap>", line 219, in _call_with_frames_removed
  File "/opt/airflow/dags/pipeline.py", line 9, in <module>
    from src.ml_logic import train_risk_model
  File "/opt/airflow/src/ml_logic.py", line 4, in <module>
    import modelcheck
ModuleNotFoundError: No module named 'modelcheck'
[2026-02-19T10:05:18.926+0000] {processor.py:842} WARNING - No viable dags retrieved from /opt/airflow/dags/pipeline.py
[2026-02-19T10:05:18.948+0000] {processor.py:183} INFO - Processing /opt/airflow/dags/pipeline.py took 0.909 seconds
[2026-02-19T10:05:49.233+0000] {processor.py:161} INFO - Started process (PID=233) to work on /opt/airflow/dags/pipeline.py
[2026-02-19T10:05:49.234+0000] {processor.py:830} INFO - Processing file /opt/airflow/dags/pipeline.py for tasks to queue
[2026-02-19T10:05:49.236+0000] {logging_mixin.py:188} INFO - [2026-02-19T10:05:49.235+0000] {dagbag.py:538} INFO - Filling up the DagBag from /opt/airflow/dags/pipeline.py
[2026-02-19T10:05:50.155+0000] {logging_mixin.py:188} INFO - [2026-02-19T10:05:50.147+0000] {dagbag.py:348} ERROR - Failed to import: /opt/airflow/dags/pipeline.py
Traceback (most recent call last):
  File "/home/airflow/.local/lib/python3.8/site-packages/airflow/models/dagbag.py", line 344, in parse
    loader.exec_module(new_module)
  File "<frozen importlib._bootstrap_external>", line 843, in exec_module
  File "<frozen importlib._bootstrap>", line 219, in _call_with_frames_removed
  File "/opt/airflow/dags/pipeline.py", line 9, in <module>
    from src.ml_logic import train_risk_model
  File "/opt/airflow/src/ml_logic.py", line 4, in <module>
    import modelcheck
ModuleNotFoundError: No module named 'modelcheck'
[2026-02-19T10:05:50.158+0000] {processor.py:842} WARNING - No viable dags retrieved from /opt/airflow/dags/pipeline.py
[2026-02-19T10:05:50.179+0000] {processor.py:183} INFO - Processing /opt/airflow/dags/pipeline.py took 0.950 seconds
[2026-02-19T10:06:20.497+0000] {processor.py:161} INFO - Started process (PID=254) to work on /opt/airflow/dags/pipeline.py
[2026-02-19T10:06:20.499+0000] {processor.py:830} INFO - Processing file /opt/airflow/dags/pipeline.py for tasks to queue
[2026-02-19T10:06:20.500+0000] {logging_mixin.py:188} INFO - [2026-02-19T10:06:20.500+0000] {dagbag.py:538} INFO - Filling up the DagBag from /opt/airflow/dags/pipeline.py
[2026-02-19T10:06:21.376+0000] {logging_mixin.py:188} INFO - [2026-02-19T10:06:21.367+0000] {dagbag.py:348} ERROR - Failed to import: /opt/airflow/dags/pipeline.py
Traceback (most recent call last):
  File "/home/airflow/.local/lib/python3.8/site-packages/airflow/models/dagbag.py", line 344, in parse
    loader.exec_module(new_module)
  File "<frozen importlib._bootstrap_external>", line 843, in exec_module
  File "<frozen importlib._bootstrap>", line 219, in _call_with_frames_removed
  File "/opt/airflow/dags/pipeline.py", line 9, in <module>
    from src.ml_logic import train_risk_model
  File "/opt/airflow/src/ml_logic.py", line 4, in <module>
    import modelcheck
ModuleNotFoundError: No module named 'modelcheck'
[2026-02-19T10:06:21.378+0000] {processor.py:842} WARNING - No viable dags retrieved from /opt/airflow/dags/pipeline.py
[2026-02-19T10:06:21.398+0000] {processor.py:183} INFO - Processing /opt/airflow/dags/pipeline.py took 0.907 seconds
[2026-02-19T10:06:51.651+0000] {processor.py:161} INFO - Started process (PID=275) to work on /opt/airflow/dags/pipeline.py
[2026-02-19T10:06:51.653+0000] {processor.py:830} INFO - Processing file /opt/airflow/dags/pipeline.py for tasks to queue
[2026-02-19T10:06:51.654+0000] {logging_mixin.py:188} INFO - [2026-02-19T10:06:51.654+0000] {dagbag.py:538} INFO - Filling up the DagBag from /opt/airflow/dags/pipeline.py
[2026-02-19T10:06:52.504+0000] {logging_mixin.py:188} INFO - [2026-02-19T10:06:52.495+0000] {dagbag.py:348} ERROR - Failed to import: /opt/airflow/dags/pipeline.py
Traceback (most recent call last):
  File "/home/airflow/.local/lib/python3.8/site-packages/airflow/models/dagbag.py", line 344, in parse
    loader.exec_module(new_module)
  File "<frozen importlib._bootstrap_external>", line 843, in exec_module
  File "<frozen importlib._bootstrap>", line 219, in _call_with_frames_removed
  File "/opt/airflow/dags/pipeline.py", line 9, in <module>
    from src.ml_logic import train_risk_model
  File "/opt/airflow/src/ml_logic.py", line 4, in <module>
    import modelcheck
ModuleNotFoundError: No module named 'modelcheck'
[2026-02-19T10:06:52.507+0000] {processor.py:842} WARNING - No viable dags retrieved from /opt/airflow/dags/pipeline.py
[2026-02-19T10:06:52.527+0000] {processor.py:183} INFO - Processing /opt/airflow/dags/pipeline.py took 0.880 seconds
[2026-02-19T10:07:22.782+0000] {processor.py:161} INFO - Started process (PID=296) to work on /opt/airflow/dags/pipeline.py
[2026-02-19T10:07:22.783+0000] {processor.py:830} INFO - Processing file /opt/airflow/dags/pipeline.py for tasks to queue
[2026-02-19T10:07:22.785+0000] {logging_mixin.py:188} INFO - [2026-02-19T10:07:22.785+0000] {dagbag.py:538} INFO - Filling up the DagBag from /opt/airflow/dags/pipeline.py
[2026-02-19T10:07:23.690+0000] {logging_mixin.py:188} INFO - [2026-02-19T10:07:23.681+0000] {dagbag.py:348} ERROR - Failed to import: /opt/airflow/dags/pipeline.py
Traceback (most recent call last):
  File "/home/airflow/.local/lib/python3.8/site-packages/airflow/models/dagbag.py", line 344, in parse
    loader.exec_module(new_module)
  File "<frozen importlib._bootstrap_external>", line 843, in exec_module
  File "<frozen importlib._bootstrap>", line 219, in _call_with_frames_removed
  File "/opt/airflow/dags/pipeline.py", line 9, in <module>
    from src.ml_logic import train_risk_model
  File "/opt/airflow/src/ml_logic.py", line 4, in <module>
    import modelcheck
ModuleNotFoundError: No module named 'modelcheck'
[2026-02-19T10:07:23.692+0000] {processor.py:842} WARNING - No viable dags retrieved from /opt/airflow/dags/pipeline.py
[2026-02-19T10:07:23.714+0000] {processor.py:183} INFO - Processing /opt/airflow/dags/pipeline.py took 0.937 seconds
[2026-02-19T10:07:53.976+0000] {processor.py:161} INFO - Started process (PID=317) to work on /opt/airflow/dags/pipeline.py
[2026-02-19T10:07:53.978+0000] {processor.py:830} INFO - Processing file /opt/airflow/dags/pipeline.py for tasks to queue
[2026-02-19T10:07:53.979+0000] {logging_mixin.py:188} INFO - [2026-02-19T10:07:53.979+0000] {dagbag.py:538} INFO - Filling up the DagBag from /opt/airflow/dags/pipeline.py
[2026-02-19T10:07:54.840+0000] {logging_mixin.py:188} INFO - [2026-02-19T10:07:54.832+0000] {dagbag.py:348} ERROR - Failed to import: /opt/airflow/dags/pipeline.py
Traceback (most recent call last):
  File "/home/airflow/.local/lib/python3.8/site-packages/airflow/models/dagbag.py", line 344, in parse
    loader.exec_module(new_module)
  File "<frozen importlib._bootstrap_external>", line 843, in exec_module
  File "<frozen importlib._bootstrap>", line 219, in _call_with_frames_removed
  File "/opt/airflow/dags/pipeline.py", line 9, in <module>
    from src.ml_logic import train_risk_model
  File "/opt/airflow/src/ml_logic.py", line 4, in <module>
    import modelcheck
ModuleNotFoundError: No module named 'modelcheck'
[2026-02-19T10:07:54.842+0000] {processor.py:842} WARNING - No viable dags retrieved from /opt/airflow/dags/pipeline.py
[2026-02-19T10:07:54.864+0000] {processor.py:183} INFO - Processing /opt/airflow/dags/pipeline.py took 0.892 seconds
[2026-02-19T10:08:25.162+0000] {processor.py:161} INFO - Started process (PID=338) to work on /opt/airflow/dags/pipeline.py
[2026-02-19T10:08:25.164+0000] {processor.py:830} INFO - Processing file /opt/airflow/dags/pipeline.py for tasks to queue
[2026-02-19T10:08:25.166+0000] {logging_mixin.py:188} INFO - [2026-02-19T10:08:25.165+0000] {dagbag.py:538} INFO - Filling up the DagBag from /opt/airflow/dags/pipeline.py
[2026-02-19T10:08:26.071+0000] {logging_mixin.py:188} INFO - [2026-02-19T10:08:26.063+0000] {dagbag.py:348} ERROR - Failed to import: /opt/airflow/dags/pipeline.py
Traceback (most recent call last):
  File "/home/airflow/.local/lib/python3.8/site-packages/airflow/models/dagbag.py", line 344, in parse
    loader.exec_module(new_module)
  File "<frozen importlib._bootstrap_external>", line 843, in exec_module
  File "<frozen importlib._bootstrap>", line 219, in _call_with_frames_removed
  File "/opt/airflow/dags/pipeline.py", line 9, in <module>
    from src.ml_logic import train_risk_model
  File "/opt/airflow/src/ml_logic.py", line 4, in <module>
    import modelcheck
ModuleNotFoundError: No module named 'modelcheck'
[2026-02-19T10:08:26.074+0000] {processor.py:842} WARNING - No viable dags retrieved from /opt/airflow/dags/pipeline.py
[2026-02-19T10:08:26.098+0000] {processor.py:183} INFO - Processing /opt/airflow/dags/pipeline.py took 0.942 seconds
[2026-02-19T10:08:56.357+0000] {processor.py:161} INFO - Started process (PID=359) to work on /opt/airflow/dags/pipeline.py
[2026-02-19T10:08:56.358+0000] {processor.py:830} INFO - Processing file /opt/airflow/dags/pipeline.py for tasks to queue
[2026-02-19T10:08:56.360+0000] {logging_mixin.py:188} INFO - [2026-02-19T10:08:56.359+0000] {dagbag.py:538} INFO - Filling up the DagBag from /opt/airflow/dags/pipeline.py
[2026-02-19T10:08:57.630+0000] {processor.py:840} INFO - DAG(s) 'risk_analysis_v1' retrieved from /opt/airflow/dags/pipeline.py
[2026-02-19T10:08:57.855+0000] {logging_mixin.py:188} INFO - [2026-02-19T10:08:57.854+0000] {override.py:1769} INFO - Created Permission View: can edit on DAG:risk_analysis_v1
[2026-02-19T10:08:57.868+0000] {logging_mixin.py:188} INFO - [2026-02-19T10:08:57.868+0000] {override.py:1769} INFO - Created Permission View: can delete on DAG:risk_analysis_v1
[2026-02-19T10:08:57.880+0000] {logging_mixin.py:188} INFO - [2026-02-19T10:08:57.880+0000] {override.py:1769} INFO - Created Permission View: can read on DAG:risk_analysis_v1
[2026-02-19T10:08:57.881+0000] {logging_mixin.py:188} INFO - [2026-02-19T10:08:57.881+0000] {dag.py:3036} INFO - Sync 1 DAGs
[2026-02-19T10:08:57.893+0000] {logging_mixin.py:188} WARNING - /home/airflow/.local/lib/python3.8/site-packages/airflow/models/dag.py:3574 DeprecationWarning: The dag_concurrency option in [core] has been renamed to max_active_tasks_per_dag - the old setting has been used, but please update your config.
[2026-02-19T10:08:57.894+0000] {logging_mixin.py:188} INFO - [2026-02-19T10:08:57.894+0000] {dag.py:3058} INFO - Creating ORM DAG for risk_analysis_v1
[2026-02-19T10:08:57.895+0000] {logging_mixin.py:188} INFO - [2026-02-19T10:08:57.895+0000] {dag.py:3823} INFO - Setting next_dagrun for risk_analysis_v1 to None, run_after=None
[2026-02-19T10:08:57.919+0000] {processor.py:183} INFO - Processing /opt/airflow/dags/pipeline.py took 1.566 seconds
[2026-02-19T10:09:28.226+0000] {processor.py:161} INFO - Started process (PID=380) to work on /opt/airflow/dags/pipeline.py
[2026-02-19T10:09:28.228+0000] {processor.py:830} INFO - Processing file /opt/airflow/dags/pipeline.py for tasks to queue
[2026-02-19T10:09:28.230+0000] {logging_mixin.py:188} INFO - [2026-02-19T10:09:28.229+0000] {dagbag.py:538} INFO - Filling up the DagBag from /opt/airflow/dags/pipeline.py
[2026-02-19T10:09:29.350+0000] {processor.py:840} INFO - DAG(s) 'risk_analysis_v1' retrieved from /opt/airflow/dags/pipeline.py
[2026-02-19T10:09:29.381+0000] {logging_mixin.py:188} INFO - [2026-02-19T10:09:29.380+0000] {dag.py:3036} INFO - Sync 1 DAGs
[2026-02-19T10:09:29.396+0000] {logging_mixin.py:188} INFO - [2026-02-19T10:09:29.396+0000] {dag.py:3823} INFO - Setting next_dagrun for risk_analysis_v1 to None, run_after=None
[2026-02-19T10:09:29.423+0000] {processor.py:183} INFO - Processing /opt/airflow/dags/pipeline.py took 1.201 seconds
[2026-02-19T10:09:59.675+0000] {processor.py:161} INFO - Started process (PID=401) to work on /opt/airflow/dags/pipeline.py
[2026-02-19T10:09:59.676+0000] {processor.py:830} INFO - Processing file /opt/airflow/dags/pipeline.py for tasks to queue
[2026-02-19T10:09:59.678+0000] {logging_mixin.py:188} INFO - [2026-02-19T10:09:59.677+0000] {dagbag.py:538} INFO - Filling up the DagBag from /opt/airflow/dags/pipeline.py
[2026-02-19T10:10:00.707+0000] {processor.py:840} INFO - DAG(s) 'risk_analysis_v1' retrieved from /opt/airflow/dags/pipeline.py
[2026-02-19T10:10:00.737+0000] {logging_mixin.py:188} INFO - [2026-02-19T10:10:00.737+0000] {dag.py:3036} INFO - Sync 1 DAGs
[2026-02-19T10:10:00.750+0000] {logging_mixin.py:188} INFO - [2026-02-19T10:10:00.750+0000] {dag.py:3823} INFO - Setting next_dagrun for risk_analysis_v1 to None, run_after=None
[2026-02-19T10:10:00.772+0000] {processor.py:183} INFO - Processing /opt/airflow/dags/pipeline.py took 1.101 seconds
[2026-02-19T10:10:30.882+0000] {processor.py:161} INFO - Started process (PID=422) to work on /opt/airflow/dags/pipeline.py
[2026-02-19T10:10:30.884+0000] {processor.py:830} INFO - Processing file /opt/airflow/dags/pipeline.py for tasks to queue
[2026-02-19T10:10:30.885+0000] {logging_mixin.py:188} INFO - [2026-02-19T10:10:30.885+0000] {dagbag.py:538} INFO - Filling up the DagBag from /opt/airflow/dags/pipeline.py
[2026-02-19T10:10:31.964+0000] {processor.py:840} INFO - DAG(s) 'risk_analysis_v1' retrieved from /opt/airflow/dags/pipeline.py
[2026-02-19T10:10:31.995+0000] {logging_mixin.py:188} INFO - [2026-02-19T10:10:31.994+0000] {dag.py:3036} INFO - Sync 1 DAGs
[2026-02-19T10:10:32.010+0000] {logging_mixin.py:188} INFO - [2026-02-19T10:10:32.009+0000] {dag.py:3823} INFO - Setting next_dagrun for risk_analysis_v1 to None, run_after=None
[2026-02-19T10:10:32.040+0000] {processor.py:183} INFO - Processing /opt/airflow/dags/pipeline.py took 1.162 seconds
[2026-02-19T10:11:02.209+0000] {processor.py:161} INFO - Started process (PID=443) to work on /opt/airflow/dags/pipeline.py
[2026-02-19T10:11:02.211+0000] {processor.py:830} INFO - Processing file /opt/airflow/dags/pipeline.py for tasks to queue
[2026-02-19T10:11:02.212+0000] {logging_mixin.py:188} INFO - [2026-02-19T10:11:02.212+0000] {dagbag.py:538} INFO - Filling up the DagBag from /opt/airflow/dags/pipeline.py
[2026-02-19T10:11:03.260+0000] {processor.py:840} INFO - DAG(s) 'risk_analysis_v1' retrieved from /opt/airflow/dags/pipeline.py
[2026-02-19T10:11:03.289+0000] {logging_mixin.py:188} INFO - [2026-02-19T10:11:03.289+0000] {dag.py:3036} INFO - Sync 1 DAGs
[2026-02-19T10:11:03.305+0000] {logging_mixin.py:188} INFO - [2026-02-19T10:11:03.304+0000] {dag.py:3823} INFO - Setting next_dagrun for risk_analysis_v1 to None, run_after=None
[2026-02-19T10:11:03.328+0000] {processor.py:183} INFO - Processing /opt/airflow/dags/pipeline.py took 1.123 seconds
[2026-02-19T10:11:33.486+0000] {processor.py:161} INFO - Started process (PID=464) to work on /opt/airflow/dags/pipeline.py
[2026-02-19T10:11:33.488+0000] {processor.py:830} INFO - Processing file /opt/airflow/dags/pipeline.py for tasks to queue
[2026-02-19T10:11:33.489+0000] {logging_mixin.py:188} INFO - [2026-02-19T10:11:33.489+0000] {dagbag.py:538} INFO - Filling up the DagBag from /opt/airflow/dags/pipeline.py
[2026-02-19T10:11:34.679+0000] {processor.py:840} INFO - DAG(s) 'risk_analysis_v1' retrieved from /opt/airflow/dags/pipeline.py
[2026-02-19T10:11:34.711+0000] {logging_mixin.py:188} INFO - [2026-02-19T10:11:34.709+0000] {dag.py:3036} INFO - Sync 1 DAGs
[2026-02-19T10:11:34.727+0000] {logging_mixin.py:188} INFO - [2026-02-19T10:11:34.726+0000] {dag.py:3823} INFO - Setting next_dagrun for risk_analysis_v1 to None, run_after=None
[2026-02-19T10:11:34.757+0000] {processor.py:183} INFO - Processing /opt/airflow/dags/pipeline.py took 1.275 seconds
[2026-02-19T10:12:05.003+0000] {processor.py:161} INFO - Started process (PID=485) to work on /opt/airflow/dags/pipeline.py
[2026-02-19T10:12:05.005+0000] {processor.py:830} INFO - Processing file /opt/airflow/dags/pipeline.py for tasks to queue
[2026-02-19T10:12:05.007+0000] {logging_mixin.py:188} INFO - [2026-02-19T10:12:05.007+0000] {dagbag.py:538} INFO - Filling up the DagBag from /opt/airflow/dags/pipeline.py
[2026-02-19T10:12:06.133+0000] {processor.py:840} INFO - DAG(s) 'risk_analysis_v1' retrieved from /opt/airflow/dags/pipeline.py
[2026-02-19T10:12:06.161+0000] {logging_mixin.py:188} INFO - [2026-02-19T10:12:06.161+0000] {dag.py:3036} INFO - Sync 1 DAGs
[2026-02-19T10:12:06.173+0000] {logging_mixin.py:188} INFO - [2026-02-19T10:12:06.173+0000] {dag.py:3823} INFO - Setting next_dagrun for risk_analysis_v1 to None, run_after=None
[2026-02-19T10:12:06.196+0000] {processor.py:183} INFO - Processing /opt/airflow/dags/pipeline.py took 1.197 seconds
[2026-02-19T10:13:31.235+0000] {processor.py:161} INFO - Started process (PID=63) to work on /opt/airflow/dags/pipeline.py
[2026-02-19T10:13:31.237+0000] {processor.py:830} INFO - Processing file /opt/airflow/dags/pipeline.py for tasks to queue
[2026-02-19T10:13:31.238+0000] {logging_mixin.py:188} INFO - [2026-02-19T10:13:31.238+0000] {dagbag.py:538} INFO - Filling up the DagBag from /opt/airflow/dags/pipeline.py
[2026-02-19T10:13:33.361+0000] {processor.py:840} INFO - DAG(s) 'risk_analysis_v1' retrieved from /opt/airflow/dags/pipeline.py
[2026-02-19T10:13:33.606+0000] {logging_mixin.py:188} INFO - [2026-02-19T10:13:33.605+0000] {override.py:1769} INFO - Created Permission View: can read on DAG:risk_analysis_v1
[2026-02-19T10:13:33.620+0000] {logging_mixin.py:188} INFO - [2026-02-19T10:13:33.620+0000] {override.py:1769} INFO - Created Permission View: can edit on DAG:risk_analysis_v1
[2026-02-19T10:13:33.630+0000] {logging_mixin.py:188} INFO - [2026-02-19T10:13:33.630+0000] {override.py:1769} INFO - Created Permission View: can delete on DAG:risk_analysis_v1
[2026-02-19T10:13:33.631+0000] {logging_mixin.py:188} INFO - [2026-02-19T10:13:33.631+0000] {dag.py:3036} INFO - Sync 1 DAGs
[2026-02-19T10:13:33.643+0000] {logging_mixin.py:188} WARNING - /home/airflow/.local/lib/python3.8/site-packages/airflow/models/dag.py:3574 DeprecationWarning: The dag_concurrency option in [core] has been renamed to max_active_tasks_per_dag - the old setting has been used, but please update your config.
[2026-02-19T10:13:33.645+0000] {logging_mixin.py:188} INFO - [2026-02-19T10:13:33.644+0000] {dag.py:3058} INFO - Creating ORM DAG for risk_analysis_v1
[2026-02-19T10:13:33.646+0000] {logging_mixin.py:188} INFO - [2026-02-19T10:13:33.646+0000] {dag.py:3823} INFO - Setting next_dagrun for risk_analysis_v1 to None, run_after=None
[2026-02-19T10:13:33.669+0000] {processor.py:183} INFO - Processing /opt/airflow/dags/pipeline.py took 2.438 seconds
[2026-02-19T10:14:03.922+0000] {processor.py:161} INFO - Started process (PID=84) to work on /opt/airflow/dags/pipeline.py
[2026-02-19T10:14:03.924+0000] {processor.py:830} INFO - Processing file /opt/airflow/dags/pipeline.py for tasks to queue
[2026-02-19T10:14:03.925+0000] {logging_mixin.py:188} INFO - [2026-02-19T10:14:03.925+0000] {dagbag.py:538} INFO - Filling up the DagBag from /opt/airflow/dags/pipeline.py
[2026-02-19T10:14:05.079+0000] {processor.py:840} INFO - DAG(s) 'risk_analysis_v1' retrieved from /opt/airflow/dags/pipeline.py
[2026-02-19T10:14:05.106+0000] {logging_mixin.py:188} INFO - [2026-02-19T10:14:05.105+0000] {dag.py:3036} INFO - Sync 1 DAGs
[2026-02-19T10:14:05.120+0000] {logging_mixin.py:188} INFO - [2026-02-19T10:14:05.120+0000] {dag.py:3823} INFO - Setting next_dagrun for risk_analysis_v1 to None, run_after=None
[2026-02-19T10:14:05.146+0000] {processor.py:183} INFO - Processing /opt/airflow/dags/pipeline.py took 1.230 seconds
[2026-02-19T10:14:35.407+0000] {processor.py:161} INFO - Started process (PID=129) to work on /opt/airflow/dags/pipeline.py
[2026-02-19T10:14:35.409+0000] {processor.py:830} INFO - Processing file /opt/airflow/dags/pipeline.py for tasks to queue
[2026-02-19T10:14:35.411+0000] {logging_mixin.py:188} INFO - [2026-02-19T10:14:35.410+0000] {dagbag.py:538} INFO - Filling up the DagBag from /opt/airflow/dags/pipeline.py
[2026-02-19T10:14:36.531+0000] {processor.py:840} INFO - DAG(s) 'risk_analysis_v1' retrieved from /opt/airflow/dags/pipeline.py
[2026-02-19T10:14:36.559+0000] {logging_mixin.py:188} INFO - [2026-02-19T10:14:36.559+0000] {dag.py:3036} INFO - Sync 1 DAGs
[2026-02-19T10:14:36.571+0000] {logging_mixin.py:188} INFO - [2026-02-19T10:14:36.571+0000] {dag.py:3823} INFO - Setting next_dagrun for risk_analysis_v1 to None, run_after=None
[2026-02-19T10:14:36.596+0000] {processor.py:183} INFO - Processing /opt/airflow/dags/pipeline.py took 1.195 seconds
[2026-02-19T10:15:06.841+0000] {processor.py:161} INFO - Started process (PID=150) to work on /opt/airflow/dags/pipeline.py
[2026-02-19T10:15:06.843+0000] {processor.py:830} INFO - Processing file /opt/airflow/dags/pipeline.py for tasks to queue
[2026-02-19T10:15:06.844+0000] {logging_mixin.py:188} INFO - [2026-02-19T10:15:06.844+0000] {dagbag.py:538} INFO - Filling up the DagBag from /opt/airflow/dags/pipeline.py
[2026-02-19T10:15:07.951+0000] {processor.py:840} INFO - DAG(s) 'risk_analysis_v1' retrieved from /opt/airflow/dags/pipeline.py
[2026-02-19T10:15:07.987+0000] {logging_mixin.py:188} INFO - [2026-02-19T10:15:07.987+0000] {dag.py:3036} INFO - Sync 1 DAGs
[2026-02-19T10:15:08.003+0000] {logging_mixin.py:188} INFO - [2026-02-19T10:15:08.003+0000] {dag.py:3823} INFO - Setting next_dagrun for risk_analysis_v1 to None, run_after=None
[2026-02-19T10:15:08.035+0000] {processor.py:183} INFO - Processing /opt/airflow/dags/pipeline.py took 1.198 seconds
[2026-02-19T10:15:38.288+0000] {processor.py:161} INFO - Started process (PID=194) to work on /opt/airflow/dags/pipeline.py
[2026-02-19T10:15:38.289+0000] {processor.py:830} INFO - Processing file /opt/airflow/dags/pipeline.py for tasks to queue
[2026-02-19T10:15:38.290+0000] {logging_mixin.py:188} INFO - [2026-02-19T10:15:38.290+0000] {dagbag.py:538} INFO - Filling up the DagBag from /opt/airflow/dags/pipeline.py
[2026-02-19T10:15:39.396+0000] {processor.py:840} INFO - DAG(s) 'risk_analysis_v1' retrieved from /opt/airflow/dags/pipeline.py
[2026-02-19T10:15:39.425+0000] {logging_mixin.py:188} INFO - [2026-02-19T10:15:39.425+0000] {dag.py:3036} INFO - Sync 1 DAGs
[2026-02-19T10:15:39.439+0000] {logging_mixin.py:188} INFO - [2026-02-19T10:15:39.438+0000] {dag.py:3823} INFO - Setting next_dagrun for risk_analysis_v1 to None, run_after=None
[2026-02-19T10:15:39.464+0000] {processor.py:183} INFO - Processing /opt/airflow/dags/pipeline.py took 1.180 seconds
[2026-02-19T10:16:09.703+0000] {processor.py:161} INFO - Started process (PID=265) to work on /opt/airflow/dags/pipeline.py
[2026-02-19T10:16:09.705+0000] {processor.py:830} INFO - Processing file /opt/airflow/dags/pipeline.py for tasks to queue
[2026-02-19T10:16:09.707+0000] {logging_mixin.py:188} INFO - [2026-02-19T10:16:09.706+0000] {dagbag.py:538} INFO - Filling up the DagBag from /opt/airflow/dags/pipeline.py
[2026-02-19T10:16:10.843+0000] {processor.py:840} INFO - DAG(s) 'risk_analysis_v1' retrieved from /opt/airflow/dags/pipeline.py
[2026-02-19T10:16:10.872+0000] {logging_mixin.py:188} INFO - [2026-02-19T10:16:10.872+0000] {dag.py:3036} INFO - Sync 1 DAGs
[2026-02-19T10:16:10.885+0000] {logging_mixin.py:188} INFO - [2026-02-19T10:16:10.885+0000] {dag.py:3823} INFO - Setting next_dagrun for risk_analysis_v1 to None, run_after=None
[2026-02-19T10:16:10.912+0000] {processor.py:183} INFO - Processing /opt/airflow/dags/pipeline.py took 1.214 seconds
[2026-02-19T10:16:41.159+0000] {processor.py:161} INFO - Started process (PID=335) to work on /opt/airflow/dags/pipeline.py
[2026-02-19T10:16:41.161+0000] {processor.py:830} INFO - Processing file /opt/airflow/dags/pipeline.py for tasks to queue
[2026-02-19T10:16:41.163+0000] {logging_mixin.py:188} INFO - [2026-02-19T10:16:41.162+0000] {dagbag.py:538} INFO - Filling up the DagBag from /opt/airflow/dags/pipeline.py
[2026-02-19T10:16:42.226+0000] {processor.py:840} INFO - DAG(s) 'risk_analysis_v1' retrieved from /opt/airflow/dags/pipeline.py
[2026-02-19T10:16:42.253+0000] {logging_mixin.py:188} INFO - [2026-02-19T10:16:42.252+0000] {dag.py:3036} INFO - Sync 1 DAGs
[2026-02-19T10:16:42.265+0000] {logging_mixin.py:188} INFO - [2026-02-19T10:16:42.265+0000] {dag.py:3823} INFO - Setting next_dagrun for risk_analysis_v1 to None, run_after=None
[2026-02-19T10:16:42.290+0000] {processor.py:183} INFO - Processing /opt/airflow/dags/pipeline.py took 1.135 seconds
[2026-02-19T10:17:12.381+0000] {processor.py:161} INFO - Started process (PID=358) to work on /opt/airflow/dags/pipeline.py
[2026-02-19T10:17:12.383+0000] {processor.py:830} INFO - Processing file /opt/airflow/dags/pipeline.py for tasks to queue
[2026-02-19T10:17:12.385+0000] {logging_mixin.py:188} INFO - [2026-02-19T10:17:12.384+0000] {dagbag.py:538} INFO - Filling up the DagBag from /opt/airflow/dags/pipeline.py
[2026-02-19T10:17:13.612+0000] {processor.py:840} INFO - DAG(s) 'risk_analysis_v1' retrieved from /opt/airflow/dags/pipeline.py
[2026-02-19T10:17:13.643+0000] {logging_mixin.py:188} INFO - [2026-02-19T10:17:13.642+0000] {dag.py:3036} INFO - Sync 1 DAGs
[2026-02-19T10:17:13.659+0000] {logging_mixin.py:188} INFO - [2026-02-19T10:17:13.659+0000] {dag.py:3823} INFO - Setting next_dagrun for risk_analysis_v1 to None, run_after=None
[2026-02-19T10:17:13.689+0000] {processor.py:183} INFO - Processing /opt/airflow/dags/pipeline.py took 1.315 seconds
[2026-02-19T10:17:43.942+0000] {processor.py:161} INFO - Started process (PID=379) to work on /opt/airflow/dags/pipeline.py
[2026-02-19T10:17:43.943+0000] {processor.py:830} INFO - Processing file /opt/airflow/dags/pipeline.py for tasks to queue
[2026-02-19T10:17:43.945+0000] {logging_mixin.py:188} INFO - [2026-02-19T10:17:43.944+0000] {dagbag.py:538} INFO - Filling up the DagBag from /opt/airflow/dags/pipeline.py
[2026-02-19T10:17:44.990+0000] {processor.py:840} INFO - DAG(s) 'risk_analysis_v1' retrieved from /opt/airflow/dags/pipeline.py
[2026-02-19T10:17:45.021+0000] {logging_mixin.py:188} INFO - [2026-02-19T10:17:45.020+0000] {dag.py:3036} INFO - Sync 1 DAGs
[2026-02-19T10:17:45.031+0000] {logging_mixin.py:188} INFO - [2026-02-19T10:17:45.031+0000] {dag.py:3823} INFO - Setting next_dagrun for risk_analysis_v1 to None, run_after=None
[2026-02-19T10:17:45.059+0000] {processor.py:183} INFO - Processing /opt/airflow/dags/pipeline.py took 1.122 seconds
[2026-02-19T10:18:15.145+0000] {processor.py:161} INFO - Started process (PID=400) to work on /opt/airflow/dags/pipeline.py
[2026-02-19T10:18:15.147+0000] {processor.py:830} INFO - Processing file /opt/airflow/dags/pipeline.py for tasks to queue
[2026-02-19T10:18:15.148+0000] {logging_mixin.py:188} INFO - [2026-02-19T10:18:15.148+0000] {dagbag.py:538} INFO - Filling up the DagBag from /opt/airflow/dags/pipeline.py
[2026-02-19T10:18:16.171+0000] {processor.py:840} INFO - DAG(s) 'risk_analysis_v1' retrieved from /opt/airflow/dags/pipeline.py
[2026-02-19T10:18:16.203+0000] {logging_mixin.py:188} INFO - [2026-02-19T10:18:16.202+0000] {dag.py:3036} INFO - Sync 1 DAGs
[2026-02-19T10:18:16.216+0000] {logging_mixin.py:188} INFO - [2026-02-19T10:18:16.216+0000] {dag.py:3823} INFO - Setting next_dagrun for risk_analysis_v1 to None, run_after=None
[2026-02-19T10:18:16.242+0000] {processor.py:183} INFO - Processing /opt/airflow/dags/pipeline.py took 1.102 seconds
[2026-02-19T10:18:46.541+0000] {processor.py:161} INFO - Started process (PID=421) to work on /opt/airflow/dags/pipeline.py
[2026-02-19T10:18:46.543+0000] {processor.py:830} INFO - Processing file /opt/airflow/dags/pipeline.py for tasks to queue
[2026-02-19T10:18:46.544+0000] {logging_mixin.py:188} INFO - [2026-02-19T10:18:46.544+0000] {dagbag.py:538} INFO - Filling up the DagBag from /opt/airflow/dags/pipeline.py
[2026-02-19T10:18:47.618+0000] {processor.py:840} INFO - DAG(s) 'risk_analysis_v1' retrieved from /opt/airflow/dags/pipeline.py
[2026-02-19T10:18:47.652+0000] {logging_mixin.py:188} INFO - [2026-02-19T10:18:47.652+0000] {dag.py:3036} INFO - Sync 1 DAGs
[2026-02-19T10:18:47.667+0000] {logging_mixin.py:188} INFO - [2026-02-19T10:18:47.667+0000] {dag.py:3823} INFO - Setting next_dagrun for risk_analysis_v1 to None, run_after=None
[2026-02-19T10:18:47.698+0000] {processor.py:183} INFO - Processing /opt/airflow/dags/pipeline.py took 1.161 seconds
[2026-02-19T10:19:17.955+0000] {processor.py:161} INFO - Started process (PID=442) to work on /opt/airflow/dags/pipeline.py
[2026-02-19T10:19:17.957+0000] {processor.py:830} INFO - Processing file /opt/airflow/dags/pipeline.py for tasks to queue
[2026-02-19T10:19:17.959+0000] {logging_mixin.py:188} INFO - [2026-02-19T10:19:17.958+0000] {dagbag.py:538} INFO - Filling up the DagBag from /opt/airflow/dags/pipeline.py
[2026-02-19T10:19:19.115+0000] {processor.py:840} INFO - DAG(s) 'risk_analysis_v1' retrieved from /opt/airflow/dags/pipeline.py
[2026-02-19T10:19:19.157+0000] {logging_mixin.py:188} INFO - [2026-02-19T10:19:19.156+0000] {dag.py:3036} INFO - Sync 1 DAGs
[2026-02-19T10:19:19.173+0000] {logging_mixin.py:188} INFO - [2026-02-19T10:19:19.172+0000] {dag.py:3823} INFO - Setting next_dagrun for risk_analysis_v1 to None, run_after=None
[2026-02-19T10:19:19.205+0000] {processor.py:183} INFO - Processing /opt/airflow/dags/pipeline.py took 1.256 seconds
[2026-02-19T10:19:49.479+0000] {processor.py:161} INFO - Started process (PID=463) to work on /opt/airflow/dags/pipeline.py
[2026-02-19T10:19:49.480+0000] {processor.py:830} INFO - Processing file /opt/airflow/dags/pipeline.py for tasks to queue
[2026-02-19T10:19:49.482+0000] {logging_mixin.py:188} INFO - [2026-02-19T10:19:49.481+0000] {dagbag.py:538} INFO - Filling up the DagBag from /opt/airflow/dags/pipeline.py
[2026-02-19T10:19:50.643+0000] {processor.py:840} INFO - DAG(s) 'risk_analysis_v1' retrieved from /opt/airflow/dags/pipeline.py
[2026-02-19T10:19:50.676+0000] {logging_mixin.py:188} INFO - [2026-02-19T10:19:50.675+0000] {dag.py:3036} INFO - Sync 1 DAGs
[2026-02-19T10:19:50.691+0000] {logging_mixin.py:188} INFO - [2026-02-19T10:19:50.690+0000] {dag.py:3823} INFO - Setting next_dagrun for risk_analysis_v1 to None, run_after=None
[2026-02-19T10:19:50.719+0000] {processor.py:183} INFO - Processing /opt/airflow/dags/pipeline.py took 1.244 seconds
[2026-02-19T10:20:20.966+0000] {processor.py:161} INFO - Started process (PID=484) to work on /opt/airflow/dags/pipeline.py
[2026-02-19T10:20:20.968+0000] {processor.py:830} INFO - Processing file /opt/airflow/dags/pipeline.py for tasks to queue
[2026-02-19T10:20:20.969+0000] {logging_mixin.py:188} INFO - [2026-02-19T10:20:20.969+0000] {dagbag.py:538} INFO - Filling up the DagBag from /opt/airflow/dags/pipeline.py
[2026-02-19T10:20:21.955+0000] {processor.py:840} INFO - DAG(s) 'risk_analysis_v1' retrieved from /opt/airflow/dags/pipeline.py
[2026-02-19T10:20:21.983+0000] {logging_mixin.py:188} INFO - [2026-02-19T10:20:21.981+0000] {dag.py:3036} INFO - Sync 1 DAGs
[2026-02-19T10:20:21.996+0000] {logging_mixin.py:188} INFO - [2026-02-19T10:20:21.995+0000] {dag.py:3823} INFO - Setting next_dagrun for risk_analysis_v1 to None, run_after=None
[2026-02-19T10:20:22.019+0000] {processor.py:183} INFO - Processing /opt/airflow/dags/pipeline.py took 1.059 seconds
[2026-02-19T10:20:52.182+0000] {processor.py:161} INFO - Started process (PID=505) to work on /opt/airflow/dags/pipeline.py
[2026-02-19T10:20:52.184+0000] {processor.py:830} INFO - Processing file /opt/airflow/dags/pipeline.py for tasks to queue
[2026-02-19T10:20:52.185+0000] {logging_mixin.py:188} INFO - [2026-02-19T10:20:52.184+0000] {dagbag.py:538} INFO - Filling up the DagBag from /opt/airflow/dags/pipeline.py
[2026-02-19T10:20:53.303+0000] {processor.py:840} INFO - DAG(s) 'risk_analysis_v1' retrieved from /opt/airflow/dags/pipeline.py
[2026-02-19T10:20:53.342+0000] {logging_mixin.py:188} INFO - [2026-02-19T10:20:53.341+0000] {dag.py:3036} INFO - Sync 1 DAGs
[2026-02-19T10:20:53.367+0000] {logging_mixin.py:188} INFO - [2026-02-19T10:20:53.367+0000] {dag.py:3823} INFO - Setting next_dagrun for risk_analysis_v1 to None, run_after=None
[2026-02-19T10:20:53.411+0000] {processor.py:183} INFO - Processing /opt/airflow/dags/pipeline.py took 1.234 seconds
[2026-02-19T10:21:23.660+0000] {processor.py:161} INFO - Started process (PID=526) to work on /opt/airflow/dags/pipeline.py
[2026-02-19T10:21:23.661+0000] {processor.py:830} INFO - Processing file /opt/airflow/dags/pipeline.py for tasks to queue
[2026-02-19T10:21:23.662+0000] {logging_mixin.py:188} INFO - [2026-02-19T10:21:23.662+0000] {dagbag.py:538} INFO - Filling up the DagBag from /opt/airflow/dags/pipeline.py
[2026-02-19T10:21:24.899+0000] {processor.py:840} INFO - DAG(s) 'risk_analysis_v1' retrieved from /opt/airflow/dags/pipeline.py
[2026-02-19T10:21:24.928+0000] {logging_mixin.py:188} INFO - [2026-02-19T10:21:24.928+0000] {dag.py:3036} INFO - Sync 1 DAGs
[2026-02-19T10:21:24.941+0000] {logging_mixin.py:188} INFO - [2026-02-19T10:21:24.941+0000] {dag.py:3823} INFO - Setting next_dagrun for risk_analysis_v1 to None, run_after=None
[2026-02-19T10:21:24.969+0000] {processor.py:183} INFO - Processing /opt/airflow/dags/pipeline.py took 1.314 seconds
[2026-02-19T10:21:55.219+0000] {processor.py:161} INFO - Started process (PID=547) to work on /opt/airflow/dags/pipeline.py
[2026-02-19T10:21:55.221+0000] {processor.py:830} INFO - Processing file /opt/airflow/dags/pipeline.py for tasks to queue
[2026-02-19T10:21:55.222+0000] {logging_mixin.py:188} INFO - [2026-02-19T10:21:55.222+0000] {dagbag.py:538} INFO - Filling up the DagBag from /opt/airflow/dags/pipeline.py
[2026-02-19T10:21:56.268+0000] {processor.py:840} INFO - DAG(s) 'risk_analysis_v1' retrieved from /opt/airflow/dags/pipeline.py
[2026-02-19T10:21:56.295+0000] {logging_mixin.py:188} INFO - [2026-02-19T10:21:56.294+0000] {dag.py:3036} INFO - Sync 1 DAGs
[2026-02-19T10:21:56.306+0000] {logging_mixin.py:188} INFO - [2026-02-19T10:21:56.306+0000] {dag.py:3823} INFO - Setting next_dagrun for risk_analysis_v1 to None, run_after=None
[2026-02-19T10:21:56.330+0000] {processor.py:183} INFO - Processing /opt/airflow/dags/pipeline.py took 1.115 seconds
[2026-02-19T10:22:26.421+0000] {processor.py:161} INFO - Started process (PID=568) to work on /opt/airflow/dags/pipeline.py
[2026-02-19T10:22:26.423+0000] {processor.py:830} INFO - Processing file /opt/airflow/dags/pipeline.py for tasks to queue
[2026-02-19T10:22:26.424+0000] {logging_mixin.py:188} INFO - [2026-02-19T10:22:26.424+0000] {dagbag.py:538} INFO - Filling up the DagBag from /opt/airflow/dags/pipeline.py
[2026-02-19T10:22:27.621+0000] {processor.py:840} INFO - DAG(s) 'risk_analysis_v1' retrieved from /opt/airflow/dags/pipeline.py
[2026-02-19T10:22:27.654+0000] {logging_mixin.py:188} INFO - [2026-02-19T10:22:27.654+0000] {dag.py:3036} INFO - Sync 1 DAGs
[2026-02-19T10:22:27.668+0000] {logging_mixin.py:188} INFO - [2026-02-19T10:22:27.668+0000] {dag.py:3823} INFO - Setting next_dagrun for risk_analysis_v1 to None, run_after=None
[2026-02-19T10:22:27.693+0000] {processor.py:183} INFO - Processing /opt/airflow/dags/pipeline.py took 1.277 seconds
[2026-02-19T10:22:57.937+0000] {processor.py:161} INFO - Started process (PID=589) to work on /opt/airflow/dags/pipeline.py
[2026-02-19T10:22:57.938+0000] {processor.py:830} INFO - Processing file /opt/airflow/dags/pipeline.py for tasks to queue
[2026-02-19T10:22:57.940+0000] {logging_mixin.py:188} INFO - [2026-02-19T10:22:57.940+0000] {dagbag.py:538} INFO - Filling up the DagBag from /opt/airflow/dags/pipeline.py
[2026-02-19T10:22:59.083+0000] {processor.py:840} INFO - DAG(s) 'risk_analysis_v1' retrieved from /opt/airflow/dags/pipeline.py
[2026-02-19T10:22:59.113+0000] {logging_mixin.py:188} INFO - [2026-02-19T10:22:59.113+0000] {dag.py:3036} INFO - Sync 1 DAGs
[2026-02-19T10:22:59.129+0000] {logging_mixin.py:188} INFO - [2026-02-19T10:22:59.129+0000] {dag.py:3823} INFO - Setting next_dagrun for risk_analysis_v1 to None, run_after=None
[2026-02-19T10:22:59.154+0000] {processor.py:183} INFO - Processing /opt/airflow/dags/pipeline.py took 1.223 seconds
[2026-02-19T10:23:29.396+0000] {processor.py:161} INFO - Started process (PID=610) to work on /opt/airflow/dags/pipeline.py
[2026-02-19T10:23:29.399+0000] {processor.py:830} INFO - Processing file /opt/airflow/dags/pipeline.py for tasks to queue
[2026-02-19T10:23:29.400+0000] {logging_mixin.py:188} INFO - [2026-02-19T10:23:29.400+0000] {dagbag.py:538} INFO - Filling up the DagBag from /opt/airflow/dags/pipeline.py
[2026-02-19T10:23:30.413+0000] {processor.py:840} INFO - DAG(s) 'risk_analysis_v1' retrieved from /opt/airflow/dags/pipeline.py
[2026-02-19T10:23:30.444+0000] {logging_mixin.py:188} INFO - [2026-02-19T10:23:30.442+0000] {dag.py:3036} INFO - Sync 1 DAGs
[2026-02-19T10:23:30.457+0000] {logging_mixin.py:188} INFO - [2026-02-19T10:23:30.457+0000] {dag.py:3823} INFO - Setting next_dagrun for risk_analysis_v1 to None, run_after=None
[2026-02-19T10:23:30.486+0000] {processor.py:183} INFO - Processing /opt/airflow/dags/pipeline.py took 1.094 seconds
[2026-02-19T10:24:00.636+0000] {processor.py:161} INFO - Started process (PID=631) to work on /opt/airflow/dags/pipeline.py
[2026-02-19T10:24:00.638+0000] {processor.py:830} INFO - Processing file /opt/airflow/dags/pipeline.py for tasks to queue
[2026-02-19T10:24:00.640+0000] {logging_mixin.py:188} INFO - [2026-02-19T10:24:00.639+0000] {dagbag.py:538} INFO - Filling up the DagBag from /opt/airflow/dags/pipeline.py
[2026-02-19T10:24:01.767+0000] {processor.py:840} INFO - DAG(s) 'risk_analysis_v1' retrieved from /opt/airflow/dags/pipeline.py
[2026-02-19T10:24:01.795+0000] {logging_mixin.py:188} INFO - [2026-02-19T10:24:01.794+0000] {dag.py:3036} INFO - Sync 1 DAGs
[2026-02-19T10:24:01.807+0000] {logging_mixin.py:188} INFO - [2026-02-19T10:24:01.807+0000] {dag.py:3823} INFO - Setting next_dagrun for risk_analysis_v1 to None, run_after=None
[2026-02-19T10:24:01.832+0000] {processor.py:183} INFO - Processing /opt/airflow/dags/pipeline.py took 1.201 seconds
[2026-02-19T10:24:31.921+0000] {processor.py:161} INFO - Started process (PID=652) to work on /opt/airflow/dags/pipeline.py
[2026-02-19T10:24:31.922+0000] {processor.py:830} INFO - Processing file /opt/airflow/dags/pipeline.py for tasks to queue
[2026-02-19T10:24:31.923+0000] {logging_mixin.py:188} INFO - [2026-02-19T10:24:31.923+0000] {dagbag.py:538} INFO - Filling up the DagBag from /opt/airflow/dags/pipeline.py
[2026-02-19T10:24:32.988+0000] {processor.py:840} INFO - DAG(s) 'risk_analysis_v1' retrieved from /opt/airflow/dags/pipeline.py
[2026-02-19T10:24:33.016+0000] {logging_mixin.py:188} INFO - [2026-02-19T10:24:33.015+0000] {dag.py:3036} INFO - Sync 1 DAGs
[2026-02-19T10:24:33.029+0000] {logging_mixin.py:188} INFO - [2026-02-19T10:24:33.028+0000] {dag.py:3823} INFO - Setting next_dagrun for risk_analysis_v1 to None, run_after=None
[2026-02-19T10:24:33.053+0000] {processor.py:183} INFO - Processing /opt/airflow/dags/pipeline.py took 1.137 seconds
[2026-02-19T10:25:03.254+0000] {processor.py:161} INFO - Started process (PID=673) to work on /opt/airflow/dags/pipeline.py
[2026-02-19T10:25:03.256+0000] {processor.py:830} INFO - Processing file /opt/airflow/dags/pipeline.py for tasks to queue
[2026-02-19T10:25:03.257+0000] {logging_mixin.py:188} INFO - [2026-02-19T10:25:03.257+0000] {dagbag.py:538} INFO - Filling up the DagBag from /opt/airflow/dags/pipeline.py
[2026-02-19T10:25:04.263+0000] {processor.py:840} INFO - DAG(s) 'risk_analysis_v1' retrieved from /opt/airflow/dags/pipeline.py
[2026-02-19T10:25:04.286+0000] {logging_mixin.py:188} INFO - [2026-02-19T10:25:04.285+0000] {dag.py:3036} INFO - Sync 1 DAGs
[2026-02-19T10:25:04.298+0000] {logging_mixin.py:188} INFO - [2026-02-19T10:25:04.298+0000] {dag.py:3823} INFO - Setting next_dagrun for risk_analysis_v1 to None, run_after=None
[2026-02-19T10:25:04.320+0000] {processor.py:183} INFO - Processing /opt/airflow/dags/pipeline.py took 1.070 seconds
[2026-02-19T10:25:34.462+0000] {processor.py:161} INFO - Started process (PID=694) to work on /opt/airflow/dags/pipeline.py
[2026-02-19T10:25:34.464+0000] {processor.py:830} INFO - Processing file /opt/airflow/dags/pipeline.py for tasks to queue
[2026-02-19T10:25:34.466+0000] {logging_mixin.py:188} INFO - [2026-02-19T10:25:34.465+0000] {dagbag.py:538} INFO - Filling up the DagBag from /opt/airflow/dags/pipeline.py
[2026-02-19T10:25:35.544+0000] {processor.py:840} INFO - DAG(s) 'risk_analysis_v1' retrieved from /opt/airflow/dags/pipeline.py
[2026-02-19T10:25:35.570+0000] {logging_mixin.py:188} INFO - [2026-02-19T10:25:35.570+0000] {dag.py:3036} INFO - Sync 1 DAGs
[2026-02-19T10:25:35.583+0000] {logging_mixin.py:188} INFO - [2026-02-19T10:25:35.583+0000] {dag.py:3823} INFO - Setting next_dagrun for risk_analysis_v1 to None, run_after=None
[2026-02-19T10:25:35.607+0000] {processor.py:183} INFO - Processing /opt/airflow/dags/pipeline.py took 1.150 seconds
[2026-02-19T10:26:05.749+0000] {processor.py:161} INFO - Started process (PID=715) to work on /opt/airflow/dags/pipeline.py
[2026-02-19T10:26:05.751+0000] {processor.py:830} INFO - Processing file /opt/airflow/dags/pipeline.py for tasks to queue
[2026-02-19T10:26:05.752+0000] {logging_mixin.py:188} INFO - [2026-02-19T10:26:05.752+0000] {dagbag.py:538} INFO - Filling up the DagBag from /opt/airflow/dags/pipeline.py
[2026-02-19T10:26:07.007+0000] {processor.py:840} INFO - DAG(s) 'risk_analysis_v1' retrieved from /opt/airflow/dags/pipeline.py
[2026-02-19T10:26:07.036+0000] {logging_mixin.py:188} INFO - [2026-02-19T10:26:07.035+0000] {dag.py:3036} INFO - Sync 1 DAGs
[2026-02-19T10:26:07.051+0000] {logging_mixin.py:188} INFO - [2026-02-19T10:26:07.051+0000] {dag.py:3823} INFO - Setting next_dagrun for risk_analysis_v1 to None, run_after=None
[2026-02-19T10:26:07.077+0000] {processor.py:183} INFO - Processing /opt/airflow/dags/pipeline.py took 1.332 seconds
[2026-02-19T10:26:37.319+0000] {processor.py:161} INFO - Started process (PID=736) to work on /opt/airflow/dags/pipeline.py
[2026-02-19T10:26:37.321+0000] {processor.py:830} INFO - Processing file /opt/airflow/dags/pipeline.py for tasks to queue
[2026-02-19T10:26:37.323+0000] {logging_mixin.py:188} INFO - [2026-02-19T10:26:37.322+0000] {dagbag.py:538} INFO - Filling up the DagBag from /opt/airflow/dags/pipeline.py
[2026-02-19T10:26:38.306+0000] {processor.py:840} INFO - DAG(s) 'risk_analysis_v1' retrieved from /opt/airflow/dags/pipeline.py
[2026-02-19T10:26:38.333+0000] {logging_mixin.py:188} INFO - [2026-02-19T10:26:38.332+0000] {dag.py:3036} INFO - Sync 1 DAGs
[2026-02-19T10:26:38.346+0000] {logging_mixin.py:188} INFO - [2026-02-19T10:26:38.345+0000] {dag.py:3823} INFO - Setting next_dagrun for risk_analysis_v1 to None, run_after=None
[2026-02-19T10:26:38.369+0000] {processor.py:183} INFO - Processing /opt/airflow/dags/pipeline.py took 1.054 seconds
[2026-02-19T10:27:08.516+0000] {processor.py:161} INFO - Started process (PID=757) to work on /opt/airflow/dags/pipeline.py
[2026-02-19T10:27:08.518+0000] {processor.py:830} INFO - Processing file /opt/airflow/dags/pipeline.py for tasks to queue
[2026-02-19T10:27:08.519+0000] {logging_mixin.py:188} INFO - [2026-02-19T10:27:08.519+0000] {dagbag.py:538} INFO - Filling up the DagBag from /opt/airflow/dags/pipeline.py
[2026-02-19T10:27:09.536+0000] {processor.py:840} INFO - DAG(s) 'risk_analysis_v1' retrieved from /opt/airflow/dags/pipeline.py
[2026-02-19T10:27:09.566+0000] {logging_mixin.py:188} INFO - [2026-02-19T10:27:09.566+0000] {dag.py:3036} INFO - Sync 1 DAGs
[2026-02-19T10:27:09.579+0000] {logging_mixin.py:188} INFO - [2026-02-19T10:27:09.579+0000] {dag.py:3823} INFO - Setting next_dagrun for risk_analysis_v1 to None, run_after=None
[2026-02-19T10:27:09.605+0000] {processor.py:183} INFO - Processing /opt/airflow/dags/pipeline.py took 1.093 seconds
[2026-02-19T10:27:39.801+0000] {processor.py:161} INFO - Started process (PID=778) to work on /opt/airflow/dags/pipeline.py
[2026-02-19T10:27:39.803+0000] {processor.py:830} INFO - Processing file /opt/airflow/dags/pipeline.py for tasks to queue
[2026-02-19T10:27:39.804+0000] {logging_mixin.py:188} INFO - [2026-02-19T10:27:39.804+0000] {dagbag.py:538} INFO - Filling up the DagBag from /opt/airflow/dags/pipeline.py
[2026-02-19T10:27:40.757+0000] {processor.py:840} INFO - DAG(s) 'risk_analysis_v1' retrieved from /opt/airflow/dags/pipeline.py
[2026-02-19T10:27:40.784+0000] {logging_mixin.py:188} INFO - [2026-02-19T10:27:40.783+0000] {dag.py:3036} INFO - Sync 1 DAGs
[2026-02-19T10:27:40.797+0000] {logging_mixin.py:188} INFO - [2026-02-19T10:27:40.797+0000] {dag.py:3823} INFO - Setting next_dagrun for risk_analysis_v1 to None, run_after=None
[2026-02-19T10:27:40.821+0000] {processor.py:183} INFO - Processing /opt/airflow/dags/pipeline.py took 1.024 seconds
[2026-02-19T10:28:11.038+0000] {processor.py:161} INFO - Started process (PID=799) to work on /opt/airflow/dags/pipeline.py
[2026-02-19T10:28:11.040+0000] {processor.py:830} INFO - Processing file /opt/airflow/dags/pipeline.py for tasks to queue
[2026-02-19T10:28:11.042+0000] {logging_mixin.py:188} INFO - [2026-02-19T10:28:11.041+0000] {dagbag.py:538} INFO - Filling up the DagBag from /opt/airflow/dags/pipeline.py
[2026-02-19T10:28:11.991+0000] {processor.py:840} INFO - DAG(s) 'risk_analysis_v1' retrieved from /opt/airflow/dags/pipeline.py
[2026-02-19T10:28:12.019+0000] {logging_mixin.py:188} INFO - [2026-02-19T10:28:12.019+0000] {dag.py:3036} INFO - Sync 1 DAGs
[2026-02-19T10:28:12.033+0000] {logging_mixin.py:188} INFO - [2026-02-19T10:28:12.033+0000] {dag.py:3823} INFO - Setting next_dagrun for risk_analysis_v1 to None, run_after=None
[2026-02-19T10:28:12.057+0000] {processor.py:183} INFO - Processing /opt/airflow/dags/pipeline.py took 1.023 seconds
[2026-02-19T10:28:42.272+0000] {processor.py:161} INFO - Started process (PID=820) to work on /opt/airflow/dags/pipeline.py
[2026-02-19T10:28:42.273+0000] {processor.py:830} INFO - Processing file /opt/airflow/dags/pipeline.py for tasks to queue
[2026-02-19T10:28:42.274+0000] {logging_mixin.py:188} INFO - [2026-02-19T10:28:42.273+0000] {dagbag.py:538} INFO - Filling up the DagBag from /opt/airflow/dags/pipeline.py
[2026-02-19T10:28:43.233+0000] {processor.py:840} INFO - DAG(s) 'risk_analysis_v1' retrieved from /opt/airflow/dags/pipeline.py
[2026-02-19T10:28:43.260+0000] {logging_mixin.py:188} INFO - [2026-02-19T10:28:43.259+0000] {dag.py:3036} INFO - Sync 1 DAGs
[2026-02-19T10:28:43.274+0000] {logging_mixin.py:188} INFO - [2026-02-19T10:28:43.274+0000] {dag.py:3823} INFO - Setting next_dagrun for risk_analysis_v1 to None, run_after=None
[2026-02-19T10:28:43.298+0000] {processor.py:183} INFO - Processing /opt/airflow/dags/pipeline.py took 1.030 seconds
[2026-02-19T10:29:13.485+0000] {processor.py:161} INFO - Started process (PID=841) to work on /opt/airflow/dags/pipeline.py
[2026-02-19T10:29:13.487+0000] {processor.py:830} INFO - Processing file /opt/airflow/dags/pipeline.py for tasks to queue
[2026-02-19T10:29:13.488+0000] {logging_mixin.py:188} INFO - [2026-02-19T10:29:13.488+0000] {dagbag.py:538} INFO - Filling up the DagBag from /opt/airflow/dags/pipeline.py
[2026-02-19T10:29:14.534+0000] {processor.py:840} INFO - DAG(s) 'risk_analysis_v1' retrieved from /opt/airflow/dags/pipeline.py
[2026-02-19T10:29:14.562+0000] {logging_mixin.py:188} INFO - [2026-02-19T10:29:14.561+0000] {dag.py:3036} INFO - Sync 1 DAGs
[2026-02-19T10:29:14.576+0000] {logging_mixin.py:188} INFO - [2026-02-19T10:29:14.576+0000] {dag.py:3823} INFO - Setting next_dagrun for risk_analysis_v1 to None, run_after=None
[2026-02-19T10:29:14.602+0000] {processor.py:183} INFO - Processing /opt/airflow/dags/pipeline.py took 1.121 seconds
[2026-02-19T10:29:44.733+0000] {processor.py:161} INFO - Started process (PID=862) to work on /opt/airflow/dags/pipeline.py
[2026-02-19T10:29:44.734+0000] {processor.py:830} INFO - Processing file /opt/airflow/dags/pipeline.py for tasks to queue
[2026-02-19T10:29:44.736+0000] {logging_mixin.py:188} INFO - [2026-02-19T10:29:44.735+0000] {dagbag.py:538} INFO - Filling up the DagBag from /opt/airflow/dags/pipeline.py
[2026-02-19T10:29:45.793+0000] {processor.py:840} INFO - DAG(s) 'risk_analysis_v1' retrieved from /opt/airflow/dags/pipeline.py
[2026-02-19T10:29:45.822+0000] {logging_mixin.py:188} INFO - [2026-02-19T10:29:45.822+0000] {dag.py:3036} INFO - Sync 1 DAGs
[2026-02-19T10:29:45.835+0000] {logging_mixin.py:188} INFO - [2026-02-19T10:29:45.835+0000] {dag.py:3823} INFO - Setting next_dagrun for risk_analysis_v1 to None, run_after=None
[2026-02-19T10:29:45.860+0000] {processor.py:183} INFO - Processing /opt/airflow/dags/pipeline.py took 1.131 seconds
[2026-02-19T10:30:16.032+0000] {processor.py:161} INFO - Started process (PID=883) to work on /opt/airflow/dags/pipeline.py
[2026-02-19T10:30:16.034+0000] {processor.py:830} INFO - Processing file /opt/airflow/dags/pipeline.py for tasks to queue
[2026-02-19T10:30:16.036+0000] {logging_mixin.py:188} INFO - [2026-02-19T10:30:16.035+0000] {dagbag.py:538} INFO - Filling up the DagBag from /opt/airflow/dags/pipeline.py
[2026-02-19T10:30:16.991+0000] {processor.py:840} INFO - DAG(s) 'risk_analysis_v1' retrieved from /opt/airflow/dags/pipeline.py
[2026-02-19T10:30:17.027+0000] {logging_mixin.py:188} INFO - [2026-02-19T10:30:17.026+0000] {dag.py:3036} INFO - Sync 1 DAGs
[2026-02-19T10:30:17.040+0000] {logging_mixin.py:188} INFO - [2026-02-19T10:30:17.040+0000] {dag.py:3823} INFO - Setting next_dagrun for risk_analysis_v1 to None, run_after=None
[2026-02-19T10:30:17.066+0000] {processor.py:183} INFO - Processing /opt/airflow/dags/pipeline.py took 1.038 seconds
[2026-02-19T10:30:47.295+0000] {processor.py:161} INFO - Started process (PID=904) to work on /opt/airflow/dags/pipeline.py
[2026-02-19T10:30:47.297+0000] {processor.py:830} INFO - Processing file /opt/airflow/dags/pipeline.py for tasks to queue
[2026-02-19T10:30:47.298+0000] {logging_mixin.py:188} INFO - [2026-02-19T10:30:47.298+0000] {dagbag.py:538} INFO - Filling up the DagBag from /opt/airflow/dags/pipeline.py
[2026-02-19T10:30:48.396+0000] {processor.py:840} INFO - DAG(s) 'risk_analysis_v1' retrieved from /opt/airflow/dags/pipeline.py
[2026-02-19T10:30:48.428+0000] {logging_mixin.py:188} INFO - [2026-02-19T10:30:48.428+0000] {dag.py:3036} INFO - Sync 1 DAGs
[2026-02-19T10:30:48.442+0000] {logging_mixin.py:188} INFO - [2026-02-19T10:30:48.442+0000] {dag.py:3823} INFO - Setting next_dagrun for risk_analysis_v1 to None, run_after=None
[2026-02-19T10:30:48.469+0000] {processor.py:183} INFO - Processing /opt/airflow/dags/pipeline.py took 1.177 seconds
[2026-02-19T10:31:18.713+0000] {processor.py:161} INFO - Started process (PID=925) to work on /opt/airflow/dags/pipeline.py
[2026-02-19T10:31:18.715+0000] {processor.py:830} INFO - Processing file /opt/airflow/dags/pipeline.py for tasks to queue
[2026-02-19T10:31:18.716+0000] {logging_mixin.py:188} INFO - [2026-02-19T10:31:18.716+0000] {dagbag.py:538} INFO - Filling up the DagBag from /opt/airflow/dags/pipeline.py
[2026-02-19T10:31:19.815+0000] {processor.py:840} INFO - DAG(s) 'risk_analysis_v1' retrieved from /opt/airflow/dags/pipeline.py
[2026-02-19T10:31:19.847+0000] {logging_mixin.py:188} INFO - [2026-02-19T10:31:19.847+0000] {dag.py:3036} INFO - Sync 1 DAGs
[2026-02-19T10:31:19.862+0000] {logging_mixin.py:188} INFO - [2026-02-19T10:31:19.861+0000] {dag.py:3823} INFO - Setting next_dagrun for risk_analysis_v1 to None, run_after=None
[2026-02-19T10:31:19.890+0000] {processor.py:183} INFO - Processing /opt/airflow/dags/pipeline.py took 1.183 seconds
[2026-02-19T10:31:50.166+0000] {processor.py:161} INFO - Started process (PID=946) to work on /opt/airflow/dags/pipeline.py
[2026-02-19T10:31:50.168+0000] {processor.py:830} INFO - Processing file /opt/airflow/dags/pipeline.py for tasks to queue
[2026-02-19T10:31:50.169+0000] {logging_mixin.py:188} INFO - [2026-02-19T10:31:50.169+0000] {dagbag.py:538} INFO - Filling up the DagBag from /opt/airflow/dags/pipeline.py
[2026-02-19T10:31:51.168+0000] {processor.py:840} INFO - DAG(s) 'risk_analysis_v1' retrieved from /opt/airflow/dags/pipeline.py
[2026-02-19T10:31:51.198+0000] {logging_mixin.py:188} INFO - [2026-02-19T10:31:51.197+0000] {dag.py:3036} INFO - Sync 1 DAGs
[2026-02-19T10:31:51.213+0000] {logging_mixin.py:188} INFO - [2026-02-19T10:31:51.213+0000] {dag.py:3823} INFO - Setting next_dagrun for risk_analysis_v1 to None, run_after=None
[2026-02-19T10:31:51.237+0000] {processor.py:183} INFO - Processing /opt/airflow/dags/pipeline.py took 1.075 seconds
[2026-02-19T10:32:21.365+0000] {processor.py:161} INFO - Started process (PID=967) to work on /opt/airflow/dags/pipeline.py
[2026-02-19T10:32:21.366+0000] {processor.py:830} INFO - Processing file /opt/airflow/dags/pipeline.py for tasks to queue
[2026-02-19T10:32:21.368+0000] {logging_mixin.py:188} INFO - [2026-02-19T10:32:21.367+0000] {dagbag.py:538} INFO - Filling up the DagBag from /opt/airflow/dags/pipeline.py
[2026-02-19T10:32:22.332+0000] {processor.py:840} INFO - DAG(s) 'risk_analysis_v1' retrieved from /opt/airflow/dags/pipeline.py
[2026-02-19T10:32:22.361+0000] {logging_mixin.py:188} INFO - [2026-02-19T10:32:22.359+0000] {dag.py:3036} INFO - Sync 1 DAGs
[2026-02-19T10:32:22.374+0000] {logging_mixin.py:188} INFO - [2026-02-19T10:32:22.374+0000] {dag.py:3823} INFO - Setting next_dagrun for risk_analysis_v1 to None, run_after=None
[2026-02-19T10:32:22.398+0000] {processor.py:183} INFO - Processing /opt/airflow/dags/pipeline.py took 1.037 seconds
[2026-02-19T10:32:52.583+0000] {processor.py:161} INFO - Started process (PID=988) to work on /opt/airflow/dags/pipeline.py
[2026-02-19T10:32:52.585+0000] {processor.py:830} INFO - Processing file /opt/airflow/dags/pipeline.py for tasks to queue
[2026-02-19T10:32:52.586+0000] {logging_mixin.py:188} INFO - [2026-02-19T10:32:52.586+0000] {dagbag.py:538} INFO - Filling up the DagBag from /opt/airflow/dags/pipeline.py
[2026-02-19T10:32:53.600+0000] {processor.py:840} INFO - DAG(s) 'risk_analysis_v1' retrieved from /opt/airflow/dags/pipeline.py
[2026-02-19T10:32:53.631+0000] {logging_mixin.py:188} INFO - [2026-02-19T10:32:53.630+0000] {dag.py:3036} INFO - Sync 1 DAGs
[2026-02-19T10:32:53.644+0000] {logging_mixin.py:188} INFO - [2026-02-19T10:32:53.644+0000] {dag.py:3823} INFO - Setting next_dagrun for risk_analysis_v1 to None, run_after=None
[2026-02-19T10:32:53.669+0000] {processor.py:183} INFO - Processing /opt/airflow/dags/pipeline.py took 1.091 seconds
[2026-02-19T10:33:16.795+0000] {processor.py:161} INFO - Started process (PID=1009) to work on /opt/airflow/dags/pipeline.py
[2026-02-19T10:33:16.797+0000] {processor.py:830} INFO - Processing file /opt/airflow/dags/pipeline.py for tasks to queue
[2026-02-19T10:33:16.798+0000] {logging_mixin.py:188} INFO - [2026-02-19T10:33:16.798+0000] {dagbag.py:538} INFO - Filling up the DagBag from /opt/airflow/dags/pipeline.py
[2026-02-19T10:33:17.876+0000] {processor.py:840} INFO - DAG(s) 'risk_analysis_v1' retrieved from /opt/airflow/dags/pipeline.py
[2026-02-19T10:33:17.977+0000] {logging_mixin.py:188} INFO - [2026-02-19T10:33:17.977+0000] {dag.py:3036} INFO - Sync 1 DAGs
[2026-02-19T10:33:17.988+0000] {logging_mixin.py:188} INFO - [2026-02-19T10:33:17.988+0000] {dag.py:3823} INFO - Setting next_dagrun for risk_analysis_v1 to None, run_after=None
[2026-02-19T10:33:18.021+0000] {processor.py:183} INFO - Processing /opt/airflow/dags/pipeline.py took 1.230 seconds
[2026-02-19T10:34:30.614+0000] {processor.py:161} INFO - Started process (PID=63) to work on /opt/airflow/dags/pipeline.py
[2026-02-19T10:34:30.616+0000] {processor.py:830} INFO - Processing file /opt/airflow/dags/pipeline.py for tasks to queue
[2026-02-19T10:34:30.617+0000] {logging_mixin.py:188} INFO - [2026-02-19T10:34:30.617+0000] {dagbag.py:538} INFO - Filling up the DagBag from /opt/airflow/dags/pipeline.py
[2026-02-19T10:34:32.776+0000] {processor.py:840} INFO - DAG(s) 'risk_analysis_v1' retrieved from /opt/airflow/dags/pipeline.py
[2026-02-19T10:34:33.094+0000] {logging_mixin.py:188} INFO - [2026-02-19T10:34:33.093+0000] {override.py:1769} INFO - Created Permission View: can read on DAG:risk_analysis_v1
[2026-02-19T10:34:33.107+0000] {logging_mixin.py:188} INFO - [2026-02-19T10:34:33.106+0000] {override.py:1769} INFO - Created Permission View: can delete on DAG:risk_analysis_v1
[2026-02-19T10:34:33.115+0000] {logging_mixin.py:188} INFO - [2026-02-19T10:34:33.115+0000] {override.py:1769} INFO - Created Permission View: can edit on DAG:risk_analysis_v1
[2026-02-19T10:34:33.116+0000] {logging_mixin.py:188} INFO - [2026-02-19T10:34:33.116+0000] {dag.py:3036} INFO - Sync 1 DAGs
[2026-02-19T10:34:33.127+0000] {logging_mixin.py:188} WARNING - /home/airflow/.local/lib/python3.8/site-packages/airflow/models/dag.py:3574 DeprecationWarning: The dag_concurrency option in [core] has been renamed to max_active_tasks_per_dag - the old setting has been used, but please update your config.
[2026-02-19T10:34:33.128+0000] {logging_mixin.py:188} INFO - [2026-02-19T10:34:33.128+0000] {dag.py:3058} INFO - Creating ORM DAG for risk_analysis_v1
[2026-02-19T10:34:33.129+0000] {logging_mixin.py:188} INFO - [2026-02-19T10:34:33.129+0000] {dag.py:3823} INFO - Setting next_dagrun for risk_analysis_v1 to None, run_after=None
[2026-02-19T10:34:33.152+0000] {processor.py:183} INFO - Processing /opt/airflow/dags/pipeline.py took 2.543 seconds
[2026-02-19T10:35:03.413+0000] {processor.py:161} INFO - Started process (PID=84) to work on /opt/airflow/dags/pipeline.py
[2026-02-19T10:35:03.415+0000] {processor.py:830} INFO - Processing file /opt/airflow/dags/pipeline.py for tasks to queue
[2026-02-19T10:35:03.416+0000] {logging_mixin.py:188} INFO - [2026-02-19T10:35:03.416+0000] {dagbag.py:538} INFO - Filling up the DagBag from /opt/airflow/dags/pipeline.py
[2026-02-19T10:35:04.519+0000] {processor.py:840} INFO - DAG(s) 'risk_analysis_v1' retrieved from /opt/airflow/dags/pipeline.py
[2026-02-19T10:35:04.545+0000] {logging_mixin.py:188} INFO - [2026-02-19T10:35:04.545+0000] {dag.py:3036} INFO - Sync 1 DAGs
[2026-02-19T10:35:04.559+0000] {logging_mixin.py:188} INFO - [2026-02-19T10:35:04.559+0000] {dag.py:3823} INFO - Setting next_dagrun for risk_analysis_v1 to None, run_after=None
[2026-02-19T10:35:04.583+0000] {processor.py:183} INFO - Processing /opt/airflow/dags/pipeline.py took 1.175 seconds
[2026-02-19T10:35:34.835+0000] {processor.py:161} INFO - Started process (PID=212) to work on /opt/airflow/dags/pipeline.py
[2026-02-19T10:35:34.837+0000] {processor.py:830} INFO - Processing file /opt/airflow/dags/pipeline.py for tasks to queue
[2026-02-19T10:35:34.839+0000] {logging_mixin.py:188} INFO - [2026-02-19T10:35:34.838+0000] {dagbag.py:538} INFO - Filling up the DagBag from /opt/airflow/dags/pipeline.py
[2026-02-19T10:35:35.909+0000] {processor.py:840} INFO - DAG(s) 'risk_analysis_v1' retrieved from /opt/airflow/dags/pipeline.py
[2026-02-19T10:35:35.939+0000] {logging_mixin.py:188} INFO - [2026-02-19T10:35:35.939+0000] {dag.py:3036} INFO - Sync 1 DAGs
[2026-02-19T10:35:35.952+0000] {logging_mixin.py:188} INFO - [2026-02-19T10:35:35.952+0000] {dag.py:3823} INFO - Setting next_dagrun for risk_analysis_v1 to None, run_after=None
[2026-02-19T10:35:35.994+0000] {processor.py:183} INFO - Processing /opt/airflow/dags/pipeline.py took 1.163 seconds
[2026-02-19T10:36:06.239+0000] {processor.py:161} INFO - Started process (PID=235) to work on /opt/airflow/dags/pipeline.py
[2026-02-19T10:36:06.241+0000] {processor.py:830} INFO - Processing file /opt/airflow/dags/pipeline.py for tasks to queue
[2026-02-19T10:36:06.243+0000] {logging_mixin.py:188} INFO - [2026-02-19T10:36:06.242+0000] {dagbag.py:538} INFO - Filling up the DagBag from /opt/airflow/dags/pipeline.py
[2026-02-19T10:36:07.265+0000] {processor.py:840} INFO - DAG(s) 'risk_analysis_v1' retrieved from /opt/airflow/dags/pipeline.py
[2026-02-19T10:36:07.292+0000] {logging_mixin.py:188} INFO - [2026-02-19T10:36:07.291+0000] {dag.py:3036} INFO - Sync 1 DAGs
[2026-02-19T10:36:07.304+0000] {logging_mixin.py:188} INFO - [2026-02-19T10:36:07.303+0000] {dag.py:3823} INFO - Setting next_dagrun for risk_analysis_v1 to None, run_after=None
[2026-02-19T10:36:07.325+0000] {processor.py:183} INFO - Processing /opt/airflow/dags/pipeline.py took 1.090 seconds
[2026-02-19T10:36:37.440+0000] {processor.py:161} INFO - Started process (PID=256) to work on /opt/airflow/dags/pipeline.py
[2026-02-19T10:36:37.441+0000] {processor.py:830} INFO - Processing file /opt/airflow/dags/pipeline.py for tasks to queue
[2026-02-19T10:36:37.443+0000] {logging_mixin.py:188} INFO - [2026-02-19T10:36:37.442+0000] {dagbag.py:538} INFO - Filling up the DagBag from /opt/airflow/dags/pipeline.py
[2026-02-19T10:36:38.450+0000] {processor.py:840} INFO - DAG(s) 'risk_analysis_v1' retrieved from /opt/airflow/dags/pipeline.py
[2026-02-19T10:36:38.481+0000] {logging_mixin.py:188} INFO - [2026-02-19T10:36:38.480+0000] {dag.py:3036} INFO - Sync 1 DAGs
[2026-02-19T10:36:38.493+0000] {logging_mixin.py:188} INFO - [2026-02-19T10:36:38.493+0000] {dag.py:3823} INFO - Setting next_dagrun for risk_analysis_v1 to None, run_after=None
[2026-02-19T10:36:38.519+0000] {processor.py:183} INFO - Processing /opt/airflow/dags/pipeline.py took 1.083 seconds
[2026-02-19T10:37:08.773+0000] {processor.py:161} INFO - Started process (PID=277) to work on /opt/airflow/dags/pipeline.py
[2026-02-19T10:37:08.774+0000] {processor.py:830} INFO - Processing file /opt/airflow/dags/pipeline.py for tasks to queue
[2026-02-19T10:37:08.777+0000] {logging_mixin.py:188} INFO - [2026-02-19T10:37:08.776+0000] {dagbag.py:538} INFO - Filling up the DagBag from /opt/airflow/dags/pipeline.py
[2026-02-19T10:37:09.764+0000] {processor.py:840} INFO - DAG(s) 'risk_analysis_v1' retrieved from /opt/airflow/dags/pipeline.py
[2026-02-19T10:37:09.791+0000] {logging_mixin.py:188} INFO - [2026-02-19T10:37:09.791+0000] {dag.py:3036} INFO - Sync 1 DAGs
[2026-02-19T10:37:09.805+0000] {logging_mixin.py:188} INFO - [2026-02-19T10:37:09.804+0000] {dag.py:3823} INFO - Setting next_dagrun for risk_analysis_v1 to None, run_after=None
[2026-02-19T10:37:09.832+0000] {processor.py:183} INFO - Processing /opt/airflow/dags/pipeline.py took 1.064 seconds
[2026-02-19T10:37:39.981+0000] {processor.py:161} INFO - Started process (PID=298) to work on /opt/airflow/dags/pipeline.py
[2026-02-19T10:37:39.982+0000] {processor.py:830} INFO - Processing file /opt/airflow/dags/pipeline.py for tasks to queue
[2026-02-19T10:37:39.984+0000] {logging_mixin.py:188} INFO - [2026-02-19T10:37:39.983+0000] {dagbag.py:538} INFO - Filling up the DagBag from /opt/airflow/dags/pipeline.py
[2026-02-19T10:37:40.977+0000] {processor.py:840} INFO - DAG(s) 'risk_analysis_v1' retrieved from /opt/airflow/dags/pipeline.py
[2026-02-19T10:37:41.005+0000] {logging_mixin.py:188} INFO - [2026-02-19T10:37:41.004+0000] {dag.py:3036} INFO - Sync 1 DAGs
[2026-02-19T10:37:41.017+0000] {logging_mixin.py:188} INFO - [2026-02-19T10:37:41.017+0000] {dag.py:3823} INFO - Setting next_dagrun for risk_analysis_v1 to None, run_after=None
[2026-02-19T10:37:41.041+0000] {processor.py:183} INFO - Processing /opt/airflow/dags/pipeline.py took 1.064 seconds
[2026-02-19T10:38:11.268+0000] {processor.py:161} INFO - Started process (PID=319) to work on /opt/airflow/dags/pipeline.py
[2026-02-19T10:38:11.270+0000] {processor.py:830} INFO - Processing file /opt/airflow/dags/pipeline.py for tasks to queue
[2026-02-19T10:38:11.271+0000] {logging_mixin.py:188} INFO - [2026-02-19T10:38:11.271+0000] {dagbag.py:538} INFO - Filling up the DagBag from /opt/airflow/dags/pipeline.py
[2026-02-19T10:38:12.285+0000] {processor.py:840} INFO - DAG(s) 'risk_analysis_v1' retrieved from /opt/airflow/dags/pipeline.py
[2026-02-19T10:38:12.313+0000] {logging_mixin.py:188} INFO - [2026-02-19T10:38:12.312+0000] {dag.py:3036} INFO - Sync 1 DAGs
[2026-02-19T10:38:12.325+0000] {logging_mixin.py:188} INFO - [2026-02-19T10:38:12.325+0000] {dag.py:3823} INFO - Setting next_dagrun for risk_analysis_v1 to None, run_after=None
[2026-02-19T10:38:12.348+0000] {processor.py:183} INFO - Processing /opt/airflow/dags/pipeline.py took 1.084 seconds
[2026-02-19T10:38:42.491+0000] {processor.py:161} INFO - Started process (PID=340) to work on /opt/airflow/dags/pipeline.py
[2026-02-19T10:38:42.492+0000] {processor.py:830} INFO - Processing file /opt/airflow/dags/pipeline.py for tasks to queue
[2026-02-19T10:38:42.494+0000] {logging_mixin.py:188} INFO - [2026-02-19T10:38:42.494+0000] {dagbag.py:538} INFO - Filling up the DagBag from /opt/airflow/dags/pipeline.py
[2026-02-19T10:38:43.562+0000] {processor.py:840} INFO - DAG(s) 'risk_analysis_v1' retrieved from /opt/airflow/dags/pipeline.py
[2026-02-19T10:38:43.591+0000] {logging_mixin.py:188} INFO - [2026-02-19T10:38:43.590+0000] {dag.py:3036} INFO - Sync 1 DAGs
[2026-02-19T10:38:43.603+0000] {logging_mixin.py:188} INFO - [2026-02-19T10:38:43.602+0000] {dag.py:3823} INFO - Setting next_dagrun for risk_analysis_v1 to None, run_after=None
[2026-02-19T10:38:43.626+0000] {processor.py:183} INFO - Processing /opt/airflow/dags/pipeline.py took 1.141 seconds
[2026-02-19T10:39:13.786+0000] {processor.py:161} INFO - Started process (PID=361) to work on /opt/airflow/dags/pipeline.py
[2026-02-19T10:39:13.788+0000] {processor.py:830} INFO - Processing file /opt/airflow/dags/pipeline.py for tasks to queue
[2026-02-19T10:39:13.790+0000] {logging_mixin.py:188} INFO - [2026-02-19T10:39:13.789+0000] {dagbag.py:538} INFO - Filling up the DagBag from /opt/airflow/dags/pipeline.py
[2026-02-19T10:39:14.822+0000] {processor.py:840} INFO - DAG(s) 'risk_analysis_v1' retrieved from /opt/airflow/dags/pipeline.py
[2026-02-19T10:39:14.850+0000] {logging_mixin.py:188} INFO - [2026-02-19T10:39:14.849+0000] {dag.py:3036} INFO - Sync 1 DAGs
[2026-02-19T10:39:14.864+0000] {logging_mixin.py:188} INFO - [2026-02-19T10:39:14.864+0000] {dag.py:3823} INFO - Setting next_dagrun for risk_analysis_v1 to None, run_after=None
[2026-02-19T10:39:14.887+0000] {processor.py:183} INFO - Processing /opt/airflow/dags/pipeline.py took 1.106 seconds
[2026-02-19T10:39:45.088+0000] {processor.py:161} INFO - Started process (PID=382) to work on /opt/airflow/dags/pipeline.py
[2026-02-19T10:39:45.089+0000] {processor.py:830} INFO - Processing file /opt/airflow/dags/pipeline.py for tasks to queue
[2026-02-19T10:39:45.091+0000] {logging_mixin.py:188} INFO - [2026-02-19T10:39:45.090+0000] {dagbag.py:538} INFO - Filling up the DagBag from /opt/airflow/dags/pipeline.py
[2026-02-19T10:39:46.140+0000] {processor.py:840} INFO - DAG(s) 'risk_analysis_v1' retrieved from /opt/airflow/dags/pipeline.py
[2026-02-19T10:39:46.168+0000] {logging_mixin.py:188} INFO - [2026-02-19T10:39:46.167+0000] {dag.py:3036} INFO - Sync 1 DAGs
[2026-02-19T10:39:46.181+0000] {logging_mixin.py:188} INFO - [2026-02-19T10:39:46.181+0000] {dag.py:3823} INFO - Setting next_dagrun for risk_analysis_v1 to None, run_after=None
[2026-02-19T10:39:46.205+0000] {processor.py:183} INFO - Processing /opt/airflow/dags/pipeline.py took 1.122 seconds
[2026-02-19T10:40:16.317+0000] {processor.py:161} INFO - Started process (PID=403) to work on /opt/airflow/dags/pipeline.py
[2026-02-19T10:40:16.318+0000] {processor.py:830} INFO - Processing file /opt/airflow/dags/pipeline.py for tasks to queue
[2026-02-19T10:40:16.320+0000] {logging_mixin.py:188} INFO - [2026-02-19T10:40:16.319+0000] {dagbag.py:538} INFO - Filling up the DagBag from /opt/airflow/dags/pipeline.py
[2026-02-19T10:40:17.502+0000] {processor.py:840} INFO - DAG(s) 'risk_analysis_v1' retrieved from /opt/airflow/dags/pipeline.py
[2026-02-19T10:40:17.539+0000] {logging_mixin.py:188} INFO - [2026-02-19T10:40:17.539+0000] {dag.py:3036} INFO - Sync 1 DAGs
[2026-02-19T10:40:17.554+0000] {logging_mixin.py:188} INFO - [2026-02-19T10:40:17.554+0000] {dag.py:3823} INFO - Setting next_dagrun for risk_analysis_v1 to None, run_after=None
[2026-02-19T10:40:17.585+0000] {processor.py:183} INFO - Processing /opt/airflow/dags/pipeline.py took 1.273 seconds
[2026-02-19T10:40:47.827+0000] {processor.py:161} INFO - Started process (PID=424) to work on /opt/airflow/dags/pipeline.py
[2026-02-19T10:40:47.829+0000] {processor.py:830} INFO - Processing file /opt/airflow/dags/pipeline.py for tasks to queue
[2026-02-19T10:40:47.831+0000] {logging_mixin.py:188} INFO - [2026-02-19T10:40:47.830+0000] {dagbag.py:538} INFO - Filling up the DagBag from /opt/airflow/dags/pipeline.py
[2026-02-19T10:40:48.859+0000] {processor.py:840} INFO - DAG(s) 'risk_analysis_v1' retrieved from /opt/airflow/dags/pipeline.py
[2026-02-19T10:40:48.896+0000] {logging_mixin.py:188} INFO - [2026-02-19T10:40:48.896+0000] {dag.py:3036} INFO - Sync 1 DAGs
[2026-02-19T10:40:48.914+0000] {logging_mixin.py:188} INFO - [2026-02-19T10:40:48.913+0000] {dag.py:3823} INFO - Setting next_dagrun for risk_analysis_v1 to None, run_after=None
[2026-02-19T10:40:48.942+0000] {processor.py:183} INFO - Processing /opt/airflow/dags/pipeline.py took 1.119 seconds
[2026-02-19T10:41:19.033+0000] {processor.py:161} INFO - Started process (PID=445) to work on /opt/airflow/dags/pipeline.py
[2026-02-19T10:41:19.035+0000] {processor.py:830} INFO - Processing file /opt/airflow/dags/pipeline.py for tasks to queue
[2026-02-19T10:41:19.036+0000] {logging_mixin.py:188} INFO - [2026-02-19T10:41:19.036+0000] {dagbag.py:538} INFO - Filling up the DagBag from /opt/airflow/dags/pipeline.py
[2026-02-19T10:41:20.175+0000] {processor.py:840} INFO - DAG(s) 'risk_analysis_v1' retrieved from /opt/airflow/dags/pipeline.py
[2026-02-19T10:41:20.206+0000] {logging_mixin.py:188} INFO - [2026-02-19T10:41:20.206+0000] {dag.py:3036} INFO - Sync 1 DAGs
[2026-02-19T10:41:20.219+0000] {logging_mixin.py:188} INFO - [2026-02-19T10:41:20.219+0000] {dag.py:3823} INFO - Setting next_dagrun for risk_analysis_v1 to None, run_after=None
[2026-02-19T10:41:20.244+0000] {processor.py:183} INFO - Processing /opt/airflow/dags/pipeline.py took 1.218 seconds
[2026-02-19T10:41:50.373+0000] {processor.py:161} INFO - Started process (PID=466) to work on /opt/airflow/dags/pipeline.py
[2026-02-19T10:41:50.375+0000] {processor.py:830} INFO - Processing file /opt/airflow/dags/pipeline.py for tasks to queue
[2026-02-19T10:41:50.376+0000] {logging_mixin.py:188} INFO - [2026-02-19T10:41:50.376+0000] {dagbag.py:538} INFO - Filling up the DagBag from /opt/airflow/dags/pipeline.py
[2026-02-19T10:41:51.469+0000] {processor.py:840} INFO - DAG(s) 'risk_analysis_v1' retrieved from /opt/airflow/dags/pipeline.py
[2026-02-19T10:41:51.505+0000] {logging_mixin.py:188} INFO - [2026-02-19T10:41:51.505+0000] {dag.py:3036} INFO - Sync 1 DAGs
[2026-02-19T10:41:51.522+0000] {logging_mixin.py:188} INFO - [2026-02-19T10:41:51.521+0000] {dag.py:3823} INFO - Setting next_dagrun for risk_analysis_v1 to None, run_after=None
[2026-02-19T10:41:51.548+0000] {processor.py:183} INFO - Processing /opt/airflow/dags/pipeline.py took 1.181 seconds
[2026-02-19T10:42:21.683+0000] {processor.py:161} INFO - Started process (PID=592) to work on /opt/airflow/dags/pipeline.py
[2026-02-19T10:42:21.685+0000] {processor.py:830} INFO - Processing file /opt/airflow/dags/pipeline.py for tasks to queue
[2026-02-19T10:42:21.687+0000] {logging_mixin.py:188} INFO - [2026-02-19T10:42:21.686+0000] {dagbag.py:538} INFO - Filling up the DagBag from /opt/airflow/dags/pipeline.py
[2026-02-19T10:42:22.853+0000] {processor.py:840} INFO - DAG(s) 'risk_analysis_v1' retrieved from /opt/airflow/dags/pipeline.py
[2026-02-19T10:42:22.880+0000] {logging_mixin.py:188} INFO - [2026-02-19T10:42:22.880+0000] {dag.py:3036} INFO - Sync 1 DAGs
[2026-02-19T10:42:22.893+0000] {logging_mixin.py:188} INFO - [2026-02-19T10:42:22.892+0000] {dag.py:3823} INFO - Setting next_dagrun for risk_analysis_v1 to None, run_after=None
[2026-02-19T10:42:22.917+0000] {processor.py:183} INFO - Processing /opt/airflow/dags/pipeline.py took 1.240 seconds
[2026-02-19T10:42:53.162+0000] {processor.py:161} INFO - Started process (PID=617) to work on /opt/airflow/dags/pipeline.py
[2026-02-19T10:42:53.164+0000] {processor.py:830} INFO - Processing file /opt/airflow/dags/pipeline.py for tasks to queue
[2026-02-19T10:42:53.165+0000] {logging_mixin.py:188} INFO - [2026-02-19T10:42:53.165+0000] {dagbag.py:538} INFO - Filling up the DagBag from /opt/airflow/dags/pipeline.py
[2026-02-19T10:42:54.116+0000] {processor.py:840} INFO - DAG(s) 'risk_analysis_v1' retrieved from /opt/airflow/dags/pipeline.py
[2026-02-19T10:42:54.142+0000] {logging_mixin.py:188} INFO - [2026-02-19T10:42:54.141+0000] {dag.py:3036} INFO - Sync 1 DAGs
[2026-02-19T10:42:54.154+0000] {logging_mixin.py:188} INFO - [2026-02-19T10:42:54.154+0000] {dag.py:3823} INFO - Setting next_dagrun for risk_analysis_v1 to None, run_after=None
[2026-02-19T10:42:54.175+0000] {processor.py:183} INFO - Processing /opt/airflow/dags/pipeline.py took 1.017 seconds
[2026-02-19T10:43:24.376+0000] {processor.py:161} INFO - Started process (PID=638) to work on /opt/airflow/dags/pipeline.py
[2026-02-19T10:43:24.378+0000] {processor.py:830} INFO - Processing file /opt/airflow/dags/pipeline.py for tasks to queue
[2026-02-19T10:43:24.379+0000] {logging_mixin.py:188} INFO - [2026-02-19T10:43:24.379+0000] {dagbag.py:538} INFO - Filling up the DagBag from /opt/airflow/dags/pipeline.py
[2026-02-19T10:43:25.352+0000] {processor.py:840} INFO - DAG(s) 'risk_analysis_v1' retrieved from /opt/airflow/dags/pipeline.py
[2026-02-19T10:43:25.377+0000] {logging_mixin.py:188} INFO - [2026-02-19T10:43:25.376+0000] {dag.py:3036} INFO - Sync 1 DAGs
[2026-02-19T10:43:25.388+0000] {logging_mixin.py:188} INFO - [2026-02-19T10:43:25.387+0000] {dag.py:3823} INFO - Setting next_dagrun for risk_analysis_v1 to None, run_after=None
[2026-02-19T10:43:25.410+0000] {processor.py:183} INFO - Processing /opt/airflow/dags/pipeline.py took 1.039 seconds
[2026-02-19T10:43:55.610+0000] {processor.py:161} INFO - Started process (PID=659) to work on /opt/airflow/dags/pipeline.py
[2026-02-19T10:43:55.612+0000] {processor.py:830} INFO - Processing file /opt/airflow/dags/pipeline.py for tasks to queue
[2026-02-19T10:43:55.614+0000] {logging_mixin.py:188} INFO - [2026-02-19T10:43:55.613+0000] {dagbag.py:538} INFO - Filling up the DagBag from /opt/airflow/dags/pipeline.py
[2026-02-19T10:43:56.597+0000] {processor.py:840} INFO - DAG(s) 'risk_analysis_v1' retrieved from /opt/airflow/dags/pipeline.py
[2026-02-19T10:43:56.623+0000] {logging_mixin.py:188} INFO - [2026-02-19T10:43:56.623+0000] {dag.py:3036} INFO - Sync 1 DAGs
[2026-02-19T10:43:56.636+0000] {logging_mixin.py:188} INFO - [2026-02-19T10:43:56.636+0000] {dag.py:3823} INFO - Setting next_dagrun for risk_analysis_v1 to None, run_after=None
[2026-02-19T10:43:56.661+0000] {processor.py:183} INFO - Processing /opt/airflow/dags/pipeline.py took 1.055 seconds
[2026-02-19T10:44:26.861+0000] {processor.py:161} INFO - Started process (PID=680) to work on /opt/airflow/dags/pipeline.py
[2026-02-19T10:44:26.863+0000] {processor.py:830} INFO - Processing file /opt/airflow/dags/pipeline.py for tasks to queue
[2026-02-19T10:44:26.865+0000] {logging_mixin.py:188} INFO - [2026-02-19T10:44:26.864+0000] {dagbag.py:538} INFO - Filling up the DagBag from /opt/airflow/dags/pipeline.py
[2026-02-19T10:44:27.951+0000] {processor.py:840} INFO - DAG(s) 'risk_analysis_v1' retrieved from /opt/airflow/dags/pipeline.py
[2026-02-19T10:44:27.978+0000] {logging_mixin.py:188} INFO - [2026-02-19T10:44:27.978+0000] {dag.py:3036} INFO - Sync 1 DAGs
[2026-02-19T10:44:27.991+0000] {logging_mixin.py:188} INFO - [2026-02-19T10:44:27.991+0000] {dag.py:3823} INFO - Setting next_dagrun for risk_analysis_v1 to None, run_after=None
[2026-02-19T10:44:28.012+0000] {processor.py:183} INFO - Processing /opt/airflow/dags/pipeline.py took 1.157 seconds
[2026-02-19T10:44:58.098+0000] {processor.py:161} INFO - Started process (PID=701) to work on /opt/airflow/dags/pipeline.py
[2026-02-19T10:44:58.100+0000] {processor.py:830} INFO - Processing file /opt/airflow/dags/pipeline.py for tasks to queue
[2026-02-19T10:44:58.102+0000] {logging_mixin.py:188} INFO - [2026-02-19T10:44:58.102+0000] {dagbag.py:538} INFO - Filling up the DagBag from /opt/airflow/dags/pipeline.py
[2026-02-19T10:44:59.171+0000] {processor.py:840} INFO - DAG(s) 'risk_analysis_v1' retrieved from /opt/airflow/dags/pipeline.py
[2026-02-19T10:44:59.200+0000] {logging_mixin.py:188} INFO - [2026-02-19T10:44:59.200+0000] {dag.py:3036} INFO - Sync 1 DAGs
[2026-02-19T10:44:59.213+0000] {logging_mixin.py:188} INFO - [2026-02-19T10:44:59.212+0000] {dag.py:3823} INFO - Setting next_dagrun for risk_analysis_v1 to None, run_after=None
[2026-02-19T10:44:59.239+0000] {processor.py:183} INFO - Processing /opt/airflow/dags/pipeline.py took 1.146 seconds
[2026-02-19T10:45:29.477+0000] {processor.py:161} INFO - Started process (PID=722) to work on /opt/airflow/dags/pipeline.py
[2026-02-19T10:45:29.478+0000] {processor.py:830} INFO - Processing file /opt/airflow/dags/pipeline.py for tasks to queue
[2026-02-19T10:45:29.480+0000] {logging_mixin.py:188} INFO - [2026-02-19T10:45:29.479+0000] {dagbag.py:538} INFO - Filling up the DagBag from /opt/airflow/dags/pipeline.py
[2026-02-19T10:45:30.494+0000] {processor.py:840} INFO - DAG(s) 'risk_analysis_v1' retrieved from /opt/airflow/dags/pipeline.py
[2026-02-19T10:45:30.521+0000] {logging_mixin.py:188} INFO - [2026-02-19T10:45:30.520+0000] {dag.py:3036} INFO - Sync 1 DAGs
[2026-02-19T10:45:30.533+0000] {logging_mixin.py:188} INFO - [2026-02-19T10:45:30.533+0000] {dag.py:3823} INFO - Setting next_dagrun for risk_analysis_v1 to None, run_after=None
[2026-02-19T10:45:30.558+0000] {processor.py:183} INFO - Processing /opt/airflow/dags/pipeline.py took 1.085 seconds
[2026-02-19T10:46:00.694+0000] {processor.py:161} INFO - Started process (PID=743) to work on /opt/airflow/dags/pipeline.py
[2026-02-19T10:46:00.696+0000] {processor.py:830} INFO - Processing file /opt/airflow/dags/pipeline.py for tasks to queue
[2026-02-19T10:46:00.698+0000] {logging_mixin.py:188} INFO - [2026-02-19T10:46:00.697+0000] {dagbag.py:538} INFO - Filling up the DagBag from /opt/airflow/dags/pipeline.py
[2026-02-19T10:46:01.730+0000] {processor.py:840} INFO - DAG(s) 'risk_analysis_v1' retrieved from /opt/airflow/dags/pipeline.py
[2026-02-19T10:46:01.756+0000] {logging_mixin.py:188} INFO - [2026-02-19T10:46:01.755+0000] {dag.py:3036} INFO - Sync 1 DAGs
[2026-02-19T10:46:01.769+0000] {logging_mixin.py:188} INFO - [2026-02-19T10:46:01.769+0000] {dag.py:3823} INFO - Setting next_dagrun for risk_analysis_v1 to None, run_after=None
[2026-02-19T10:46:01.796+0000] {processor.py:183} INFO - Processing /opt/airflow/dags/pipeline.py took 1.107 seconds
[2026-02-19T10:46:31.991+0000] {processor.py:161} INFO - Started process (PID=764) to work on /opt/airflow/dags/pipeline.py
[2026-02-19T10:46:31.992+0000] {processor.py:830} INFO - Processing file /opt/airflow/dags/pipeline.py for tasks to queue
[2026-02-19T10:46:31.994+0000] {logging_mixin.py:188} INFO - [2026-02-19T10:46:31.993+0000] {dagbag.py:538} INFO - Filling up the DagBag from /opt/airflow/dags/pipeline.py
[2026-02-19T10:46:33.014+0000] {processor.py:840} INFO - DAG(s) 'risk_analysis_v1' retrieved from /opt/airflow/dags/pipeline.py
[2026-02-19T10:46:33.043+0000] {logging_mixin.py:188} INFO - [2026-02-19T10:46:33.042+0000] {dag.py:3036} INFO - Sync 1 DAGs
[2026-02-19T10:46:33.055+0000] {logging_mixin.py:188} INFO - [2026-02-19T10:46:33.054+0000] {dag.py:3823} INFO - Setting next_dagrun for risk_analysis_v1 to None, run_after=None
[2026-02-19T10:46:33.078+0000] {processor.py:183} INFO - Processing /opt/airflow/dags/pipeline.py took 1.092 seconds
[2026-02-19T10:47:03.231+0000] {processor.py:161} INFO - Started process (PID=785) to work on /opt/airflow/dags/pipeline.py
[2026-02-19T10:47:03.233+0000] {processor.py:830} INFO - Processing file /opt/airflow/dags/pipeline.py for tasks to queue
[2026-02-19T10:47:03.234+0000] {logging_mixin.py:188} INFO - [2026-02-19T10:47:03.234+0000] {dagbag.py:538} INFO - Filling up the DagBag from /opt/airflow/dags/pipeline.py
[2026-02-19T10:47:04.243+0000] {processor.py:840} INFO - DAG(s) 'risk_analysis_v1' retrieved from /opt/airflow/dags/pipeline.py
[2026-02-19T10:47:04.273+0000] {logging_mixin.py:188} INFO - [2026-02-19T10:47:04.272+0000] {dag.py:3036} INFO - Sync 1 DAGs
[2026-02-19T10:47:04.287+0000] {logging_mixin.py:188} INFO - [2026-02-19T10:47:04.287+0000] {dag.py:3823} INFO - Setting next_dagrun for risk_analysis_v1 to None, run_after=None
[2026-02-19T10:47:04.310+0000] {processor.py:183} INFO - Processing /opt/airflow/dags/pipeline.py took 1.083 seconds
[2026-02-19T10:47:34.506+0000] {processor.py:161} INFO - Started process (PID=806) to work on /opt/airflow/dags/pipeline.py
[2026-02-19T10:47:34.509+0000] {processor.py:830} INFO - Processing file /opt/airflow/dags/pipeline.py for tasks to queue
[2026-02-19T10:47:34.510+0000] {logging_mixin.py:188} INFO - [2026-02-19T10:47:34.510+0000] {dagbag.py:538} INFO - Filling up the DagBag from /opt/airflow/dags/pipeline.py
[2026-02-19T10:47:35.498+0000] {processor.py:840} INFO - DAG(s) 'risk_analysis_v1' retrieved from /opt/airflow/dags/pipeline.py
[2026-02-19T10:47:35.527+0000] {logging_mixin.py:188} INFO - [2026-02-19T10:47:35.527+0000] {dag.py:3036} INFO - Sync 1 DAGs
[2026-02-19T10:47:35.539+0000] {logging_mixin.py:188} INFO - [2026-02-19T10:47:35.539+0000] {dag.py:3823} INFO - Setting next_dagrun for risk_analysis_v1 to None, run_after=None
[2026-02-19T10:47:35.563+0000] {processor.py:183} INFO - Processing /opt/airflow/dags/pipeline.py took 1.061 seconds
[2026-02-19T10:48:05.738+0000] {processor.py:161} INFO - Started process (PID=827) to work on /opt/airflow/dags/pipeline.py
[2026-02-19T10:48:05.740+0000] {processor.py:830} INFO - Processing file /opt/airflow/dags/pipeline.py for tasks to queue
[2026-02-19T10:48:05.741+0000] {logging_mixin.py:188} INFO - [2026-02-19T10:48:05.741+0000] {dagbag.py:538} INFO - Filling up the DagBag from /opt/airflow/dags/pipeline.py
[2026-02-19T10:48:06.694+0000] {processor.py:840} INFO - DAG(s) 'risk_analysis_v1' retrieved from /opt/airflow/dags/pipeline.py
[2026-02-19T10:48:06.721+0000] {logging_mixin.py:188} INFO - [2026-02-19T10:48:06.721+0000] {dag.py:3036} INFO - Sync 1 DAGs
[2026-02-19T10:48:06.734+0000] {logging_mixin.py:188} INFO - [2026-02-19T10:48:06.734+0000] {dag.py:3823} INFO - Setting next_dagrun for risk_analysis_v1 to None, run_after=None
[2026-02-19T10:48:06.758+0000] {processor.py:183} INFO - Processing /opt/airflow/dags/pipeline.py took 1.024 seconds
[2026-02-19T10:48:37.005+0000] {processor.py:161} INFO - Started process (PID=848) to work on /opt/airflow/dags/pipeline.py
[2026-02-19T10:48:37.007+0000] {processor.py:830} INFO - Processing file /opt/airflow/dags/pipeline.py for tasks to queue
[2026-02-19T10:48:37.009+0000] {logging_mixin.py:188} INFO - [2026-02-19T10:48:37.008+0000] {dagbag.py:538} INFO - Filling up the DagBag from /opt/airflow/dags/pipeline.py
[2026-02-19T10:48:38.054+0000] {processor.py:840} INFO - DAG(s) 'risk_analysis_v1' retrieved from /opt/airflow/dags/pipeline.py
[2026-02-19T10:48:38.082+0000] {logging_mixin.py:188} INFO - [2026-02-19T10:48:38.081+0000] {dag.py:3036} INFO - Sync 1 DAGs
[2026-02-19T10:48:38.095+0000] {logging_mixin.py:188} INFO - [2026-02-19T10:48:38.095+0000] {dag.py:3823} INFO - Setting next_dagrun for risk_analysis_v1 to None, run_after=None
[2026-02-19T10:48:38.129+0000] {processor.py:183} INFO - Processing /opt/airflow/dags/pipeline.py took 1.128 seconds
[2026-02-19T10:49:08.215+0000] {processor.py:161} INFO - Started process (PID=869) to work on /opt/airflow/dags/pipeline.py
[2026-02-19T10:49:08.216+0000] {processor.py:830} INFO - Processing file /opt/airflow/dags/pipeline.py for tasks to queue
[2026-02-19T10:49:08.218+0000] {logging_mixin.py:188} INFO - [2026-02-19T10:49:08.217+0000] {dagbag.py:538} INFO - Filling up the DagBag from /opt/airflow/dags/pipeline.py
[2026-02-19T10:49:09.226+0000] {processor.py:840} INFO - DAG(s) 'risk_analysis_v1' retrieved from /opt/airflow/dags/pipeline.py
[2026-02-19T10:49:09.255+0000] {logging_mixin.py:188} INFO - [2026-02-19T10:49:09.255+0000] {dag.py:3036} INFO - Sync 1 DAGs
[2026-02-19T10:49:09.268+0000] {logging_mixin.py:188} INFO - [2026-02-19T10:49:09.268+0000] {dag.py:3823} INFO - Setting next_dagrun for risk_analysis_v1 to None, run_after=None
[2026-02-19T10:49:09.295+0000] {processor.py:183} INFO - Processing /opt/airflow/dags/pipeline.py took 1.085 seconds
[2026-02-19T10:49:39.449+0000] {processor.py:161} INFO - Started process (PID=890) to work on /opt/airflow/dags/pipeline.py
[2026-02-19T10:49:39.450+0000] {processor.py:830} INFO - Processing file /opt/airflow/dags/pipeline.py for tasks to queue
[2026-02-19T10:49:39.453+0000] {logging_mixin.py:188} INFO - [2026-02-19T10:49:39.452+0000] {dagbag.py:538} INFO - Filling up the DagBag from /opt/airflow/dags/pipeline.py
[2026-02-19T10:49:40.470+0000] {processor.py:840} INFO - DAG(s) 'risk_analysis_v1' retrieved from /opt/airflow/dags/pipeline.py
[2026-02-19T10:49:40.500+0000] {logging_mixin.py:188} INFO - [2026-02-19T10:49:40.499+0000] {dag.py:3036} INFO - Sync 1 DAGs
[2026-02-19T10:49:40.519+0000] {logging_mixin.py:188} INFO - [2026-02-19T10:49:40.519+0000] {dag.py:3823} INFO - Setting next_dagrun for risk_analysis_v1 to None, run_after=None
[2026-02-19T10:49:40.546+0000] {processor.py:183} INFO - Processing /opt/airflow/dags/pipeline.py took 1.101 seconds
[2026-02-19T10:50:10.755+0000] {processor.py:161} INFO - Started process (PID=911) to work on /opt/airflow/dags/pipeline.py
[2026-02-19T10:50:10.757+0000] {processor.py:830} INFO - Processing file /opt/airflow/dags/pipeline.py for tasks to queue
[2026-02-19T10:50:10.758+0000] {logging_mixin.py:188} INFO - [2026-02-19T10:50:10.758+0000] {dagbag.py:538} INFO - Filling up the DagBag from /opt/airflow/dags/pipeline.py
[2026-02-19T10:50:11.834+0000] {processor.py:840} INFO - DAG(s) 'risk_analysis_v1' retrieved from /opt/airflow/dags/pipeline.py
[2026-02-19T10:50:11.865+0000] {logging_mixin.py:188} INFO - [2026-02-19T10:50:11.860+0000] {dag.py:3036} INFO - Sync 1 DAGs
[2026-02-19T10:50:11.880+0000] {logging_mixin.py:188} INFO - [2026-02-19T10:50:11.879+0000] {dag.py:3823} INFO - Setting next_dagrun for risk_analysis_v1 to None, run_after=None
[2026-02-19T10:50:11.908+0000] {processor.py:183} INFO - Processing /opt/airflow/dags/pipeline.py took 1.158 seconds
[2026-02-19T10:50:42.145+0000] {processor.py:161} INFO - Started process (PID=932) to work on /opt/airflow/dags/pipeline.py
[2026-02-19T10:50:42.147+0000] {processor.py:830} INFO - Processing file /opt/airflow/dags/pipeline.py for tasks to queue
[2026-02-19T10:50:42.148+0000] {logging_mixin.py:188} INFO - [2026-02-19T10:50:42.148+0000] {dagbag.py:538} INFO - Filling up the DagBag from /opt/airflow/dags/pipeline.py
[2026-02-19T10:50:43.260+0000] {processor.py:840} INFO - DAG(s) 'risk_analysis_v1' retrieved from /opt/airflow/dags/pipeline.py
[2026-02-19T10:50:43.291+0000] {logging_mixin.py:188} INFO - [2026-02-19T10:50:43.291+0000] {dag.py:3036} INFO - Sync 1 DAGs
[2026-02-19T10:50:43.306+0000] {logging_mixin.py:188} INFO - [2026-02-19T10:50:43.305+0000] {dag.py:3823} INFO - Setting next_dagrun for risk_analysis_v1 to None, run_after=None
[2026-02-19T10:50:43.332+0000] {processor.py:183} INFO - Processing /opt/airflow/dags/pipeline.py took 1.190 seconds
[2026-02-19T10:51:13.591+0000] {processor.py:161} INFO - Started process (PID=953) to work on /opt/airflow/dags/pipeline.py
[2026-02-19T10:51:13.593+0000] {processor.py:830} INFO - Processing file /opt/airflow/dags/pipeline.py for tasks to queue
[2026-02-19T10:51:13.594+0000] {logging_mixin.py:188} INFO - [2026-02-19T10:51:13.594+0000] {dagbag.py:538} INFO - Filling up the DagBag from /opt/airflow/dags/pipeline.py
[2026-02-19T10:51:14.750+0000] {processor.py:840} INFO - DAG(s) 'risk_analysis_v1' retrieved from /opt/airflow/dags/pipeline.py
[2026-02-19T10:51:14.778+0000] {logging_mixin.py:188} INFO - [2026-02-19T10:51:14.777+0000] {dag.py:3036} INFO - Sync 1 DAGs
[2026-02-19T10:51:14.790+0000] {logging_mixin.py:188} INFO - [2026-02-19T10:51:14.790+0000] {dag.py:3823} INFO - Setting next_dagrun for risk_analysis_v1 to None, run_after=None
[2026-02-19T10:51:14.813+0000] {processor.py:183} INFO - Processing /opt/airflow/dags/pipeline.py took 1.229 seconds
[2026-02-19T10:51:45.063+0000] {processor.py:161} INFO - Started process (PID=974) to work on /opt/airflow/dags/pipeline.py
[2026-02-19T10:51:45.065+0000] {processor.py:830} INFO - Processing file /opt/airflow/dags/pipeline.py for tasks to queue
[2026-02-19T10:51:45.066+0000] {logging_mixin.py:188} INFO - [2026-02-19T10:51:45.066+0000] {dagbag.py:538} INFO - Filling up the DagBag from /opt/airflow/dags/pipeline.py
[2026-02-19T10:51:46.206+0000] {processor.py:840} INFO - DAG(s) 'risk_analysis_v1' retrieved from /opt/airflow/dags/pipeline.py
[2026-02-19T10:51:46.234+0000] {logging_mixin.py:188} INFO - [2026-02-19T10:51:46.234+0000] {dag.py:3036} INFO - Sync 1 DAGs
[2026-02-19T10:51:46.247+0000] {logging_mixin.py:188} INFO - [2026-02-19T10:51:46.246+0000] {dag.py:3823} INFO - Setting next_dagrun for risk_analysis_v1 to None, run_after=None
[2026-02-19T10:51:46.270+0000] {processor.py:183} INFO - Processing /opt/airflow/dags/pipeline.py took 1.212 seconds
[2026-02-19T10:52:16.519+0000] {processor.py:161} INFO - Started process (PID=995) to work on /opt/airflow/dags/pipeline.py
[2026-02-19T10:52:16.521+0000] {processor.py:830} INFO - Processing file /opt/airflow/dags/pipeline.py for tasks to queue
[2026-02-19T10:52:16.523+0000] {logging_mixin.py:188} INFO - [2026-02-19T10:52:16.523+0000] {dagbag.py:538} INFO - Filling up the DagBag from /opt/airflow/dags/pipeline.py
[2026-02-19T10:52:17.758+0000] {processor.py:840} INFO - DAG(s) 'risk_analysis_v1' retrieved from /opt/airflow/dags/pipeline.py
[2026-02-19T10:52:17.788+0000] {logging_mixin.py:188} INFO - [2026-02-19T10:52:17.788+0000] {dag.py:3036} INFO - Sync 1 DAGs
[2026-02-19T10:52:17.802+0000] {logging_mixin.py:188} INFO - [2026-02-19T10:52:17.802+0000] {dag.py:3823} INFO - Setting next_dagrun for risk_analysis_v1 to None, run_after=None
[2026-02-19T10:52:17.829+0000] {processor.py:183} INFO - Processing /opt/airflow/dags/pipeline.py took 1.317 seconds
[2026-02-19T10:52:48.103+0000] {processor.py:161} INFO - Started process (PID=1016) to work on /opt/airflow/dags/pipeline.py
[2026-02-19T10:52:48.105+0000] {processor.py:830} INFO - Processing file /opt/airflow/dags/pipeline.py for tasks to queue
[2026-02-19T10:52:48.107+0000] {logging_mixin.py:188} INFO - [2026-02-19T10:52:48.106+0000] {dagbag.py:538} INFO - Filling up the DagBag from /opt/airflow/dags/pipeline.py
[2026-02-19T10:52:49.387+0000] {processor.py:840} INFO - DAG(s) 'risk_analysis_v1' retrieved from /opt/airflow/dags/pipeline.py
[2026-02-19T10:52:49.416+0000] {logging_mixin.py:188} INFO - [2026-02-19T10:52:49.416+0000] {dag.py:3036} INFO - Sync 1 DAGs
[2026-02-19T10:52:49.430+0000] {logging_mixin.py:188} INFO - [2026-02-19T10:52:49.430+0000] {dag.py:3823} INFO - Setting next_dagrun for risk_analysis_v1 to None, run_after=None
[2026-02-19T10:52:49.464+0000] {processor.py:183} INFO - Processing /opt/airflow/dags/pipeline.py took 1.368 seconds
[2026-02-19T10:53:19.714+0000] {processor.py:161} INFO - Started process (PID=1037) to work on /opt/airflow/dags/pipeline.py
[2026-02-19T10:53:19.716+0000] {processor.py:830} INFO - Processing file /opt/airflow/dags/pipeline.py for tasks to queue
[2026-02-19T10:53:19.718+0000] {logging_mixin.py:188} INFO - [2026-02-19T10:53:19.718+0000] {dagbag.py:538} INFO - Filling up the DagBag from /opt/airflow/dags/pipeline.py
[2026-02-19T10:53:20.842+0000] {processor.py:840} INFO - DAG(s) 'risk_analysis_v1' retrieved from /opt/airflow/dags/pipeline.py
[2026-02-19T10:53:20.879+0000] {logging_mixin.py:188} INFO - [2026-02-19T10:53:20.878+0000] {dag.py:3036} INFO - Sync 1 DAGs
[2026-02-19T10:53:20.897+0000] {logging_mixin.py:188} INFO - [2026-02-19T10:53:20.896+0000] {dag.py:3823} INFO - Setting next_dagrun for risk_analysis_v1 to None, run_after=None
[2026-02-19T10:53:20.929+0000] {processor.py:183} INFO - Processing /opt/airflow/dags/pipeline.py took 1.221 seconds
[2026-02-19T10:53:51.271+0000] {processor.py:161} INFO - Started process (PID=1058) to work on /opt/airflow/dags/pipeline.py
[2026-02-19T10:53:51.283+0000] {processor.py:830} INFO - Processing file /opt/airflow/dags/pipeline.py for tasks to queue
[2026-02-19T10:53:51.289+0000] {logging_mixin.py:188} INFO - [2026-02-19T10:53:51.286+0000] {dagbag.py:538} INFO - Filling up the DagBag from /opt/airflow/dags/pipeline.py
[2026-02-19T10:53:54.234+0000] {processor.py:840} INFO - DAG(s) 'risk_analysis_v1' retrieved from /opt/airflow/dags/pipeline.py
[2026-02-19T10:53:54.308+0000] {logging_mixin.py:188} INFO - [2026-02-19T10:53:54.307+0000] {dag.py:3036} INFO - Sync 1 DAGs
[2026-02-19T10:53:54.335+0000] {logging_mixin.py:188} INFO - [2026-02-19T10:53:54.335+0000] {dag.py:3823} INFO - Setting next_dagrun for risk_analysis_v1 to None, run_after=None
[2026-02-19T10:53:54.374+0000] {processor.py:183} INFO - Processing /opt/airflow/dags/pipeline.py took 3.151 seconds
[2026-02-19T10:54:24.766+0000] {processor.py:161} INFO - Started process (PID=1079) to work on /opt/airflow/dags/pipeline.py
[2026-02-19T10:54:24.769+0000] {processor.py:830} INFO - Processing file /opt/airflow/dags/pipeline.py for tasks to queue
[2026-02-19T10:54:24.770+0000] {logging_mixin.py:188} INFO - [2026-02-19T10:54:24.770+0000] {dagbag.py:538} INFO - Filling up the DagBag from /opt/airflow/dags/pipeline.py
[2026-02-19T10:54:25.858+0000] {processor.py:840} INFO - DAG(s) 'risk_analysis_v1' retrieved from /opt/airflow/dags/pipeline.py
[2026-02-19T10:54:25.884+0000] {logging_mixin.py:188} INFO - [2026-02-19T10:54:25.883+0000] {dag.py:3036} INFO - Sync 1 DAGs
[2026-02-19T10:54:25.895+0000] {logging_mixin.py:188} INFO - [2026-02-19T10:54:25.895+0000] {dag.py:3823} INFO - Setting next_dagrun for risk_analysis_v1 to None, run_after=None
[2026-02-19T10:54:25.921+0000] {processor.py:183} INFO - Processing /opt/airflow/dags/pipeline.py took 1.171 seconds
[2026-02-19T10:54:56.012+0000] {processor.py:161} INFO - Started process (PID=1100) to work on /opt/airflow/dags/pipeline.py
[2026-02-19T10:54:56.014+0000] {processor.py:830} INFO - Processing file /opt/airflow/dags/pipeline.py for tasks to queue
[2026-02-19T10:54:56.015+0000] {logging_mixin.py:188} INFO - [2026-02-19T10:54:56.015+0000] {dagbag.py:538} INFO - Filling up the DagBag from /opt/airflow/dags/pipeline.py
[2026-02-19T10:54:57.188+0000] {processor.py:840} INFO - DAG(s) 'risk_analysis_v1' retrieved from /opt/airflow/dags/pipeline.py
[2026-02-19T10:54:57.217+0000] {logging_mixin.py:188} INFO - [2026-02-19T10:54:57.216+0000] {dag.py:3036} INFO - Sync 1 DAGs
[2026-02-19T10:54:57.230+0000] {logging_mixin.py:188} INFO - [2026-02-19T10:54:57.229+0000] {dag.py:3823} INFO - Setting next_dagrun for risk_analysis_v1 to None, run_after=None
[2026-02-19T10:54:57.257+0000] {processor.py:183} INFO - Processing /opt/airflow/dags/pipeline.py took 1.249 seconds
[2026-02-19T10:55:27.359+0000] {processor.py:161} INFO - Started process (PID=1121) to work on /opt/airflow/dags/pipeline.py
[2026-02-19T10:55:27.361+0000] {processor.py:830} INFO - Processing file /opt/airflow/dags/pipeline.py for tasks to queue
[2026-02-19T10:55:27.362+0000] {logging_mixin.py:188} INFO - [2026-02-19T10:55:27.361+0000] {dagbag.py:538} INFO - Filling up the DagBag from /opt/airflow/dags/pipeline.py
[2026-02-19T10:55:28.510+0000] {processor.py:840} INFO - DAG(s) 'risk_analysis_v1' retrieved from /opt/airflow/dags/pipeline.py
[2026-02-19T10:55:28.537+0000] {logging_mixin.py:188} INFO - [2026-02-19T10:55:28.537+0000] {dag.py:3036} INFO - Sync 1 DAGs
[2026-02-19T10:55:28.551+0000] {logging_mixin.py:188} INFO - [2026-02-19T10:55:28.551+0000] {dag.py:3823} INFO - Setting next_dagrun for risk_analysis_v1 to None, run_after=None
[2026-02-19T10:55:28.578+0000] {processor.py:183} INFO - Processing /opt/airflow/dags/pipeline.py took 1.223 seconds
[2026-02-19T10:55:58.706+0000] {processor.py:161} INFO - Started process (PID=1142) to work on /opt/airflow/dags/pipeline.py
[2026-02-19T10:55:58.708+0000] {processor.py:830} INFO - Processing file /opt/airflow/dags/pipeline.py for tasks to queue
[2026-02-19T10:55:58.710+0000] {logging_mixin.py:188} INFO - [2026-02-19T10:55:58.709+0000] {dagbag.py:538} INFO - Filling up the DagBag from /opt/airflow/dags/pipeline.py
[2026-02-19T10:55:59.801+0000] {processor.py:840} INFO - DAG(s) 'risk_analysis_v1' retrieved from /opt/airflow/dags/pipeline.py
[2026-02-19T10:55:59.828+0000] {logging_mixin.py:188} INFO - [2026-02-19T10:55:59.827+0000] {dag.py:3036} INFO - Sync 1 DAGs
[2026-02-19T10:55:59.842+0000] {logging_mixin.py:188} INFO - [2026-02-19T10:55:59.842+0000] {dag.py:3823} INFO - Setting next_dagrun for risk_analysis_v1 to None, run_after=None
[2026-02-19T10:55:59.866+0000] {processor.py:183} INFO - Processing /opt/airflow/dags/pipeline.py took 1.164 seconds
[2026-02-19T10:56:30.013+0000] {processor.py:161} INFO - Started process (PID=1163) to work on /opt/airflow/dags/pipeline.py
[2026-02-19T10:56:30.015+0000] {processor.py:830} INFO - Processing file /opt/airflow/dags/pipeline.py for tasks to queue
[2026-02-19T10:56:30.017+0000] {logging_mixin.py:188} INFO - [2026-02-19T10:56:30.016+0000] {dagbag.py:538} INFO - Filling up the DagBag from /opt/airflow/dags/pipeline.py
[2026-02-19T10:56:31.056+0000] {processor.py:840} INFO - DAG(s) 'risk_analysis_v1' retrieved from /opt/airflow/dags/pipeline.py
[2026-02-19T10:56:31.085+0000] {logging_mixin.py:188} INFO - [2026-02-19T10:56:31.085+0000] {dag.py:3036} INFO - Sync 1 DAGs
[2026-02-19T10:56:31.098+0000] {logging_mixin.py:188} INFO - [2026-02-19T10:56:31.098+0000] {dag.py:3823} INFO - Setting next_dagrun for risk_analysis_v1 to None, run_after=None
[2026-02-19T10:56:31.131+0000] {processor.py:183} INFO - Processing /opt/airflow/dags/pipeline.py took 1.121 seconds
[2026-02-19T10:57:01.293+0000] {processor.py:161} INFO - Started process (PID=1184) to work on /opt/airflow/dags/pipeline.py
[2026-02-19T10:57:01.295+0000] {processor.py:830} INFO - Processing file /opt/airflow/dags/pipeline.py for tasks to queue
[2026-02-19T10:57:01.296+0000] {logging_mixin.py:188} INFO - [2026-02-19T10:57:01.296+0000] {dagbag.py:538} INFO - Filling up the DagBag from /opt/airflow/dags/pipeline.py
[2026-02-19T10:57:02.337+0000] {processor.py:840} INFO - DAG(s) 'risk_analysis_v1' retrieved from /opt/airflow/dags/pipeline.py
[2026-02-19T10:57:02.368+0000] {logging_mixin.py:188} INFO - [2026-02-19T10:57:02.368+0000] {dag.py:3036} INFO - Sync 1 DAGs
[2026-02-19T10:57:02.383+0000] {logging_mixin.py:188} INFO - [2026-02-19T10:57:02.383+0000] {dag.py:3823} INFO - Setting next_dagrun for risk_analysis_v1 to None, run_after=None
[2026-02-19T10:57:02.408+0000] {processor.py:183} INFO - Processing /opt/airflow/dags/pipeline.py took 1.119 seconds
[2026-02-19T10:57:32.561+0000] {processor.py:161} INFO - Started process (PID=1205) to work on /opt/airflow/dags/pipeline.py
[2026-02-19T10:57:32.562+0000] {processor.py:830} INFO - Processing file /opt/airflow/dags/pipeline.py for tasks to queue
[2026-02-19T10:57:32.564+0000] {logging_mixin.py:188} INFO - [2026-02-19T10:57:32.563+0000] {dagbag.py:538} INFO - Filling up the DagBag from /opt/airflow/dags/pipeline.py
[2026-02-19T10:57:33.610+0000] {processor.py:840} INFO - DAG(s) 'risk_analysis_v1' retrieved from /opt/airflow/dags/pipeline.py
[2026-02-19T10:57:33.637+0000] {logging_mixin.py:188} INFO - [2026-02-19T10:57:33.636+0000] {dag.py:3036} INFO - Sync 1 DAGs
[2026-02-19T10:57:33.650+0000] {logging_mixin.py:188} INFO - [2026-02-19T10:57:33.650+0000] {dag.py:3823} INFO - Setting next_dagrun for risk_analysis_v1 to None, run_after=None
[2026-02-19T10:57:33.676+0000] {processor.py:183} INFO - Processing /opt/airflow/dags/pipeline.py took 1.119 seconds
[2026-02-19T10:58:03.841+0000] {processor.py:161} INFO - Started process (PID=1226) to work on /opt/airflow/dags/pipeline.py
[2026-02-19T10:58:03.843+0000] {processor.py:830} INFO - Processing file /opt/airflow/dags/pipeline.py for tasks to queue
[2026-02-19T10:58:03.844+0000] {logging_mixin.py:188} INFO - [2026-02-19T10:58:03.844+0000] {dagbag.py:538} INFO - Filling up the DagBag from /opt/airflow/dags/pipeline.py
[2026-02-19T10:58:04.877+0000] {processor.py:840} INFO - DAG(s) 'risk_analysis_v1' retrieved from /opt/airflow/dags/pipeline.py
[2026-02-19T10:58:04.906+0000] {logging_mixin.py:188} INFO - [2026-02-19T10:58:04.905+0000] {dag.py:3036} INFO - Sync 1 DAGs
[2026-02-19T10:58:04.918+0000] {logging_mixin.py:188} INFO - [2026-02-19T10:58:04.918+0000] {dag.py:3823} INFO - Setting next_dagrun for risk_analysis_v1 to None, run_after=None
[2026-02-19T10:58:04.953+0000] {processor.py:183} INFO - Processing /opt/airflow/dags/pipeline.py took 1.116 seconds
[2026-02-19T10:58:35.100+0000] {processor.py:161} INFO - Started process (PID=1247) to work on /opt/airflow/dags/pipeline.py
[2026-02-19T10:58:35.102+0000] {processor.py:830} INFO - Processing file /opt/airflow/dags/pipeline.py for tasks to queue
[2026-02-19T10:58:35.103+0000] {logging_mixin.py:188} INFO - [2026-02-19T10:58:35.103+0000] {dagbag.py:538} INFO - Filling up the DagBag from /opt/airflow/dags/pipeline.py
[2026-02-19T10:58:36.171+0000] {processor.py:840} INFO - DAG(s) 'risk_analysis_v1' retrieved from /opt/airflow/dags/pipeline.py
[2026-02-19T10:58:36.201+0000] {logging_mixin.py:188} INFO - [2026-02-19T10:58:36.200+0000] {dag.py:3036} INFO - Sync 1 DAGs
[2026-02-19T10:58:36.215+0000] {logging_mixin.py:188} INFO - [2026-02-19T10:58:36.215+0000] {dag.py:3823} INFO - Setting next_dagrun for risk_analysis_v1 to None, run_after=None
[2026-02-19T10:58:36.240+0000] {processor.py:183} INFO - Processing /opt/airflow/dags/pipeline.py took 1.144 seconds
[2026-02-19T10:59:06.396+0000] {processor.py:161} INFO - Started process (PID=1268) to work on /opt/airflow/dags/pipeline.py
[2026-02-19T10:59:06.398+0000] {processor.py:830} INFO - Processing file /opt/airflow/dags/pipeline.py for tasks to queue
[2026-02-19T10:59:06.399+0000] {logging_mixin.py:188} INFO - [2026-02-19T10:59:06.399+0000] {dagbag.py:538} INFO - Filling up the DagBag from /opt/airflow/dags/pipeline.py
[2026-02-19T10:59:07.458+0000] {processor.py:840} INFO - DAG(s) 'risk_analysis_v1' retrieved from /opt/airflow/dags/pipeline.py
[2026-02-19T10:59:07.487+0000] {logging_mixin.py:188} INFO - [2026-02-19T10:59:07.487+0000] {dag.py:3036} INFO - Sync 1 DAGs
[2026-02-19T10:59:07.500+0000] {logging_mixin.py:188} INFO - [2026-02-19T10:59:07.500+0000] {dag.py:3823} INFO - Setting next_dagrun for risk_analysis_v1 to None, run_after=None
[2026-02-19T10:59:07.525+0000] {processor.py:183} INFO - Processing /opt/airflow/dags/pipeline.py took 1.134 seconds
[2026-02-19T10:59:37.747+0000] {processor.py:161} INFO - Started process (PID=1289) to work on /opt/airflow/dags/pipeline.py
[2026-02-19T10:59:37.750+0000] {processor.py:830} INFO - Processing file /opt/airflow/dags/pipeline.py for tasks to queue
[2026-02-19T10:59:37.752+0000] {logging_mixin.py:188} INFO - [2026-02-19T10:59:37.751+0000] {dagbag.py:538} INFO - Filling up the DagBag from /opt/airflow/dags/pipeline.py
[2026-02-19T10:59:38.792+0000] {processor.py:840} INFO - DAG(s) 'risk_analysis_v1' retrieved from /opt/airflow/dags/pipeline.py
[2026-02-19T10:59:38.822+0000] {logging_mixin.py:188} INFO - [2026-02-19T10:59:38.821+0000] {dag.py:3036} INFO - Sync 1 DAGs
[2026-02-19T10:59:38.836+0000] {logging_mixin.py:188} INFO - [2026-02-19T10:59:38.835+0000] {dag.py:3823} INFO - Setting next_dagrun for risk_analysis_v1 to None, run_after=None
[2026-02-19T10:59:38.859+0000] {processor.py:183} INFO - Processing /opt/airflow/dags/pipeline.py took 1.118 seconds
[2026-02-19T11:00:08.976+0000] {processor.py:161} INFO - Started process (PID=1310) to work on /opt/airflow/dags/pipeline.py
[2026-02-19T11:00:08.978+0000] {processor.py:830} INFO - Processing file /opt/airflow/dags/pipeline.py for tasks to queue
[2026-02-19T11:00:08.979+0000] {logging_mixin.py:188} INFO - [2026-02-19T11:00:08.979+0000] {dagbag.py:538} INFO - Filling up the DagBag from /opt/airflow/dags/pipeline.py
[2026-02-19T11:00:10.046+0000] {processor.py:840} INFO - DAG(s) 'risk_analysis_v1' retrieved from /opt/airflow/dags/pipeline.py
[2026-02-19T11:00:10.074+0000] {logging_mixin.py:188} INFO - [2026-02-19T11:00:10.074+0000] {dag.py:3036} INFO - Sync 1 DAGs
[2026-02-19T11:00:10.087+0000] {logging_mixin.py:188} INFO - [2026-02-19T11:00:10.087+0000] {dag.py:3823} INFO - Setting next_dagrun for risk_analysis_v1 to None, run_after=None
[2026-02-19T11:00:10.138+0000] {processor.py:183} INFO - Processing /opt/airflow/dags/pipeline.py took 1.166 seconds
[2026-02-19T11:00:40.293+0000] {processor.py:161} INFO - Started process (PID=1331) to work on /opt/airflow/dags/pipeline.py
[2026-02-19T11:00:40.294+0000] {processor.py:830} INFO - Processing file /opt/airflow/dags/pipeline.py for tasks to queue
[2026-02-19T11:00:40.296+0000] {logging_mixin.py:188} INFO - [2026-02-19T11:00:40.295+0000] {dagbag.py:538} INFO - Filling up the DagBag from /opt/airflow/dags/pipeline.py
[2026-02-19T11:00:41.402+0000] {processor.py:840} INFO - DAG(s) 'risk_analysis_v1' retrieved from /opt/airflow/dags/pipeline.py
[2026-02-19T11:00:41.433+0000] {logging_mixin.py:188} INFO - [2026-02-19T11:00:41.432+0000] {dag.py:3036} INFO - Sync 1 DAGs
[2026-02-19T11:00:41.446+0000] {logging_mixin.py:188} INFO - [2026-02-19T11:00:41.446+0000] {dag.py:3823} INFO - Setting next_dagrun for risk_analysis_v1 to None, run_after=None
[2026-02-19T11:00:41.475+0000] {processor.py:183} INFO - Processing /opt/airflow/dags/pipeline.py took 1.186 seconds
[2026-02-19T11:01:11.582+0000] {processor.py:161} INFO - Started process (PID=1352) to work on /opt/airflow/dags/pipeline.py
[2026-02-19T11:01:11.584+0000] {processor.py:830} INFO - Processing file /opt/airflow/dags/pipeline.py for tasks to queue
[2026-02-19T11:01:11.585+0000] {logging_mixin.py:188} INFO - [2026-02-19T11:01:11.585+0000] {dagbag.py:538} INFO - Filling up the DagBag from /opt/airflow/dags/pipeline.py
[2026-02-19T11:01:12.611+0000] {processor.py:840} INFO - DAG(s) 'risk_analysis_v1' retrieved from /opt/airflow/dags/pipeline.py
[2026-02-19T11:01:12.638+0000] {logging_mixin.py:188} INFO - [2026-02-19T11:01:12.638+0000] {dag.py:3036} INFO - Sync 1 DAGs
[2026-02-19T11:01:12.652+0000] {logging_mixin.py:188} INFO - [2026-02-19T11:01:12.652+0000] {dag.py:3823} INFO - Setting next_dagrun for risk_analysis_v1 to None, run_after=None
[2026-02-19T11:01:12.676+0000] {processor.py:183} INFO - Processing /opt/airflow/dags/pipeline.py took 1.098 seconds
[2026-02-19T11:01:42.936+0000] {processor.py:161} INFO - Started process (PID=1373) to work on /opt/airflow/dags/pipeline.py
[2026-02-19T11:01:42.938+0000] {processor.py:830} INFO - Processing file /opt/airflow/dags/pipeline.py for tasks to queue
[2026-02-19T11:01:42.940+0000] {logging_mixin.py:188} INFO - [2026-02-19T11:01:42.940+0000] {dagbag.py:538} INFO - Filling up the DagBag from /opt/airflow/dags/pipeline.py
[2026-02-19T11:01:44.144+0000] {processor.py:840} INFO - DAG(s) 'risk_analysis_v1' retrieved from /opt/airflow/dags/pipeline.py
[2026-02-19T11:01:44.182+0000] {logging_mixin.py:188} INFO - [2026-02-19T11:01:44.181+0000] {dag.py:3036} INFO - Sync 1 DAGs
[2026-02-19T11:01:44.201+0000] {logging_mixin.py:188} INFO - [2026-02-19T11:01:44.201+0000] {dag.py:3823} INFO - Setting next_dagrun for risk_analysis_v1 to None, run_after=None
[2026-02-19T11:01:44.231+0000] {processor.py:183} INFO - Processing /opt/airflow/dags/pipeline.py took 1.300 seconds
[2026-02-19T11:02:14.492+0000] {processor.py:161} INFO - Started process (PID=1394) to work on /opt/airflow/dags/pipeline.py
[2026-02-19T11:02:14.494+0000] {processor.py:830} INFO - Processing file /opt/airflow/dags/pipeline.py for tasks to queue
[2026-02-19T11:02:14.495+0000] {logging_mixin.py:188} INFO - [2026-02-19T11:02:14.495+0000] {dagbag.py:538} INFO - Filling up the DagBag from /opt/airflow/dags/pipeline.py
[2026-02-19T11:02:15.586+0000] {processor.py:840} INFO - DAG(s) 'risk_analysis_v1' retrieved from /opt/airflow/dags/pipeline.py
[2026-02-19T11:02:15.614+0000] {logging_mixin.py:188} INFO - [2026-02-19T11:02:15.613+0000] {dag.py:3036} INFO - Sync 1 DAGs
[2026-02-19T11:02:15.627+0000] {logging_mixin.py:188} INFO - [2026-02-19T11:02:15.627+0000] {dag.py:3823} INFO - Setting next_dagrun for risk_analysis_v1 to None, run_after=None
[2026-02-19T11:02:15.652+0000] {processor.py:183} INFO - Processing /opt/airflow/dags/pipeline.py took 1.164 seconds
[2026-02-19T11:02:45.895+0000] {processor.py:161} INFO - Started process (PID=1415) to work on /opt/airflow/dags/pipeline.py
[2026-02-19T11:02:45.897+0000] {processor.py:830} INFO - Processing file /opt/airflow/dags/pipeline.py for tasks to queue
[2026-02-19T11:02:45.899+0000] {logging_mixin.py:188} INFO - [2026-02-19T11:02:45.898+0000] {dagbag.py:538} INFO - Filling up the DagBag from /opt/airflow/dags/pipeline.py
[2026-02-19T11:02:46.930+0000] {processor.py:840} INFO - DAG(s) 'risk_analysis_v1' retrieved from /opt/airflow/dags/pipeline.py
[2026-02-19T11:02:46.961+0000] {logging_mixin.py:188} INFO - [2026-02-19T11:02:46.961+0000] {dag.py:3036} INFO - Sync 1 DAGs
[2026-02-19T11:02:46.973+0000] {logging_mixin.py:188} INFO - [2026-02-19T11:02:46.972+0000] {dag.py:3823} INFO - Setting next_dagrun for risk_analysis_v1 to None, run_after=None
[2026-02-19T11:02:46.996+0000] {processor.py:183} INFO - Processing /opt/airflow/dags/pipeline.py took 1.106 seconds
[2026-02-19T11:03:17.102+0000] {processor.py:161} INFO - Started process (PID=1436) to work on /opt/airflow/dags/pipeline.py
[2026-02-19T11:03:17.103+0000] {processor.py:830} INFO - Processing file /opt/airflow/dags/pipeline.py for tasks to queue
[2026-02-19T11:03:17.105+0000] {logging_mixin.py:188} INFO - [2026-02-19T11:03:17.104+0000] {dagbag.py:538} INFO - Filling up the DagBag from /opt/airflow/dags/pipeline.py
[2026-02-19T11:03:18.469+0000] {processor.py:840} INFO - DAG(s) 'risk_analysis_v1' retrieved from /opt/airflow/dags/pipeline.py
[2026-02-19T11:03:18.503+0000] {logging_mixin.py:188} INFO - [2026-02-19T11:03:18.502+0000] {dag.py:3036} INFO - Sync 1 DAGs
[2026-02-19T11:03:18.517+0000] {logging_mixin.py:188} INFO - [2026-02-19T11:03:18.517+0000] {dag.py:3823} INFO - Setting next_dagrun for risk_analysis_v1 to None, run_after=None
[2026-02-19T11:03:18.553+0000] {processor.py:183} INFO - Processing /opt/airflow/dags/pipeline.py took 1.456 seconds
[2026-02-19T11:03:48.811+0000] {processor.py:161} INFO - Started process (PID=1457) to work on /opt/airflow/dags/pipeline.py
[2026-02-19T11:03:48.813+0000] {processor.py:830} INFO - Processing file /opt/airflow/dags/pipeline.py for tasks to queue
[2026-02-19T11:03:48.815+0000] {logging_mixin.py:188} INFO - [2026-02-19T11:03:48.814+0000] {dagbag.py:538} INFO - Filling up the DagBag from /opt/airflow/dags/pipeline.py
[2026-02-19T11:03:49.959+0000] {processor.py:840} INFO - DAG(s) 'risk_analysis_v1' retrieved from /opt/airflow/dags/pipeline.py
[2026-02-19T11:03:49.990+0000] {logging_mixin.py:188} INFO - [2026-02-19T11:03:49.989+0000] {dag.py:3036} INFO - Sync 1 DAGs
[2026-02-19T11:03:50.009+0000] {logging_mixin.py:188} INFO - [2026-02-19T11:03:50.009+0000] {dag.py:3823} INFO - Setting next_dagrun for risk_analysis_v1 to None, run_after=None
[2026-02-19T11:03:50.054+0000] {processor.py:183} INFO - Processing /opt/airflow/dags/pipeline.py took 1.249 seconds
[2026-02-19T11:04:20.326+0000] {processor.py:161} INFO - Started process (PID=1558) to work on /opt/airflow/dags/pipeline.py
[2026-02-19T11:04:20.329+0000] {processor.py:830} INFO - Processing file /opt/airflow/dags/pipeline.py for tasks to queue
[2026-02-19T11:04:20.331+0000] {logging_mixin.py:188} INFO - [2026-02-19T11:04:20.331+0000] {dagbag.py:538} INFO - Filling up the DagBag from /opt/airflow/dags/pipeline.py
[2026-02-19T11:04:21.710+0000] {processor.py:840} INFO - DAG(s) 'risk_analysis_v1' retrieved from /opt/airflow/dags/pipeline.py
[2026-02-19T11:04:21.741+0000] {logging_mixin.py:188} INFO - [2026-02-19T11:04:21.740+0000] {dag.py:3036} INFO - Sync 1 DAGs
[2026-02-19T11:04:21.755+0000] {logging_mixin.py:188} INFO - [2026-02-19T11:04:21.755+0000] {dag.py:3823} INFO - Setting next_dagrun for risk_analysis_v1 to None, run_after=None
[2026-02-19T11:04:21.786+0000] {processor.py:183} INFO - Processing /opt/airflow/dags/pipeline.py took 1.469 seconds
[2026-02-19T11:04:52.097+0000] {processor.py:161} INFO - Started process (PID=1609) to work on /opt/airflow/dags/pipeline.py
[2026-02-19T11:04:52.099+0000] {processor.py:830} INFO - Processing file /opt/airflow/dags/pipeline.py for tasks to queue
[2026-02-19T11:04:52.101+0000] {logging_mixin.py:188} INFO - [2026-02-19T11:04:52.100+0000] {dagbag.py:538} INFO - Filling up the DagBag from /opt/airflow/dags/pipeline.py
[2026-02-19T11:04:53.166+0000] {processor.py:840} INFO - DAG(s) 'risk_analysis_v1' retrieved from /opt/airflow/dags/pipeline.py
[2026-02-19T11:04:53.195+0000] {logging_mixin.py:188} INFO - [2026-02-19T11:04:53.194+0000] {dag.py:3036} INFO - Sync 1 DAGs
[2026-02-19T11:04:53.208+0000] {logging_mixin.py:188} INFO - [2026-02-19T11:04:53.207+0000] {dag.py:3823} INFO - Setting next_dagrun for risk_analysis_v1 to None, run_after=None
[2026-02-19T11:04:53.233+0000] {processor.py:183} INFO - Processing /opt/airflow/dags/pipeline.py took 1.141 seconds
[2026-02-19T11:05:23.477+0000] {processor.py:161} INFO - Started process (PID=1630) to work on /opt/airflow/dags/pipeline.py
[2026-02-19T11:05:23.478+0000] {processor.py:830} INFO - Processing file /opt/airflow/dags/pipeline.py for tasks to queue
[2026-02-19T11:05:23.480+0000] {logging_mixin.py:188} INFO - [2026-02-19T11:05:23.479+0000] {dagbag.py:538} INFO - Filling up the DagBag from /opt/airflow/dags/pipeline.py
[2026-02-19T11:05:24.454+0000] {processor.py:840} INFO - DAG(s) 'risk_analysis_v1' retrieved from /opt/airflow/dags/pipeline.py
[2026-02-19T11:05:24.482+0000] {logging_mixin.py:188} INFO - [2026-02-19T11:05:24.481+0000] {dag.py:3036} INFO - Sync 1 DAGs
[2026-02-19T11:05:24.494+0000] {logging_mixin.py:188} INFO - [2026-02-19T11:05:24.493+0000] {dag.py:3823} INFO - Setting next_dagrun for risk_analysis_v1 to None, run_after=None
[2026-02-19T11:05:24.518+0000] {processor.py:183} INFO - Processing /opt/airflow/dags/pipeline.py took 1.045 seconds
[2026-02-19T11:05:54.688+0000] {processor.py:161} INFO - Started process (PID=1651) to work on /opt/airflow/dags/pipeline.py
[2026-02-19T11:05:54.690+0000] {processor.py:830} INFO - Processing file /opt/airflow/dags/pipeline.py for tasks to queue
[2026-02-19T11:05:54.691+0000] {logging_mixin.py:188} INFO - [2026-02-19T11:05:54.691+0000] {dagbag.py:538} INFO - Filling up the DagBag from /opt/airflow/dags/pipeline.py
[2026-02-19T11:05:55.835+0000] {processor.py:840} INFO - DAG(s) 'risk_analysis_v1' retrieved from /opt/airflow/dags/pipeline.py
[2026-02-19T11:05:55.866+0000] {logging_mixin.py:188} INFO - [2026-02-19T11:05:55.866+0000] {dag.py:3036} INFO - Sync 1 DAGs
[2026-02-19T11:05:55.882+0000] {logging_mixin.py:188} INFO - [2026-02-19T11:05:55.881+0000] {dag.py:3823} INFO - Setting next_dagrun for risk_analysis_v1 to None, run_after=None
[2026-02-19T11:05:55.911+0000] {processor.py:183} INFO - Processing /opt/airflow/dags/pipeline.py took 1.227 seconds
[2026-02-19T11:06:26.176+0000] {processor.py:161} INFO - Started process (PID=1672) to work on /opt/airflow/dags/pipeline.py
[2026-02-19T11:06:26.178+0000] {processor.py:830} INFO - Processing file /opt/airflow/dags/pipeline.py for tasks to queue
[2026-02-19T11:06:26.179+0000] {logging_mixin.py:188} INFO - [2026-02-19T11:06:26.179+0000] {dagbag.py:538} INFO - Filling up the DagBag from /opt/airflow/dags/pipeline.py
[2026-02-19T11:06:27.418+0000] {processor.py:840} INFO - DAG(s) 'risk_analysis_v1' retrieved from /opt/airflow/dags/pipeline.py
[2026-02-19T11:06:27.446+0000] {logging_mixin.py:188} INFO - [2026-02-19T11:06:27.445+0000] {dag.py:3036} INFO - Sync 1 DAGs
[2026-02-19T11:06:27.458+0000] {logging_mixin.py:188} INFO - [2026-02-19T11:06:27.458+0000] {dag.py:3823} INFO - Setting next_dagrun for risk_analysis_v1 to None, run_after=None
[2026-02-19T11:06:27.483+0000] {processor.py:183} INFO - Processing /opt/airflow/dags/pipeline.py took 1.312 seconds
[2026-02-19T11:06:57.757+0000] {processor.py:161} INFO - Started process (PID=1693) to work on /opt/airflow/dags/pipeline.py
[2026-02-19T11:06:57.758+0000] {processor.py:830} INFO - Processing file /opt/airflow/dags/pipeline.py for tasks to queue
[2026-02-19T11:06:57.760+0000] {logging_mixin.py:188} INFO - [2026-02-19T11:06:57.760+0000] {dagbag.py:538} INFO - Filling up the DagBag from /opt/airflow/dags/pipeline.py
[2026-02-19T11:06:59.325+0000] {processor.py:840} INFO - DAG(s) 'risk_analysis_v1' retrieved from /opt/airflow/dags/pipeline.py
[2026-02-19T11:06:59.357+0000] {logging_mixin.py:188} INFO - [2026-02-19T11:06:59.356+0000] {dag.py:3036} INFO - Sync 1 DAGs
[2026-02-19T11:06:59.372+0000] {logging_mixin.py:188} INFO - [2026-02-19T11:06:59.371+0000] {dag.py:3823} INFO - Setting next_dagrun for risk_analysis_v1 to None, run_after=None
[2026-02-19T11:06:59.436+0000] {processor.py:183} INFO - Processing /opt/airflow/dags/pipeline.py took 1.684 seconds
[2026-02-19T11:07:29.671+0000] {processor.py:161} INFO - Started process (PID=1714) to work on /opt/airflow/dags/pipeline.py
[2026-02-19T11:07:29.673+0000] {processor.py:830} INFO - Processing file /opt/airflow/dags/pipeline.py for tasks to queue
[2026-02-19T11:07:29.675+0000] {logging_mixin.py:188} INFO - [2026-02-19T11:07:29.674+0000] {dagbag.py:538} INFO - Filling up the DagBag from /opt/airflow/dags/pipeline.py
[2026-02-19T11:07:30.734+0000] {processor.py:840} INFO - DAG(s) 'risk_analysis_v1' retrieved from /opt/airflow/dags/pipeline.py
[2026-02-19T11:07:30.765+0000] {logging_mixin.py:188} INFO - [2026-02-19T11:07:30.765+0000] {dag.py:3036} INFO - Sync 1 DAGs
[2026-02-19T11:07:30.785+0000] {logging_mixin.py:188} INFO - [2026-02-19T11:07:30.785+0000] {dag.py:3823} INFO - Setting next_dagrun for risk_analysis_v1 to None, run_after=None
[2026-02-19T11:07:30.813+0000] {processor.py:183} INFO - Processing /opt/airflow/dags/pipeline.py took 1.146 seconds
[2026-02-19T11:08:00.925+0000] {processor.py:161} INFO - Started process (PID=1735) to work on /opt/airflow/dags/pipeline.py
[2026-02-19T11:08:00.927+0000] {processor.py:830} INFO - Processing file /opt/airflow/dags/pipeline.py for tasks to queue
[2026-02-19T11:08:00.929+0000] {logging_mixin.py:188} INFO - [2026-02-19T11:08:00.928+0000] {dagbag.py:538} INFO - Filling up the DagBag from /opt/airflow/dags/pipeline.py
[2026-02-19T11:08:02.233+0000] {processor.py:840} INFO - DAG(s) 'risk_analysis_v1' retrieved from /opt/airflow/dags/pipeline.py
[2026-02-19T11:08:02.263+0000] {logging_mixin.py:188} INFO - [2026-02-19T11:08:02.262+0000] {dag.py:3036} INFO - Sync 1 DAGs
[2026-02-19T11:08:02.276+0000] {logging_mixin.py:188} INFO - [2026-02-19T11:08:02.276+0000] {dag.py:3823} INFO - Setting next_dagrun for risk_analysis_v1 to None, run_after=None
[2026-02-19T11:08:02.302+0000] {processor.py:183} INFO - Processing /opt/airflow/dags/pipeline.py took 1.382 seconds
[2026-02-19T11:08:32.550+0000] {processor.py:161} INFO - Started process (PID=1756) to work on /opt/airflow/dags/pipeline.py
[2026-02-19T11:08:32.552+0000] {processor.py:830} INFO - Processing file /opt/airflow/dags/pipeline.py for tasks to queue
[2026-02-19T11:08:32.554+0000] {logging_mixin.py:188} INFO - [2026-02-19T11:08:32.554+0000] {dagbag.py:538} INFO - Filling up the DagBag from /opt/airflow/dags/pipeline.py
[2026-02-19T11:08:33.634+0000] {processor.py:840} INFO - DAG(s) 'risk_analysis_v1' retrieved from /opt/airflow/dags/pipeline.py
[2026-02-19T11:08:33.662+0000] {logging_mixin.py:188} INFO - [2026-02-19T11:08:33.662+0000] {dag.py:3036} INFO - Sync 1 DAGs
[2026-02-19T11:08:33.675+0000] {logging_mixin.py:188} INFO - [2026-02-19T11:08:33.675+0000] {dag.py:3823} INFO - Setting next_dagrun for risk_analysis_v1 to None, run_after=None
[2026-02-19T11:08:33.698+0000] {processor.py:183} INFO - Processing /opt/airflow/dags/pipeline.py took 1.152 seconds
[2026-02-19T11:09:03.937+0000] {processor.py:161} INFO - Started process (PID=1777) to work on /opt/airflow/dags/pipeline.py
[2026-02-19T11:09:03.939+0000] {processor.py:830} INFO - Processing file /opt/airflow/dags/pipeline.py for tasks to queue
[2026-02-19T11:09:03.940+0000] {logging_mixin.py:188} INFO - [2026-02-19T11:09:03.940+0000] {dagbag.py:538} INFO - Filling up the DagBag from /opt/airflow/dags/pipeline.py
[2026-02-19T11:09:05.141+0000] {processor.py:840} INFO - DAG(s) 'risk_analysis_v1' retrieved from /opt/airflow/dags/pipeline.py
[2026-02-19T11:09:05.171+0000] {logging_mixin.py:188} INFO - [2026-02-19T11:09:05.171+0000] {dag.py:3036} INFO - Sync 1 DAGs
[2026-02-19T11:09:05.186+0000] {logging_mixin.py:188} INFO - [2026-02-19T11:09:05.186+0000] {dag.py:3823} INFO - Setting next_dagrun for risk_analysis_v1 to None, run_after=None
[2026-02-19T11:09:05.213+0000] {processor.py:183} INFO - Processing /opt/airflow/dags/pipeline.py took 1.280 seconds
