"Year","Country","ISO","Disaster Group","Disaster Subroup","Disaster Type","Disaster Subtype","Total Events","Total Affected","Total Deaths","Total Damage (USD, original)","Total Damage (USD, adjusted)","CPI"
"#date +occurred","#country +name","#country +code","#cause +group","#cause +subgroup","#cause +type","#cause +subtype","#frequency","#affected +ind","#affected +ind +killed","","#value +usd",""
"2000","Afghanistan","AFG","Natural","Climatological","Drought","Drought","1","2580000","37","50000","91083","54.895151973537"
"2000","Algeria","DZA","Natural","Hydrological","Flood","Flash flood","1","100","28","","","54.895151973537"
"2000","Angola","AGO","Natural","Hydrological","Flood","Flood (General)","3","9011","15","","","54.895151973537"
"2000","Angola","AGO","Natural","Hydrological","Flood","Riverine flood","1","70000","31","10000000","18216545","54.895151973537"
"2000","Angola","AGO","Natural","Hydrological","Mass movement (wet)","Landslide (wet)","1","","13","","","54.895151973537"
"2000","Argentina","ARG","Natural","Climatological","Wildfire","Forest fire","1","","8","","","54.895151973537"
"2000","Argentina","ARG","Natural","Hydrological","Flood","Flood (General)","3","31840","6","300000000","546496347","54.895151973537"
"2000","Argentina","ARG","Natural","Hydrological","Flood","Riverine flood","1","6000","7","","","54.895151973537"
"2000","Argentina","ARG","Natural","Meteorological","Extreme temperature","Cold wave","1","300","15","","","54.895151973537"
"2000","Argentina","ARG","Natural","Meteorological","Storm","Blizzard/Winter storm","1","","","","","54.895151973537"
"2000","Argentina","ARG","Natural","Meteorological","Storm","Lightning/Thunderstorms","1","430","1","","","54.895151973537"
"2000","Armenia","ARM","Natural","Climatological","Drought","Drought","1","297000","","100000000","182165449","54.895151973537"
"2000","Australia","AUS","Natural","Biological","Infestation","Locust infestation","1","","","120000000","218598539","54.895151973537"
"2000","Australia","AUS","Natural","Climatological","Wildfire","Land fire (Brush, Bush, Pasture)","1","200","","","","54.895151973537"
"2000","Australia","AUS","Natural","Hydrological","Flood","Riverine flood","1","600","","265000000","482738440","54.895151973537"
"2000","Australia","AUS","Natural","Meteorological","Storm","Tropical cyclone","3","1350","1","150000000","273248173","54.895151973537"
"2000","Austria","AUT","Natural","Hydrological","Mass movement (wet)","Avalanche (wet)","1","","13","","","54.895151973537"
"2000","Austria","AUT","Natural","Meteorological","Storm","Storm (General)","1","","","20000000","36433090","54.895151973537"
"2000","Azerbaijan","AZE","Natural","Climatological","Drought","Drought","1","","","100000000","182165449","54.895151973537"
"2000","Azerbaijan","AZE","Natural","Geophysical","Earthquake","Ground movement","1","3294","31","10000000","18216545","54.895151973537"
"2000","Azerbaijan","AZE","Natural","Hydrological","Mass movement (wet)","Avalanche (wet)","1","","11","","","54.895151973537"
"2000","Bangladesh","BGD","Natural","Geophysical","Earthquake","Ground movement","1","1000","","","","54.895151973537"
"2000","Bangladesh","BGD","Natural","Hydrological","Flood","Coastal flood","1","12010","1","","","54.895151973537"
"2000","Bangladesh","BGD","Natural","Hydrological","Flood","Flash flood","2","2667188","42","500000000","910827244","54.895151973537"
"2000","Bangladesh","BGD","Natural","Meteorological","Extreme temperature","Cold wave","1","","49","","","54.895151973537"
"2000","Bangladesh","BGD","Natural","Meteorological","Storm","Storm (General)","2","71000","64","","","54.895151973537"
"2000","Bangladesh","BGD","Natural","Meteorological","Storm","Tornado","2","5587","","","","54.895151973537"
"2000","Bangladesh","BGD","Natural","Meteorological","Storm","Tropical cyclone","3","70012","35","","","54.895151973537"
"2000","Belarus","BLR","Natural","Meteorological","Extreme temperature","Cold wave","1","","","30300000","55196131","54.895151973537"
"2000","Belize","BLZ","Natural","Meteorological","Storm","Tropical cyclone","1","62570","14","277460000","505436254","54.895151973537"
"2000","Bhutan","BTN","Natural","Hydrological","Flood","Riverine flood","1","1000","200","","","54.895151973537"
"2000","Bolivia (Plurinational State of)","BOL","Natural","Climatological","Drought","Drought","1","20000","","","","54.895151973537"
"2000","Bolivia (Plurinational State of)","BOL","Natural","Hydrological","Flood","Flood (General)","1","10","30","","","54.895151973537"
"2000","Bolivia (Plurinational State of)","BOL","Natural","Hydrological","Flood","Riverine flood","1","7000","","","","54.895151973537"
"2000","Bolivia (Plurinational State of)","BOL","Natural","Meteorological","Extreme temperature","Cold wave","1","25277","6","","","54.895151973537"
"2000","Bosnia and Herzegovina","BIH","Natural","Climatological","Drought","Drought","1","","","158000000","287821409","54.895151973537"
"2000","Bosnia and Herzegovina","BIH","Natural","Hydrological","Mass movement (wet)","Landslide (wet)","1","403","6","","","54.895151973537"
"2000","Botswana","BWA","Natural","Hydrological","Flood","Riverine flood","1","138776","3","5000000","9108272","54.895151973537"
"2000","Brazil","BRA","Natural","Hydrological","Flood","Riverine flood","4","87000","48","","","54.895151973537"
"2000","Brazil","BRA","Natural","Hydrological","Mass movement (wet)","Mudslide","1","143000","60","75000000","136624087","54.895151973537"
"2000","Bulgaria","BGR","Natural","Climatological","Drought","Drought","1","","","","","54.895151973537"
"2000","Bulgaria","BGR","Natural","Climatological","Wildfire","Forest fire","1","167","7","17600000","32061119","54.895151973537"
"2000","Bulgaria","BGR","Natural","Meteorological","Extreme temperature","Cold wave","1","","","","","54.895151973537"
"2000","Bulgaria","BGR","Natural","Meteorological","Extreme temperature","Heat wave","1","","7","50000","91083","54.895151973537"
"2000","Burundi","BDI","Natural","Hydrological","Flood","Flood (General)","1","500","","","","54.895151973537"
"2000","Cambodia","KHM","Natural","Hydrological","Flood","Riverine flood","1","3448053","347","160000000","291464718","54.895151973537"
"2000","Cameroon","CMR","Natural","Hydrological","Flood","Riverine flood","1","500","3","","","54.895151973537"
"2000","Canada","CAN","Natural","Meteorological","Storm","Tornado","1","840","11","13000000","23681508","54.895151973537"
"2000","Chile","CHL","Natural","Hydrological","Flood","Flash flood","1","139667","15","30000000","54649635","54.895151973537"
"2000","Chile","CHL","Natural","Hydrological","Flood","Riverine flood","1","42000","1","","","54.895151973537"
"2000","Chile","CHL","Natural","Meteorological","Extreme temperature","Cold wave","1","","","10000000","18216545","54.895151973537"
"2000","China","CHN","Natural","Climatological","Drought","Drought","3","20000000","","796115000","1450246463","54.895151973537"
"2000","China","CHN","Natural","Geophysical","Earthquake","Ground movement","5","2105050","9","116983000","213102607","54.895151973537"
"2000","China","CHN","Natural","Hydrological","Flood","Flash flood","3","369183","48","47366000","86284487","54.895151973537"
"2000","China","CHN","Natural","Hydrological","Flood","Flood (General)","2","18214","257","172000000","313324572","54.895151973537"
"2000","China","CHN","Natural","Hydrological","Flood","Riverine flood","3","371010","91","91000000","165770558","54.895151973537"
"2000","China","CHN","Natural","Hydrological","Mass movement (wet)","Landslide (wet)","2","2027","85","2400000","4371971","54.895151973537"
"2000","China","CHN","Natural","Meteorological","Storm","Storm (General)","5","18097","94","21388000","38961546","54.895151973537"
"2000","China","CHN","Natural","Meteorological","Storm","Tornado","1","20500","11","480000","874394","54.895151973537"
"2000","China","CHN","Natural","Meteorological","Storm","Tropical cyclone","4","2488292","68","238453000","434378978","54.895151973537"
"2000","Colombia","COL","Natural","Geophysical","Earthquake","Ground movement","1","430","2","","","54.895151973537"
"2000","Colombia","COL","Natural","Hydrological","Flood","Flood (General)","1","39000","8","","","54.895151973537"
"2000","Colombia","COL","Natural","Hydrological","Flood","Riverine flood","2","40000","105","","","54.895151973537"
"2000","Costa Rica","CRI","Natural","Hydrological","Mass movement (wet)","Landslide (wet)","1","200","7","","","54.895151973537"
"2000","Croatia","HRV","Natural","Climatological","Wildfire","Forest fire","1","","1","17750000","32334367","54.895151973537"
"2000","Croatia","HRV","Natural","Hydrological","Flood","Riverine flood","1","1600","","","","54.895151973537"
"2000","Croatia","HRV","Natural","Meteorological","Extreme temperature","Heat wave","1","200","40","240000000","437197077","54.895151973537"
"2000","Cuba","CUB","Natural","Climatological","Drought","Drought","1","","","","","54.895151973537"
"2000","Cuba","CUB","Natural","Hydrological","Flood","Flood (General)","1","675","2","","","54.895151973537"
"2000","Cyprus","CYP","Natural","Climatological","Drought","Drought","1","","","","","54.895151973537"
"2000","Cyprus","CYP","Natural","Climatological","Wildfire","Forest fire","1","","","","","54.895151973537"
"2000","Cyprus","CYP","Natural","Meteorological","Extreme temperature","Heat wave","1","400","5","","","54.895151973537"
"2000","Czechia","CZE","Natural","Hydrological","Flood","Riverine flood","1","","3","80000000","145732359","54.895151973537"
"2000","Democratic People's Republic of Korea","PRK","Natural","Meteorological","Storm","Tropical cyclone","1","627180","46","6000000000","10929926932","54.895151973537"
"2000","Ecuador","ECU","Natural","Hydrological","Flood","Flood (General)","1","32","34","","","54.895151973537"
"2000","Ecuador","ECU","Natural","Hydrological","Mass movement (wet)","Landslide (wet)","1","205","14","","","54.895151973537"
"2000","Ecuador","ECU","Natural","Hydrological","Mass movement (wet)","Mudslide","1","180","30","","","54.895151973537"
"2000","Egypt","EGY","Natural","Meteorological","Extreme temperature","Cold wave","1","105","3","","","54.895151973537"
"2000","El Salvador","SLV","Natural","Hydrological","Flood","Riverine flood","1","400","2","","","54.895151973537"
"2000","El Salvador","SLV","Natural","Meteorological","Storm","Tropical cyclone","1","100","1","","","54.895151973537"
"2000","Eswatini","SWZ","Natural","Hydrological","Flood","Riverine flood","1","272000","","50000","91083","54.895151973537"
"2000","Ethiopia","ETH","Natural","Climatological","Wildfire","Forest fire","1","5","","","","54.895151973537"
"2000","Ethiopia","ETH","Natural","Hydrological","Flood","Flood (General)","1","","60","","","54.895151973537"
"2000","Ethiopia","ETH","Natural","Hydrological","Flood","Riverine flood","1","30000","9","","","54.895151973537"
"2000","Ethiopia","ETH","Natural","Hydrological","Mass movement (wet)","Landslide (wet)","1","165","4","","","54.895151973537"
"2000","France","FRA","Natural","Hydrological","Flood","Coastal flood","1","600","","","","54.895151973537"
"2000","France","FRA","Natural","Hydrological","Flood","Flash flood","1","302","1","","","54.895151973537"
"2000","France","FRA","Natural","Hydrological","Flood","Flood (General)","1","600","","","","54.895151973537"
"2000","France","FRA","Natural","Hydrological","Flood","Riverine flood","2","800","2","","","54.895151973537"
"2000","France","FRA","Natural","Meteorological","Storm","Tornado","1","207","6","","","54.895151973537"
"2000","French Guiana","GUF","Natural","Hydrological","Mass movement (wet)","Landslide (wet)","1","5","10","","","54.895151973537"
"2000","Georgia","GEO","Natural","Climatological","Drought","Drought","1","696000","","200000000","364330898","54.895151973537"
"2000","Greece","GRC","Natural","Climatological","Wildfire","Forest fire","2","109","9","","","54.895151973537"
"2000","Greece","GRC","Natural","Geophysical","Earthquake","Ground movement","1","600","","","","54.895151973537"
"2000","Greece","GRC","Natural","Hydrological","Flood","Flash flood","1","6000","1","","","54.895151973537"
"2000","Greece","GRC","Natural","Hydrological","Flood","Flood (General)","1","600","","","","54.895151973537"
"2000","Greece","GRC","Natural","Meteorological","Extreme temperature","Heat wave","1","176","27","3000000","5464963","54.895151973537"
"2000","Guatemala","GTM","Natural","Geophysical","Volcanic activity","Ash fall","1","800","","","","54.895151973537"
"2000","Guatemala","GTM","Natural","Hydrological","Flood","Riverine flood","2","2986","36","","","54.895151973537"
"2000","Haiti","HTI","Natural","Hydrological","Flood","Flood (General)","1","1200","12","","","54.895151973537"
"2000","Honduras","HND","Natural","Climatological","Drought","Drought","1","1125","","","","54.895151973537"
"2000","Honduras","HND","Natural","Climatological","Wildfire","Forest fire","1","","","","","54.895151973537"
"2000","Hungary","HUN","Natural","Hydrological","Flood","Riverine flood","1","2000","1","55000000","100190997","54.895151973537"
"2000","Iceland","ISL","Natural","Geophysical","Earthquake","Ground movement","2","199","","24000000","43719708","54.895151973537"
"2000","India","IND","Natural","Climatological","Drought","Drought","1","50000000","20","588000000","1071132839","54.895151973537"
"2000","India","IND","Natural","Hydrological","Flood","Flash flood","3","3252016","329","173000000","315146227","54.895151973537"
"2000","India","IND","Natural","Hydrological","Flood","Flood (General)","1","534035","6","","","54.895151973537"
"2000","India","IND","Natural","Hydrological","Flood","Riverine flood","2","46600000","1751","734500000","1338005222","54.895151973537"
"2000","India","IND","Natural","Hydrological","Mass movement (wet)","Landslide (wet)","3","7038","187","","","54.895151973537"
"2000","India","IND","Natural","Meteorological","Extreme temperature","Cold wave","1","","275","","","54.895151973537"
"2000","India","IND","Natural","Meteorological","Storm","Tropical cyclone","1","30000","","","","54.895151973537"
"2000","Indonesia","IDN","Natural","Climatological","Wildfire","Forest fire","1","","","","","54.895151973537"
"2000","Indonesia","IDN","Natural","Geophysical","Earthquake","Ground movement","5","270108","149","73000000","132980778","54.895151973537"
"2000","Indonesia","IDN","Natural","Hydrological","Flood","Flash flood","2","89852","164","79000000","143910705","54.895151973537"
"2000","Indonesia","IDN","Natural","Hydrological","Flood","Riverine flood","1","386021","100","34000000","61936253","54.895151973537"
"2000","Indonesia","IDN","Natural","Hydrological","Mass movement (wet)","Landslide (wet)","2","539","52","","","54.895151973537"
"2000","Indonesia","IDN","Natural","Hydrological","Mass movement (wet)","Mudslide","2","56210","74","54600000","99462335","54.895151973537"
"2000","Iran (Islamic Republic of)","IRN","Natural","Geophysical","Earthquake","Ground movement","2","3015","1","","","54.895151973537"
"2000","Iran (Islamic Republic of)","IRN","Natural","Hydrological","Flood","Flash flood","1","400","8","6000000","10929927","54.895151973537"
"2000","Iran (Islamic Republic of)","IRN","Natural","Meteorological","Storm","Storm (General)","1","5500","3","","","54.895151973537"
"2000","Ireland","IRL","Natural","Meteorological","Storm","Storm (General)","1","2800","1","100000000","182165449","54.895151973537"
"2000","Israel","ISR","Natural","Meteorological","Extreme temperature","Heat wave","1","","","","","54.895151973537"
"2000","Israel","ISR","Natural","Meteorological","Storm","Storm (General)","1","410","3","2750000","5009550","54.895151973537"
"2000","Italy","ITA","Natural","Hydrological","Flood","Flood (General)","1","1000","","","","54.895151973537"
"2000","Italy","ITA","Natural","Hydrological","Flood","Riverine flood","3","49322","44","8050000000","14664318634","54.895151973537"
"2000","Jamaica","JAM","Natural","Climatological","Drought","Drought","1","","","6000000","10929927","54.895151973537"
"2000","Japan","JPN","Natural","Geophysical","Earthquake","Ground movement","2","7232","1","500000000","910827244","54.895151973537"
"2000","Japan","JPN","Natural","Geophysical","Volcanic activity","Ash fall","2","16400","","","","54.895151973537"
"2000","Japan","JPN","Natural","Hydrological","Flood","Coastal flood","1","360110","18","7440000000","13553109396","54.895151973537"
"2000","Japan","JPN","Natural","Meteorological","Storm","Hail","1","12100","","350000000","637579071","54.895151973537"
"2000","Japan","JPN","Natural","Meteorological","Storm","Tropical cyclone","2","180941","13","1700000000","3096812631","54.895151973537"
"2000","Jordan","JOR","Natural","Climatological","Drought","Drought","1","150000","","","","54.895151973537"
"2000","Jordan","JOR","Natural","Meteorological","Extreme temperature","Heat wave","1","12","","","","54.895151973537"
"2000","Jordan","JOR","Natural","Meteorological","Storm","Storm (General)","1","200","9","","","54.895151973537"
"2000","Kazakhstan","KAZ","Natural","Hydrological","Flood","Flood (General)","1","2500","","1500000","2732482","54.895151973537"
"2000","Kyrgyzstan","KGZ","Natural","Meteorological","Extreme temperature","Cold wave","1","","11","","","54.895151973537"
"2000","Lao People's Democratic Republic","LAO","Natural","Hydrological","Flood","Flood (General)","1","450000","15","1000000","1821654","54.895151973537"
"2000","Madagascar","MDG","Natural","Climatological","Drought","Drought","1","231290","","","","54.895151973537"
"2000","Madagascar","MDG","Natural","Meteorological","Storm","Tropical cyclone","2","1106209","153","9000000","16394890","54.895151973537"
"2000","Malawi","MWI","Natural","Hydrological","Flood","Flood (General)","1","20000","","1000000","1821654","54.895151973537"
"2000","Malaysia","MYS","Natural","Hydrological","Flood","Flash flood","1","8000","12","1000000","1821654","54.895151973537"
"2000","Malaysia","MYS","Natural","Meteorological","Storm","Storm (General)","1","500","","","","54.895151973537"
"2000","Mali","MLI","Natural","Hydrological","Flood","Flood (General)","1","","15","","","54.895151973537"
"2000","Mexico","MEX","Natural","Geophysical","Volcanic activity","Ash fall","1","41000","","","","54.895151973537"
"2000","Mexico","MEX","Natural","Hydrological","Flood","Flash flood","1","","14","","","54.895151973537"
"2000","Mexico","MEX","Natural","Hydrological","Flood","Flood (General)","2","2000","125","","","54.895151973537"
"2000","Mexico","MEX","Natural","Meteorological","Extreme temperature","Cold wave","1","","66","","","54.895151973537"
"2000","Mexico","MEX","Natural","Meteorological","Storm","Severe weather","1","300","8","","","54.895151973537"
"2000","Mexico","MEX","Natural","Meteorological","Storm","Tropical cyclone","1","30000","23","1000000","1821654","54.895151973537"
"2000","Mongolia","MNG","Natural","Climatological","Drought","Drought","1","450000","","","","54.895151973537"
"2000","Mongolia","MNG","Natural","Meteorological","Storm","Blizzard/Winter storm","1","571000","19","","","54.895151973537"
"2000","Mongolia","MNG","Natural","Meteorological","Storm","Storm (General)","1","500000","4","80000000","145732359","54.895151973537"
"2000","Morocco","MAR","Natural","Hydrological","Flood","Flash flood","1","300","","","","54.895151973537"
"2000","Morocco","MAR","Natural","Hydrological","Flood","Flood (General)","1","650","6","","","54.895151973537"
"2000","Morocco","MAR","Natural","Meteorological","Extreme temperature","Heat wave","1","","","809000","1473718","54.895151973537"
"2000","Mozambique","MOZ","Natural","Hydrological","Flood","Riverine flood","1","4500000","800","419200000","763637562","54.895151973537"
"2000","Mozambique","MOZ","Natural","Meteorological","Storm","Storm (General)","2","1100","14","","","54.895151973537"
"2000","Mozambique","MOZ","Natural","Meteorological","Storm","Tropical cyclone","2","304","18","1000000","1821654","54.895151973537"
"2000","Namibia","NAM","Natural","Hydrological","Flood","Flood (General)","1","5000","","","","54.895151973537"
"2000","Nepal","NPL","Natural","Hydrological","Flood","Flood (General)","1","50070","144","6300000","11476423","54.895151973537"
"2000","New Zealand","NZL","Natural","Hydrological","Flood","Flood (General)","1","","","1000000","1821654","54.895151973537"
"2000","New Zealand","NZL","Natural","Meteorological","Storm","Storm (General)","1","","","","","54.895151973537"
"2000","Nicaragua","NIC","Natural","Climatological","Drought","Drought","1","","","","","54.895151973537"
"2000","Nicaragua","NIC","Natural","Geophysical","Earthquake","Ground movement","1","7477","7","","","54.895151973537"
"2000","Nicaragua","NIC","Natural","Hydrological","Flood","Riverine flood","1","5500","","","","54.895151973537"
"2000","Nicaragua","NIC","Natural","Meteorological","Storm","Tornado","1","210","1","","","54.895151973537"
"2000","Nicaragua","NIC","Natural","Meteorological","Storm","Tropical cyclone","1","2300","1","1000000","1821654","54.895151973537"
"2000","Niger","NER","Natural","Hydrological","Flood","Flood (General)","1","4159","2","","","54.895151973537"
"2000","Nigeria","NGA","Natural","Hydrological","Flood","Flash flood","1","500","","4805000","8753050","54.895151973537"
"2000","Nigeria","NGA","Natural","Hydrological","Flood","Flood (General)","5","5000","4","1900000","3461144","54.895151973537"
"2000","Nigeria","NGA","Natural","Hydrological","Mass movement (wet)","Landslide (wet)","2","300","32","","","54.895151973537"
"2000","Nigeria","NGA","Natural","Meteorological","Storm","Storm (General)","1","1000","","","","54.895151973537"
"2000","North Macedonia","MKD","Natural","Climatological","Wildfire","Forest fire","1","","","13563000","24707100","54.895151973537"
"2000","Norway","NOR","Natural","Hydrological","Flood","Flood (General)","1","600","","","","54.895151973537"
"2000","Pakistan","PAK","Natural","Meteorological","Extreme temperature","Heat wave","1","","24","","","54.895151973537"
"2000","Panama","PAN","Natural","Hydrological","Flood","Flood (General)","1","1000","1","1300000","2368151","54.895151973537"
"2000","Papua New Guinea","PNG","Natural","Geophysical","Earthquake","Ground movement","1","5000","2","","","54.895151973537"
"2000","Paraguay","PRY","Natural","Meteorological","Extreme temperature","Cold wave","1","","8","","","54.895151973537"
"2000","Peru","PER","Natural","Biological","Infestation","Locust infestation","1","","","","","54.895151973537"
"2000","Peru","PER","Natural","Hydrological","Flood","Flash flood","1","50","22","","","54.895151973537"
"2000","Peru","PER","Natural","Hydrological","Mass movement (wet)","Landslide (wet)","1","","11","","","54.895151973537"
"2000","Philippines","PHL","Natural","Geophysical","Mass movement (dry)","Landslide (dry)","1","","11","","","54.895151973537"
"2000","Philippines","PHL","Natural","Geophysical","Volcanic activity","Ash fall","1","68426","","2214000","4033143","54.895151973537"
"2000","Philippines","PHL","Natural","Hydrological","Flood","Coastal flood","2","11758","5","","","54.895151973537"
"2000","Philippines","PHL","Natural","Hydrological","Flood","Flash flood","1","153885","50","4080000","7432350","54.895151973537"
"2000","Philippines","PHL","Natural","Hydrological","Mass movement (wet)","Sudden Subsidence (wet)","1","2838","287","","","54.895151973537"
"2000","Philippines","PHL","Natural","Meteorological","Storm","Tropical cyclone","6","6187431","394","83464000","152042570","54.895151973537"
"2000","Poland","POL","Natural","Meteorological","Extreme temperature","Cold wave","1","","84","","","54.895151973537"
"2000","Portugal","PRT","Natural","Meteorological","Storm","Storm (General)","1","183","5","","","54.895151973537"
"2000","Republic of Korea","KOR","Natural","Climatological","Wildfire","Forest fire","1","1533","2","","","54.895151973537"
"2000","Republic of Korea","KOR","Natural","Hydrological","Flood","Flash flood","1","500","7","27000000","49184671","54.895151973537"
"2000","Republic of Korea","KOR","Natural","Hydrological","Flood","Flood (General)","1","2589","13","23000000","41898053","54.895151973537"
"2000","Republic of Korea","KOR","Natural","Meteorological","Storm","Tropical cyclone","2","711","33","82300000","149922164","54.895151973537"
"2000","Republic of Moldova","MDA","Natural","Climatological","Drought","Drought","1","","2","","","54.895151973537"
"2000","Republic of Moldova","MDA","Natural","Meteorological","Storm","Blizzard/Winter storm","1","2600000","","31600000","57564282","54.895151973537"
"2000","Romania","ROU","Natural","Climatological","Drought","Drought","1","","","500000000","910827244","54.895151973537"
"2000","Romania","ROU","Natural","Hydrological","Flood","Riverine flood","2","63431","9","100500000","183076276","54.895151973537"
"2000","Romania","ROU","Natural","Meteorological","Extreme temperature","Heat wave","1","100","6","","","54.895151973537"
"2000","Romania","ROU","Natural","Meteorological","Storm","Blizzard/Winter storm","1","300","14","","","54.895151973537"
"2000","Russian Federation","RUS","Natural","Climatological","Wildfire","Forest fire","4","","","","","54.895151973537"
"2000","Russian Federation","RUS","Natural","Geophysical","Earthquake","Ground movement","1","19108","","920000","1675922","54.895151973537"
"2000","Russian Federation","RUS","Natural","Hydrological","Flood","Coastal flood","2","7181","","8622000","15706305","54.895151973537"
"2000","Russian Federation","RUS","Natural","Hydrological","Flood","Flood (General)","4","22320","","5273000","9605584","54.895151973537"
"2000","Russian Federation","RUS","Natural","Hydrological","Flood","Riverine flood","2","47000","3","30000000","54649635","54.895151973537"
"2000","Russian Federation","RUS","Natural","Hydrological","Mass movement (wet)","Avalanche (wet)","1","","20","","","54.895151973537"
"2000","Russian Federation","RUS","Natural","Hydrological","Mass movement (wet)","Landslide (wet)","1","508","7","","","54.895151973537"
"2000","Russian Federation","RUS","Natural","Meteorological","Extreme temperature","Cold wave","2","346","245","","","54.895151973537"
"2000","Russian Federation","RUS","Natural","Meteorological","Storm","Tropical cyclone","1","","9","50000","91083","54.895151973537"
"2000","Réunion","REU","Natural","Meteorological","Storm","Tropical cyclone","1","600","2","","","54.895151973537"
"2000","Serbia Montenegro","SCG","Natural","Hydrological","Flood","Riverine flood","2","6000","","","","54.895151973537"
"2000","Serbia Montenegro","SCG","Natural","Meteorological","Extreme temperature","Heat wave","1","70","3","","","54.895151973537"
"2000","Slovakia","SVK","Natural","Climatological","Wildfire","Forest fire","1","","6","","","54.895151973537"
"2000","Somalia","SOM","Natural","Climatological","Drought","Drought","1","1200000","21","","","54.895151973537"
"2000","Somalia","SOM","Natural","Hydrological","Flood","Flood (General)","1","220000","","","","54.895151973537"
"2000","Somalia","SOM","Natural","Hydrological","Flood","Riverine flood","2","153500","","","","54.895151973537"
"2000","South Africa","ZAF","Natural","Climatological","Wildfire","Land fire (Brush, Bush, Pasture)","1","1250","","10000000","18216545","54.895151973537"
"2000","South Africa","ZAF","Natural","Hydrological","Flood","Flash flood","1","3000","3","","","54.895151973537"
"2000","South Africa","ZAF","Natural","Hydrological","Flood","Riverine flood","1","200","83","160000000","291464718","54.895151973537"
"2000","South Africa","ZAF","Natural","Meteorological","Storm","Tornado","1","300","1","","","54.895151973537"
"2000","Spain","ESP","Natural","Climatological","Wildfire","Forest fire","1","","","","","54.895151973537"
"2000","Spain","ESP","Natural","Hydrological","Flood","Flash flood","2","8500","26","75000000","136624087","54.895151973537"
"2000","Sri Lanka","LKA","Natural","Hydrological","Flood","Riverine flood","2","400000","5","3000000","5464963","54.895151973537"
"2000","Sri Lanka","LKA","Natural","Meteorological","Storm","Tropical cyclone","1","375000","5","","","54.895151973537"
"2000","Sudan","SDN","Natural","Climatological","Drought","Drought","1","2000000","","","","54.895151973537"
"2000","Switzerland","CHE","Natural","Hydrological","Mass movement (wet)","Landslide (wet)","1","1500","16","330000000","601145981","54.895151973537"
"2000","Taiwan (Province of China)","TWN","Natural","Meteorological","Storm","Tropical cyclone","2","2102","103","285000000","519171529","54.895151973537"
"2000","Tajikistan","TJK","Natural","Climatological","Drought","Drought","1","3000000","","57000000","103834306","54.895151973537"
"2000","Tajikistan","TJK","Natural","Geophysical","Earthquake","Ground movement","1","6000","","","","54.895151973537"
"2000","Thailand","THA","Natural","Hydrological","Flood","Flood (General)","2","2502500","47","51050000","92995462","54.895151973537"
"2000","Thailand","THA","Natural","Hydrological","Flood","Riverine flood","2","821301","60","58006000","105666890","54.895151973537"
"2000","Thailand","THA","Natural","Meteorological","Storm","Tropical cyclone","1","41219","2","","","54.895151973537"
"2000","Turkmenistan","TKM","Natural","Geophysical","Earthquake","Ground movement","1","","11","","","54.895151973537"
"2000","Türkiye","TUR","Natural","Climatological","Wildfire","Forest fire","1","350","","","","54.895151973537"
"2000","Türkiye","TUR","Natural","Geophysical","Earthquake","Ground movement","2","24080","3","","","54.895151973537"
"2000","Türkiye","TUR","Natural","Hydrological","Flood","Riverine flood","1","1000","2","40000000","72866180","54.895151973537"
"2000","Türkiye","TUR","Natural","Meteorological","Extreme temperature","Heat wave","1","300","11","1000000","1821654","54.895151973537"
"2000","Uganda","UGA","Natural","Meteorological","Storm","Storm (General)","1","10000","","","","54.895151973537"
"2000","Ukraine","UKR","Natural","Meteorological","Extreme temperature","Cold wave","1","","","85000000","154840632","54.895151973537"
"2000","Ukraine","UKR","Natural","Meteorological","Storm","Storm (General)","3","48110","10","120000000","218598539","54.895151973537"
"2000","United Kingdom of Great Britain and Northern Ireland","GBR","Natural","Hydrological","Flood","Flash flood","1","2000","","18150000","33063029","54.895151973537"
"2000","United Kingdom of Great Britain and Northern Ireland","GBR","Natural","Hydrological","Flood","Riverine flood","2","42000","3","5900000000","10747761483","54.895151973537"
"2000","United Kingdom of Great Britain and Northern Ireland","GBR","Natural","Meteorological","Storm","Severe weather","1","19504","12","1500000000","2732481733","54.895151973537"
"2000","United Kingdom of Great Britain and Northern Ireland","GBR","Natural","Meteorological","Storm","Storm (General)","1","600","4","","","54.895151973537"
"2000","United Republic of Tanzania","TZA","Natural","Geophysical","Earthquake","Ground movement","1","791","1","","","54.895151973537"
"2000","United Republic of Tanzania","TZA","Natural","Hydrological","Flood","Riverine flood","1","1817","36","","","54.895151973537"
"2000","United States of America","USA","Natural","Climatological","Drought","Drought","2","","","1100000000","2003819938","54.895151973537"
"2000","United States of America","USA","Natural","Climatological","Wildfire","Forest fire","7","36087","14","2500000000","4554136222","54.895151973537"
"2000","United States of America","USA","Natural","Geophysical","Earthquake","Ground movement","1","25174","","50000000","91082724","54.895151973537"
"2000","United States of America","USA","Natural","Hydrological","Flood","Flash flood","2","2300","3","","","54.895151973537"
"2000","United States of America","USA","Natural","Hydrological","Flood","Flood (General)","3","840","2","100000000","182165449","54.895151973537"
"2000","United States of America","USA","Natural","Hydrological","Flood","Riverine flood","3","506","3","186000000","338827735","54.895151973537"
"2000","United States of America","USA","Natural","Meteorological","Extreme temperature","Heat wave","1","","35","","","54.895151973537"
"2000","United States of America","USA","Natural","Meteorological","Storm","Blizzard/Winter storm","2","34","57","","","54.895151973537"
"2000","United States of America","USA","Natural","Meteorological","Storm","Severe weather","1","","","","","54.895151973537"
"2000","United States of America","USA","Natural","Meteorological","Storm","Storm (General)","2","75","16","850000000","1548406315","54.895151973537"
"2000","United States of America","USA","Natural","Meteorological","Storm","Tornado","6","5612","30","786600000","1432913421","54.895151973537"
"2000","United States of America","USA","Natural","Meteorological","Storm","Tropical cyclone","1","17433","2","219000000","398942333","54.895151973537"
"2000","Uruguay","URY","Natural","Hydrological","Flood","Flood (General)","1","5000","","","","54.895151973537"
"2000","Uruguay","URY","Natural","Meteorological","Extreme temperature","Cold wave","1","400","7","","","54.895151973537"
"2000","Uruguay","URY","Natural","Meteorological","Storm","Storm (General)","1","100","","","","54.895151973537"
"2000","Uzbekistan","UZB","Natural","Climatological","Drought","Drought","1","600000","","50000000","91082724","54.895151973537"
"2000","Venezuela (Bolivarian Republic of)","VEN","Natural","Hydrological","Flood","Flood (General)","1","20004","13","","","54.895151973537"
"2000","Venezuela (Bolivarian Republic of)","VEN","Natural","Hydrological","Flood","Riverine flood","1","7000","2","","","54.895151973537"
"2000","Viet Nam","VNM","Natural","Hydrological","Flood","Riverine flood","2","5025007","496","265000000","482738440","54.895151973537"
"2000","Viet Nam","VNM","Natural","Hydrological","Mass movement (wet)","Landslide (wet)","2","39","73","","","54.895151973537"
"2000","Viet Nam","VNM","Natural","Meteorological","Storm","Storm (General)","4","8367","3","35000","63758","54.895151973537"
"2000","Viet Nam","VNM","Natural","Meteorological","Storm","Tornado","1","134","","","","54.895151973537"
"2000","Viet Nam","VNM","Natural","Meteorological","Storm","Tropical cyclone","2","6033","20","26000000","47363017","54.895151973537"
"2000","Zambia","ZMB","Natural","Hydrological","Flood","Riverine flood","1","12000","","","","54.895151973537"
"2000","Zimbabwe","ZWE","Natural","Hydrological","Flood","Riverine flood","1","266000","70","72900000","132798612","54.895151973537"
"2001","Afghanistan","AFG","Natural","Geophysical","Earthquake","Ground movement","1","270","4","","","56.446576354736"
"2001","Afghanistan","AFG","Natural","Meteorological","Extreme temperature","Cold wave","2","200000","327","10000","17716","56.446576354736"
"2001","Algeria","DZA","Natural","Hydrological","Flood","Riverine flood","1","45423","921","300000000","531475989","56.446576354736"
"2001","Angola","AGO","Natural","Climatological","Drought","Drought","1","","58","","","56.446576354736"
"2001","Angola","AGO","Natural","Hydrological","Flood","Riverine flood","1","39928","48","","","56.446576354736"
"2001","Argentina","ARG","Natural","Climatological","Wildfire","Forest fire","1","","","","","56.446576354736"
"2001","Argentina","ARG","Natural","Hydrological","Flood","Flood (General)","2","1300","","","","56.446576354736"
"2001","Argentina","ARG","Natural","Hydrological","Flood","Riverine flood","1","250000","1","750000000","1328689973","56.446576354736"
"2001","Argentina","ARG","Natural","Meteorological","Extreme temperature","Cold wave","1","3000","14","","","56.446576354736"
"2001","Argentina","ARG","Natural","Meteorological","Storm","Storm (General)","2","2650","20","15000000","26573799","56.446576354736"
"2001","Australia","AUS","Natural","Climatological","Wildfire","Land fire (Brush, Bush, Pasture)","2","4400","","90000000","159442797","56.446576354736"
"2001","Australia","AUS","Natural","Hydrological","Flood","Coastal flood","1","670","","13000000","23030626","56.446576354736"
"2001","Australia","AUS","Natural","Hydrological","Flood","Flood (General)","1","330","1","12000000","21259040","56.446576354736"
"2001","Australia","AUS","Natural","Hydrological","Flood","Riverine flood","2","3001","3","200000000","354317326","56.446576354736"
"2001","Australia","AUS","Natural","Meteorological","Storm","Severe weather","1","180","","","","56.446576354736"
"2001","Australia","AUS","Natural","Meteorological","Storm","Storm (General)","2","27","2","6600000","11692472","56.446576354736"
"2001","Bahamas","BHS","Natural","Meteorological","Storm","Tropical cyclone","1","","","300000000","531475989","56.446576354736"
"2001","Bangladesh","BGD","Natural","Hydrological","Flood","Flood (General)","1","200000","","","","56.446576354736"
"2001","Bangladesh","BGD","Natural","Hydrological","Flood","Riverine flood","1","500000","9","","","56.446576354736"
"2001","Bangladesh","BGD","Natural","Meteorological","Extreme temperature","Cold wave","1","2000","6","","","56.446576354736"
"2001","Bangladesh","BGD","Natural","Meteorological","Storm","Storm (General)","1","600","21","","","56.446576354736"
"2001","Bangladesh","BGD","Natural","Meteorological","Storm","Tornado","1","25450","12","","","56.446576354736"
"2001","Bangladesh","BGD","Natural","Meteorological","Storm","Tropical cyclone","2","2700","205","","","56.446576354736"
"2001","Belize","BLZ","Natural","Meteorological","Storm","Tropical cyclone","1","20000","30","250000000","442896658","56.446576354736"
"2001","Bolivia (Plurinational State of)","BOL","Natural","Hydrological","Flood","Riverine flood","1","357250","41","121000000","214361982","56.446576354736"
"2001","Bosnia and Herzegovina","BIH","Natural","Hydrological","Flood","Riverine flood","1","9000","","","","56.446576354736"
"2001","Brazil","BRA","Natural","Climatological","Drought","Drought","1","1000000","","","","56.446576354736"
"2001","Brazil","BRA","Natural","Hydrological","Flood","Flash flood","1","1946","50","45000000","79721398","56.446576354736"
"2001","Brazil","BRA","Natural","Hydrological","Flood","Riverine flood","2","9100","35","","","56.446576354736"
"2001","Brazil","BRA","Natural","Meteorological","Storm","Lightning/Thunderstorms","1","3400","13","","","56.446576354736"
"2001","Bulgaria","BGR","Natural","Climatological","Wildfire","Forest fire","1","","","","","56.446576354736"
"2001","Burkina Faso","BFA","Natural","Climatological","Drought","Drought","1","","","","","56.446576354736"
"2001","Cambodia","KHM","Natural","Climatological","Drought","Drought","1","300000","","","","56.446576354736"
"2001","Cambodia","KHM","Natural","Hydrological","Flood","Riverine flood","1","1669182","56","15000000","26573799","56.446576354736"
"2001","Cameroon","CMR","Natural","Climatological","Drought","Drought","1","","","","","56.446576354736"
"2001","Cameroon","CMR","Natural","Hydrological","Flood","Flash flood","1","1500","30","","","56.446576354736"
"2001","Canada","CAN","Natural","Climatological","Wildfire","Forest fire","1","1200","","","","56.446576354736"
"2001","Canada","CAN","Natural","Meteorological","Storm","Storm (General)","1","30","11","","","56.446576354736"
"2001","Canary Islands","SPI","Natural","Hydrological","Flood","Flood (General)","1","300","7","","","56.446576354736"
"2001","Cayman Islands","CYM","Natural","Meteorological","Storm","Tropical cyclone","1","","","60000000","106295198","56.446576354736"
"2001","Central African Republic","CAF","Natural","Meteorological","Storm","Storm (General)","1","3000","3","","","56.446576354736"
"2001","Chad","TCD","Natural","Climatological","Drought","Drought","1","800000","","","","56.446576354736"
"2001","Chad","TCD","Natural","Hydrological","Flood","Flash flood","1","175763","100","1000000","1771587","56.446576354736"
"2001","Chile","CHL","Natural","Hydrological","Flood","Flood (General)","2","12559","","8900000","15767121","56.446576354736"
"2001","Chile","CHL","Natural","Meteorological","Storm","Storm (General)","1","2400","2","","","56.446576354736"
"2001","China","CHN","Natural","Biological","Infestation","Locust infestation","1","","","","","56.446576354736"
"2001","China","CHN","Natural","Climatological","Drought","Drought","2","16330000","","","","56.446576354736"
"2001","China","CHN","Natural","Geophysical","Earthquake","Ground movement","5","503124","8","91000000","161214383","56.446576354736"
"2001","China","CHN","Natural","Hydrological","Flood","Flash flood","1","250000","27","300000000","531475989","56.446576354736"
"2001","China","CHN","Natural","Hydrological","Flood","Flood (General)","2","30010","33","24000000","42518079","56.446576354736"
"2001","China","CHN","Natural","Hydrological","Flood","Riverine flood","6","2069829","342","387000000","685604026","56.446576354736"
"2001","China","CHN","Natural","Hydrological","Mass movement (wet)","Landslide (wet)","6","21633","168","60000000","106295198","56.446576354736"
"2001","China","CHN","Natural","Meteorological","Storm","Blizzard/Winter storm","1","2574871","49","12000000","21259040","56.446576354736"
"2001","China","CHN","Natural","Meteorological","Storm","Lightning/Thunderstorms","1","50245","6","24000000","42518079","56.446576354736"
"2001","China","CHN","Natural","Meteorological","Storm","Storm (General)","2","400048","27","","","56.446576354736"
"2001","China","CHN","Natural","Meteorological","Storm","Tropical cyclone","6","18140674","262","3551000000","6290904124","56.446576354736"
"2001","Colombia","COL","Natural","Climatological","Wildfire","Forest fire","1","","","","","56.446576354736"
"2001","Colombia","COL","Natural","Hydrological","Flood","Riverine flood","2","6000","","","","56.446576354736"
"2001","Colombia","COL","Natural","Hydrological","Mass movement (wet)","Landslide (wet)","2","32","94","","","56.446576354736"
"2001","Colombia","COL","Natural","Meteorological","Storm","Tornado","1","7700","5","","","56.446576354736"
"2001","Cook Islands","COK","Natural","Meteorological","Storm","Tropical cyclone","1","744","","","","56.446576354736"
"2001","Costa Rica","CRI","Natural","Hydrological","Flood","Flood (General)","1","1437","","","","56.446576354736"
"2001","Croatia","HRV","Natural","Hydrological","Flood","Riverine flood","1","1200","","","","56.446576354736"
"2001","Cuba","CUB","Natural","Meteorological","Storm","Tropical cyclone","1","5900012","5","100000000","177158663","56.446576354736"
"2001","Democratic People's Republic of Korea","PRK","Natural","Hydrological","Flood","Flash flood","1","177584","114","9400000","16652914","56.446576354736"
"2001","Democratic People's Republic of Korea","PRK","Natural","Hydrological","Flood","Riverine flood","1","10000","10","","","56.446576354736"
"2001","Democratic Republic of the Congo","COD","Natural","Hydrological","Flood","Riverine flood","2","13026","50","","","56.446576354736"
"2001","Democratic Republic of the Congo","COD","Natural","Hydrological","Mass movement (wet)","Landslide (wet)","1","","12","","","56.446576354736"
"2001","Djibouti","DJI","Natural","Climatological","Drought","Drought","1","100000","","","","56.446576354736"
"2001","Dominican Republic","DOM","Natural","Meteorological","Storm","Tropical cyclone","1","175","3","10000","17716","56.446576354736"
"2001","Ecuador","ECU","Natural","Geophysical","Volcanic activity","Ash fall","1","22770","","10975000","19443163","56.446576354736"
"2001","Ecuador","ECU","Natural","Hydrological","Flood","Flash flood","1","1200","11","","","56.446576354736"
"2001","Ecuador","ECU","Natural","Hydrological","Flood","Riverine flood","1","8330","47","","","56.446576354736"
"2001","El Salvador","SLV","Natural","Climatological","Drought","Drought","1","400000","","22400000","39683541","56.446576354736"
"2001","El Salvador","SLV","Natural","Geophysical","Earthquake","Ground movement","2","1590550","1159","1848500000","3274777886","56.446576354736"
"2001","El Salvador","SLV","Natural","Hydrological","Flood","Flash flood","1","1000","","","","56.446576354736"
"2001","Eswatini","SWZ","Natural","Climatological","Drought","Drought","1","970000","","","","56.446576354736"
"2001","Ethiopia","ETH","Natural","Hydrological","Flood","Flood (General)","2","8500","","","","56.446576354736"
"2001","Ethiopia","ETH","Natural","Hydrological","Flood","Riverine flood","1","31000","5","","","56.446576354736"
"2001","France","FRA","Natural","Hydrological","Flood","Flash flood","1","390","","","","56.446576354736"
"2001","France","FRA","Natural","Hydrological","Flood","Flood (General)","2","1021","","","","56.446576354736"
"2001","France","FRA","Natural","Hydrological","Flood","Riverine flood","2","15471","3","132350000","234469491","56.446576354736"
"2001","France","FRA","Natural","Meteorological","Storm","Tornado","2","420","14","","","56.446576354736"
"2001","Gambia","GMB","Natural","Hydrological","Flood","Flood (General)","1","250","1","","","56.446576354736"
"2001","Georgia","GEO","Natural","Meteorological","Storm","Storm (General)","1","900","","","","56.446576354736"
"2001","Ghana","GHA","Natural","Hydrological","Flood","Riverine flood","1","144025","12","","","56.446576354736"
"2001","Greece","GRC","Natural","Geophysical","Earthquake","Ground movement","1","300","","","","56.446576354736"
"2001","Greece","GRC","Natural","Hydrological","Flood","Flash flood","2","1050","11","","","56.446576354736"
"2001","Guatemala","GTM","Natural","Climatological","Drought","Drought","1","113596","41","14000000","24802213","56.446576354736"
"2001","Guatemala","GTM","Natural","Geophysical","Earthquake","Ground movement","1","152","6","50000","88579","56.446576354736"
"2001","Guatemala","GTM","Natural","Meteorological","Extreme temperature","Cold wave","1","1850","","","","56.446576354736"
"2001","Guatemala","GTM","Natural","Meteorological","Storm","Tropical cyclone","1","6446","8","100000","177159","56.446576354736"
"2001","Guinea","GIN","Natural","Hydrological","Flood","Riverine flood","1","220000","9","","","56.446576354736"
"2001","Haiti","HTI","Natural","Hydrological","Flood","Riverine flood","1","5081","26","","","56.446576354736"
"2001","Haiti","HTI","Natural","Meteorological","Storm","Tropical cyclone","1","","","20000","35432","56.446576354736"
"2001","Honduras","HND","Natural","Climatological","Drought","Drought","1","195000","","","","56.446576354736"
"2001","Honduras","HND","Natural","Meteorological","Storm","Tropical cyclone","1","86321","21","5000000","8857933","56.446576354736"
"2001","Hungary","HUN","Natural","Hydrological","Flood","Riverine flood","1","10000","","5000000","8857933","56.446576354736"
"2001","Hungary","HUN","Natural","Meteorological","Extreme temperature","Cold wave","1","","81","","","56.446576354736"
"2001","India","IND","Natural","Geophysical","Earthquake","Ground movement","1","6321812","20005","2623000000","4646871731","56.446576354736"
"2001","India","IND","Natural","Hydrological","Flood","Flash flood","1","2800000","48","26000000","46061252","56.446576354736"
"2001","India","IND","Natural","Hydrological","Flood","Flood (General)","4","7000040","342","129000000","228534675","56.446576354736"
"2001","India","IND","Natural","Hydrological","Flood","Riverine flood","4","10810000","191","206924000","366583792","56.446576354736"
"2001","India","IND","Natural","Hydrological","Mass movement (wet)","Landslide (wet)","3","","98","","","56.446576354736"
"2001","India","IND","Natural","Meteorological","Extreme temperature","Cold wave","2","","173","","","56.446576354736"
"2001","India","IND","Natural","Meteorological","Storm","Lightning/Thunderstorms","1","","21","","","56.446576354736"
"2001","India","IND","Natural","Meteorological","Storm","Tropical cyclone","1","27000","78","","","56.446576354736"
"2001","Indonesia","IDN","Natural","Geophysical","Earthquake","Ground movement","2","12512","","","","56.446576354736"
"2001","Indonesia","IDN","Natural","Hydrological","Flood","Flash flood","1","80000","130","10000000","17715866","56.446576354736"
"2001","Indonesia","IDN","Natural","Hydrological","Flood","Riverine flood","2","5694","272","","","56.446576354736"
"2001","Indonesia","IDN","Natural","Hydrological","Mass movement (wet)","Landslide (wet)","4","23910","185","10000000","17715866","56.446576354736"
"2001","Iran (Islamic Republic of)","IRN","Natural","Geophysical","Earthquake","Ground movement","1","1000","","","","56.446576354736"
"2001","Iran (Islamic Republic of)","IRN","Natural","Hydrological","Flood","Flash flood","3","1204500","444","78800000","139601026","56.446576354736"
"2001","Iran (Islamic Republic of)","IRN","Natural","Hydrological","Flood","Riverine flood","1","1034","32","25000000","44289666","56.446576354736"
"2001","Italy","ITA","Natural","Geophysical","Volcanic activity","Ash fall","1","","","3100000","5491919","56.446576354736"
"2001","Jamaica","JAM","Natural","Meteorological","Storm","Tropical cyclone","1","200","1","55487000","98300027","56.446576354736"
"2001","Japan","JPN","Natural","Geophysical","Earthquake","Ground movement","1","11261","2","500000000","885793315","56.446576354736"
"2001","Japan","JPN","Natural","Hydrological","Flood","Flood (General)","1","138","1","","","56.446576354736"
"2001","Japan","JPN","Natural","Meteorological","Storm","Storm (General)","2","1633","6","","","56.446576354736"
"2001","Japan","JPN","Natural","Meteorological","Storm","Tropical cyclone","2","8255","16","1300000000","2303062619","56.446576354736"
"2001","Kazakhstan","KAZ","Natural","Hydrological","Flood","Flood (General)","1","3668","","","","56.446576354736"
"2001","Kazakhstan","KAZ","Natural","Meteorological","Extreme temperature","Cold wave","1","12","3","","","56.446576354736"
"2001","Lao People's Democratic Republic","LAO","Natural","Hydrological","Flood","Flood (General)","1","453000","","","","56.446576354736"
"2001","Latvia","LVA","Natural","Meteorological","Extreme temperature","Cold wave","1","","21","","","56.446576354736"
"2001","Lesotho","LSO","Natural","Meteorological","Storm","Storm (General)","2","2001","1","","","56.446576354736"
"2001","Lithuania","LTU","Natural","Meteorological","Extreme temperature","Cold wave","1","","20","","","56.446576354736"
"2001","Malawi","MWI","Natural","Hydrological","Flood","Coastal flood","1","500000","59","6700000","11869630","56.446576354736"
"2001","Malawi","MWI","Natural","Hydrological","Flood","Flood (General)","1","8750","","","","56.446576354736"
"2001","Malaysia","MYS","Natural","Hydrological","Flood","Flash flood","1","10000","","","","56.446576354736"
"2001","Malaysia","MYS","Natural","Hydrological","Flood","Flood (General)","2","5200","","","","56.446576354736"
"2001","Malaysia","MYS","Natural","Hydrological","Flood","Riverine flood","1","18000","11","","","56.446576354736"
"2001","Mali","MLI","Natural","Climatological","Drought","Drought","1","","","","","56.446576354736"
"2001","Mali","MLI","Natural","Hydrological","Flood","Riverine flood","1","3500","2","","","56.446576354736"
"2001","Mauritania","MRT","Natural","Climatological","Drought","Drought","1","1000000","","","","56.446576354736"
"2001","Mauritania","MRT","Natural","Hydrological","Flood","Riverine flood","1","3000","","","","56.446576354736"
"2001","Mexico","MEX","Natural","Hydrological","Flood","Flash flood","1","","21","","","56.446576354736"
"2001","Mexico","MEX","Natural","Meteorological","Storm","Tropical cyclone","4","6400","5","401000000","710406239","56.446576354736"
"2001","Mongolia","MNG","Natural","Meteorological","Storm","Blizzard/Winter storm","1","175000","16","","","56.446576354736"
"2001","Morocco","MAR","Natural","Hydrological","Flood","Riverine flood","1","300","15","2200000","3897491","56.446576354736"
"2001","Mozambique","MOZ","Natural","Climatological","Drought","Drought","1","100000","","","","56.446576354736"
"2001","Mozambique","MOZ","Natural","Hydrological","Flood","Coastal flood","1","549326","79","36000000","63777119","56.446576354736"
"2001","Mozambique","MOZ","Natural","Hydrological","Flood","Flood (General)","1","200000","","","","56.446576354736"
"2001","Myanmar","MMR","Natural","Hydrological","Flood","Riverine flood","1","3750","51","","","56.446576354736"
"2001","Namibia","NAM","Natural","Climatological","Drought","Drought","1","","","","","56.446576354736"
"2001","Nepal","NPL","Natural","Hydrological","Mass movement (wet)","Landslide (wet)","1","21019","144","","","56.446576354736"
"2001","New Zealand","NZL","Natural","Meteorological","Extreme temperature","Heat wave","1","","","200000000","354317326","56.446576354736"
"2001","Nicaragua","NIC","Natural","Climatological","Drought","Drought","1","188000","","","","56.446576354736"
"2001","Nicaragua","NIC","Natural","Meteorological","Storm","Tropical cyclone","1","24866","16","1000000","1771587","56.446576354736"
"2001","Niger","NER","Natural","Climatological","Drought","Drought","1","3584558","","","","56.446576354736"
"2001","Niger","NER","Natural","Hydrological","Flood","Riverine flood","1","20000","4","","","56.446576354736"
"2001","Nigeria","NGA","Natural","Hydrological","Flood","Flash flood","1","84065","200","3000000","5314760","56.446576354736"
"2001","Nigeria","NGA","Natural","Hydrological","Flood","Flood (General)","1","2000","","","","56.446576354736"
"2001","Nigeria","NGA","Natural","Hydrological","Flood","Riverine flood","1","3852","","","","56.446576354736"
"2001","North Macedonia","MKD","Natural","Meteorological","Extreme temperature","Cold wave","1","","15","","","56.446576354736"
"2001","Norway","NOR","Natural","Hydrological","Flood","Flood (General)","1","1500","","","","56.446576354736"
"2001","Pakistan","PAK","Natural","Geophysical","Earthquake","Ground movement","1","914292","12","500000","885793","56.446576354736"
"2001","Pakistan","PAK","Natural","Hydrological","Flood","Flash flood","1","400179","210","246000000","435810311","56.446576354736"
"2001","Pakistan","PAK","Natural","Hydrological","Mass movement (wet)","Landslide (wet)","1","","15","","","56.446576354736"
"2001","Pakistan","PAK","Natural","Hydrological","Mass movement (wet)","Mudslide","1","12","16","","","56.446576354736"
"2001","Pakistan","PAK","Natural","Meteorological","Storm","Tornado","1","500","4","","","56.446576354736"
"2001","Panama","PAN","Natural","Hydrological","Flood","Flood (General)","1","775","","","","56.446576354736"
"2001","Papua New Guinea","PNG","Natural","Geophysical","Earthquake","Ground movement","1","201","","","","56.446576354736"
"2001","Peru","PER","Natural","Geophysical","Earthquake","Ground movement","2","4120","6","","","56.446576354736"
"2001","Peru","PER","Natural","Geophysical","Earthquake","Tsunami","1","349978","145","300000000","531475989","56.446576354736"
"2001","Peru","PER","Natural","Hydrological","Flood","Flash flood","1","310","9","","","56.446576354736"
"2001","Peru","PER","Natural","Hydrological","Flood","Riverine flood","2","66000","6","","","56.446576354736"
"2001","Peru","PER","Natural","Hydrological","Mass movement (wet)","Landslide (wet)","1","150","20","","","56.446576354736"
"2001","Philippines","PHL","Natural","Geophysical","Volcanic activity","Ash fall","2","83221","","2580000","4570694","56.446576354736"
"2001","Philippines","PHL","Natural","Hydrological","Flood","Flash flood","2","79300","41","8000000","14172693","56.446576354736"
"2001","Philippines","PHL","Natural","Hydrological","Flood","Riverine flood","1","12000","2","","","56.446576354736"
"2001","Philippines","PHL","Natural","Meteorological","Storm","Storm (General)","2","332712","4","1700000","3011697","56.446576354736"
"2001","Philippines","PHL","Natural","Meteorological","Storm","Tropical cyclone","4","3117725","583","97361000","172483446","56.446576354736"
"2001","Poland","POL","Natural","Hydrological","Flood","Riverine flood","1","15000","27","700000000","1240110641","56.446576354736"
"2001","Poland","POL","Natural","Meteorological","Extreme temperature","Cold wave","1","","270","","","56.446576354736"
"2001","Portugal","PRT","Natural","Climatological","Wildfire","Forest fire","1","","","","","56.446576354736"
"2001","Portugal","PRT","Natural","Hydrological","Flood","Riverine flood","1","983","6","","","56.446576354736"
"2001","Puerto Rico","PRI","Natural","Hydrological","Flood","Riverine flood","1","9480","2","146000000","258651648","56.446576354736"
"2001","Republic of Korea","KOR","Natural","Climatological","Drought","Drought","1","","","","","56.446576354736"
"2001","Republic of Korea","KOR","Natural","Hydrological","Flood","Flash flood","2","310000","70","76000000","134640584","56.446576354736"
"2001","Republic of Korea","KOR","Natural","Meteorological","Storm","Storm (General)","1","300","11","290000000","513760123","56.446576354736"
"2001","Romania","ROU","Natural","Hydrological","Flood","Riverine flood","2","14803","7","135000000","239164195","56.446576354736"
"2001","Romania","ROU","Natural","Meteorological","Extreme temperature","Cold wave","1","","10","","","56.446576354736"
"2001","Russian Federation","RUS","Natural","Biological","Infestation","Locust infestation","1","","","","","56.446576354736"
"2001","Russian Federation","RUS","Natural","Climatological","Wildfire","Forest fire","2","","","","","56.446576354736"
"2001","Russian Federation","RUS","Natural","Hydrological","Flood","Coastal flood","1","300000","11","33000000","58462359","56.446576354736"
"2001","Russian Federation","RUS","Natural","Hydrological","Flood","Riverine flood","2","75305","26","258000000","457069351","56.446576354736"
"2001","Russian Federation","RUS","Natural","Meteorological","Extreme temperature","Cold wave","2","6294","477","100000","177159","56.446576354736"
"2001","Russian Federation","RUS","Natural","Meteorological","Extreme temperature","Heat wave","1","","276","","","56.446576354736"
"2001","Russian Federation","RUS","Natural","Meteorological","Storm","Blizzard/Winter storm","2","12428","8","17200000","30471290","56.446576354736"
"2001","Rwanda","RWA","Natural","Hydrological","Flood","Flash flood","1","","10","","","56.446576354736"
"2001","Rwanda","RWA","Natural","Hydrological","Flood","Riverine flood","1","3000","2","","","56.446576354736"
"2001","Saint Helena","SHN","Natural","Meteorological","Storm","Storm (General)","1","300","","","","56.446576354736"
"2001","Samoa","WSM","Natural","Hydrological","Flood","Flash flood","1","","","1500000","2657380","56.446576354736"
"2001","Serbia Montenegro","SCG","Natural","Hydrological","Flood","Riverine flood","1","6150","","","","56.446576354736"
"2001","Slovakia","SVK","Natural","Hydrological","Flood","Riverine flood","1","","1","6000000","10629520","56.446576354736"
"2001","Somalia","SOM","Natural","Hydrological","Flood","Riverine flood","1","6500","","","","56.446576354736"
"2001","South Africa","ZAF","Natural","Climatological","Wildfire","Land fire (Brush, Bush, Pasture)","2","","31","","","56.446576354736"
"2001","South Africa","ZAF","Natural","Hydrological","Flood","Flash flood","1","312","5","","","56.446576354736"
"2001","South Africa","ZAF","Natural","Hydrological","Flood","Flood (General)","1","42356","","","","56.446576354736"
"2001","South Africa","ZAF","Natural","Meteorological","Storm","Storm (General)","1","10","14","","","56.446576354736"
"2001","South Africa","ZAF","Natural","Meteorological","Storm","Tornado","1","630","","","","56.446576354736"
"2001","Spain","ESP","Natural","Meteorological","Storm","Storm (General)","1","","10","72000000","127554237","56.446576354736"
"2001","Sri Lanka","LKA","Natural","Climatological","Drought","Drought","1","1000000","","","","56.446576354736"
"2001","Sri Lanka","LKA","Natural","Hydrological","Flood","Flood (General)","1","160","","","","56.446576354736"
"2001","Sudan","SDN","Natural","Hydrological","Flood","Riverine flood","1","97000","3","2000000","3543173","56.446576354736"
"2001","Syrian Arab Republic","SYR","Natural","Meteorological","Storm","Sand/Dust storm","1","172","27","","","56.446576354736"
"2001","Taiwan (Province of China)","TWN","Natural","Meteorological","Storm","Tropical cyclone","4","652333","194","1045000000","1851308029","56.446576354736"
"2001","Tajikistan","TJK","Natural","Hydrological","Flood","Flood (General)","1","2190","","","","56.446576354736"
"2001","Tajikistan","TJK","Natural","Hydrological","Mass movement (wet)","Landslide (wet)","1","165","1","600000","1062952","56.446576354736"
"2001","Tajikistan","TJK","Natural","Meteorological","Storm","Storm (General)","1","830","","234000","414551","56.446576354736"
"2001","Thailand","THA","Natural","Hydrological","Flood","Flash flood","3","455239","187","28500000","50490219","56.446576354736"
"2001","Thailand","THA","Natural","Hydrological","Flood","Flood (General)","2","10000","2","","","56.446576354736"
"2001","Thailand","THA","Natural","Meteorological","Storm","Storm (General)","1","150","","","","56.446576354736"
"2001","Timor-Leste","TLS","Natural","Hydrological","Flood","Riverine flood","1","2508","1","","","56.446576354736"
"2001","Tonga","TON","Natural","Meteorological","Storm","Tropical cyclone","1","16500","","51300000","90882394","56.446576354736"
"2001","Türkiye","TUR","Natural","Geophysical","Earthquake","Ground movement","2","611","","","","56.446576354736"
"2001","Türkiye","TUR","Natural","Hydrological","Flood","Riverine flood","3","2520","12","25000000","44289666","56.446576354736"
"2001","Türkiye","TUR","Natural","Hydrological","Mass movement (wet)","Landslide (wet)","1","600","9","","","56.446576354736"
"2001","Türkiye","TUR","Natural","Meteorological","Extreme temperature","Cold wave","1","","29","","","56.446576354736"
"2001","Uganda","UGA","Natural","Hydrological","Flood","Flood (General)","2","800","1","","","56.446576354736"
"2001","Uganda","UGA","Natural","Hydrological","Mass movement (wet)","Landslide (wet)","1","3366","11","","","56.446576354736"
"2001","Ukraine","UKR","Natural","Hydrological","Flood","Riverine flood","1","300000","9","15000000","26573799","56.446576354736"
"2001","United Kingdom of Great Britain and Northern Ireland","GBR","Natural","Hydrological","Flood","Flash flood","1","1000","","","","56.446576354736"
"2001","United Kingdom of Great Britain and Northern Ireland","GBR","Natural","Hydrological","Flood","Flood (General)","1","150","","","","56.446576354736"
"2001","United Republic of Tanzania","TZA","Natural","Geophysical","Earthquake","Ground movement","1","700","","","","56.446576354736"
"2001","United Republic of Tanzania","TZA","Natural","Hydrological","Flood","Flash flood","1","200","5","","","56.446576354736"
"2001","United Republic of Tanzania","TZA","Natural","Hydrological","Mass movement (wet)","Landslide (wet)","1","150","13","","","56.446576354736"
"2001","United States of America","USA","Natural","Climatological","Wildfire","Forest fire","3","139","2","","","56.446576354736"
"2001","United States of America","USA","Natural","Geophysical","Earthquake","Ground movement","1","400","1","2000000000","3543173261","56.446576354736"
"2001","United States of America","USA","Natural","Hydrological","Flood","Flood (General)","1","3600","","","","56.446576354736"
"2001","United States of America","USA","Natural","Hydrological","Flood","Riverine flood","4","20200","12","33000000","58462359","56.446576354736"
"2001","United States of America","USA","Natural","Meteorological","Extreme temperature","Heat wave","1","","56","","","56.446576354736"
"2001","United States of America","USA","Natural","Meteorological","Storm","Blizzard/Winter storm","1","100","11","","","56.446576354736"
"2001","United States of America","USA","Natural","Meteorological","Storm","Storm (General)","3","422","13","","","56.446576354736"
"2001","United States of America","USA","Natural","Meteorological","Storm","Tornado","12","8531","17","328800000","582497684","56.446576354736"
"2001","United States of America","USA","Natural","Meteorological","Storm","Tropical cyclone","1","172000","41","6000000000","10629519782","56.446576354736"
"2001","Uruguay","URY","Natural","Hydrological","Flood","Flood (General)","1","5000","","","","56.446576354736"
"2001","Vanuatu","VUT","Natural","Geophysical","Volcanic activity","Ash fall","1","4500","","","","56.446576354736"
"2001","Vanuatu","VUT","Natural","Meteorological","Storm","Tropical cyclone","2","800","2","","","56.446576354736"
"2001","Viet Nam","VNM","Natural","Hydrological","Flood","Coastal flood","1","3000","","","","56.446576354736"
"2001","Viet Nam","VNM","Natural","Hydrological","Flood","Flash flood","1","35006","20","4700000","8326457","56.446576354736"
"2001","Viet Nam","VNM","Natural","Hydrological","Flood","Flood (General)","1","175","9","","","56.446576354736"
"2001","Viet Nam","VNM","Natural","Hydrological","Flood","Riverine flood","1","1570270","310","84000000","148813277","56.446576354736"
"2001","Viet Nam","VNM","Natural","Meteorological","Storm","Tropical cyclone","3","200639","53","83200000","147396008","56.446576354736"
"2001","Yemen","YEM","Natural","Hydrological","Flood","Flash flood","1","","33","","","56.446576354736"
"2001","Yemen","YEM","Natural","Meteorological","Storm","Storm (General)","2","","30","","","56.446576354736"
"2001","Zambia","ZMB","Natural","Hydrological","Flood","Flood (General)","1","617900","5","","","56.446576354736"
"2001","Zimbabwe","ZWE","Natural","Climatological","Drought","Drought","1","6000000","","","","56.446576354736"
"2001","Zimbabwe","ZWE","Natural","Hydrological","Flood","Flood (General)","1","30000","13","3600000","6377712","56.446576354736"
"2002","Afghanistan","AFG","Natural","Geophysical","Earthquake","Ground movement","3","100891","1200","","","57.341840154078"
"2002","Afghanistan","AFG","Natural","Hydrological","Flood","Flood (General)","2","120","35","","","57.341840154078"
"2002","Afghanistan","AFG","Natural","Hydrological","Flood","Riverine flood","2","5425","46","","","57.341840154078"
"2002","Afghanistan","AFG","Natural","Hydrological","Mass movement (wet)","Avalanche (wet)","1","400","5","","","57.341840154078"
"2002","Albania","ALB","Natural","Hydrological","Flood","Riverine flood","1","66884","1","17500000","30518728","57.341840154078"
"2002","Albania","ALB","Natural","Meteorological","Storm","Blizzard/Winter storm","1","125000","6","","","57.341840154078"
"2002","Algeria","DZA","Natural","Hydrological","Flood","Riverine flood","2","2305","42","1500000","2615891","57.341840154078"
"2002","Argentina","ARG","Natural","Geophysical","Earthquake","Ground movement","1","727","","","","57.341840154078"
"2002","Argentina","ARG","Natural","Hydrological","Flood","Riverine flood","1","6000","4","","","57.341840154078"
"2002","Argentina","ARG","Natural","Meteorological","Extreme temperature","Cold wave","1","200","","","","57.341840154078"
"2002","Argentina","ARG","Natural","Meteorological","Storm","Storm (General)","1","5000","3","","","57.341840154078"
"2002","Australia","AUS","Natural","Climatological","Drought","Drought","1","","","2000000000","3487854583","57.341840154078"
"2002","Australia","AUS","Natural","Climatological","Wildfire","Land fire (Brush, Bush, Pasture)","1","244","2","50000000","87196365","57.341840154078"
"2002","Australia","AUS","Natural","Meteorological","Storm","Severe weather","1","","","","","57.341840154078"
"2002","Australia","AUS","Natural","Meteorological","Storm","Storm (General)","2","129","","","","57.341840154078"
"2002","Austria","AUT","Natural","Hydrological","Flood","Riverine flood","1","60000","9","2400000000","4185425500","57.341840154078"
"2002","Austria","AUT","Natural","Meteorological","Storm","Extra-tropical storm","1","","2","5000000","8719636","57.341840154078"
"2002","Austria","AUT","Natural","Meteorological","Storm","Storm (General)","1","300","1","","","57.341840154078"
"2002","Bangladesh","BGD","Natural","Hydrological","Flood","Flash flood","1","1500000","10","","","57.341840154078"
"2002","Bangladesh","BGD","Natural","Meteorological","Extreme temperature","Cold wave","1","50000","700","","","57.341840154078"
"2002","Bangladesh","BGD","Natural","Meteorological","Storm","Storm (General)","2","1000","42","","","57.341840154078"
"2002","Bangladesh","BGD","Natural","Meteorological","Storm","Tropical cyclone","2","100400","80","","","57.341840154078"
"2002","Barbados","BRB","Natural","Meteorological","Storm","Tropical cyclone","1","2000","","200000","348785","57.341840154078"
"2002","Belgium","BEL","Natural","Hydrological","Flood","Flood (General)","1","600","","","","57.341840154078"
"2002","Belgium","BEL","Natural","Hydrological","Flood","Riverine flood","2","1800","","","","57.341840154078"
"2002","Belgium","BEL","Natural","Meteorological","Storm","Extra-tropical storm","1","","5","5000000","8719636","57.341840154078"
"2002","Bolivia (Plurinational State of)","BOL","Natural","Hydrological","Flood","Riverine flood","1","5146","76","100000000","174392729","57.341840154078"
"2002","Bolivia (Plurinational State of)","BOL","Natural","Meteorological","Storm","Blizzard/Winter storm","1","12085","20","","","57.341840154078"
"2002","Brazil","BRA","Natural","Climatological","Drought","Drought","1","","","","","57.341840154078"
"2002","Brazil","BRA","Natural","Hydrological","Flood","Riverine flood","2","3500","17","","","57.341840154078"
"2002","Brazil","BRA","Natural","Hydrological","Mass movement (wet)","Mudslide","2","1500","87","11000000","19183200","57.341840154078"
"2002","Bulgaria","BGR","Natural","Hydrological","Flood","Flood (General)","1","","1","1000000","1743927","57.341840154078"
"2002","Burundi","BDI","Natural","Hydrological","Flood","Flood (General)","1","2000","","","","57.341840154078"
"2002","Burundi","BDI","Natural","Hydrological","Flood","Riverine flood","1","6000","","","","57.341840154078"
"2002","Cabo Verde","CPV","Natural","Climatological","Drought","Drought","1","30000","","","","57.341840154078"
"2002","Cambodia","KHM","Natural","Climatological","Drought","Drought","1","650000","","38000000","66269237","57.341840154078"
"2002","Cambodia","KHM","Natural","Hydrological","Flood","Riverine flood","1","1470000","29","100000","174393","57.341840154078"
"2002","Canada","CAN","Natural","Climatological","Wildfire","Forest fire","1","600","","","","57.341840154078"
"2002","Canada","CAN","Natural","Hydrological","Flood","Riverine flood","1","","","","","57.341840154078"
"2002","Canary Islands","SPI","Natural","Hydrological","Flood","Flash flood","1","50","6","87000000","151721674","57.341840154078"
"2002","Canary Islands","SPI","Natural","Hydrological","Flood","Riverine flood","1","430","16","79923000","139379901","57.341840154078"
"2002","Cayman Islands","CYM","Natural","Meteorological","Storm","Tropical cyclone","2","300","","1500000","2615891","57.341840154078"
"2002","Central African Republic","CAF","Natural","Climatological","Wildfire","Forest fire","1","750","1","","","57.341840154078"
"2002","Chile","CHL","Natural","Climatological","Wildfire","Forest fire","1","","","80000000","139514183","57.341840154078"
"2002","Chile","CHL","Natural","Hydrological","Flood","Riverine flood","3","230642","19","200000000","348785458","57.341840154078"
"2002","Chile","CHL","Natural","Meteorological","Extreme temperature","Cold wave","1","25000","","","","57.341840154078"
"2002","China","CHN","Natural","Climatological","Drought","Drought","3","64560000","","1210000000","2110152023","57.341840154078"
"2002","China","CHN","Natural","Geophysical","Earthquake","Ground movement","2","65878","2","","","57.341840154078"
"2002","China","CHN","Natural","Hydrological","Flood","Coastal flood","1","15","61","","","57.341840154078"
"2002","China","CHN","Natural","Hydrological","Flood","Flash flood","1","80035257","793","3100000000","5406174604","57.341840154078"
"2002","China","CHN","Natural","Hydrological","Flood","Flood (General)","2","6347001","187","590000000","1028917102","57.341840154078"
"2002","China","CHN","Natural","Hydrological","Flood","Riverine flood","6","26873423","205","1038800000","1811591671","57.341840154078"
"2002","China","CHN","Natural","Hydrological","Mass movement (wet)","Landslide (wet)","4","11","63","","","57.341840154078"
"2002","China","CHN","Natural","Meteorological","Extreme temperature","Heat wave","1","3500","7","","","57.341840154078"
"2002","China","CHN","Natural","Meteorological","Storm","Hail","1","200","25","","","57.341840154078"
"2002","China","CHN","Natural","Meteorological","Storm","Sand/Dust storm","1","100000000","","","","57.341840154078"
"2002","China","CHN","Natural","Meteorological","Storm","Storm (General)","2","7002784","31","185000000","322626549","57.341840154078"
"2002","China","CHN","Natural","Meteorological","Storm","Tornado","1","220110","27","33000000","57549601","57.341840154078"
"2002","China","CHN","Natural","Meteorological","Storm","Tropical cyclone","1","180000","25","","","57.341840154078"
"2002","Colombia","COL","Natural","Hydrological","Flood","Flood (General)","1","1025","","","","57.341840154078"
"2002","Colombia","COL","Natural","Hydrological","Flood","Riverine flood","3","123513","65","","","57.341840154078"
"2002","Colombia","COL","Natural","Hydrological","Mass movement (wet)","Mudslide","1","2000","70","","","57.341840154078"
"2002","Congo","COG","Natural","Hydrological","Flood","Riverine flood","1","53000","","","","57.341840154078"
"2002","Costa Rica","CRI","Natural","Hydrological","Flood","Riverine flood","2","95040","10","1000000","1743927","57.341840154078"
"2002","Cuba","CUB","Natural","Hydrological","Flood","Riverine flood","1","35000","","","","57.341840154078"
"2002","Cuba","CUB","Natural","Meteorological","Storm","Tropical cyclone","2","323970","3","46000000","80220655","57.341840154078"
"2002","Czechia","CZE","Natural","Hydrological","Flood","Riverine flood","1","200000","18","2400000000","4185425500","57.341840154078"
"2002","Czechia","CZE","Natural","Meteorological","Storm","Extra-tropical storm","1","","2","20000000","34878546","57.341840154078"
"2002","Democratic People's Republic of Korea","PRK","Natural","Hydrological","Flood","Riverine flood","1","58443","","","","57.341840154078"
"2002","Democratic People's Republic of Korea","PRK","Natural","Meteorological","Storm","Tropical cyclone","1","7401","3","500000","871964","57.341840154078"
"2002","Democratic Republic of the Congo","COD","Natural","Geophysical","Volcanic activity","Ash fall","1","110400","200","9000000","15695346","57.341840154078"
"2002","Democratic Republic of the Congo","COD","Natural","Hydrological","Flood","Riverine flood","1","2540","40","","","57.341840154078"
"2002","Denmark","DNK","Natural","Meteorological","Storm","Extra-tropical storm","1","","1","","","57.341840154078"
"2002","Dominican Republic","DOM","Natural","Hydrological","Flood","Flood (General)","1","1750","3","500000","871964","57.341840154078"
"2002","Ecuador","ECU","Natural","Geophysical","Mass movement (dry)","Landslide (dry)","1","","60","","","57.341840154078"
"2002","Ecuador","ECU","Natural","Geophysical","Volcanic activity","Ash fall","2","149650","","","","57.341840154078"
"2002","Ecuador","ECU","Natural","Hydrological","Flood","Flood (General)","1","520","","3000000","5231782","57.341840154078"
"2002","Ecuador","ECU","Natural","Hydrological","Flood","Riverine flood","1","54113","31","13000000","22671055","57.341840154078"
"2002","Egypt","EGY","Natural","Geophysical","Earthquake","Ground movement","1","250","","","","57.341840154078"
"2002","Egypt","EGY","Natural","Hydrological","Flood","Flood (General)","1","70","14","","","57.341840154078"
"2002","Egypt","EGY","Natural","Hydrological","Flood","Riverine flood","1","800","4","","","57.341840154078"
"2002","El Salvador","SLV","Natural","Hydrological","Flood","Riverine flood","1","100","1","","","57.341840154078"
"2002","El Salvador","SLV","Natural","Meteorological","Storm","Tropical cyclone","1","500","","","","57.341840154078"
"2002","Ethiopia","ETH","Natural","Hydrological","Flood","Riverine flood","1","4000","22","","","57.341840154078"
"2002","France","FRA","Natural","Hydrological","Flood","Flash flood","2","12800","25","1190000000","2075273477","57.341840154078"
"2002","France","FRA","Natural","Meteorological","Storm","Extra-tropical storm","1","3","4","1000000","1743927","57.341840154078"
"2002","France","FRA","Natural","Meteorological","Storm","Storm (General)","1","250","1","","","57.341840154078"
"2002","Gambia","GMB","Natural","Climatological","Drought","Drought","1","","","","","57.341840154078"
"2002","Georgia","GEO","Natural","Geophysical","Earthquake","Ground movement","1","19156","6","350000000","610374552","57.341840154078"
"2002","Germany","DEU","Natural","Hydrological","Flood","Flood (General)","1","330108","27","11600000000","20229556584","57.341840154078"
"2002","Germany","DEU","Natural","Meteorological","Storm","Extra-tropical storm","1","","11","1800000000","3139069125","57.341840154078"
"2002","Germany","DEU","Natural","Meteorological","Storm","Storm (General)","2","19","11","250000000","435981823","57.341840154078"
"2002","Ghana","GHA","Natural","Hydrological","Flood","Riverine flood","2","2200","4","","","57.341840154078"
"2002","Greece","GRC","Natural","Geophysical","Earthquake","Ground movement","1","167","","","","57.341840154078"
"2002","Greece","GRC","Natural","Hydrological","Flood","Flood (General)","1","180","","","","57.341840154078"
"2002","Greece","GRC","Natural","Hydrological","Flood","Riverine flood","2","210","","","","57.341840154078"
"2002","Greece","GRC","Natural","Meteorological","Storm","Storm (General)","1","12","2","","","57.341840154078"
"2002","Grenada","GRD","Natural","Meteorological","Storm","Tropical cyclone","1","75","","","","57.341840154078"
"2002","Guam","GUM","Natural","Meteorological","Storm","Tropical cyclone","2","15144","1","130000000","226710548","57.341840154078"
"2002","Guatemala","GTM","Natural","Hydrological","Flood","Riverine flood","1","98740","","","","57.341840154078"
"2002","Guatemala","GTM","Natural","Hydrological","Mass movement (wet)","Mudslide","1","474","68","","","57.341840154078"
"2002","Guatemala","GTM","Natural","Meteorological","Storm","Tropical cyclone","1","1500","2","100000","174393","57.341840154078"
"2002","Guinea-Bissau","GNB","Natural","Climatological","Drought","Drought","1","100000","","","","57.341840154078"
"2002","Haiti","HTI","Natural","Hydrological","Flood","Flash flood","1","38339","31","1000000","1743927","57.341840154078"
"2002","Haiti","HTI","Natural","Meteorological","Storm","Tropical cyclone","1","250","4","","","57.341840154078"
"2002","Honduras","HND","Natural","Climatological","Drought","Drought","1","220000","","","","57.341840154078"
"2002","Honduras","HND","Natural","Hydrological","Flood","Coastal flood","1","1720","","","","57.341840154078"
"2002","Honduras","HND","Natural","Hydrological","Flood","Riverine flood","1","969","10","100000000","174392729","57.341840154078"
"2002","Hungary","HUN","Natural","Hydrological","Flood","Riverine flood","1","1430","","30000000","52317819","57.341840154078"
"2002","India","IND","Natural","Climatological","Drought","Drought","1","300000000","","910722000","1588232951","57.341840154078"
"2002","India","IND","Natural","Geophysical","Earthquake","Ground movement","1","200","2","","","57.341840154078"
"2002","India","IND","Natural","Hydrological","Flood","Flood (General)","1","200","20","","","57.341840154078"
"2002","India","IND","Natural","Hydrological","Flood","Riverine flood","5","42008050","715","50772000","88542676","57.341840154078"
"2002","India","IND","Natural","Meteorological","Extreme temperature","Cold wave","1","","900","","","57.341840154078"
"2002","India","IND","Natural","Meteorological","Extreme temperature","Heat wave","1","","1030","","","57.341840154078"
"2002","India","IND","Natural","Meteorological","Storm","Hail","1","10200","","","","57.341840154078"
"2002","India","IND","Natural","Meteorological","Storm","Lightning/Thunderstorms","1","","11","","","57.341840154078"
"2002","India","IND","Natural","Meteorological","Storm","Tropical cyclone","2","5050","133","416000","725474","57.341840154078"
"2002","Indonesia","IDN","Natural","Climatological","Wildfire","Forest fire","1","200","","","","57.341840154078"
"2002","Indonesia","IDN","Natural","Geophysical","Earthquake","Ground movement","3","2763","3","","","57.341840154078"
"2002","Indonesia","IDN","Natural","Geophysical","Earthquake","Tsunami","1","9082","8","","","57.341840154078"
"2002","Indonesia","IDN","Natural","Geophysical","Volcanic activity","Ash fall","1","5000","","","","57.341840154078"
"2002","Indonesia","IDN","Natural","Hydrological","Flood","Riverine flood","7","591570","230","351600000","613164836","57.341840154078"
"2002","Indonesia","IDN","Natural","Hydrological","Mass movement (wet)","Mudslide","1","5","32","","","57.341840154078"
"2002","Iran (Islamic Republic of)","IRN","Natural","Climatological","Wildfire","Land fire (Brush, Bush, Pasture)","1","","","","","57.341840154078"
"2002","Iran (Islamic Republic of)","IRN","Natural","Geophysical","Earthquake","Ground movement","5","147156","230","300000000","523178188","57.341840154078"
"2002","Iran (Islamic Republic of)","IRN","Natural","Hydrological","Flood","Riverine flood","3","204500","61","63060000","109972055","57.341840154078"
"2002","Ireland","IRL","Natural","Hydrological","Flood","Flash flood","1","300","","","","57.341840154078"
"2002","Italy","ITA","Natural","Climatological","Drought","Drought","1","","","","","57.341840154078"
"2002","Italy","ITA","Natural","Geophysical","Earthquake","Ground movement","3","9542","32","1296000000","2260129770","57.341840154078"
"2002","Italy","ITA","Natural","Hydrological","Flood","Flash flood","1","","","","","57.341840154078"
"2002","Italy","ITA","Natural","Hydrological","Flood","Flood (General)","1","20","","296000000","516202478","57.341840154078"
"2002","Italy","ITA","Natural","Hydrological","Flood","Riverine flood","1","10000","2","300000000","523178188","57.341840154078"
"2002","Jamaica","JAM","Natural","Hydrological","Flood","Riverine flood","1","25000","9","20000000","34878546","57.341840154078"
"2002","Jamaica","JAM","Natural","Meteorological","Storm","Tropical cyclone","2","1500","4","1030000","1796245","57.341840154078"
"2002","Japan","JPN","Natural","Climatological","Wildfire","Forest fire","1","222","","","","57.341840154078"
"2002","Japan","JPN","Natural","Meteorological","Storm","Storm (General)","3","228","2","20500000","35750509","57.341840154078"
"2002","Japan","JPN","Natural","Meteorological","Storm","Tropical cyclone","2","100597","5","5000000","8719636","57.341840154078"
"2002","Kenya","KEN","Natural","Hydrological","Flood","Flash flood","1","2000","12","","","57.341840154078"
"2002","Kenya","KEN","Natural","Hydrological","Flood","Riverine flood","3","173008","73","","","57.341840154078"
"2002","Kenya","KEN","Natural","Hydrological","Mass movement (wet)","Landslide (wet)","1","","16","","","57.341840154078"
"2002","Kyrgyzstan","KGZ","Natural","Hydrological","Mass movement (wet)","Landslide (wet)","1","1002","","1500000","2615891","57.341840154078"
"2002","Lao People's Democratic Republic","LAO","Natural","Hydrological","Flood","Riverine flood","1","150000","2","","","57.341840154078"
"2002","Lebanon","LBN","Natural","Meteorological","Storm","Storm (General)","1","500","","","","57.341840154078"
"2002","Lesotho","LSO","Natural","Climatological","Drought","Drought","1","500000","","","","57.341840154078"
"2002","Madagascar","MDG","Natural","Climatological","Drought","Drought","1","600000","","","","57.341840154078"
"2002","Madagascar","MDG","Natural","Meteorological","Storm","Tropical cyclone","2","528100","22","181000","315651","57.341840154078"
"2002","Malawi","MWI","Natural","Climatological","Drought","Drought","1","2829435","500","","","57.341840154078"
"2002","Malawi","MWI","Natural","Hydrological","Flood","Flood (General)","1","246340","8","","","57.341840154078"
"2002","Malawi","MWI","Natural","Hydrological","Flood","Riverine flood","1","150000","1","","","57.341840154078"
"2002","Malaysia","MYS","Natural","Hydrological","Mass movement (wet)","Landslide (wet)","1","","10","","","57.341840154078"
"2002","Malaysia","MYS","Natural","Meteorological","Storm","Lightning/Thunderstorms","1","155","2","","","57.341840154078"
"2002","Mali","MLI","Natural","Hydrological","Flood","Riverine flood","1","22519","2","","","57.341840154078"
"2002","Mauritania","MRT","Natural","Hydrological","Flood","Flood (General)","1","27500","25","","","57.341840154078"
"2002","Mauritius","MUS","Natural","Meteorological","Storm","Tropical cyclone","1","1050","3","50000000","87196365","57.341840154078"
"2002","Mexico","MEX","Natural","Climatological","Drought","Drought","1","","","210000000","366224731","57.341840154078"
"2002","Mexico","MEX","Natural","Geophysical","Volcanic activity","Ash fall","1","300","","","","57.341840154078"
"2002","Mexico","MEX","Natural","Hydrological","Flood","Flash flood","1","7000","27","","","57.341840154078"
"2002","Mexico","MEX","Natural","Hydrological","Flood","Riverine flood","1","","10","","","57.341840154078"
"2002","Mexico","MEX","Natural","Meteorological","Extreme temperature","Cold wave","1","","50","","","57.341840154078"
"2002","Mexico","MEX","Natural","Meteorological","Storm","Tropical cyclone","3","509530","16","840000000","1464898925","57.341840154078"
"2002","Micronesia (Federated States of)","FSM","Natural","Meteorological","Storm","Tropical cyclone","2","1623","47","500000","871964","57.341840154078"
"2002","Mongolia","MNG","Natural","Meteorological","Storm","Storm (General)","1","665000","3","","","57.341840154078"
"2002","Morocco","MAR","Natural","Hydrological","Flood","Riverine flood","1","15017","80","200000000","348785458","57.341840154078"
"2002","Mozambique","MOZ","Natural","Climatological","Drought","Drought","1","600000","9","","","57.341840154078"
"2002","Mozambique","MOZ","Natural","Hydrological","Flood","Riverine flood","1","500","","","","57.341840154078"
"2002","Mozambique","MOZ","Natural","Meteorological","Storm","Storm (General)","1","4017","3","","","57.341840154078"
"2002","Myanmar","MMR","Natural","Hydrological","Flood","Riverine flood","1","50000","21","","","57.341840154078"
"2002","Namibia","NAM","Natural","Climatological","Drought","Drought","1","345000","","","","57.341840154078"
"2002","Nepal","NPL","Natural","Hydrological","Mass movement (wet)","Landslide (wet)","1","265865","472","","","57.341840154078"
"2002","Nepal","NPL","Natural","Meteorological","Extreme temperature","Cold wave","1","200","60","","","57.341840154078"
"2002","Netherlands (Kingdom of the)","NLD","Natural","Meteorological","Storm","Extra-tropical storm","1","","4","300000000","523178188","57.341840154078"
"2002","New Zealand","NZL","Natural","Hydrological","Flood","Riverine flood","1","300","","500000","871964","57.341840154078"
"2002","Nicaragua","NIC","Natural","Climatological","Wildfire","Forest fire","1","16000","","","","57.341840154078"
"2002","Nicaragua","NIC","Natural","Hydrological","Flood","Riverine flood","1","13546","","50000","87196","57.341840154078"
"2002","Nicaragua","NIC","Natural","Meteorological","Storm","Tropical cyclone","1","300","2","1000000","1743927","57.341840154078"
"2002","Niger","NER","Natural","Meteorological","Storm","Storm (General)","1","1253","4","","","57.341840154078"
"2002","Nigeria","NGA","Natural","Hydrological","Flood","Flood (General)","1","200","","","","57.341840154078"
"2002","Nigeria","NGA","Natural","Meteorological","Extreme temperature","Heat wave","1","","60","","","57.341840154078"
"2002","North Macedonia","MKD","Natural","Hydrological","Flood","Riverine flood","1","1650","","","","57.341840154078"
"2002","Northern Mariana Islands","MNP","Natural","Meteorological","Storm","Tropical cyclone","1","300","","","","57.341840154078"
"2002","Pakistan","PAK","Natural","Geophysical","Earthquake","Ground movement","3","155847","39","","","57.341840154078"
"2002","Pakistan","PAK","Natural","Hydrological","Flood","Flash flood","1","","14","","","57.341840154078"
"2002","Pakistan","PAK","Natural","Hydrological","Flood","Flood (General)","1","1000","1","","","57.341840154078"
"2002","Pakistan","PAK","Natural","Hydrological","Flood","Riverine flood","1","3010","22","30000","52318","57.341840154078"
"2002","Pakistan","PAK","Natural","Meteorological","Extreme temperature","Cold wave","1","","","","","57.341840154078"
"2002","Pakistan","PAK","Natural","Meteorological","Extreme temperature","Heat wave","1","24","113","","","57.341840154078"
"2002","Pakistan","PAK","Natural","Meteorological","Storm","Severe weather","1","12","14","","","57.341840154078"
"2002","Panama","PAN","Natural","Hydrological","Flood","Riverine flood","2","26500","5","500000","871964","57.341840154078"
"2002","Papua New Guinea","PNG","Natural","Geophysical","Earthquake","Ground movement","2","5470","5","","","57.341840154078"
"2002","Papua New Guinea","PNG","Natural","Geophysical","Volcanic activity","Ash fall","1","13000","","","","57.341840154078"
"2002","Papua New Guinea","PNG","Natural","Hydrological","Mass movement (wet)","Landslide (wet)","1","174","36","","","57.341840154078"
"2002","Paraguay","PRY","Natural","Hydrological","Flood","Riverine flood","1","2765","","","","57.341840154078"
"2002","Paraguay","PRY","Natural","Meteorological","Storm","Hail","1","12500","","","","57.341840154078"
"2002","Peru","PER","Natural","Climatological","Drought","Drought","1","21500","","","","57.341840154078"
"2002","Peru","PER","Natural","Hydrological","Flood","Riverine flood","3","10868","23","","","57.341840154078"
"2002","Peru","PER","Natural","Meteorological","Storm","Blizzard/Winter storm","1","86682","59","","","57.341840154078"
"2002","Philippines","PHL","Natural","Climatological","Drought","Drought","1","","","453000","789999","57.341840154078"
"2002","Philippines","PHL","Natural","Geophysical","Earthquake","Ground movement","1","73451","15","1714000","2989091","57.341840154078"
"2002","Philippines","PHL","Natural","Hydrological","Flood","Coastal flood","2","10559","44","","","57.341840154078"
"2002","Philippines","PHL","Natural","Hydrological","Flood","Riverine flood","2","145008","46","1842000","3212314","57.341840154078"
"2002","Philippines","PHL","Natural","Meteorological","Storm","Storm (General)","3","268153","113","6870000","11980780","57.341840154078"
"2002","Philippines","PHL","Natural","Meteorological","Storm","Tropical cyclone","3","714041","102","6664000","11621531","57.341840154078"
"2002","Poland","POL","Natural","Meteorological","Extreme temperature","Cold wave","1","","183","","","57.341840154078"
"2002","Poland","POL","Natural","Meteorological","Storm","Extra-tropical storm","1","","3","50000","87196","57.341840154078"
"2002","Poland","POL","Natural","Meteorological","Storm","Storm (General)","1","","6","100000","174393","57.341840154078"
"2002","Portugal","PRT","Natural","Hydrological","Flood","Riverine flood","1","252","1","","","57.341840154078"
"2002","Republic of Korea","KOR","Natural","Hydrological","Flood","Riverine flood","1","4007","21","345000000","601654916","57.341840154078"
"2002","Republic of Korea","KOR","Natural","Meteorological","Storm","Storm (General)","2","","20","10000000","17439273","57.341840154078"
"2002","Republic of Korea","KOR","Natural","Meteorological","Storm","Tropical cyclone","1","88625","184","4200000000","7324494625","57.341840154078"
"2002","Republic of Moldova","MDA","Natural","Hydrological","Flood","Flood (General)","1","500","1","832000","1450948","57.341840154078"
"2002","Romania","ROU","Natural","Hydrological","Flood","Flash flood","2","4201","5","290000","505739","57.341840154078"
"2002","Romania","ROU","Natural","Hydrological","Flood","Riverine flood","1","15000","8","","","57.341840154078"
"2002","Romania","ROU","Natural","Meteorological","Extreme temperature","Cold wave","1","","10","","","57.341840154078"
"2002","Russian Federation","RUS","Natural","Climatological","Wildfire","Forest fire","3","120","","","","57.341840154078"
"2002","Russian Federation","RUS","Natural","Hydrological","Flood","Flash flood","1","330613","117","450000000","784767281","57.341840154078"
"2002","Russian Federation","RUS","Natural","Hydrological","Flood","Riverine flood","3","54000","83","96970000","169108629","57.341840154078"
"2002","Russian Federation","RUS","Natural","Hydrological","Mass movement (wet)","Avalanche (wet)","1","","122","","","57.341840154078"
"2002","Russian Federation","RUS","Natural","Meteorological","Extreme temperature","Cold wave","1","25062","242","","","57.341840154078"
"2002","Russian Federation","RUS","Natural","Meteorological","Storm","Storm (General)","1","","2","3000000","5231782","57.341840154078"
"2002","Russian Federation","RUS","Natural","Meteorological","Storm","Tropical cyclone","1","","6","","","57.341840154078"
"2002","Rwanda","RWA","Natural","Geophysical","Earthquake","Ground movement","1","1643","45","","","57.341840154078"
"2002","Rwanda","RWA","Natural","Hydrological","Flood","Riverine flood","1","20000","69","","","57.341840154078"
"2002","Réunion","REU","Natural","Meteorological","Storm","Tropical cyclone","1","3100","","50000000","87196365","57.341840154078"
"2002","Saint Vincent and the Grenadines","VCT","Natural","Meteorological","Storm","Tropical cyclone","1","1000","4","11000000","19183200","57.341840154078"
"2002","Saudi Arabia","SAU","Natural","Hydrological","Flood","Riverine flood","1","","19","","","57.341840154078"
"2002","Senegal","SEN","Natural","Climatological","Drought","Drought","1","284000","","","","57.341840154078"
"2002","Senegal","SEN","Natural","Hydrological","Flood","Riverine flood","1","179000","28","40979000","71464396","57.341840154078"
"2002","Serbia Montenegro","SCG","Natural","Geophysical","Earthquake","Ground movement","1","100","1","","","57.341840154078"
"2002","Serbia Montenegro","SCG","Natural","Hydrological","Flood","Flash flood","1","3900","2","","","57.341840154078"
"2002","Seychelles","SYC","Natural","Meteorological","Storm","Tropical cyclone","1","6800","","","","57.341840154078"
"2002","Slovakia","SVK","Natural","Hydrological","Flood","Riverine flood","1","","","3000000","5231782","57.341840154078"
"2002","Solomon Islands","SLB","Natural","Meteorological","Storm","Tropical cyclone","1","1110","","","","57.341840154078"
"2002","South Africa","ZAF","Natural","Climatological","Wildfire","Land fire (Brush, Bush, Pasture)","1","1500","3","","","57.341840154078"
"2002","South Africa","ZAF","Natural","Hydrological","Flood","Riverine flood","1","2500","16","","","57.341840154078"
"2002","South Africa","ZAF","Natural","Meteorological","Storm","Blizzard/Winter storm","1","100000","22","5000000","8719636","57.341840154078"
"2002","South Africa","ZAF","Natural","Meteorological","Storm","Severe weather","1","1000","","41000","71501","57.341840154078"
"2002","South Africa","ZAF","Natural","Meteorological","Storm","Storm (General)","1","150","","","","57.341840154078"
"2002","South Africa","ZAF","Natural","Meteorological","Storm","Tornado","1","66","1","9000000","15695346","57.341840154078"
"2002","Sri Lanka","LKA","Natural","Hydrological","Flood","Riverine flood","1","500000","2","","","57.341840154078"
"2002","Sudan","SDN","Natural","Hydrological","Flood","Flood (General)","1","100000","","","","57.341840154078"
"2002","Sudan","SDN","Natural","Meteorological","Storm","Lightning/Thunderstorms","1","","33","","","57.341840154078"
"2002","Sweden","SWE","Natural","Meteorological","Storm","Extra-tropical storm","1","","1","","","57.341840154078"
"2002","Switzerland","CHE","Natural","Hydrological","Mass movement (wet)","Mudslide","1","231","1","180000000","313906913","57.341840154078"
"2002","Switzerland","CHE","Natural","Meteorological","Storm","Extra-tropical storm","1","2","1","","","57.341840154078"
"2002","Syrian Arab Republic","SYR","Natural","Hydrological","Mass movement (wet)","Landslide (wet)","1","23","80","","","57.341840154078"
"2002","Taiwan (Province of China)","TWN","Natural","Geophysical","Earthquake","Ground movement","1","500","4","25000000","43598182","57.341840154078"
"2002","Taiwan (Province of China)","TWN","Natural","Meteorological","Storm","Storm (General)","1","","1","50000","87196","57.341840154078"
"2002","Tajikistan","TJK","Natural","Geophysical","Earthquake","Ground movement","2","1550","3","","","57.341840154078"
"2002","Tajikistan","TJK","Natural","Hydrological","Flood","Flash flood","1","1713","24","2836000","4945778","57.341840154078"
"2002","Tajikistan","TJK","Natural","Hydrological","Flood","Flood (General)","1","408","","","","57.341840154078"
"2002","Tajikistan","TJK","Natural","Hydrological","Flood","Riverine flood","2","2130","8","","","57.341840154078"
"2002","Thailand","THA","Natural","Climatological","Drought","Drought","1","5000000","","2300000","4011033","57.341840154078"
"2002","Thailand","THA","Natural","Hydrological","Flood","Flash flood","2","3290920","154","35827000","62479683","57.341840154078"
"2002","Thailand","THA","Natural","Hydrological","Mass movement (wet)","Landslide (wet)","1","33000","35","","","57.341840154078"
"2002","Thailand","THA","Natural","Meteorological","Storm","Hail","2","30204","1","2000000","3487855","57.341840154078"
"2002","Türkiye","TUR","Natural","Geophysical","Earthquake","Ground movement","1","252327","42","95000000","165673093","57.341840154078"
"2002","Türkiye","TUR","Natural","Hydrological","Flood","Riverine flood","1","3000","34","","","57.341840154078"
"2002","Türkiye","TUR","Natural","Meteorological","Storm","Storm (General)","1","","10","","","57.341840154078"
"2002","Uganda","UGA","Natural","Climatological","Drought","Drought","1","655000","79","","","57.341840154078"
"2002","Uganda","UGA","Natural","Hydrological","Flood","Flood (General)","1","100","","","","57.341840154078"
"2002","Uganda","UGA","Natural","Hydrological","Flood","Riverine flood","1","760","17","","","57.341840154078"
"2002","Uganda","UGA","Natural","Meteorological","Storm","Storm (General)","1","100","","","","57.341840154078"
"2002","United Kingdom of Great Britain and Northern Ireland","GBR","Natural","Hydrological","Flood","Flood (General)","1","200","1","","","57.341840154078"
"2002","United Kingdom of Great Britain and Northern Ireland","GBR","Natural","Hydrological","Flood","Riverine flood","2","870","","","","57.341840154078"
"2002","United Kingdom of Great Britain and Northern Ireland","GBR","Natural","Meteorological","Storm","Extra-tropical storm","1","","7","400000000","697570917","57.341840154078"
"2002","United Kingdom of Great Britain and Northern Ireland","GBR","Natural","Meteorological","Storm","Storm (General)","1","","7","50000","87196","57.341840154078"
"2002","United Republic of Tanzania","TZA","Natural","Geophysical","Earthquake","Ground movement","1","2000","2","","","57.341840154078"
"2002","United Republic of Tanzania","TZA","Natural","Hydrological","Flood","Riverine flood","1","1200","9","","","57.341840154078"
"2002","United States of America","USA","Natural","Climatological","Drought","Drought","1","","","3300000000","5754960063","57.341840154078"
"2002","United States of America","USA","Natural","Climatological","Wildfire","Forest fire","7","6488","","232100000","404765524","57.341840154078"
"2002","United States of America","USA","Natural","Climatological","Wildfire","Land fire (Brush, Bush, Pasture)","1","","","","","57.341840154078"
"2002","United States of America","USA","Natural","Hydrological","Flood","Riverine flood","4","147750","26","1089000000","1899136821","57.341840154078"
"2002","United States of America","USA","Natural","Meteorological","Extreme temperature","Heat wave","1","","14","","","57.341840154078"
"2002","United States of America","USA","Natural","Meteorological","Storm","Blizzard/Winter storm","4","","92","450500000","785639245","57.341840154078"
"2002","United States of America","USA","Natural","Meteorological","Storm","Storm (General)","4","801","48","600500000","1047228339","57.341840154078"
"2002","United States of America","USA","Natural","Meteorological","Storm","Tornado","5","4898","49","2924000000","5099243401","57.341840154078"
"2002","United States of America","USA","Natural","Meteorological","Storm","Tropical cyclone","2","13200","1","2300000000","4011032771","57.341840154078"
"2002","Uruguay","URY","Natural","Hydrological","Flood","Flood (General)","1","2500","","","","57.341840154078"
"2002","Uruguay","URY","Natural","Meteorological","Storm","Storm (General)","1","1500","2","25000000","43598182","57.341840154078"
"2002","Vanuatu","VUT","Natural","Geophysical","Earthquake","Ground movement","2","1003","","","","57.341840154078"
"2002","Vanuatu","VUT","Natural","Hydrological","Flood","Riverine flood","1","3001","","","","57.341840154078"
"2002","Venezuela (Bolivarian Republic of)","VEN","Natural","Hydrological","Flood","Riverine flood","1","55376","4","3000000","5231782","57.341840154078"
"2002","Viet Nam","VNM","Natural","Climatological","Drought","Drought","1","1300000","","200000000","348785458","57.341840154078"
"2002","Viet Nam","VNM","Natural","Climatological","Wildfire","Forest fire","1","","","","","57.341840154078"
"2002","Viet Nam","VNM","Natural","Hydrological","Flood","Riverine flood","3","1431816","147","84100000","146664285","57.341840154078"
"2002","Viet Nam","VNM","Natural","Meteorological","Storm","Lightning/Thunderstorms","1","1800","","100000","174393","57.341840154078"
"2002","Yemen","YEM","Natural","Hydrological","Flood","Flood (General)","1","700","2","","","57.341840154078"
"2002","Yemen","YEM","Natural","Hydrological","Flood","Riverine flood","3","","51","","","57.341840154078"
"2003","Afghanistan","AFG","Natural","Geophysical","Earthquake","Ground movement","1","1001","1","","","58.643552977853"
"2003","Afghanistan","AFG","Natural","Hydrological","Flood","Flash flood","4","1650","73","","","58.643552977853"
"2003","Afghanistan","AFG","Natural","Hydrological","Flood","Riverine flood","4","2103","63","","","58.643552977853"
"2003","Algeria","DZA","Natural","Geophysical","Earthquake","Ground movement","2","210461","2275","5000000000","8526086409","58.643552977853"
"2003","Algeria","DZA","Natural","Hydrological","Flood","Riverine flood","3","50","41","","","58.643552977853"
"2003","Algeria","DZA","Natural","Meteorological","Extreme temperature","Heat wave","1","","40","","","58.643552977853"
"2003","Algeria","DZA","Natural","Meteorological","Storm","Storm (General)","1","","13","","","58.643552977853"
"2003","American Samoa","ASM","Natural","Hydrological","Flood","Flash flood","1","3","6","50000000","85260864","58.643552977853"
"2003","Angola","AGO","Natural","Hydrological","Flood","Riverine flood","2","825","15","","","58.643552977853"
"2003","Argentina","ARG","Natural","Climatological","Drought","Drought","1","","","120000000","204626074","58.643552977853"
"2003","Argentina","ARG","Natural","Hydrological","Flood","Riverine flood","2","163000","27","1028210000","1753321461","58.643552977853"
"2003","Argentina","ARG","Natural","Meteorological","Storm","Lightning/Thunderstorms","1","900","12","","","58.643552977853"
"2003","Australia","AUS","Natural","Climatological","Wildfire","Forest fire","1","2650","4","300000000","511565185","58.643552977853"
"2003","Australia","AUS","Natural","Hydrological","Flood","Flash flood","3","450","","75000000","127891296","58.643552977853"
"2003","Australia","AUS","Natural","Hydrological","Flood","Riverine flood","1","20","1","2000000","3410435","58.643552977853"
"2003","Australia","AUS","Natural","Meteorological","Storm","Hail","2","1800","","","","58.643552977853"
"2003","Australia","AUS","Natural","Meteorological","Storm","Lightning/Thunderstorms","1","","","93000000","158585207","58.643552977853"
"2003","Australia","AUS","Natural","Meteorological","Storm","Storm (General)","1","","1","","","58.643552977853"
"2003","Australia","AUS","Natural","Meteorological","Storm","Tornado","1","270","","","","58.643552977853"
"2003","Austria","AUT","Natural","Meteorological","Extreme temperature","Heat wave","1","","345","280000000","477460839","58.643552977853"
"2003","Azerbaijan","AZE","Natural","Hydrological","Flood","Riverine flood","1","31500","","55000000","93786950","58.643552977853"
"2003","Bangladesh","BGD","Natural","Geophysical","Earthquake","Ground movement","1","2525","2","","","58.643552977853"
"2003","Bangladesh","BGD","Natural","Hydrological","Flood","Flash flood","1","500000","65","","","58.643552977853"
"2003","Bangladesh","BGD","Natural","Hydrological","Flood","Riverine flood","1","50000","187","","","58.643552977853"
"2003","Bangladesh","BGD","Natural","Meteorological","Extreme temperature","Cold wave","1","200","153","","","58.643552977853"
"2003","Bangladesh","BGD","Natural","Meteorological","Extreme temperature","Heat wave","1","","62","","","58.643552977853"
"2003","Bangladesh","BGD","Natural","Meteorological","Storm","Tropical cyclone","2","400","51","","","58.643552977853"
"2003","Belgium","BEL","Natural","Hydrological","Flood","Riverine flood","1","","","","","58.643552977853"
"2003","Belgium","BEL","Natural","Meteorological","Extreme temperature","Heat wave","1","","1175","","","58.643552977853"
"2003","Bermuda","BMU","Natural","Meteorological","Storm","Tropical cyclone","1","","4","300000000","511565185","58.643552977853"
"2003","Bolivia (Plurinational State of)","BOL","Natural","Hydrological","Flood","Flash flood","1","6025","4","","","58.643552977853"
"2003","Bolivia (Plurinational State of)","BOL","Natural","Hydrological","Flood","Riverine flood","2","51504","70","1000000","1705217","58.643552977853"
"2003","Bolivia (Plurinational State of)","BOL","Natural","Hydrological","Mass movement (wet)","Landslide (wet)","1","1001","69","","","58.643552977853"
"2003","Bosnia and Herzegovina","BIH","Natural","Climatological","Drought","Drought","1","62575","","140000000","238730419","58.643552977853"
"2003","Brazil","BRA","Natural","Hydrological","Flood","Riverine flood","5","205981","255","303000000","516680836","58.643552977853"
"2003","Burkina Faso","BFA","Natural","Hydrological","Flood","Riverine flood","1","12120","","","","58.643552977853"
"2003","Burundi","BDI","Natural","Climatological","Drought","Drought","1","","","","","58.643552977853"
"2003","Cameroon","CMR","Natural","Hydrological","Mass movement (wet)","Landslide (wet)","1","100","20","","","58.643552977853"
"2003","Canada","CAN","Natural","Climatological","Wildfire","Forest fire","1","","1","545000000","929343419","58.643552977853"
"2003","Canada","CAN","Natural","Hydrological","Flood","Flash flood","1","400","","10000000","17052173","58.643552977853"
"2003","Canada","CAN","Natural","Hydrological","Flood","Riverine flood","3","2070","4","25000000","42630432","58.643552977853"
"2003","Canada","CAN","Natural","Meteorological","Storm","Tropical cyclone","2","200","2","110000000","187573901","58.643552977853"
"2003","Central African Republic","CAF","Natural","Hydrological","Flood","Flash flood","1","240","","","","58.643552977853"
"2003","Chile","CHL","Natural","Climatological","Wildfire","Land fire (Brush, Bush, Pasture)","1","285","","","","58.643552977853"
"2003","China","CHN","Natural","Climatological","Drought","Drought","2","51000000","","","","58.643552977853"
"2003","China","CHN","Natural","Climatological","Wildfire","Forest fire","1","300","","","","58.643552977853"
"2003","China","CHN","Natural","Geophysical","Earthquake","Ground movement","11","3146942","317","500933000","854199609","58.643552977853"
"2003","China","CHN","Natural","Hydrological","Flood","Riverine flood","6","155924986","662","15329640000","26140367051","58.643552977853"
"2003","China","CHN","Natural","Hydrological","Mass movement (wet)","Landslide (wet)","2","","52","","","58.643552977853"
"2003","China","CHN","Natural","Meteorological","Storm","Hail","1","90100","1","","","58.643552977853"
"2003","China","CHN","Natural","Meteorological","Storm","Tornado","1","200162","2","","","58.643552977853"
"2003","China","CHN","Natural","Meteorological","Storm","Tropical cyclone","3","9189945","58","537938000","917301174","58.643552977853"
"2003","China, Hong Kong Special Administrative Region","HKG","Natural","Meteorological","Storm","Tropical cyclone","2","3533","4","","","58.643552977853"
"2003","Colombia","COL","Natural","Hydrological","Flood","Riverine flood","3","39752","80","","","58.643552977853"
"2003","Colombia","COL","Natural","Hydrological","Mass movement (wet)","Mudslide","1","779","35","","","58.643552977853"
"2003","Comoros","COM","Natural","Meteorological","Storm","Storm (General)","1","300","","","","58.643552977853"
"2003","Costa Rica","CRI","Natural","Geophysical","Earthquake","Ground movement","1","135","2","","","58.643552977853"
"2003","Costa Rica","CRI","Natural","Hydrological","Flood","Riverine flood","1","2500","1","","","58.643552977853"
"2003","Croatia","HRV","Natural","Climatological","Drought","Drought","1","","","330000000","562721703","58.643552977853"
"2003","Croatia","HRV","Natural","Climatological","Wildfire","Forest fire","1","","","20000000","34104346","58.643552977853"
"2003","Croatia","HRV","Natural","Meteorological","Extreme temperature","Heat wave","1","","788","","","58.643552977853"
"2003","Cuba","CUB","Natural","Hydrological","Flood","Riverine flood","1","600","","","","58.643552977853"
"2003","Cyprus","CYP","Natural","Meteorological","Storm","Tornado","1","30","","10000000","17052173","58.643552977853"
"2003","Czechia","CZE","Natural","Meteorological","Extreme temperature","Heat wave","1","","418","","","58.643552977853"
"2003","Democratic Republic of the Congo","COD","Natural","Hydrological","Flood","Riverine flood","2","1481","1","","","58.643552977853"
"2003","Democratic Republic of the Congo","COD","Natural","Meteorological","Storm","Lightning/Thunderstorms","1","73","11","","","58.643552977853"
"2003","Democratic Republic of the Congo","COD","Natural","Meteorological","Storm","Tropical cyclone","1","22500","17","","","58.643552977853"
"2003","Dominican Republic","DOM","Natural","Geophysical","Earthquake","Ground movement","1","2015","3","","","58.643552977853"
"2003","Dominican Republic","DOM","Natural","Hydrological","Flood","Coastal flood","1","65003","9","42620000","72676361","58.643552977853"
"2003","Dominican Republic","DOM","Natural","Hydrological","Flood","Riverine flood","1","460","1","2100000","3580956","58.643552977853"
"2003","Dominican Republic","DOM","Natural","Meteorological","Storm","Tropical cyclone","1","10000","8","","","58.643552977853"
"2003","Ecuador","ECU","Natural","Geophysical","Volcanic activity","Ash fall","1","25000","","","","58.643552977853"
"2003","Ecuador","ECU","Natural","Hydrological","Flood","Riverine flood","1","7905","","","","58.643552977853"
"2003","Eritrea","ERI","Natural","Hydrological","Flood","Riverine flood","1","","","","","58.643552977853"
"2003","Ethiopia","ETH","Natural","Climatological","Drought","Drought","1","12600000","","","","58.643552977853"
"2003","Ethiopia","ETH","Natural","Hydrological","Flood","Riverine flood","1","110000","119","","","58.643552977853"
"2003","Fiji","FJI","Natural","Meteorological","Storm","Tropical cyclone","1","30000","17","30000000","51156518","58.643552977853"
"2003","France","FRA","Natural","Climatological","Wildfire","Forest fire","1","3004","5","","","58.643552977853"
"2003","France","FRA","Natural","Hydrological","Flood","Flash flood","1","27000","9","1500000000","2557825923","58.643552977853"
"2003","France","FRA","Natural","Hydrological","Flood","Riverine flood","1","","1","","","58.643552977853"
"2003","France","FRA","Natural","Meteorological","Extreme temperature","Heat wave","1","","19490","4400000000","7502956040","58.643552977853"
"2003","France","FRA","Natural","Meteorological","Storm","Extra-tropical storm","1","","1","50000","85261","58.643552977853"
"2003","France","FRA","Natural","Meteorological","Storm","Storm (General)","1","70","5","","","58.643552977853"
"2003","Gambia","GMB","Natural","Meteorological","Storm","Storm (General)","1","8019","3","","","58.643552977853"
"2003","Germany","DEU","Natural","Meteorological","Extreme temperature","Heat wave","1","","9355","1650000000","2813608515","58.643552977853"
"2003","Germany","DEU","Natural","Meteorological","Storm","Extra-tropical storm","1","","5","300000000","511565185","58.643552977853"
"2003","Germany","DEU","Natural","Meteorological","Storm","Lightning/Thunderstorms","1","","10","","","58.643552977853"
"2003","Greece","GRC","Natural","Hydrological","Flood","Riverine flood","2","450","3","600000000","1023130369","58.643552977853"
"2003","Guatemala","GTM","Natural","Climatological","Wildfire","Forest fire","1","","","","","58.643552977853"
"2003","Guatemala","GTM","Natural","Hydrological","Mass movement (wet)","Landslide (wet)","1","220","22","","","58.643552977853"
"2003","Guinea-Bissau","GNB","Natural","Hydrological","Flood","Riverine flood","1","","","","","58.643552977853"
"2003","Haiti","HTI","Natural","Climatological","Drought","Drought","1","35000","","","","58.643552977853"
"2003","Haiti","HTI","Natural","Hydrological","Flood","Flash flood","1","12070","24","","","58.643552977853"
"2003","Haiti","HTI","Natural","Hydrological","Flood","Riverine flood","2","150320","38","","","58.643552977853"
"2003","Haiti","HTI","Natural","Meteorological","Storm","Storm (General)","1","155","26","","","58.643552977853"
"2003","Honduras","HND","Natural","Hydrological","Flood","Flood (General)","1","105","3","","","58.643552977853"
"2003","Honduras","HND","Natural","Hydrological","Flood","Riverine flood","1","3000","7","20000000","34104346","58.643552977853"
"2003","Hungary","HUN","Natural","Climatological","Drought","Drought","1","","","100000000","170521728","58.643552977853"
"2003","India","IND","Natural","Hydrological","Flood","Flash flood","2","45","193","","","58.643552977853"
"2003","India","IND","Natural","Hydrological","Flood","Riverine flood","4","7564500","259","169000000","288181721","58.643552977853"
"2003","India","IND","Natural","Hydrological","Mass movement (wet)","Avalanche (wet)","1","","25","","","58.643552977853"
"2003","India","IND","Natural","Meteorological","Extreme temperature","Cold wave","1","","400","","","58.643552977853"
"2003","India","IND","Natural","Meteorological","Extreme temperature","Heat wave","1","","1210","400000000","682086913","58.643552977853"
"2003","India","IND","Natural","Meteorological","Storm","Hail","1","485910","30","16000000","27283477","58.643552977853"
"2003","India","IND","Natural","Meteorological","Storm","Storm (General)","2","204","34","","","58.643552977853"
"2003","India","IND","Natural","Meteorological","Storm","Tropical cyclone","4","45200","100","28000000","47746084","58.643552977853"
"2003","Indonesia","IDN","Natural","Climatological","Drought","Drought","1","15000","","1000000","1705217","58.643552977853"
"2003","Indonesia","IDN","Natural","Geophysical","Earthquake","Ground movement","3","3249","1","","","58.643552977853"
"2003","Indonesia","IDN","Natural","Hydrological","Flood","Flash flood","2","16498","242","","","58.643552977853"
"2003","Indonesia","IDN","Natural","Hydrological","Flood","Flood (General)","2","3930","10","","","58.643552977853"
"2003","Indonesia","IDN","Natural","Hydrological","Flood","Riverine flood","4","418000","162","","","58.643552977853"
"2003","Indonesia","IDN","Natural","Hydrological","Mass movement (wet)","Landslide (wet)","4","231328","119","3961000","6754366","58.643552977853"
"2003","Iran (Islamic Republic of)","IRN","Natural","Geophysical","Earthquake","Ground movement","5","297049","26797","521666000","889553878","58.643552977853"
"2003","Iran (Islamic Republic of)","IRN","Natural","Hydrological","Flood","Riverine flood","1","1370","","838000","1428972","58.643552977853"
"2003","Iran (Islamic Republic of)","IRN","Natural","Hydrological","Mass movement (wet)","Avalanche (wet)","1","4","20","","","58.643552977853"
"2003","Italy","ITA","Natural","Geophysical","Earthquake","Ground movement","1","232","","561352000","957227132","58.643552977853"
"2003","Italy","ITA","Natural","Hydrological","Flood","Flash flood","1","350","2","655000000","1116917320","58.643552977853"
"2003","Italy","ITA","Natural","Hydrological","Flood","Riverine flood","1","1000","1","150000000","255782592","58.643552977853"
"2003","Italy","ITA","Natural","Meteorological","Extreme temperature","Heat wave","1","","20089","4400000000","7502956040","58.643552977853"
"2003","Japan","JPN","Natural","Geophysical","Earthquake","Ground movement","3","21267","2","1207000000","2058197259","58.643552977853"
"2003","Japan","JPN","Natural","Hydrological","Flood","Riverine flood","1","814","23","7000000","11936521","58.643552977853"
"2003","Japan","JPN","Natural","Meteorological","Storm","Tropical cyclone","2","2403","21","105000000","179047815","58.643552977853"
"2003","Kazakhstan","KAZ","Natural","Geophysical","Earthquake","Ground movement","1","36626","3","","","58.643552977853"
"2003","Kenya","KEN","Natural","Hydrological","Flood","Riverine flood","2","60300","40","","","58.643552977853"
"2003","Kyrgyzstan","KGZ","Natural","Hydrological","Mass movement (wet)","Landslide (wet)","1","211","38","","","58.643552977853"
"2003","Latvia","LVA","Natural","Meteorological","Extreme temperature","Cold wave","1","","15","","","58.643552977853"
"2003","Lebanon","LBN","Natural","Hydrological","Flood","Riverine flood","1","17000","","","","58.643552977853"
"2003","Luxembourg","LUX","Natural","Meteorological","Extreme temperature","Heat wave","1","","170","","","58.643552977853"
"2003","Madagascar","MDG","Natural","Hydrological","Flood","Riverine flood","1","23370","16","150000000","255782592","58.643552977853"
"2003","Madagascar","MDG","Natural","Meteorological","Storm","Tropical cyclone","3","162750","89","","","58.643552977853"
"2003","Malawi","MWI","Natural","Hydrological","Flood","Coastal flood","1","18500","8","","","58.643552977853"
"2003","Malawi","MWI","Natural","Hydrological","Flood","Flash flood","1","1000","4","","","58.643552977853"
"2003","Malaysia","MYS","Natural","Hydrological","Flood","Flash flood","1","3000","5","","","58.643552977853"
"2003","Malaysia","MYS","Natural","Hydrological","Flood","Riverine flood","2","15800","3","","","58.643552977853"
"2003","Mali","MLI","Natural","Hydrological","Flood","Riverine flood","1","10000","","","","58.643552977853"
"2003","Mauritania","MRT","Natural","Hydrological","Flood","Riverine flood","1","21000","9","","","58.643552977853"
"2003","Mexico","MEX","Natural","Climatological","Wildfire","Forest fire","1","","","","","58.643552977853"
"2003","Mexico","MEX","Natural","Geophysical","Earthquake","Ground movement","1","178603","29","116300000","198316770","58.643552977853"
"2003","Mexico","MEX","Natural","Hydrological","Flood","Coastal flood","1","50000","2","","","58.643552977853"
"2003","Mexico","MEX","Natural","Hydrological","Flood","Flash flood","1","800","","","","58.643552977853"
"2003","Mexico","MEX","Natural","Hydrological","Flood","Riverine flood","1","3050","4","","","58.643552977853"
"2003","Mexico","MEX","Natural","Hydrological","Mass movement (wet)","Landslide (wet)","1","200","10","","","58.643552977853"
"2003","Mexico","MEX","Natural","Meteorological","Extreme temperature","Cold wave","1","","21","","","58.643552977853"
"2003","Mexico","MEX","Natural","Meteorological","Storm","Tropical cyclone","2","9000","4","100000000","170521728","58.643552977853"
"2003","Micronesia (Federated States of)","FSM","Natural","Meteorological","Storm","Tropical cyclone","1","1000","","","","58.643552977853"
"2003","Mongolia","MNG","Natural","Hydrological","Flood","Flash flood","1","1650","15","270000","460409","58.643552977853"
"2003","Morocco","MAR","Natural","Hydrological","Flood","Flash flood","1","10000","35","","","58.643552977853"
"2003","Mozambique","MOZ","Natural","Climatological","Drought","Drought","1","119500","9","","","58.643552977853"
"2003","Mozambique","MOZ","Natural","Hydrological","Flood","Coastal flood","1","100003","4","","","58.643552977853"
"2003","Mozambique","MOZ","Natural","Hydrological","Flood","Riverine flood","2","415000","34","","","58.643552977853"
"2003","Mozambique","MOZ","Natural","Meteorological","Storm","Tropical cyclone","1","23010","11","","","58.643552977853"
"2003","Namibia","NAM","Natural","Hydrological","Flood","Flash flood","1","12000","2","","","58.643552977853"
"2003","Nepal","NPL","Natural","Hydrological","Flood","Riverine flood","1","59254","239","","","58.643552977853"
"2003","Nepal","NPL","Natural","Meteorological","Extreme temperature","Cold wave","1","","48","","","58.643552977853"
"2003","Netherlands (Kingdom of the)","NLD","Natural","Meteorological","Extreme temperature","Heat wave","1","","965","","","58.643552977853"
"2003","New Caledonia","NCL","Natural","Meteorological","Storm","Tropical cyclone","1","1100","2","40000000","68208691","58.643552977853"
"2003","New Zealand","NZL","Natural","Meteorological","Storm","Storm (General)","1","","2","3000000","5115652","58.643552977853"
"2003","Niger","NER","Natural","Hydrological","Flood","Riverine flood","1","30000","7","","","58.643552977853"
"2003","Nigeria","NGA","Natural","Hydrological","Flood","Riverine flood","1","210000","16","2570000","4382408","58.643552977853"
"2003","North Macedonia","MKD","Natural","Hydrological","Flood","Flash flood","1","750","","","","58.643552977853"
"2003","North Macedonia","MKD","Natural","Hydrological","Flood","Riverine flood","1","4000","2","","","58.643552977853"
"2003","Northern Mariana Islands","MNP","Natural","Geophysical","Volcanic activity","Ash fall","1","","","","","58.643552977853"
"2003","Oman","OMN","Natural","Meteorological","Storm","Storm (General)","1","","30","1000000","1705217","58.643552977853"
"2003","Pakistan","PAK","Natural","Hydrological","Flood","Flash flood","1","20","36","","","58.643552977853"
"2003","Pakistan","PAK","Natural","Hydrological","Flood","Riverine flood","2","1266223","230","","","58.643552977853"
"2003","Pakistan","PAK","Natural","Hydrological","Mass movement (wet)","Landslide (wet)","1","","12","","","58.643552977853"
"2003","Pakistan","PAK","Natural","Meteorological","Extreme temperature","Heat wave","1","","200","","","58.643552977853"
"2003","Pakistan","PAK","Natural","Meteorological","Storm","Storm (General)","1","2557","51","","","58.643552977853"
"2003","Panama","PAN","Natural","Geophysical","Earthquake","Ground movement","2","1415","2","","","58.643552977853"
"2003","Panama","PAN","Natural","Hydrological","Flood","Riverine flood","1","1000","","","","58.643552977853"
"2003","Papua New Guinea","PNG","Natural","Hydrological","Mass movement (wet)","Landslide (wet)","2","621","13","","","58.643552977853"
"2003","Peru","PER","Natural","Hydrological","Flood","Riverine flood","2","65462","22","","","58.643552977853"
"2003","Peru","PER","Natural","Meteorological","Extreme temperature","Cold wave","1","1839888","339","","","58.643552977853"
"2003","Philippines","PHL","Natural","Hydrological","Flood","Flash flood","1","3500","","","","58.643552977853"
"2003","Philippines","PHL","Natural","Hydrological","Mass movement (wet)","Landslide (wet)","1","217988","255","7000000","11936521","58.643552977853"
"2003","Philippines","PHL","Natural","Meteorological","Storm","Storm (General)","2","35445","2","73000","124481","58.643552977853"
"2003","Philippines","PHL","Natural","Meteorological","Storm","Tropical cyclone","6","430816","93","35229000","60073100","58.643552977853"
"2003","Portugal","PRT","Natural","Climatological","Wildfire","Forest fire","1","150000","14","1730000000","2950025897","58.643552977853"
"2003","Portugal","PRT","Natural","Hydrological","Flood","Riverine flood","1","36","","","","58.643552977853"
"2003","Portugal","PRT","Natural","Meteorological","Extreme temperature","Heat wave","1","","2696","","","58.643552977853"
"2003","Puerto Rico","PRI","Natural","Hydrological","Flood","Riverine flood","1","2405","2","","","58.643552977853"
"2003","Puerto Rico","PRI","Natural","Meteorological","Storm","Tropical cyclone","1","100","","","","58.643552977853"
"2003","Republic of Korea","KOR","Natural","Meteorological","Storm","Tropical cyclone","1","80000","130","4500000000","7673477768","58.643552977853"
"2003","Romania","ROU","Natural","Hydrological","Flood","Flash flood","2","850","5","","","58.643552977853"
"2003","Romania","ROU","Natural","Hydrological","Flood","Riverine flood","1","","","","","58.643552977853"
"2003","Russian Federation","RUS","Natural","Climatological","Drought","Drought","1","1000000","","","","58.643552977853"
"2003","Russian Federation","RUS","Natural","Climatological","Wildfire","Forest fire","1","","","","","58.643552977853"
"2003","Russian Federation","RUS","Natural","Geophysical","Earthquake","Ground movement","1","1805","3","10600000","18075303","58.643552977853"
"2003","Russian Federation","RUS","Natural","Hydrological","Flood","Riverine flood","1","600","","","","58.643552977853"
"2003","Russian Federation","RUS","Natural","Meteorological","Storm","Tropical cyclone","1","","","","","58.643552977853"
"2003","Rwanda","RWA","Natural","Climatological","Drought","Drought","1","1000000","","","","58.643552977853"
"2003","Rwanda","RWA","Natural","Hydrological","Flood","Riverine flood","1","7016","","","","58.643552977853"
"2003","Saudi Arabia","SAU","Natural","Hydrological","Flood","Riverine flood","2","13050","12","","","58.643552977853"
"2003","Senegal","SEN","Natural","Hydrological","Flood","Riverine flood","1","7769","8","","","58.643552977853"
"2003","Slovakia","SVK","Natural","Meteorological","Extreme temperature","Heat wave","1","","","150000000","255782592","58.643552977853"
"2003","Slovenia","SVN","Natural","Meteorological","Extreme temperature","Heat wave","1","","289","80000000","136417383","58.643552977853"
"2003","Solomon Islands","SLB","Natural","Meteorological","Storm","Tropical cyclone","2","425","","","","58.643552977853"
"2003","Somalia","SOM","Natural","Hydrological","Flood","Riverine flood","2","300","1","","","58.643552977853"
"2003","South Africa","ZAF","Natural","Hydrological","Flood","Riverine flood","1","500","1","","","58.643552977853"
"2003","South Africa","ZAF","Natural","Meteorological","Storm","Storm (General)","1","600","","","","58.643552977853"
"2003","Spain","ESP","Natural","Climatological","Wildfire","Forest fire","1","200","5","","","58.643552977853"
"2003","Spain","ESP","Natural","Meteorological","Extreme temperature","Heat wave","1","","15090","880000000","1500591208","58.643552977853"
"2003","Sri Lanka","LKA","Natural","Hydrological","Flood","Flash flood","1","695000","235","29000000","49451301","58.643552977853"
"2003","Sudan","SDN","Natural","Hydrological","Flood","Riverine flood","1","325056","20","184000000","313759980","58.643552977853"
"2003","Switzerland","CHE","Natural","Meteorological","Extreme temperature","Heat wave","1","","1039","280000000","477460839","58.643552977853"
"2003","Switzerland","CHE","Natural","Meteorological","Storm","Extra-tropical storm","1","7","1","5000000","8526086","58.643552977853"
"2003","Taiwan (Province of China)","TWN","Natural","Meteorological","Storm","Tropical cyclone","1","","3","","","58.643552977853"
"2003","Tajikistan","TJK","Natural","Hydrological","Flood","Riverine flood","1","1755","6","20000000","34104346","58.643552977853"
"2003","Tajikistan","TJK","Natural","Hydrological","Mass movement (wet)","Landslide (wet)","1","181","","","","58.643552977853"
"2003","Tajikistan","TJK","Natural","Hydrological","Mass movement (wet)","Mudslide","1","6000","1","41000000","69913909","58.643552977853"
"2003","Thailand","THA","Natural","Hydrological","Flood","Flash flood","1","104700","6","1400000","2387304","58.643552977853"
"2003","Thailand","THA","Natural","Hydrological","Flood","Riverine flood","2","3000","3","25000000","42630432","58.643552977853"
"2003","Thailand","THA","Natural","Meteorological","Storm","Hail","1","5000","","","","58.643552977853"
"2003","Timor-Leste","TLS","Natural","Hydrological","Flood","Flood (General)","1","450","","","","58.643552977853"
"2003","Timor-Leste","TLS","Natural","Hydrological","Flood","Riverine flood","1","600","3","","","58.643552977853"
"2003","Tunisia","TUN","Natural","Hydrological","Flood","Riverine flood","1","27000","8","","","58.643552977853"
"2003","Türkiye","TUR","Natural","Geophysical","Earthquake","Ground movement","3","290930","177","135000000","230204333","58.643552977853"
"2003","Uganda","UGA","Natural","Hydrological","Flood","Riverine flood","2","2200","25","","","58.643552977853"
"2003","Ukraine","UKR","Natural","Hydrological","Flood","Riverine flood","1","600","","","","58.643552977853"
"2003","United Kingdom of Great Britain and Northern Ireland","GBR","Natural","Meteorological","Extreme temperature","Heat wave","1","","301","","","58.643552977853"
"2003","United Republic of Tanzania","TZA","Natural","Climatological","Drought","Drought","1","1900000","","","","58.643552977853"
"2003","United Republic of Tanzania","TZA","Natural","Hydrological","Flood","Riverine flood","1","2000","","","","58.643552977853"
"2003","United States of America","USA","Natural","Climatological","Wildfire","Forest fire","3","27894","18","3500000000","5968260486","58.643552977853"
"2003","United States of America","USA","Natural","Geophysical","Earthquake","Ground movement","1","160","2","200000000","341043456","58.643552977853"
"2003","United States of America","USA","Natural","Hydrological","Flood","Flash flood","1","","18","","","58.643552977853"
"2003","United States of America","USA","Natural","Hydrological","Flood","Riverine flood","3","3200","6","123000000","209741726","58.643552977853"
"2003","United States of America","USA","Natural","Hydrological","Mass movement (wet)","Mudslide","1","15","15","","","58.643552977853"
"2003","United States of America","USA","Natural","Meteorological","Storm","Blizzard/Winter storm","4","120","74","225000000","383673888","58.643552977853"
"2003","United States of America","USA","Natural","Meteorological","Storm","Storm (General)","4","1297","27","2500000000","4263043204","58.643552977853"
"2003","United States of America","USA","Natural","Meteorological","Storm","Tornado","4","17226","51","9000000000","15346955536","58.643552977853"
"2003","United States of America","USA","Natural","Meteorological","Storm","Tropical cyclone","2","225004","20","3420000000","5831843104","58.643552977853"
"2003","Uruguay","URY","Natural","Hydrological","Flood","Riverine flood","1","200","","","","58.643552977853"
"2003","Venezuela (Bolivarian Republic of)","VEN","Natural","Hydrological","Flood","Riverine flood","2","650","1","","","58.643552977853"
"2003","Viet Nam","VNM","Natural","Hydrological","Flood","Coastal flood","1","221774","52","32000000","54566953","58.643552977853"
"2003","Viet Nam","VNM","Natural","Hydrological","Flood","Riverine flood","2","195049","76","73000000","124480862","58.643552977853"
"2003","Viet Nam","VNM","Natural","Meteorological","Storm","Tropical cyclone","1","5018","","","","58.643552977853"
"2003","Yemen","YEM","Natural","Hydrological","Flood","Riverine flood","1","","15","","","58.643552977853"
"2003","Zambia","ZMB","Natural","Hydrological","Flood","Riverine flood","2","11000","4","","","58.643552977853"
"2003","Zimbabwe","ZWE","Natural","Hydrological","Flood","Riverine flood","1","18000","2","200000000","341043456","58.643552977853"
"2003","Zimbabwe","ZWE","Natural","Meteorological","Storm","Tropical cyclone","1","","8","","","58.643552977853"
"2004","Afghanistan","AFG","Natural","Geophysical","Earthquake","Ground movement","1","1040","2","","","60.213579732933"
"2004","Afghanistan","AFG","Natural","Hydrological","Flood","Riverine flood","2","4500","16","","","60.213579732933"
"2004","Albania","ALB","Natural","Hydrological","Flood","Riverine flood","1","2500","","173000","287311","60.213579732933"
"2004","Albania","ALB","Natural","Meteorological","Extreme temperature","Heat wave","1","","3","","","60.213579732933"
"2004","Algeria","DZA","Natural","Geophysical","Earthquake","Ground movement","2","315","","","","60.213579732933"
"2004","Algeria","DZA","Natural","Hydrological","Flood","Flood (General)","1","20","19","","","60.213579732933"
"2004","Algeria","DZA","Natural","Hydrological","Flood","Riverine flood","1","27545","3","","","60.213579732933"
"2004","American Samoa","ASM","Natural","Meteorological","Storm","Tropical cyclone","1","23060","","150000000","249113241","60.213579732933"
"2004","Angola","AGO","Natural","Climatological","Drought","Drought","1","25000","","","","60.213579732933"
"2004","Angola","AGO","Natural","Hydrological","Flood","Riverine flood","3","333700","28","","","60.213579732933"
"2004","Argentina","ARG","Natural","Hydrological","Flood","Riverine flood","2","6307","5","","","60.213579732933"
"2004","Argentina","ARG","Natural","Meteorological","Extreme temperature","Cold wave","1","","5","","","60.213579732933"
"2004","Armenia","ARM","Natural","Hydrological","Flood","Riverine flood","1","","1","","","60.213579732933"
"2004","Australia","AUS","Natural","Biological","Infestation","Locust infestation","1","","","","","60.213579732933"
"2004","Australia","AUS","Natural","Hydrological","Flood","Riverine flood","3","3620","3","52500000","87189634","60.213579732933"
"2004","Australia","AUS","Natural","Meteorological","Storm","Storm (General)","3","645","3","60000000","99645296","60.213579732933"
"2004","Bahamas","BHS","Natural","Meteorological","Storm","Tropical cyclone","3","9000","12","1550000000","2574170157","60.213579732933"
"2004","Bangladesh","BGD","Natural","Geophysical","Earthquake","Tsunami","1","","2","500000000","830377470","60.213579732933"
"2004","Bangladesh","BGD","Natural","Hydrological","Flood","Flash flood","1","271700","11","","","60.213579732933"
"2004","Bangladesh","BGD","Natural","Hydrological","Flood","Riverine flood","2","36600000","750","2200000000","3653660868","60.213579732933"
"2004","Bangladesh","BGD","Natural","Meteorological","Storm","Storm (General)","2","1150","153","","","60.213579732933"
"2004","Bangladesh","BGD","Natural","Meteorological","Storm","Tornado","2","17050","86","","","60.213579732933"
"2004","Barbados","BRB","Natural","Meteorological","Storm","Tropical cyclone","1","880","1","5000000","8303775","60.213579732933"
"2004","Bhutan","BTN","Natural","Hydrological","Flood","Riverine flood","1","","","","","60.213579732933"
"2004","Bolivia (Plurinational State of)","BOL","Natural","Climatological","Drought","Drought","1","55000","","","","60.213579732933"
"2004","Bosnia and Herzegovina","BIH","Natural","Hydrological","Flood","Riverine flood","2","278000","","","","60.213579732933"
"2004","Botswana","BWA","Natural","Hydrological","Flood","Riverine flood","1","4960","","","","60.213579732933"
"2004","Brazil","BRA","Natural","Climatological","Drought","Drought","1","","","1650000000","2740245651","60.213579732933"
"2004","Brazil","BRA","Natural","Hydrological","Flood","Flash flood","1","3000","7","","","60.213579732933"
"2004","Brazil","BRA","Natural","Hydrological","Flood","Riverine flood","1","2254","28","370000","614479","60.213579732933"
"2004","Brazil","BRA","Natural","Meteorological","Extreme temperature","Cold wave","1","","","","","60.213579732933"
"2004","Brazil","BRA","Natural","Meteorological","Storm","Tropical cyclone","1","150060","4","350000000","581264229","60.213579732933"
"2004","Burkina Faso","BFA","Natural","Biological","Infestation","Locust infestation","1","","","","","60.213579732933"
"2004","Burundi","BDI","Natural","Geophysical","Earthquake","Ground movement","1","120","3","","","60.213579732933"
"2004","Burundi","BDI","Natural","Hydrological","Flood","Flash flood","1","10000","","","","60.213579732933"
"2004","Burundi","BDI","Natural","Meteorological","Storm","Storm (General)","2","15500","","","","60.213579732933"
"2004","Cabo Verde","CPV","Natural","Biological","Infestation","Locust infestation","1","","","","","60.213579732933"
"2004","Cambodia","KHM","Natural","Hydrological","Flood","Riverine flood","1","","","","","60.213579732933"
"2004","Canada","CAN","Natural","Hydrological","Flood","Flash flood","1","","","200000000","332150988","60.213579732933"
"2004","Canada","CAN","Natural","Hydrological","Flood","Riverine flood","1","1000","","","","60.213579732933"
"2004","Canada","CAN","Natural","Meteorological","Storm","Blizzard/Winter storm","2","","","100000000","166075494","60.213579732933"
"2004","Canary Islands","SPI","Natural","Meteorological","Extreme temperature","Heat wave","1","113","13","","","60.213579732933"
"2004","Cayman Islands","CYM","Natural","Meteorological","Storm","Tropical cyclone","2","","2","3435080000","5704826079","60.213579732933"
"2004","Central African Republic","CAF","Natural","Hydrological","Flood","Flash flood","1","12702","3","","","60.213579732933"
"2004","Chad","TCD","Natural","Biological","Infestation","Locust infestation","1","","","","","60.213579732933"
"2004","Chile","CHL","Natural","Hydrological","Flood","Riverine flood","1","9000","3","","","60.213579732933"
"2004","Chile","CHL","Natural","Meteorological","Extreme temperature","Cold wave","1","","","","","60.213579732933"
"2004","China","CHN","Natural","Geophysical","Earthquake","Ground movement","5","436930","4","124000000","205933613","60.213579732933"
"2004","China","CHN","Natural","Geophysical","Mass movement (dry)","Landslide (dry)","1","353","44","","","60.213579732933"
"2004","China","CHN","Natural","Hydrological","Flood","Flash flood","2","740","21","","","60.213579732933"
"2004","China","CHN","Natural","Hydrological","Flood","Riverine flood","7","42719599","429","1985500000","3297428933","60.213579732933"
"2004","China","CHN","Natural","Hydrological","Mass movement (wet)","Landslide (wet)","1","100","21","","","60.213579732933"
"2004","China","CHN","Natural","Meteorological","Extreme temperature","Heat wave","1","","39","","","60.213579732933"
"2004","China","CHN","Natural","Meteorological","Storm","Hail","2","640939","7","18700000","31056117","60.213579732933"
"2004","China","CHN","Natural","Meteorological","Storm","Storm (General)","2","47007","46","280000","465011","60.213579732933"
"2004","China","CHN","Natural","Meteorological","Storm","Tornado","1","562","6","4000000","6643020","60.213579732933"
"2004","China","CHN","Natural","Meteorological","Storm","Tropical cyclone","2","9103357","190","2195000000","3645357093","60.213579732933"
"2004","Colombia","COL","Natural","Geophysical","Earthquake","Ground movement","2","8538","1","","","60.213579732933"
"2004","Colombia","COL","Natural","Hydrological","Flood","Riverine flood","2","531482","115","","","60.213579732933"
"2004","Costa Rica","CRI","Natural","Geophysical","Earthquake","Ground movement","1","280","8","","","60.213579732933"
"2004","Costa Rica","CRI","Natural","Hydrological","Flood","Riverine flood","2","3056","2","","","60.213579732933"
"2004","Cuba","CUB","Natural","Climatological","Drought","Drought","1","","","3139000","5213110","60.213579732933"
"2004","Cuba","CUB","Natural","Meteorological","Storm","Tropical cyclone","2","247250","4","1200000000","1992905928","60.213579732933"
"2004","Cyprus","CYP","Natural","Meteorological","Storm","Storm (General)","1","10","","","","60.213579732933"
"2004","Democratic People's Republic of Korea","PRK","Natural","Hydrological","Flood","Riverine flood","2","199705","24","20000000","33215099","60.213579732933"
"2004","Djibouti","DJI","Natural","Hydrological","Flood","Flash flood","1","100000","51","","","60.213579732933"
"2004","Dominica","DMA","Natural","Geophysical","Earthquake","Ground movement","1","100","","","","60.213579732933"
"2004","Dominican Republic","DOM","Natural","Hydrological","Flood","Riverine flood","1","10002","688","","","60.213579732933"
"2004","Dominican Republic","DOM","Natural","Meteorological","Storm","Tropical cyclone","3","14259","15","297000000","493244217","60.213579732933"
"2004","Egypt","EGY","Natural","Meteorological","Storm","Storm (General)","1","42","13","","","60.213579732933"
"2004","Eritrea","ERI","Natural","Hydrological","Flood","Riverine flood","1","7013","","","","60.213579732933"
"2004","Fiji","FJI","Natural","Hydrological","Flood","Flash flood","1","600","","","","60.213579732933"
"2004","Fiji","FJI","Natural","Meteorological","Storm","Tropical cyclone","1","5000","16","4000000","6643020","60.213579732933"
"2004","France","FRA","Natural","Meteorological","Storm","Storm (General)","1","","11","","","60.213579732933"
"2004","Gambia","GMB","Natural","Biological","Infestation","Locust infestation","1","","","","","60.213579732933"
"2004","Gambia","GMB","Natural","Meteorological","Storm","Storm (General)","1","6137","2","","","60.213579732933"
"2004","Georgia","GEO","Natural","Hydrological","Flood","Riverine flood","2","90","1","2156000","3580588","60.213579732933"
"2004","Germany","DEU","Natural","Geophysical","Earthquake","Ground movement","1","150","","12000000","19929059","60.213579732933"
"2004","Germany","DEU","Natural","Meteorological","Storm","Storm (General)","1","","2","130000000","215898142","60.213579732933"
"2004","Greece","GRC","Natural","Meteorological","Storm","Storm (General)","2","","","340000000","564656680","60.213579732933"
"2004","Grenada","GRD","Natural","Meteorological","Storm","Tropical cyclone","1","113700","39","889000000","1476411142","60.213579732933"
"2004","Guadeloupe","GLP","Natural","Geophysical","Earthquake","Ground movement","1","153","1","","","60.213579732933"
"2004","Guam","GUM","Natural","Meteorological","Storm","Tropical cyclone","2","300","1","1000000","1660755","60.213579732933"
"2004","Guinea","GIN","Natural","Climatological","Wildfire","Land fire (Brush, Bush, Pasture)","1","777","","","","60.213579732933"
"2004","Guinea-Bissau","GNB","Natural","Hydrological","Flood","Riverine flood","1","1000","3","","","60.213579732933"
"2004","Haiti","HTI","Natural","Hydrological","Flood","Riverine flood","1","31283","2665","","","60.213579732933"
"2004","Haiti","HTI","Natural","Meteorological","Storm","Tropical cyclone","2","322094","2757","51000000","84698502","60.213579732933"
"2004","Honduras","HND","Natural","Climatological","Drought","Drought","1","137500","","","","60.213579732933"
"2004","Hungary","HUN","Natural","Hydrological","Flood","Riverine flood","1","393","","","","60.213579732933"
"2004","India","IND","Natural","Geophysical","Earthquake","Tsunami","1","654512","16389","1022800000","1698620153","60.213579732933"
"2004","India","IND","Natural","Hydrological","Flood","Flash flood","2","100000","193","","","60.213579732933"
"2004","India","IND","Natural","Hydrological","Flood","Riverine flood","4","33106000","1155","2776000000","4610255714","60.213579732933"
"2004","Indonesia","IDN","Natural","Geophysical","Earthquake","Ground movement","5","140833","108","68000000","112931336","60.213579732933"
"2004","Indonesia","IDN","Natural","Geophysical","Earthquake","Tsunami","1","532898","165708","4451600000","7393016691","60.213579732933"
"2004","Indonesia","IDN","Natural","Geophysical","Volcanic activity","Ash fall","4","43548","2","","","60.213579732933"
"2004","Indonesia","IDN","Natural","Hydrological","Flood","Riverine flood","1","13000","5","60000000","99645296","60.213579732933"
"2004","Indonesia","IDN","Natural","Hydrological","Mass movement (wet)","Landslide (wet)","4","5018","119","3500000","5812642","60.213579732933"
"2004","Indonesia","IDN","Natural","Meteorological","Storm","Severe weather","1","2400","4","","","60.213579732933"
"2004","Indonesia","IDN","Natural","Meteorological","Storm","Tropical cyclone","1","1315","","","","60.213579732933"
"2004","Iran (Islamic Republic of)","IRN","Natural","Geophysical","Earthquake","Ground movement","1","498","35","165000000","274024565","60.213579732933"
"2004","Iran (Islamic Republic of)","IRN","Natural","Hydrological","Flood","Flash flood","1","4043","34","","","60.213579732933"
"2004","Iran (Islamic Republic of)","IRN","Natural","Meteorological","Storm","Storm (General)","1","2500","","240000","398581","60.213579732933"
"2004","Ireland","IRL","Natural","Meteorological","Storm","Storm (General)","1","200","","","","60.213579732933"
"2004","Italy","ITA","Natural","Meteorological","Storm","Severe weather","1","200","2","","","60.213579732933"
"2004","Jamaica","JAM","Natural","Meteorological","Storm","Tropical cyclone","2","350126","16","895000000","1486375671","60.213579732933"
"2004","Japan","JPN","Natural","Geophysical","Earthquake","Ground movement","1","62183","40","28000000000","46501138322","60.213579732933"
"2004","Japan","JPN","Natural","Hydrological","Flood","Flash flood","1","25807","21","1950000000","3238472133","60.213579732933"
"2004","Japan","JPN","Natural","Hydrological","Flood","Riverine flood","1","2290","1","","","60.213579732933"
"2004","Japan","JPN","Natural","Meteorological","Extreme temperature","Heat wave","1","300","10","","","60.213579732933"
"2004","Japan","JPN","Natural","Meteorological","Storm","Tropical cyclone","8","331039","199","15143500000","25149642435","60.213579732933"
"2004","Kazakhstan","KAZ","Natural","Hydrological","Mass movement (wet)","Mudslide","1","","48","","","60.213579732933"
"2004","Kenya","KEN","Natural","Climatological","Drought","Drought","1","2300000","80","","","60.213579732933"
"2004","Kenya","KEN","Natural","Geophysical","Earthquake","Tsunami","1","","1","100000000","166075494","60.213579732933"
"2004","Kenya","KEN","Natural","Hydrological","Flood","Flash flood","1","2000","4","","","60.213579732933"
"2004","Kenya","KEN","Natural","Hydrological","Flood","Riverine flood","1","10000","50","","","60.213579732933"
"2004","Kyrgyzstan","KGZ","Natural","Hydrological","Mass movement (wet)","Avalanche (wet)","1","2","11","","","60.213579732933"
"2004","Kyrgyzstan","KGZ","Natural","Hydrological","Mass movement (wet)","Landslide (wet)","2","96","38","","","60.213579732933"
"2004","Madagascar","MDG","Natural","Meteorological","Storm","Tropical cyclone","2","1032429","395","250000000","415188735","60.213579732933"
"2004","Malaysia","MYS","Natural","Geophysical","Earthquake","Tsunami","1","5063","80","500000000","830377470","60.213579732933"
"2004","Malaysia","MYS","Natural","Hydrological","Flood","Riverine flood","3","31038","16","10000000","16607549","60.213579732933"
"2004","Malaysia","MYS","Natural","Meteorological","Storm","Storm (General)","2","41000","1","","","60.213579732933"
"2004","Maldives","MDV","Natural","Geophysical","Earthquake","Tsunami","1","27214","102","470100000","780720897","60.213579732933"
"2004","Mali","MLI","Natural","Biological","Infestation","Locust infestation","1","","","","","60.213579732933"
"2004","Mauritania","MRT","Natural","Biological","Infestation","Locust infestation","1","400000","","","","60.213579732933"
"2004","Mexico","MEX","Natural","Hydrological","Flood","Flash flood","1","3740","37","","","60.213579732933"
"2004","Mexico","MEX","Natural","Hydrological","Flood","Riverine flood","1","350","1","3600000","5978718","60.213579732933"
"2004","Mexico","MEX","Natural","Meteorological","Extreme temperature","Cold wave","1","","14","","","60.213579732933"
"2004","Micronesia (Federated States of)","FSM","Natural","Meteorological","Storm","Tropical cyclone","1","6008","1","","","60.213579732933"
"2004","Morocco","MAR","Natural","Biological","Infestation","Locust infestation","1","","","","","60.213579732933"
"2004","Morocco","MAR","Natural","Geophysical","Earthquake","Ground movement","1","13465","628","400000000","664301976","60.213579732933"
"2004","Myanmar","MMR","Natural","Geophysical","Earthquake","Tsunami","1","15700","71","500000000","830377470","60.213579732933"
"2004","Myanmar","MMR","Natural","Meteorological","Storm","Tropical cyclone","1","25000","236","688000","1142599","60.213579732933"
"2004","Namibia","NAM","Natural","Hydrological","Flood","Riverine flood","2","25000","","","","60.213579732933"
"2004","Nepal","NPL","Natural","Hydrological","Flood","Riverine flood","1","800015","185","","","60.213579732933"
"2004","New Zealand","NZL","Natural","Hydrological","Flood","Flash flood","2","5350","4","245000000","406884960","60.213579732933"
"2004","Nicaragua","NIC","Natural","Hydrological","Mass movement (wet)","Mudslide","1","5769","29","","","60.213579732933"
"2004","Nicaragua","NIC","Natural","Meteorological","Storm","Storm (General)","1","200","","","","60.213579732933"
"2004","Niger","NER","Natural","Biological","Infestation","Locust infestation","1","","","","","60.213579732933"
"2004","Nigeria","NGA","Natural","Biological","Infestation","Locust infestation","1","","","","","60.213579732933"
"2004","Nigeria","NGA","Natural","Hydrological","Flood","Flash flood","2","13600","90","","","60.213579732933"
"2004","Nigeria","NGA","Natural","Hydrological","Flood","Riverine flood","3","16300","4","","","60.213579732933"
"2004","Niue","NIU","Natural","Meteorological","Storm","Tropical cyclone","1","702","1","40000000","66430198","60.213579732933"
"2004","North Macedonia","MKD","Natural","Hydrological","Flood","Riverine flood","1","100000","","3600000","5978718","60.213579732933"
"2004","North Macedonia","MKD","Natural","Meteorological","Extreme temperature","Heat wave","1","","15","","","60.213579732933"
"2004","Northern Mariana Islands","MNP","Natural","Meteorological","Storm","Tropical cyclone","1","200","3","","","60.213579732933"
"2004","Pakistan","PAK","Natural","Geophysical","Earthquake","Ground movement","1","13148","24","","","60.213579732933"
"2004","Pakistan","PAK","Natural","Hydrological","Flood","Riverine flood","2","","5","","","60.213579732933"
"2004","Panama","PAN","Natural","Hydrological","Flood","Flash flood","1","11650","16","","","60.213579732933"
"2004","Panama","PAN","Natural","Hydrological","Flood","Riverine flood","2","11098","","","","60.213579732933"
"2004","Papua New Guinea","PNG","Natural","Geophysical","Volcanic activity","Ash fall","1","9600","","","","60.213579732933"
"2004","Papua New Guinea","PNG","Natural","Hydrological","Flood","Riverine flood","1","10000","","","","60.213579732933"
"2004","Paraguay","PRY","Natural","Meteorological","Extreme temperature","Cold wave","1","","","","","60.213579732933"
"2004","Peru","PER","Natural","Climatological","Drought","Drought","1","","","","","60.213579732933"
"2004","Peru","PER","Natural","Hydrological","Flood","Riverine flood","1","7500","","","","60.213579732933"
"2004","Peru","PER","Natural","Hydrological","Mass movement (wet)","Mudslide","1","76","11","","","60.213579732933"
"2004","Peru","PER","Natural","Meteorological","Extreme temperature","Cold wave","1","2137467","90","","","60.213579732933"
"2004","Philippines","PHL","Natural","Hydrological","Flood","Flash flood","1","1500","15","","","60.213579732933"
"2004","Philippines","PHL","Natural","Hydrological","Flood","Riverine flood","2","20194","34","","","60.213579732933"
"2004","Philippines","PHL","Natural","Hydrological","Mass movement (wet)","Landslide (wet)","1","6","8","","","60.213579732933"
"2004","Philippines","PHL","Natural","Meteorological","Storm","Tornado","1","4504","7","","","60.213579732933"
"2004","Philippines","PHL","Natural","Meteorological","Storm","Tropical cyclone","7","3236774","1854","138867000","230624056","60.213579732933"
"2004","Poland","POL","Natural","Hydrological","Flood","Riverine flood","1","600","1","","","60.213579732933"
"2004","Portugal","PRT","Natural","Climatological","Drought","Drought","1","","","1338136000","2222315972","60.213579732933"
"2004","Portugal","PRT","Natural","Climatological","Wildfire","Forest fire","1","","2","","","60.213579732933"
"2004","Puerto Rico","PRI","Natural","Hydrological","Flood","Riverine flood","1","","","","","60.213579732933"
"2004","Puerto Rico","PRI","Natural","Meteorological","Storm","Tropical cyclone","2","3500","2","100000000","166075494","60.213579732933"
"2004","Republic of Korea","KOR","Natural","Climatological","Wildfire","Forest fire","1","2155","","","","60.213579732933"
"2004","Republic of Korea","KOR","Natural","Hydrological","Flood","Riverine flood","2","4691","10","6595000","10952679","60.213579732933"
"2004","Republic of Korea","KOR","Natural","Meteorological","Storm","Blizzard/Winter storm","1","","","570000000","946630316","60.213579732933"
"2004","Republic of Korea","KOR","Natural","Meteorological","Storm","Tropical cyclone","3","2922","14","251000000","416849490","60.213579732933"
"2004","Romania","ROU","Natural","Hydrological","Flood","Flash flood","1","14000","6","","","60.213579732933"
"2004","Romania","ROU","Natural","Hydrological","Flood","Riverine flood","1","14128","4","","","60.213579732933"
"2004","Romania","ROU","Natural","Meteorological","Extreme temperature","Heat wave","1","","27","","","60.213579732933"
"2004","Romania","ROU","Natural","Meteorological","Storm","Hail","1","1200","7","","","60.213579732933"
"2004","Romania","ROU","Natural","Meteorological","Storm","Storm (General)","2","1200","5","","","60.213579732933"
"2004","Russian Federation","RUS","Natural","Climatological","Wildfire","Forest fire","1","1000","9","","","60.213579732933"
"2004","Russian Federation","RUS","Natural","Geophysical","Earthquake","Ground movement","1","138","","","","60.213579732933"
"2004","Russian Federation","RUS","Natural","Hydrological","Flood","Riverine flood","3","6520","18","56759000","94262790","60.213579732933"
"2004","Russian Federation","RUS","Natural","Meteorological","Storm","Hail","1","6000","","","","60.213579732933"
"2004","Russian Federation","RUS","Natural","Meteorological","Storm","Tropical cyclone","2","62","9","6000000","9964530","60.213579732933"
"2004","Saint Lucia","LCA","Natural","Meteorological","Storm","Tropical cyclone","1","","","500000","830377","60.213579732933"
"2004","Saint Vincent and the Grenadines","VCT","Natural","Meteorological","Storm","Tropical cyclone","1","1004","","40000000","66430198","60.213579732933"
"2004","Samoa","WSM","Natural","Meteorological","Storm","Tropical cyclone","1","","1","","","60.213579732933"
"2004","Saudi Arabia","SAU","Natural","Hydrological","Flood","Riverine flood","1","430","5","","","60.213579732933"
"2004","Senegal","SEN","Natural","Biological","Infestation","Locust infestation","1","","","","","60.213579732933"
"2004","Senegal","SEN","Natural","Meteorological","Storm","Storm (General)","1","1000","2","","","60.213579732933"
"2004","Seychelles","SYC","Natural","Geophysical","Earthquake","Tsunami","1","4830","3","30000000","49822648","60.213579732933"
"2004","Sierra Leone","SLE","Natural","Hydrological","Flood","Riverine flood","1","","10","","","60.213579732933"
"2004","Slovakia","SVK","Natural","Hydrological","Flood","Riverine flood","1","230","1","","","60.213579732933"
"2004","Slovakia","SVK","Natural","Meteorological","Storm","Storm (General)","1","10324","2","383300000","636567369","60.213579732933"
"2004","Slovenia","SVN","Natural","Geophysical","Earthquake","Ground movement","1","605","1","10000000","16607549","60.213579732933"
"2004","Somalia","SOM","Natural","Climatological","Drought","Drought","1","200000","","","","60.213579732933"
"2004","Somalia","SOM","Natural","Geophysical","Earthquake","Tsunami","1","105083","298","100000000","166075494","60.213579732933"
"2004","Somalia","SOM","Natural","Hydrological","Flood","Riverine flood","1","1500","","","","60.213579732933"
"2004","South Africa","ZAF","Natural","Climatological","Drought","Drought","1","15000000","","","","60.213579732933"
"2004","South Africa","ZAF","Natural","Hydrological","Flood","Riverine flood","1","15000","","","","60.213579732933"
"2004","Spain","ESP","Natural","Climatological","Wildfire","Forest fire","1","1100","3","3000000","4982265","60.213579732933"
"2004","Spain","ESP","Natural","Hydrological","Flood","Flash flood","1","600","","14285000","23723884","60.213579732933"
"2004","Spain","ESP","Natural","Meteorological","Extreme temperature","Heat wave","1","","26","","","60.213579732933"
"2004","Sri Lanka","LKA","Natural","Geophysical","Earthquake","Tsunami","1","1019306","35399","1316500000","2186383879","60.213579732933"
"2004","Sri Lanka","LKA","Natural","Hydrological","Flood","Riverine flood","1","200000","6","","","60.213579732933"
"2004","Sudan","SDN","Natural","Biological","Infestation","Locust infestation","1","","","","","60.213579732933"
"2004","Syrian Arab Republic","SYR","Natural","Meteorological","Storm","Blizzard/Winter storm","1","180","5","","","60.213579732933"
"2004","Taiwan (Province of China)","TWN","Natural","Meteorological","Storm","Tropical cyclone","5","8873","79","407710000","677106397","60.213579732933"
"2004","Tajikistan","TJK","Natural","Geophysical","Earthquake","Ground movement","1","180","","","","60.213579732933"
"2004","Tajikistan","TJK","Natural","Hydrological","Flood","Riverine flood","1","400000","","12000000","19929059","60.213579732933"
"2004","Thailand","THA","Natural","Geophysical","Earthquake","Tsunami","1","67007","8345","1000000000","1660754940","60.213579732933"
"2004","Thailand","THA","Natural","Hydrological","Flood","Flash flood","1","2000","2","","","60.213579732933"
"2004","Thailand","THA","Natural","Hydrological","Flood","Riverine flood","2","505000","11","175000000","290632115","60.213579732933"
"2004","Thailand","THA","Natural","Hydrological","Mass movement (wet)","Landslide (wet)","1","110","3","","","60.213579732933"
"2004","Thailand","THA","Natural","Meteorological","Storm","Storm (General)","1","5050","13","","","60.213579732933"
"2004","Thailand","THA","Natural","Meteorological","Storm","Tropical cyclone","1","4000","1","","","60.213579732933"
"2004","Tonga","TON","Natural","Meteorological","Storm","Tropical cyclone","1","","","","","60.213579732933"
"2004","Trinidad and Tobago","TTO","Natural","Hydrological","Mass movement (wet)","Mudslide","1","1200","2","","","60.213579732933"
"2004","Trinidad and Tobago","TTO","Natural","Meteorological","Storm","Tropical cyclone","1","560","1","1000000","1660755","60.213579732933"
"2004","Turks and Caicos Islands","TCA","Natural","Meteorological","Storm","Tropical cyclone","1","200","","","","60.213579732933"
"2004","Türkiye","TUR","Natural","Geophysical","Earthquake","Ground movement","3","36916","27","","","60.213579732933"
"2004","Türkiye","TUR","Natural","Hydrological","Flood","Flash flood","1","100","2","","","60.213579732933"
"2004","Türkiye","TUR","Natural","Hydrological","Flood","Riverine flood","1","50000","15","","","60.213579732933"
"2004","Türkiye","TUR","Natural","Meteorological","Extreme temperature","Cold wave","1","","10","","","60.213579732933"
"2004","Türkiye","TUR","Natural","Meteorological","Storm","Blizzard/Winter storm","1","721","14","","","60.213579732933"
"2004","Türkiye","TUR","Natural","Meteorological","Storm","Storm (General)","1","","8","","","60.213579732933"
"2004","Türkiye","TUR","Natural","Meteorological","Storm","Tornado","1","915","3","","","60.213579732933"
"2004","Uganda","UGA","Natural","Hydrological","Flood","Flood (General)","1","20000","","","","60.213579732933"
"2004","Uganda","UGA","Natural","Hydrological","Flood","Riverine flood","1","10000","","","","60.213579732933"
"2004","United Kingdom of Great Britain and Northern Ireland","GBR","Natural","Hydrological","Flood","Flash flood","1","1008","","96000000","159432474","60.213579732933"
"2004","United Republic of Tanzania","TZA","Natural","Climatological","Drought","Drought","1","254000","","","","60.213579732933"
"2004","United Republic of Tanzania","TZA","Natural","Geophysical","Earthquake","Tsunami","1","","10","","","60.213579732933"
"2004","United States Virgin Islands","VIR","Natural","Meteorological","Storm","Tropical cyclone","1","","","","","60.213579732933"
"2004","United States of America","USA","Natural","Climatological","Wildfire","Forest fire","3","15487","","","","60.213579732933"
"2004","United States of America","USA","Natural","Hydrological","Flood","Riverine flood","4","5340","1","505500000","839511622","60.213579732933"
"2004","United States of America","USA","Natural","Meteorological","Extreme temperature","Cold wave","1","","3","","","60.213579732933"
"2004","United States of America","USA","Natural","Meteorological","Storm","Blizzard/Winter storm","1","","56","60000000","99645296","60.213579732933"
"2004","United States of America","USA","Natural","Meteorological","Storm","Hail","2","6459","14","1100000000","1826830434","60.213579732933"
"2004","United States of America","USA","Natural","Meteorological","Storm","Lightning/Thunderstorms","2","1313","14","700170000","1162810786","60.213579732933"
"2004","United States of America","USA","Natural","Meteorological","Storm","Tornado","2","1938","9","302100000","501714067","60.213579732933"
"2004","United States of America","USA","Natural","Meteorological","Storm","Tropical cyclone","5","5070000","122","53062500000","88123809007","60.213579732933"
"2004","Uruguay","URY","Natural","Meteorological","Extreme temperature","Cold wave","1","2000","","","","60.213579732933"
"2004","Vanuatu","VUT","Natural","Meteorological","Storm","Tropical cyclone","1","54008","2","","","60.213579732933"
"2004","Venezuela (Bolivarian Republic of)","VEN","Natural","Hydrological","Flood","Riverine flood","1","4000","35","","","60.213579732933"
"2004","Venezuela (Bolivarian Republic of)","VEN","Natural","Meteorological","Storm","Tropical cyclone","1","1730","5","","","60.213579732933"
"2004","Viet Nam","VNM","Natural","Hydrological","Flood","Flash flood","1","18","53","8000000","13286040","60.213579732933"
"2004","Viet Nam","VNM","Natural","Hydrological","Flood","Riverine flood","2","35000","43","","","60.213579732933"
"2004","Viet Nam","VNM","Natural","Hydrological","Mass movement (wet)","Landslide (wet)","1","","23","","","60.213579732933"
"2004","Viet Nam","VNM","Natural","Meteorological","Storm","Tropical cyclone","2","500905","70","30000000","49822648","60.213579732933"
"2004","Zambia","ZMB","Natural","Hydrological","Flood","Riverine flood","1","196398","2","","","60.213579732933"
"2005","Afghanistan","AFG","Natural","Geophysical","Earthquake","Ground movement","2","501","6","50000","80313","62.256478529823"
"2005","Afghanistan","AFG","Natural","Hydrological","Flood","Riverine flood","8","18318","283","","","62.256478529823"
"2005","Afghanistan","AFG","Natural","Meteorological","Extreme temperature","Cold wave","1","","21","","","62.256478529823"
"2005","Afghanistan","AFG","Natural","Meteorological","Storm","Storm (General)","1","22656","260","5000000","8031293","62.256478529823"
"2005","Albania","ALB","Natural","Hydrological","Flood","Riverine flood","1","500","3","","","62.256478529823"
"2005","Albania","ALB","Natural","Meteorological","Storm","Blizzard/Winter storm","1","400000","2","","","62.256478529823"
"2005","Algeria","DZA","Natural","Hydrological","Flood","Flood (General)","1","1750","1","7256000","11655012","62.256478529823"
"2005","Algeria","DZA","Natural","Hydrological","Flood","Riverine flood","1","70","11","","","62.256478529823"
"2005","Algeria","DZA","Natural","Meteorological","Storm","Storm (General)","1","5","10","","","62.256478529823"
"2005","American Samoa","ASM","Natural","Meteorological","Storm","Tropical cyclone","1","","","","","62.256478529823"
"2005","Angola","AGO","Natural","Hydrological","Flood","Riverine flood","1","10000","","","","62.256478529823"
"2005","Argentina","ARG","Natural","Meteorological","Storm","Storm (General)","1","252","11","","","62.256478529823"
"2005","Australia","AUS","Natural","Climatological","Wildfire","Forest fire","1","220","12","40000000","64250341","62.256478529823"
"2005","Australia","AUS","Natural","Hydrological","Flood","Riverine flood","1","3000","3","58000000","93162995","62.256478529823"
"2005","Australia","AUS","Natural","Meteorological","Storm","Storm (General)","2","1200","1","42000000","67462858","62.256478529823"
"2005","Austria","AUT","Natural","Hydrological","Flood","Riverine flood","2","900","4","700000000","1124380975","62.256478529823"
"2005","Austria","AUT","Natural","Meteorological","Extreme temperature","Severe winter conditions","1","","","","","62.256478529823"
"2005","Bahamas","BHS","Natural","Meteorological","Storm","Tropical cyclone","1","1500","1","","","62.256478529823"
"2005","Bangladesh","BGD","Natural","Hydrological","Flood","Flash flood","2","150000","32","","","62.256478529823"
"2005","Bangladesh","BGD","Natural","Hydrological","Flood","Riverine flood","1","1000000","23","","","62.256478529823"
"2005","Bangladesh","BGD","Natural","Meteorological","Extreme temperature","Heat wave","1","","","","","62.256478529823"
"2005","Bangladesh","BGD","Natural","Meteorological","Extreme temperature","Severe winter conditions","1","1000","100","","","62.256478529823"
"2005","Bangladesh","BGD","Natural","Meteorological","Storm","Storm (General)","5","13606","74","","","62.256478529823"
"2005","Bangladesh","BGD","Natural","Meteorological","Storm","Tornado","1","11500","79","","","62.256478529823"
"2005","Bangladesh","BGD","Natural","Meteorological","Storm","Tropical cyclone","1","10500","24","","","62.256478529823"
"2005","Belgium","BEL","Natural","Hydrological","Flood","Flash flood","1","210","","","","62.256478529823"
"2005","Belgium","BEL","Natural","Meteorological","Extreme temperature","Cold wave","1","","2","","","62.256478529823"
"2005","Belgium","BEL","Natural","Meteorological","Extreme temperature","Severe winter conditions","1","","","","","62.256478529823"
"2005","Belize","BLZ","Natural","Meteorological","Storm","Tropical cyclone","2","","3","","","62.256478529823"
"2005","Bolivia (Plurinational State of)","BOL","Natural","Climatological","Wildfire","Forest fire","1","3000","","","","62.256478529823"
"2005","Bosnia and Herzegovina","BIH","Natural","Hydrological","Flood","Riverine flood","1","3100","","","","62.256478529823"
"2005","Bosnia and Herzegovina","BIH","Natural","Meteorological","Storm","Blizzard/Winter storm","1","","4","","","62.256478529823"
"2005","Brazil","BRA","Natural","Climatological","Drought","Drought","1","","","","","62.256478529823"
"2005","Brazil","BRA","Natural","Hydrological","Flood","Riverine flood","2","41000","47","","","62.256478529823"
"2005","Brazil","BRA","Natural","Meteorological","Storm","Tornado","1","344","2","","","62.256478529823"
"2005","Bulgaria","BGR","Natural","Hydrological","Flood","Riverine flood","5","13240","39","457000000","734060151","62.256478529823"
"2005","Bulgaria","BGR","Natural","Meteorological","Storm","Blizzard/Winter storm","1","","","","","62.256478529823"
"2005","Burundi","BDI","Natural","Climatological","Drought","Drought","1","2150000","120","","","62.256478529823"
"2005","Burundi","BDI","Natural","Hydrological","Flood","Flash flood","1","5000","","","","62.256478529823"
"2005","Cambodia","KHM","Natural","Climatological","Drought","Drought","1","600000","","","","62.256478529823"
"2005","Cambodia","KHM","Natural","Hydrological","Flood","Riverine flood","1","","16","","","62.256478529823"
"2005","Cameroon","CMR","Natural","Hydrological","Flood","Riverine flood","1","","2","","","62.256478529823"
"2005","Canada","CAN","Natural","Climatological","Wildfire","Forest fire","2","","","","","62.256478529823"
"2005","Canada","CAN","Natural","Hydrological","Flood","Riverine flood","2","5600","4","357000000","573434297","62.256478529823"
"2005","Canada","CAN","Natural","Meteorological","Storm","Storm (General)","1","300","","","","62.256478529823"
"2005","Canary Islands","SPI","Natural","Meteorological","Storm","Tropical cyclone","1","","19","375000000","602346951","62.256478529823"
"2005","Central African Republic","CAF","Natural","Hydrological","Flood","Riverine flood","1","23805","1","","","62.256478529823"
"2005","Chile","CHL","Natural","Geophysical","Earthquake","Ground movement","1","27645","11","5000000","8031293","62.256478529823"
"2005","Chile","CHL","Natural","Hydrological","Flood","Riverine flood","2","1348","5","","","62.256478529823"
"2005","Chile","CHL","Natural","Meteorological","Storm","Blizzard/Winter storm","1","112","45","","","62.256478529823"
"2005","China","CHN","Natural","Climatological","Drought","Drought","2","7774000","","","","62.256478529823"
"2005","China","CHN","Natural","Geophysical","Earthquake","Ground movement","2","634009","16","","","62.256478529823"
"2005","China","CHN","Natural","Hydrological","Flood","Flash flood","2","9267","125","49600000","79670423","62.256478529823"
"2005","China","CHN","Natural","Hydrological","Flood","Riverine flood","9","34742799","453","4611260000","7406875732","62.256478529823"
"2005","China","CHN","Natural","Meteorological","Extreme temperature","Heat wave","1","200","","","","62.256478529823"
"2005","China","CHN","Natural","Meteorological","Storm","Hail","2","90214","9","6000000","9637551","62.256478529823"
"2005","China","CHN","Natural","Meteorological","Storm","Storm (General)","5","9286572","79","465915000","748379945","62.256478529823"
"2005","China","CHN","Natural","Meteorological","Storm","Tornado","1","37","15","","","62.256478529823"
"2005","China","CHN","Natural","Meteorological","Storm","Tropical cyclone","6","31406008","323","6690000000","10745869599","62.256478529823"
"2005","Colombia","COL","Natural","Geophysical","Volcanic activity","Ash fall","1","","","","","62.256478529823"
"2005","Colombia","COL","Natural","Hydrological","Flood","Riverine flood","3","601866","180","10000000","16062585","62.256478529823"
"2005","Colombia","COL","Natural","Meteorological","Storm","Tropical cyclone","1","3074","","","","62.256478529823"
"2005","Comoros","COM","Natural","Geophysical","Volcanic activity","Ash fall","2","284000","1","","","62.256478529823"
"2005","Congo","COG","Natural","Hydrological","Flood","Riverine flood","1","2000","1","","","62.256478529823"
"2005","Cook Islands","COK","Natural","Meteorological","Storm","Tropical cyclone","1","608","","","","62.256478529823"
"2005","Costa Rica","CRI","Natural","Hydrological","Flood","Riverine flood","2","2998","5","25000000","40156463","62.256478529823"
"2005","Costa Rica","CRI","Natural","Meteorological","Storm","Tropical cyclone","1","1074","1","20000000","32125171","62.256478529823"
"2005","Croatia","HRV","Natural","Hydrological","Flood","Riverine flood","1","250","","","","62.256478529823"
"2005","Croatia","HRV","Natural","Meteorological","Extreme temperature","Severe winter conditions","1","","5","","","62.256478529823"
"2005","Croatia","HRV","Natural","Meteorological","Storm","Blizzard/Winter storm","1","","2","","","62.256478529823"
"2005","Cuba","CUB","Natural","Meteorological","Storm","Tropical cyclone","2","2600000","20","2100000000","3373142924","62.256478529823"
"2005","Czechia","CZE","Natural","Hydrological","Flood","Riverine flood","1","","1","","","62.256478529823"
"2005","Czechia","CZE","Natural","Meteorological","Extreme temperature","Severe winter conditions","1","","15","","","62.256478529823"
"2005","Czechia","CZE","Natural","Meteorological","Storm","Blizzard/Winter storm","1","3","","","","62.256478529823"
"2005","Democratic People's Republic of Korea","PRK","Natural","Hydrological","Flood","Flash flood","1","16298","193","","","62.256478529823"
"2005","Democratic Republic of the Congo","COD","Natural","Geophysical","Earthquake","Ground movement","1","1505","6","","","62.256478529823"
"2005","Democratic Republic of the Congo","COD","Natural","Meteorological","Storm","Storm (General)","1","5389","8","","","62.256478529823"
"2005","Denmark","DNK","Natural","Meteorological","Storm","Extra-tropical storm","1","150000","4","1300000000","2088136096","62.256478529823"
"2005","Djibouti","DJI","Natural","Climatological","Drought","Drought","1","150000","","","","62.256478529823"
"2005","Dominican Republic","DOM","Natural","Climatological","Wildfire","Forest fire","1","","","","","62.256478529823"
"2005","Dominican Republic","DOM","Natural","Hydrological","Flood","Flood (General)","1","1450","3","","","62.256478529823"
"2005","Dominican Republic","DOM","Natural","Meteorological","Storm","Tropical cyclone","1","1000","9","","","62.256478529823"
"2005","El Salvador","SLV","Natural","Geophysical","Earthquake","Ground movement","1","751","1","","","62.256478529823"
"2005","El Salvador","SLV","Natural","Geophysical","Volcanic activity","Ash fall","1","2000","2","","","62.256478529823"
"2005","El Salvador","SLV","Natural","Hydrological","Flood","Riverine flood","2","2332","48","","","62.256478529823"
"2005","El Salvador","SLV","Natural","Meteorological","Storm","Tropical cyclone","2","72141","69","355700000","571346161","62.256478529823"
"2005","Estonia","EST","Natural","Meteorological","Storm","Extra-tropical storm","1","5730","1","130000000","208813610","62.256478529823"
"2005","Eswatini","SWZ","Natural","Meteorological","Storm","Storm (General)","1","1150","","","","62.256478529823"
"2005","Ethiopia","ETH","Natural","Climatological","Drought","Drought","1","2600000","","","","62.256478529823"
"2005","Ethiopia","ETH","Natural","Geophysical","Volcanic activity","Ash fall","1","9000","","","","62.256478529823"
"2005","Ethiopia","ETH","Natural","Hydrological","Flood","Flash flood","2","235418","198","6200000","9958803","62.256478529823"
"2005","Ethiopia","ETH","Natural","Hydrological","Flood","Riverine flood","2","7000","13","","","62.256478529823"
"2005","Finland","FIN","Natural","Hydrological","Flood","Riverine flood","1","400","","","","62.256478529823"
"2005","France","FRA","Natural","Climatological","Wildfire","Forest fire","1","","2","10000000","16062585","62.256478529823"
"2005","France","FRA","Natural","Hydrological","Flood","Flash flood","2","4000","3","","","62.256478529823"
"2005","France","FRA","Natural","Meteorological","Extreme temperature","Cold wave","1","","6","","","62.256478529823"
"2005","France","FRA","Natural","Meteorological","Extreme temperature","Severe winter conditions","1","","2","","","62.256478529823"
"2005","Georgia","GEO","Natural","Hydrological","Flood","Riverine flood","1","2500","","","","62.256478529823"
"2005","Germany","DEU","Natural","Hydrological","Flood","Riverine flood","2","450","2","220000000","353376878","62.256478529823"
"2005","Germany","DEU","Natural","Meteorological","Extreme temperature","Cold wave","1","165","1","300000000","481877561","62.256478529823"
"2005","Germany","DEU","Natural","Meteorological","Storm","Extra-tropical storm","1","2","2","270000000","433689804","62.256478529823"
"2005","Grenada","GRD","Natural","Meteorological","Storm","Tropical cyclone","1","","1","44900000","72121008","62.256478529823"
"2005","Guatemala","GTM","Natural","Hydrological","Flood","Riverine flood","1","","","","","62.256478529823"
"2005","Guatemala","GTM","Natural","Hydrological","Mass movement (wet)","Landslide (wet)","2","2535","70","","","62.256478529823"
"2005","Guatemala","GTM","Natural","Meteorological","Storm","Tropical cyclone","1","475314","1513","988300000","1587465310","62.256478529823"
"2005","Guyana","GUY","Natural","Hydrological","Flood","Riverine flood","1","274774","34","465100000","747070845","62.256478529823"
"2005","Haiti","HTI","Natural","Hydrological","Flood","Flood (General)","2","2583","6","","","62.256478529823"
"2005","Haiti","HTI","Natural","Hydrological","Flood","Riverine flood","1","11500","11","","","62.256478529823"
"2005","Haiti","HTI","Natural","Meteorological","Storm","Tropical cyclone","5","27978","71","50500000","81116056","62.256478529823"
"2005","Honduras","HND","Natural","Hydrological","Flood","Riverine flood","1","800","8","","","62.256478529823"
"2005","Honduras","HND","Natural","Meteorological","Storm","Tropical cyclone","4","103869","53","115500000","185522861","62.256478529823"
"2005","Hungary","HUN","Natural","Hydrological","Flood","Riverine flood","2","","","48000000","77100410","62.256478529823"
"2005","Hungary","HUN","Natural","Meteorological","Extreme temperature","Severe winter conditions","1","","48","","","62.256478529823"
"2005","Hungary","HUN","Natural","Meteorological","Storm","Blizzard/Winter storm","1","","4","","","62.256478529823"
"2005","India","IND","Natural","Geophysical","Earthquake","Ground movement","1","156622","1309","1000000000","1606258535","62.256478529823"
"2005","India","IND","Natural","Hydrological","Flood","Flash flood","1","800000","27","","","62.256478529823"
"2005","India","IND","Natural","Hydrological","Flood","Riverine flood","16","27481571","2102","6190000000","9942740332","62.256478529823"
"2005","India","IND","Natural","Hydrological","Mass movement (wet)","Avalanche (wet)","1","5000","250","50000000","80312927","62.256478529823"
"2005","India","IND","Natural","Hydrological","Mass movement (wet)","Landslide (wet)","1","20","12","","","62.256478529823"
"2005","India","IND","Natural","Meteorological","Extreme temperature","Heat wave","1","","329","","","62.256478529823"
"2005","India","IND","Natural","Meteorological","Extreme temperature","Severe winter conditions","1","","180","","","62.256478529823"
"2005","India","IND","Natural","Meteorological","Storm","Storm (General)","4","68590","82","","","62.256478529823"
"2005","Indonesia","IDN","Natural","Climatological","Wildfire","Forest fire","1","","","","","62.256478529823"
"2005","Indonesia","IDN","Natural","Geophysical","Earthquake","Ground movement","2","105997","916","","","62.256478529823"
"2005","Indonesia","IDN","Natural","Geophysical","Volcanic activity","Ash fall","1","26000","","","","62.256478529823"
"2005","Indonesia","IDN","Natural","Hydrological","Flood","Flash flood","3","20790","154","","","62.256478529823"
"2005","Indonesia","IDN","Natural","Hydrological","Mass movement (wet)","Landslide (wet)","2","10","168","5000000","8031293","62.256478529823"
"2005","Iran (Islamic Republic of)","IRN","Natural","Geophysical","Earthquake","Ground movement","4","116888","625","80000000","128500683","62.256478529823"
"2005","Iran (Islamic Republic of)","IRN","Natural","Hydrological","Flood","Flood (General)","1","","11","","","62.256478529823"
"2005","Iran (Islamic Republic of)","IRN","Natural","Hydrological","Flood","Riverine flood","3","4750","98","","","62.256478529823"
"2005","Iran (Islamic Republic of)","IRN","Natural","Meteorological","Storm","Storm (General)","1","8000","","","","62.256478529823"
"2005","Ireland","IRL","Natural","Meteorological","Storm","Extra-tropical storm","1","","","","","62.256478529823"
"2005","Italy","ITA","Natural","Meteorological","Extreme temperature","Severe winter conditions","1","","9","","","62.256478529823"
"2005","Jamaica","JAM","Natural","Meteorological","Storm","Tropical cyclone","3","10396","6","34500000","55415919","62.256478529823"
"2005","Japan","JPN","Natural","Geophysical","Earthquake","Ground movement","2","4430","1","400000000","642503414","62.256478529823"
"2005","Japan","JPN","Natural","Hydrological","Flood","Riverine flood","1","900","","","","62.256478529823"
"2005","Japan","JPN","Natural","Meteorological","Storm","Storm (General)","1","2810","100","33000000","53006532","62.256478529823"
"2005","Japan","JPN","Natural","Meteorological","Storm","Tropical cyclone","2","270234","35","1000000000","1606258535","62.256478529823"
"2005","Kazakhstan","KAZ","Natural","Hydrological","Flood","Flash flood","1","25000","","7662000","12307153","62.256478529823"
"2005","Kenya","KEN","Natural","Climatological","Drought","Drought","1","3500000","27","","","62.256478529823"
"2005","Kenya","KEN","Natural","Hydrological","Flood","Flash flood","2","35000","6","500000","803129","62.256478529823"
"2005","Kenya","KEN","Natural","Hydrological","Flood","Riverine flood","1","1200","20","","","62.256478529823"
"2005","Kyrgyzstan","KGZ","Natural","Hydrological","Flood","Riverine flood","1","2050","3","2660000","4272648","62.256478529823"
"2005","Latvia","LVA","Natural","Meteorological","Storm","Extra-tropical storm","1","1500000","","325000000","522034024","62.256478529823"
"2005","Lithuania","LTU","Natural","Hydrological","Flood","Riverine flood","1","","","","","62.256478529823"
"2005","Lithuania","LTU","Natural","Meteorological","Storm","Extra-tropical storm","1","1500","","30000000","48187756","62.256478529823"
"2005","Madagascar","MDG","Natural","Climatological","Drought","Drought","1","14000","","","","62.256478529823"
"2005","Madagascar","MDG","Natural","Hydrological","Flood","Riverine flood","2","59617","29","","","62.256478529823"
"2005","Madagascar","MDG","Natural","Meteorological","Storm","Tropical cyclone","1","7985","78","","","62.256478529823"
"2005","Malawi","MWI","Natural","Climatological","Drought","Drought","1","5100000","","","","62.256478529823"
"2005","Malawi","MWI","Natural","Hydrological","Flood","Riverine flood","1","44500","1","","","62.256478529823"
"2005","Malawi","MWI","Natural","Meteorological","Storm","Storm (General)","1","8","11","","","62.256478529823"
"2005","Malaysia","MYS","Natural","Climatological","Wildfire","Forest fire","1","","","","","62.256478529823"
"2005","Malaysia","MYS","Natural","Hydrological","Flood","Flash flood","2","30600","13","","","62.256478529823"
"2005","Mali","MLI","Natural","Climatological","Drought","Drought","1","1000000","","","","62.256478529823"
"2005","Mali","MLI","Natural","Hydrological","Flood","Flood (General)","1","1735","","","","62.256478529823"
"2005","Mali","MLI","Natural","Hydrological","Flood","Riverine flood","1","125","","","","62.256478529823"
"2005","Mauritania","MRT","Natural","Hydrological","Flood","Riverine flood","1","7500","","","","62.256478529823"
"2005","Mexico","MEX","Natural","Hydrological","Flood","Flood (General)","1","1000","8","","","62.256478529823"
"2005","Mexico","MEX","Natural","Hydrological","Flood","Riverine flood","2","13000","33","","","62.256478529823"
"2005","Mexico","MEX","Natural","Meteorological","Storm","Tropical cyclone","4","2969571","47","7910000000","12705505012","62.256478529823"
"2005","Morocco","MAR","Natural","Meteorological","Storm","Tropical cyclone","1","","1","50000","80313","62.256478529823"
"2005","Mozambique","MOZ","Natural","Climatological","Drought","Drought","1","1400000","","","","62.256478529823"
"2005","Mozambique","MOZ","Natural","Hydrological","Flood","Riverine flood","2","47837","16","","","62.256478529823"
"2005","Myanmar","MMR","Natural","Hydrological","Mass movement (wet)","Landslide (wet)","1","16","17","","","62.256478529823"
"2005","Nepal","NPL","Natural","Hydrological","Flood","Riverine flood","2","31600","51","","","62.256478529823"
"2005","Nepal","NPL","Natural","Hydrological","Mass movement (wet)","Avalanche (wet)","1","","18","","","62.256478529823"
"2005","Netherlands (Kingdom of the)","NLD","Natural","Meteorological","Extreme temperature","Cold wave","1","","","100000000","160625854","62.256478529823"
"2005","Netherlands (Kingdom of the)","NLD","Natural","Meteorological","Extreme temperature","Severe winter conditions","1","","","","","62.256478529823"
"2005","Netherlands (Kingdom of the)","NLD","Natural","Meteorological","Storm","Extra-tropical storm","1","1","","","","62.256478529823"
"2005","New Zealand","NZL","Natural","Hydrological","Flood","Flash flood","1","400","","72000000","115650615","62.256478529823"
"2005","New Zealand","NZL","Natural","Meteorological","Storm","Tornado","1","100","","10000000","16062585","62.256478529823"
"2005","Nicaragua","NIC","Natural","Meteorological","Storm","Tropical cyclone","2","13643","7","","","62.256478529823"
"2005","Niger","NER","Natural","Climatological","Drought","Drought","1","3000000","","","","62.256478529823"
"2005","Nigeria","NGA","Natural","Hydrological","Flood","Riverine flood","2","4004","60","147000","236120","62.256478529823"
"2005","North Macedonia","MKD","Natural","Hydrological","Flood","Riverine flood","1","2000","","","","62.256478529823"
"2005","North Macedonia","MKD","Natural","Meteorological","Storm","Blizzard/Winter storm","1","3","1","","","62.256478529823"
"2005","Norway","NOR","Natural","Meteorological","Storm","Extra-tropical storm","1","","","130000000","208813610","62.256478529823"
"2005","Pakistan","PAK","Natural","Geophysical","Earthquake","Ground movement","1","5128309","73338","5200000000","8352544382","62.256478529823"
"2005","Pakistan","PAK","Natural","Hydrological","Flood","Flash flood","1","3500","20","","","62.256478529823"
"2005","Pakistan","PAK","Natural","Hydrological","Flood","Riverine flood","4","7523543","616","30000000","48187756","62.256478529823"
"2005","Pakistan","PAK","Natural","Hydrological","Mass movement (wet)","Avalanche (wet)","1","","24","","","62.256478529823"
"2005","Pakistan","PAK","Natural","Meteorological","Extreme temperature","Heat wave","1","200","106","","","62.256478529823"
"2005","Pakistan","PAK","Natural","Meteorological","Storm","Storm (General)","1","","58","","","62.256478529823"
"2005","Panama","PAN","Natural","Hydrological","Flood","Riverine flood","1","7000","3","7000000","11243810","62.256478529823"
"2005","Papua New Guinea","PNG","Natural","Geophysical","Earthquake","Ground movement","1","200","1","","","62.256478529823"
"2005","Papua New Guinea","PNG","Natural","Geophysical","Volcanic activity","Ash fall","1","15000","","","","62.256478529823"
"2005","Papua New Guinea","PNG","Natural","Hydrological","Flood","Riverine flood","1","2493","1","","","62.256478529823"
"2005","Paraguay","PRY","Natural","Climatological","Drought","Drought","1","52990","","","","62.256478529823"
"2005","Peru","PER","Natural","Geophysical","Earthquake","Ground movement","2","2505","5","50000","80313","62.256478529823"
"2005","Philippines","PHL","Natural","Hydrological","Flood","Flood (General)","1","100","1","","","62.256478529823"
"2005","Philippines","PHL","Natural","Hydrological","Flood","Riverine flood","1","192946","4","515000","827223","62.256478529823"
"2005","Philippines","PHL","Natural","Meteorological","Storm","Tropical cyclone","2","20011","34","2000000","3212517","62.256478529823"
"2005","Poland","POL","Natural","Hydrological","Flood","Riverine flood","1","3600","2","","","62.256478529823"
"2005","Poland","POL","Natural","Meteorological","Extreme temperature","Severe winter conditions","1","","191","","","62.256478529823"
"2005","Poland","POL","Natural","Meteorological","Storm","Blizzard/Winter storm","1","","","","","62.256478529823"
"2005","Poland","POL","Natural","Meteorological","Storm","Extra-tropical storm","1","","1","","","62.256478529823"
"2005","Portugal","PRT","Natural","Climatological","Wildfire","Forest fire","1","136","15","1650000000","2650326583","62.256478529823"
"2005","Portugal","PRT","Natural","Meteorological","Extreme temperature","Heat wave","1","","462","","","62.256478529823"
"2005","Republic of Korea","KOR","Natural","Climatological","Wildfire","Forest fire","1","2140","","","","62.256478529823"
"2005","Republic of Korea","KOR","Natural","Hydrological","Flood","Flash flood","1","14510","18","","","62.256478529823"
"2005","Republic of Korea","KOR","Natural","Meteorological","Storm","Storm (General)","1","","1","160000000","257001366","62.256478529823"
"2005","Republic of Korea","KOR","Natural","Meteorological","Storm","Tropical cyclone","2","1100","10","5500000","8834422","62.256478529823"
"2005","Republic of Moldova","MDA","Natural","Hydrological","Flood","Riverine flood","1","6500","","7752000","12451716","62.256478529823"
"2005","Romania","ROU","Natural","Hydrological","Flood","Riverine flood","6","91171","77","1313000000","2109017457","62.256478529823"
"2005","Romania","ROU","Natural","Meteorological","Extreme temperature","Heat wave","1","500","13","","","62.256478529823"
"2005","Romania","ROU","Natural","Meteorological","Storm","Blizzard/Winter storm","1","","3","","","62.256478529823"
"2005","Russian Federation","RUS","Natural","Hydrological","Flood","Flood (General)","1","3685","","","","62.256478529823"
"2005","Russian Federation","RUS","Natural","Hydrological","Flood","Riverine flood","4","5360","22","23668000","38016927","62.256478529823"
"2005","Russian Federation","RUS","Natural","Hydrological","Mass movement (wet)","Avalanche (wet)","1","","9","","","62.256478529823"
"2005","Russian Federation","RUS","Natural","Meteorological","Storm","Blizzard/Winter storm","1","","","","","62.256478529823"
"2005","Russian Federation","RUS","Natural","Meteorological","Storm","Extra-tropical storm","1","2","","","","62.256478529823"
"2005","Saint Vincent and the Grenadines","VCT","Natural","Meteorological","Storm","Tropical cyclone","1","530","","","","62.256478529823"
"2005","Samoa","WSM","Natural","Meteorological","Storm","Tropical cyclone","1","","9","","","62.256478529823"
"2005","Saudi Arabia","SAU","Natural","Hydrological","Flood","Flash flood","2","67","63","","","62.256478529823"
"2005","Senegal","SEN","Natural","Hydrological","Flood","Riverine flood","1","50000","","","","62.256478529823"
"2005","Serbia Montenegro","SCG","Natural","Hydrological","Flood","Riverine flood","1","3790","2","","","62.256478529823"
"2005","Serbia Montenegro","SCG","Natural","Meteorological","Storm","Blizzard/Winter storm","1","8750","","","","62.256478529823"
"2005","Sierra Leone","SLE","Natural","Hydrological","Flood","Flash flood","1","15000","20","","","62.256478529823"
"2005","Slovakia","SVK","Natural","Hydrological","Flood","Riverine flood","1","","1","","","62.256478529823"
"2005","Slovakia","SVK","Natural","Meteorological","Extreme temperature","Severe winter conditions","1","","","","","62.256478529823"
"2005","Slovenia","SVN","Natural","Hydrological","Flood","Riverine flood","1","","","5000000","8031293","62.256478529823"
"2005","Somalia","SOM","Natural","Climatological","Drought","Drought","1","","2","","","62.256478529823"
"2005","Somalia","SOM","Natural","Hydrological","Flood","Flash flood","2","7520","12","20000","32125","62.256478529823"
"2005","South Africa","ZAF","Natural","Geophysical","Earthquake","Ground movement","1","58","2","20000000","32125171","62.256478529823"
"2005","Spain","ESP","Natural","Climatological","Wildfire","Forest fire","1","1","11","2050000000","3292829997","62.256478529823"
"2005","Spain","ESP","Natural","Meteorological","Extreme temperature","Severe winter conditions","1","","9","","","62.256478529823"
"2005","Sri Lanka","LKA","Natural","Hydrological","Flood","Riverine flood","1","145000","6","","","62.256478529823"
"2005","Sudan","SDN","Natural","Hydrological","Flood","Riverine flood","2","160780","5","","","62.256478529823"
"2005","Sweden","SWE","Natural","Meteorological","Extreme temperature","Severe winter conditions","1","","","","","62.256478529823"
"2005","Sweden","SWE","Natural","Meteorological","Storm","Extra-tropical storm","1","730000","9","2800000000","4497523898","62.256478529823"
"2005","Switzerland","CHE","Natural","Hydrological","Flood","Riverine flood","1","2500","6","2100000000","3373142924","62.256478529823"
"2005","Switzerland","CHE","Natural","Meteorological","Extreme temperature","Severe winter conditions","1","","","","","62.256478529823"
"2005","Taiwan (Province of China)","TWN","Natural","Hydrological","Flood","Flash flood","1","2700","16","62000000","99588029","62.256478529823"
"2005","Taiwan (Province of China)","TWN","Natural","Meteorological","Storm","Tropical cyclone","4","1639","17","239000000","383895790","62.256478529823"
"2005","Tajikistan","TJK","Natural","Hydrological","Flood","Flash flood","1","1890","","50000000","80312927","62.256478529823"
"2005","Tajikistan","TJK","Natural","Hydrological","Flood","Riverine flood","1","3222","8","","","62.256478529823"
"2005","Tajikistan","TJK","Natural","Hydrological","Mass movement (wet)","Avalanche (wet)","1","1953","16","","","62.256478529823"
"2005","Thailand","THA","Natural","Climatological","Drought","Drought","1","","","420000000","674628585","62.256478529823"
"2005","Thailand","THA","Natural","Climatological","Wildfire","Forest fire","1","","","","","62.256478529823"
"2005","Thailand","THA","Natural","Hydrological","Flood","Flash flood","1","700000","55","97000000","155807078","62.256478529823"
"2005","Thailand","THA","Natural","Hydrological","Flood","Riverine flood","1","119310","21","121000000","194357283","62.256478529823"
"2005","Thailand","THA","Natural","Meteorological","Storm","Storm (General)","1","1500","","246000","395140","62.256478529823"
"2005","Thailand","THA","Natural","Meteorological","Storm","Tropical cyclone","1","2000","10","20000000","32125171","62.256478529823"
"2005","Tokelau","TKL","Natural","Meteorological","Storm","Tropical cyclone","1","26","","","","62.256478529823"
"2005","Trinidad and Tobago","TTO","Natural","Meteorological","Storm","Tropical cyclone","1","","","","","62.256478529823"
"2005","Türkiye","TUR","Natural","Geophysical","Earthquake","Ground movement","3","3044","2","","","62.256478529823"
"2005","Türkiye","TUR","Natural","Hydrological","Flood","Flash flood","1","","7","","","62.256478529823"
"2005","Türkiye","TUR","Natural","Hydrological","Flood","Flood (General)","1","3000","","","","62.256478529823"
"2005","Türkiye","TUR","Natural","Hydrological","Mass movement (wet)","Landslide (wet)","1","9","15","","","62.256478529823"
"2005","Türkiye","TUR","Natural","Meteorological","Extreme temperature","Severe winter conditions","1","150","17","","","62.256478529823"
"2005","Türkiye","TUR","Natural","Meteorological","Storm","Blizzard/Winter storm","1","","2","","","62.256478529823"
"2005","Uganda","UGA","Natural","Climatological","Drought","Drought","1","600000","","","","62.256478529823"
"2005","Ukraine","UKR","Natural","Hydrological","Flood","Flood (General)","1","8340","","","","62.256478529823"
"2005","United Kingdom of Great Britain and Northern Ireland","GBR","Natural","Hydrological","Flood","Flash flood","1","800","2","","","62.256478529823"
"2005","United Kingdom of Great Britain and Northern Ireland","GBR","Natural","Meteorological","Extreme temperature","Cold wave","1","","","","","62.256478529823"
"2005","United Kingdom of Great Britain and Northern Ireland","GBR","Natural","Meteorological","Extreme temperature","Severe winter conditions","1","","1","","","62.256478529823"
"2005","United Kingdom of Great Britain and Northern Ireland","GBR","Natural","Meteorological","Storm","Extra-tropical storm","1","80000","3","650000000","1044068048","62.256478529823"
"2005","United Kingdom of Great Britain and Northern Ireland","GBR","Natural","Meteorological","Storm","Storm (General)","1","","7","50000000","80312927","62.256478529823"
"2005","United Republic of Tanzania","TZA","Natural","Geophysical","Earthquake","Ground movement","1","5000","2","","","62.256478529823"
"2005","United Republic of Tanzania","TZA","Natural","Hydrological","Flood","Riverine flood","1","10548","1","","","62.256478529823"
"2005","United States of America","USA","Natural","Climatological","Wildfire","Forest fire","1","1410","5","100000000","160625854","62.256478529823"
"2005","United States of America","USA","Natural","Hydrological","Flood","Flash flood","1","","","5330000","8561358","62.256478529823"
"2005","United States of America","USA","Natural","Hydrological","Flood","Riverine flood","5","18258","53","725000000","1164537438","62.256478529823"
"2005","United States of America","USA","Natural","Meteorological","Extreme temperature","Heat wave","1","31","33","","","62.256478529823"
"2005","United States of America","USA","Natural","Meteorological","Storm","Blizzard/Winter storm","2","","30","350000000","562190487","62.256478529823"
"2005","United States of America","USA","Natural","Meteorological","Storm","Lightning/Thunderstorms","1","104","","350000000","562190487","62.256478529823"
"2005","United States of America","USA","Natural","Meteorological","Storm","Tornado","1","201","","","","62.256478529823"
"2005","United States of America","USA","Natural","Meteorological","Storm","Tropical cyclone","4","830000","1852","157530000000","253033907025","62.256478529823"
"2005","Uruguay","URY","Natural","Meteorological","Storm","Storm (General)","1","12","7","","","62.256478529823"
"2005","Uzbekistan","UZB","Natural","Hydrological","Flood","Flash flood","1","1500","","","","62.256478529823"
"2005","Vanuatu","VUT","Natural","Geophysical","Volcanic activity","Ash fall","1","5000","","","","62.256478529823"
"2005","Venezuela (Bolivarian Republic of)","VEN","Natural","Hydrological","Flood","Riverine flood","4","45797","97","51000000","81919185","62.256478529823"
"2005","Viet Nam","VNM","Natural","Climatological","Drought","Drought","1","410000","","42120000","67655609","62.256478529823"
"2005","Viet Nam","VNM","Natural","Hydrological","Flood","Flash flood","1","33800","67","12000000","19275102","62.256478529823"
"2005","Viet Nam","VNM","Natural","Hydrological","Flood","Riverine flood","4","58593","125","42000000","67462858","62.256478529823"
"2005","Viet Nam","VNM","Natural","Meteorological","Storm","Storm (General)","1","6500","13","","","62.256478529823"
"2005","Viet Nam","VNM","Natural","Meteorological","Storm","Tropical cyclone","3","361160","103","250250000","401966198","62.256478529823"
"2005","Yemen","YEM","Natural","Hydrological","Flood","Flash flood","1","6","12","","","62.256478529823"
"2005","Yemen","YEM","Natural","Hydrological","Flood","Riverine flood","1","715","10","","","62.256478529823"
"2005","Yemen","YEM","Natural","Hydrological","Mass movement (wet)","Landslide (wet)","1","11","65","","","62.256478529823"
"2005","Zambia","ZMB","Natural","Climatological","Drought","Drought","1","1200000","","","","62.256478529823"
"2005","Zambia","ZMB","Natural","Hydrological","Flood","Riverine flood","1","4000","","","","62.256478529823"
"2006","Afghanistan","AFG","Natural","Climatological","Drought","Drought","1","1900000","","","","64.264832219735"
"2006","Afghanistan","AFG","Natural","Geophysical","Earthquake","Ground movement","1","935","1","","","64.264832219735"
"2006","Afghanistan","AFG","Natural","Hydrological","Flood","Flash flood","3","22625","197","","","64.264832219735"
"2006","Afghanistan","AFG","Natural","Hydrological","Flood","Riverine flood","4","10350","85","","","64.264832219735"
"2006","Afghanistan","AFG","Natural","Hydrological","Mass movement (wet)","Avalanche (wet)","1","","15","","","64.264832219735"
"2006","Afghanistan","AFG","Natural","Hydrological","Mass movement (wet)","Landslide (wet)","1","300000","13","","","64.264832219735"
"2006","Afghanistan","AFG","Natural","Meteorological","Storm","Blizzard/Winter storm","1","","42","","","64.264832219735"
"2006","Afghanistan","AFG","Natural","Meteorological","Storm","Storm (General)","1","","29","","","64.264832219735"
"2006","Algeria","DZA","Natural","Geophysical","Earthquake","Ground movement","1","319","4","","","64.264832219735"
"2006","Algeria","DZA","Natural","Hydrological","Flood","Riverine flood","1","60000","1","1200000","1867273","64.264832219735"
"2006","Angola","AGO","Natural","Hydrological","Flood","Riverine flood","1","225","","","","64.264832219735"
"2006","Argentina","ARG","Natural","Hydrological","Flood","Flood (General)","1","4500","","","","64.264832219735"
"2006","Australia","AUS","Natural","Climatological","Drought","Drought","1","","","","","64.264832219735"
"2006","Australia","AUS","Natural","Climatological","Wildfire","Forest fire","2","141","4","100000000","155606101","64.264832219735"
"2006","Australia","AUS","Natural","Climatological","Wildfire","Wildfire (General)","1","","","","","64.264832219735"
"2006","Australia","AUS","Natural","Hydrological","Flood","Riverine flood","1","1100","","","","64.264832219735"
"2006","Australia","AUS","Natural","Meteorological","Storm","Tropical cyclone","3","9030","","1182354000","1839814964","64.264832219735"
"2006","Austria","AUT","Natural","Hydrological","Flood","Riverine flood","1","516","","","","64.264832219735"
"2006","Bangladesh","BGD","Natural","Hydrological","Flood","Riverine flood","2","211775","","","","64.264832219735"
"2006","Bangladesh","BGD","Natural","Meteorological","Storm","Storm (General)","1","150","4","","","64.264832219735"
"2006","Bangladesh","BGD","Natural","Meteorological","Storm","Tornado","1","5899","4","","","64.264832219735"
"2006","Bangladesh","BGD","Natural","Meteorological","Storm","Tropical cyclone","3","12100","146","","","64.264832219735"
"2006","Belarus","BLR","Natural","Meteorological","Extreme temperature","Severe winter conditions","1","1820","5","","","64.264832219735"
"2006","Belgium","BEL","Natural","Meteorological","Extreme temperature","Heat wave","1","","940","","","64.264832219735"
"2006","Bolivia (Plurinational State of)","BOL","Natural","Hydrological","Flood","Riverine flood","2","126600","25","35000000","54462135","64.264832219735"
"2006","Brazil","BRA","Natural","Hydrological","Flood","Flash flood","1","","12","","","64.264832219735"
"2006","Brazil","BRA","Natural","Hydrological","Flood","Riverine flood","1","116000","8","","","64.264832219735"
"2006","Bulgaria","BGR","Natural","Geophysical","Earthquake","Ground movement","1","527","","","","64.264832219735"
"2006","Bulgaria","BGR","Natural","Hydrological","Flood","Riverine flood","2","","","","","64.264832219735"
"2006","Bulgaria","BGR","Natural","Meteorological","Extreme temperature","Severe winter conditions","1","20","18","","","64.264832219735"
"2006","Burkina Faso","BFA","Natural","Hydrological","Flood","Flash flood","1","15610","","","","64.264832219735"
"2006","Burkina Faso","BFA","Natural","Hydrological","Flood","Riverine flood","1","10000","","","","64.264832219735"
"2006","Burundi","BDI","Natural","Hydrological","Flood","Flash flood","2","3200","10","","","64.264832219735"
"2006","Burundi","BDI","Natural","Hydrological","Flood","Flood (General)","1","1000","11","","","64.264832219735"
"2006","Burundi","BDI","Natural","Hydrological","Flood","Riverine flood","3","10605","1","","","64.264832219735"
"2006","Burundi","BDI","Natural","Meteorological","Storm","Storm (General)","1","1505","","","","64.264832219735"
"2006","Cambodia","KHM","Natural","Hydrological","Flood","Riverine flood","2","38000","5","","","64.264832219735"
"2006","Canada","CAN","Natural","Hydrological","Flood","Riverine flood","5","3900","1","","","64.264832219735"
"2006","Chad","TCD","Natural","Hydrological","Flood","Riverine flood","1","","52","","","64.264832219735"
"2006","Chile","CHL","Natural","Hydrological","Flood","Riverine flood","1","95862","18","","","64.264832219735"
"2006","China","CHN","Natural","Climatological","Drought","Drought","1","18000000","134","2910000000","4528137551","64.264832219735"
"2006","China","CHN","Natural","Geophysical","Earthquake","Ground movement","6","411548","23","7191000","11189635","64.264832219735"
"2006","China","CHN","Natural","Geophysical","Mass movement (dry)","Landslide (dry)","1","5","11","","","64.264832219735"
"2006","China","CHN","Natural","Hydrological","Flood","Flash flood","3","12000","100","141000000","219404603","64.264832219735"
"2006","China","CHN","Natural","Hydrological","Flood","Riverine flood","17","14978065","330","1546500000","2406448358","64.264832219735"
"2006","China","CHN","Natural","Hydrological","Mass movement (wet)","Landslide (wet)","1","","11","","","64.264832219735"
"2006","China","CHN","Natural","Meteorological","Storm","Blizzard/Winter storm","1","105000","","","","64.264832219735"
"2006","China","CHN","Natural","Meteorological","Storm","Hail","1","6458","17","282000000","438809206","64.264832219735"
"2006","China","CHN","Natural","Meteorological","Storm","Tropical cyclone","6","55226362","1483","7577000000","11790274304","64.264832219735"
"2006","Colombia","COL","Natural","Geophysical","Volcanic activity","Ash fall","2","17000","","","","64.264832219735"
"2006","Colombia","COL","Natural","Hydrological","Flood","Riverine flood","1","221465","150","","","64.264832219735"
"2006","Comoros","COM","Natural","Geophysical","Volcanic activity","Ash fall","1","","","","","64.264832219735"
"2006","Congo","COG","Natural","Hydrological","Flood","Riverine flood","1","5000","6","","","64.264832219735"
"2006","Croatia","HRV","Natural","Hydrological","Flood","Riverine flood","1","","","","","64.264832219735"
"2006","Cuba","CUB","Natural","Hydrological","Flood","Riverine flood","1","1500","2","","","64.264832219735"
"2006","Cuba","CUB","Natural","Meteorological","Storm","Tropical cyclone","1","268","","","","64.264832219735"
"2006","Czechia","CZE","Natural","Hydrological","Flood","Flood (General)","1","115","","","","64.264832219735"
"2006","Czechia","CZE","Natural","Hydrological","Flood","Riverine flood","1","4200","6","","","64.264832219735"
"2006","Democratic People's Republic of Korea","PRK","Natural","Hydrological","Flood","Coastal flood","1","7324","","","","64.264832219735"
"2006","Democratic People's Republic of Korea","PRK","Natural","Hydrological","Flood","Flash flood","1","84500","278","","","64.264832219735"
"2006","Democratic Republic of the Congo","COD","Natural","Hydrological","Flood","Riverine flood","3","12970","1","","","64.264832219735"
"2006","Democratic Republic of the Congo","COD","Natural","Meteorological","Storm","Tornado","1","75066","3","","","64.264832219735"
"2006","Ecuador","ECU","Natural","Geophysical","Volcanic activity","Ash fall","2","300263","5","150000000","233409152","64.264832219735"
"2006","Ecuador","ECU","Natural","Hydrological","Flood","Riverine flood","1","57670","16","2800000","4356971","64.264832219735"
"2006","El Salvador","SLV","Natural","Geophysical","Earthquake","Ground movement","1","16470","","","","64.264832219735"
"2006","El Salvador","SLV","Natural","Meteorological","Extreme temperature","Cold wave","1","","1","","","64.264832219735"
"2006","Estonia","EST","Natural","Meteorological","Extreme temperature","Severe winter conditions","1","","3","","","64.264832219735"
"2006","Eswatini","SWZ","Natural","Meteorological","Storm","Storm (General)","1","6535","1","","","64.264832219735"
"2006","Ethiopia","ETH","Natural","Hydrological","Flood","Flash flood","1","10096","498","3200000","4979395","64.264832219735"
"2006","Ethiopia","ETH","Natural","Hydrological","Flood","Riverine flood","6","424050","453","","","64.264832219735"
"2006","Fiji","FJI","Natural","Hydrological","Flood","Riverine flood","1","224","4","500000","778031","64.264832219735"
"2006","Fiji","FJI","Natural","Meteorological","Storm","Tropical cyclone","1","168","","","","64.264832219735"
"2006","France","FRA","Natural","Meteorological","Extreme temperature","Heat wave","1","","1388","","","64.264832219735"
"2006","France","FRA","Natural","Meteorological","Storm","Storm (General)","1","","4","","","64.264832219735"
"2006","France","FRA","Natural","Meteorological","Storm","Tornado","1","602","1","","","64.264832219735"
"2006","Georgia","GEO","Natural","Hydrological","Flood","Riverine flood","1","600","","","","64.264832219735"
"2006","Germany","DEU","Natural","Hydrological","Flood","Riverine flood","1","1000","3","","","64.264832219735"
"2006","Germany","DEU","Natural","Meteorological","Extreme temperature","Heat wave","1","","2","","","64.264832219735"
"2006","Germany","DEU","Natural","Meteorological","Extreme temperature","Severe winter conditions","1","","10","","","64.264832219735"
"2006","Germany","DEU","Natural","Meteorological","Storm","Hail","1","100","1","","","64.264832219735"
"2006","Germany","DEU","Natural","Meteorological","Storm","Storm (General)","1","200","10","","","64.264832219735"
"2006","Greece","GRC","Natural","Hydrological","Flood","Flash flood","1","3000","1","5659000","8805749","64.264832219735"
"2006","Greece","GRC","Natural","Hydrological","Flood","Riverine flood","1","90","","","","64.264832219735"
"2006","Greece","GRC","Natural","Meteorological","Storm","Storm (General)","1","600","3","","","64.264832219735"
"2006","Guatemala","GTM","Natural","Meteorological","Extreme temperature","Cold wave","1","","6","","","64.264832219735"
"2006","Guinea","GIN","Natural","Hydrological","Flood","Riverine flood","1","1200","","","","64.264832219735"
"2006","Guinea-Bissau","GNB","Natural","Climatological","Drought","Drought","1","32000","","","","64.264832219735"
"2006","Guyana","GUY","Natural","Hydrological","Flood","Riverine flood","1","35000","","169000000","262974311","64.264832219735"
"2006","Haiti","HTI","Natural","Hydrological","Flood","Coastal flood","1","4690","","","","64.264832219735"
"2006","Haiti","HTI","Natural","Hydrological","Flood","Flash flood","1","20010","11","","","64.264832219735"
"2006","Haiti","HTI","Natural","Meteorological","Storm","Tropical cyclone","1","15000","5","","","64.264832219735"
"2006","Honduras","HND","Natural","Hydrological","Flood","Riverine flood","1","1500","4","8000000","12448488","64.264832219735"
"2006","Hungary","HUN","Natural","Hydrological","Flood","Riverine flood","1","32000","","","","64.264832219735"
"2006","Hungary","HUN","Natural","Meteorological","Storm","Storm (General)","1","300","5","10000000","15560610","64.264832219735"
"2006","India","IND","Natural","Hydrological","Flood","Flash flood","3","15000","78","","","64.264832219735"
"2006","India","IND","Natural","Hydrological","Flood","Riverine flood","14","7219178","1116","3390000000","5275046838","64.264832219735"
"2006","India","IND","Natural","Meteorological","Extreme temperature","Heat wave","1","","47","","","64.264832219735"
"2006","India","IND","Natural","Meteorological","Storm","Lightning/Thunderstorms","1","","76","","","64.264832219735"
"2006","India","IND","Natural","Meteorological","Storm","Tropical cyclone","1","150300","114","","","64.264832219735"
"2006","Indonesia","IDN","Natural","Climatological","Wildfire","Forest fire","1","200","","14000000","21784854","64.264832219735"
"2006","Indonesia","IDN","Natural","Geophysical","Earthquake","Ground movement","3","3179237","5787","3100000000","4823789144","64.264832219735"
"2006","Indonesia","IDN","Natural","Geophysical","Earthquake","Tsunami","2","36745","805","55000000","85583356","64.264832219735"
"2006","Indonesia","IDN","Natural","Geophysical","Volcanic activity","Ash fall","1","11000","","","","64.264832219735"
"2006","Indonesia","IDN","Natural","Hydrological","Flood","Flash flood","4","683506","563","80200000","124796093","64.264832219735"
"2006","Indonesia","IDN","Natural","Hydrological","Flood","Flood (General)","1","","41","","","64.264832219735"
"2006","Indonesia","IDN","Natural","Hydrological","Flood","Riverine flood","3","15402","41","27100000","42169253","64.264832219735"
"2006","Indonesia","IDN","Natural","Hydrological","Mass movement (wet)","Landslide (wet)","3","11313","184","37943000","59041623","64.264832219735"
"2006","Iran (Islamic Republic of)","IRN","Natural","Geophysical","Earthquake","Ground movement","3","168494","63","42262000","65762251","64.264832219735"
"2006","Iran (Islamic Republic of)","IRN","Natural","Hydrological","Flood","Riverine flood","1","2800","14","16000000","24896976","64.264832219735"
"2006","Iraq","IRQ","Natural","Hydrological","Flood","Flash flood","1","18020","20","","","64.264832219735"
"2006","Iraq","IRQ","Natural","Hydrological","Flood","Riverine flood","1","41890","","1300000","2022879","64.264832219735"
"2006","Italy","ITA","Natural","Hydrological","Mass movement (wet)","Landslide (wet)","1","159","4","","","64.264832219735"
"2006","Italy","ITA","Natural","Meteorological","Storm","Storm (General)","1","","1","","","64.264832219735"
"2006","Jamaica","JAM","Natural","Hydrological","Flood","Riverine flood","1","5000","1","","","64.264832219735"
"2006","Japan","JPN","Natural","Hydrological","Flood","Riverine flood","2","10532","42","","","64.264832219735"
"2006","Japan","JPN","Natural","Meteorological","Storm","Storm (General)","1","246","1","","","64.264832219735"
"2006","Japan","JPN","Natural","Meteorological","Storm","Tornado","1","207","9","","","64.264832219735"
"2006","Japan","JPN","Natural","Meteorological","Storm","Tropical cyclone","1","12448","10","2500000000","3890152535","64.264832219735"
"2006","Kenya","KEN","Natural","Hydrological","Flood","Riverine flood","4","783300","212","","","64.264832219735"
"2006","Kyrgyzstan","KGZ","Natural","Geophysical","Earthquake","Ground movement","1","12050","","","","64.264832219735"
"2006","Kyrgyzstan","KGZ","Natural","Meteorological","Storm","Storm (General)","1","9075","4","","","64.264832219735"
"2006","Latvia","LVA","Natural","Meteorological","Extreme temperature","Severe winter conditions","1","","40","","","64.264832219735"
"2006","Lithuania","LTU","Natural","Climatological","Drought","Drought","1","","","225573000","351005351","64.264832219735"
"2006","Madagascar","MDG","Natural","Meteorological","Storm","Tropical cyclone","2","6516","4","","","64.264832219735"
"2006","Malawi","MWI","Natural","Hydrological","Flood","Flash flood","1","8000","5","","","64.264832219735"
"2006","Malawi","MWI","Natural","Hydrological","Flood","Riverine flood","1","8000","3","","","64.264832219735"
"2006","Malaysia","MYS","Natural","Hydrological","Flood","Flash flood","1","100000","6","22000000","34233342","64.264832219735"
"2006","Malaysia","MYS","Natural","Hydrological","Flood","Riverine flood","3","6518","","","","64.264832219735"
"2006","Mali","MLI","Natural","Climatological","Drought","Drought","1","25000","","","","64.264832219735"
"2006","Mali","MLI","Natural","Hydrological","Flood","Flash flood","1","1000","1","","","64.264832219735"
"2006","Mauritania","MRT","Natural","Hydrological","Flood","Flash flood","1","9000","","","","64.264832219735"
"2006","Mauritania","MRT","Natural","Hydrological","Flood","Riverine flood","1","1619","7","","","64.264832219735"
"2006","Mexico","MEX","Natural","Hydrological","Flood","Riverine flood","1","","","","","64.264832219735"
"2006","Mexico","MEX","Natural","Hydrological","Mass movement (wet)","Landslide (wet)","2","","21","","","64.264832219735"
"2006","Mexico","MEX","Natural","Meteorological","Extreme temperature","Cold wave","1","","5","","","64.264832219735"
"2006","Mexico","MEX","Natural","Meteorological","Storm","Tropical cyclone","3","270700","15","2700000","4201365","64.264832219735"
"2006","Montserrat","MSR","Natural","Geophysical","Volcanic activity","Ash fall","1","200","","","","64.264832219735"
"2006","Morocco","MAR","Natural","Hydrological","Flood","Riverine flood","3","2100","17","","","64.264832219735"
"2006","Mozambique","MOZ","Natural","Geophysical","Earthquake","Ground movement","1","1476","4","","","64.264832219735"
"2006","Myanmar","MMR","Natural","Hydrological","Flood","Riverine flood","1","10000","25","","","64.264832219735"
"2006","Myanmar","MMR","Natural","Meteorological","Storm","Tropical cyclone","1","60106","34","","","64.264832219735"
"2006","Namibia","NAM","Natural","Hydrological","Flood","Riverine flood","2","2300","5","8490000","13210958","64.264832219735"
"2006","Nepal","NPL","Natural","Climatological","Drought","Drought","1","200000","","","","64.264832219735"
"2006","Nepal","NPL","Natural","Hydrological","Flood","Riverine flood","1","","","","","64.264832219735"
"2006","Nepal","NPL","Natural","Hydrological","Mass movement (wet)","Landslide (wet)","2","80000","157","","","64.264832219735"
"2006","Netherlands (Kingdom of the)","NLD","Natural","Meteorological","Extreme temperature","Heat wave","1","","1000","","","64.264832219735"
"2006","New Zealand","NZL","Natural","Hydrological","Flood","Flash flood","1","1200","","3000000","4668183","64.264832219735"
"2006","Niger","NER","Natural","Hydrological","Flood","Flash flood","1","46472","4","","","64.264832219735"
"2006","Nigeria","NGA","Natural","Hydrological","Flood","Flash flood","2","11000","40","","","64.264832219735"
"2006","Nigeria","NGA","Natural","Hydrological","Flood","Riverine flood","1","2000","","","","64.264832219735"
"2006","North Macedonia","MKD","Natural","Hydrological","Flood","Riverine flood","1","1500","","","","64.264832219735"
"2006","Norway","NOR","Natural","Hydrological","Flood","Flood (General)","1","200","1","","","64.264832219735"
"2006","Pakistan","PAK","Natural","Hydrological","Flood","Flash flood","1","","20","","","64.264832219735"
"2006","Pakistan","PAK","Natural","Hydrological","Flood","Flood (General)","1","","20","","","64.264832219735"
"2006","Pakistan","PAK","Natural","Hydrological","Flood","Riverine flood","5","8125","360","","","64.264832219735"
"2006","Pakistan","PAK","Natural","Hydrological","Mass movement (wet)","Landslide (wet)","1","5","29","","","64.264832219735"
"2006","Pakistan","PAK","Natural","Meteorological","Extreme temperature","Heat wave","1","100","84","","","64.264832219735"
"2006","Panama","PAN","Natural","Climatological","Wildfire","Wildfire (General)","1","1436","","","","64.264832219735"
"2006","Panama","PAN","Natural","Hydrological","Flood","Riverine flood","2","6430","11","","","64.264832219735"
"2006","Papua New Guinea","PNG","Natural","Geophysical","Volcanic activity","Ash fall","2","3299","","","","64.264832219735"
"2006","Papua New Guinea","PNG","Natural","Hydrological","Flood","Riverine flood","2","12400","1","","","64.264832219735"
"2006","Papua New Guinea","PNG","Natural","Hydrological","Mass movement (wet)","Landslide (wet)","1","10000","14","","","64.264832219735"
"2006","Papua New Guinea","PNG","Natural","Hydrological","Mass movement (wet)","Mudslide","1","300","1","","","64.264832219735"
"2006","Peru","PER","Natural","Climatological","Drought","Drought","1","","","","","64.264832219735"
"2006","Peru","PER","Natural","Geophysical","Volcanic activity","Ash fall","1","3000","","","","64.264832219735"
"2006","Peru","PER","Natural","Hydrological","Flood","Riverine flood","1","15325","","","","64.264832219735"
"2006","Philippines","PHL","Natural","Geophysical","Volcanic activity","Ash fall","1","43849","","","","64.264832219735"
"2006","Philippines","PHL","Natural","Hydrological","Flood","Flash flood","2","257641","5","9600000","14938186","64.264832219735"
"2006","Philippines","PHL","Natural","Hydrological","Flood","Flood (General)","1","15000","26","","","64.264832219735"
"2006","Philippines","PHL","Natural","Hydrological","Flood","Riverine flood","3","459868","5","4557000","7090970","64.264832219735"
"2006","Philippines","PHL","Natural","Hydrological","Mass movement (wet)","Avalanche (wet)","1","1200","6","","","64.264832219735"
"2006","Philippines","PHL","Natural","Hydrological","Mass movement (wet)","Landslide (wet)","2","13451","1137","2203000","3428002","64.264832219735"
"2006","Philippines","PHL","Natural","Meteorological","Storm","Tropical cyclone","10","7821808","1805","330921000","514933267","64.264832219735"
"2006","Poland","POL","Natural","Hydrological","Flood","Riverine flood","1","500","","","","64.264832219735"
"2006","Portugal","PRT","Natural","Hydrological","Flood","Riverine flood","1","367","3","","","64.264832219735"
"2006","Portugal","PRT","Natural","Meteorological","Extreme temperature","Heat wave","1","","41","","","64.264832219735"
"2006","Republic of Korea","KOR","Natural","Hydrological","Flood","Flash flood","1","4630","46","","","64.264832219735"
"2006","Republic of Moldova","MDA","Natural","Meteorological","Extreme temperature","Severe winter conditions","1","","13","","","64.264832219735"
"2006","Romania","ROU","Natural","Hydrological","Flood","Riverine flood","6","35331","34","","","64.264832219735"
"2006","Romania","ROU","Natural","Meteorological","Extreme temperature","Heat wave","1","200","26","","","64.264832219735"
"2006","Romania","ROU","Natural","Meteorological","Extreme temperature","Severe winter conditions","1","","68","","","64.264832219735"
"2006","Russian Federation","RUS","Natural","Geophysical","Earthquake","Ground movement","1","12040","","55000000","85583356","64.264832219735"
"2006","Russian Federation","RUS","Natural","Hydrological","Flood","Riverine flood","3","7720","","132411000","206039595","64.264832219735"
"2006","Russian Federation","RUS","Natural","Meteorological","Extreme temperature","Severe winter conditions","1","14","116","1000000000","1556061014","64.264832219735"
"2006","Rwanda","RWA","Natural","Hydrological","Mass movement (wet)","Landslide (wet)","1","2000","24","","","64.264832219735"
"2006","Serbia Montenegro","SCG","Natural","Hydrological","Flood","Riverine flood","2","36200","","","","64.264832219735"
"2006","Serbia Montenegro","SCG","Natural","Meteorological","Extreme temperature","Severe winter conditions","1","","3","","","64.264832219735"
"2006","Slovakia","SVK","Natural","Hydrological","Flood","Riverine flood","2","100","1","","","64.264832219735"
"2006","Somalia","SOM","Natural","Hydrological","Flood","Flash flood","1","2000","5","","","64.264832219735"
"2006","Somalia","SOM","Natural","Hydrological","Flood","Riverine flood","3","484500","92","","","64.264832219735"
"2006","South Africa","ZAF","Natural","Hydrological","Flood","Riverine flood","2","7160","12","216000000","336109179","64.264832219735"
"2006","Spain","ESP","Natural","Climatological","Wildfire","Forest fire","1","","4","659000000","1025444208","64.264832219735"
"2006","Spain","ESP","Natural","Hydrological","Flood","Riverine flood","1","289","2","","","64.264832219735"
"2006","Spain","ESP","Natural","Meteorological","Extreme temperature","Heat wave","1","","21","","","64.264832219735"
"2006","Sri Lanka","LKA","Natural","Hydrological","Flood","Riverine flood","1","333002","25","3000000","4668183","64.264832219735"
"2006","Sudan","SDN","Natural","Hydrological","Flood","Flash flood","1","150000","","","","64.264832219735"
"2006","Sudan","SDN","Natural","Hydrological","Flood","Riverine flood","2","17000","27","","","64.264832219735"
"2006","Suriname","SUR","Natural","Hydrological","Flood","Riverine flood","1","25000","3","","","64.264832219735"
"2006","Switzerland","CHE","Natural","Hydrological","Flood","Riverine flood","1","3000","","","","64.264832219735"
"2006","Switzerland","CHE","Natural","Meteorological","Storm","Storm (General)","1","","1","","","64.264832219735"
"2006","Syrian Arab Republic","SYR","Natural","Hydrological","Flood","Riverine flood","1","","6","","","64.264832219735"
"2006","Taiwan (Province of China)","TWN","Natural","Geophysical","Earthquake","Ground movement","1","42","2","","","64.264832219735"
"2006","Taiwan (Province of China)","TWN","Natural","Hydrological","Flood","Riverine flood","1","300","3","116130000","180705366","64.264832219735"
"2006","Taiwan (Province of China)","TWN","Natural","Meteorological","Storm","Tropical cyclone","2","800","3","","","64.264832219735"
"2006","Tajikistan","TJK","Natural","Geophysical","Earthquake","Ground movement","1","15427","3","22000000","34233342","64.264832219735"
"2006","Tajikistan","TJK","Natural","Hydrological","Mass movement (wet)","Avalanche (wet)","1","728","21","","","64.264832219735"
"2006","Tajikistan","TJK","Natural","Hydrological","Mass movement (wet)","Mudslide","1","13000","1","","","64.264832219735"
"2006","Thailand","THA","Natural","Hydrological","Flood","Flash flood","1","342895","116","25000000","38901525","64.264832219735"
"2006","Thailand","THA","Natural","Hydrological","Flood","Riverine flood","2","2214413","164","9940000","15467246","64.264832219735"
"2006","Timor-Leste","TLS","Natural","Meteorological","Storm","Storm (General)","1","8730","","","","64.264832219735"
"2006","Togo","TGO","Natural","Hydrological","Flood","Flood (General)","1","2000","","","","64.264832219735"
"2006","Türkiye","TUR","Natural","Hydrological","Flood","Flash flood","1","63015","47","317000000","493271341","64.264832219735"
"2006","Türkiye","TUR","Natural","Hydrological","Flood","Riverine flood","1","","12","","","64.264832219735"
"2006","Uganda","UGA","Natural","Hydrological","Flood","Riverine flood","2","5680","3","","","64.264832219735"
"2006","Ukraine","UKR","Natural","Hydrological","Flood","Riverine flood","2","5000","2","23855000","37119835","64.264832219735"
"2006","Ukraine","UKR","Natural","Meteorological","Extreme temperature","Severe winter conditions","1","59600","801","","","64.264832219735"
"2006","United Republic of Tanzania","TZA","Natural","Biological","Infestation","Worms infestation","1","","","","","64.264832219735"
"2006","United Republic of Tanzania","TZA","Natural","Climatological","Drought","Drought","1","3700000","","","","64.264832219735"
"2006","United Republic of Tanzania","TZA","Natural","Hydrological","Flood","Riverine flood","2","21528","","","","64.264832219735"
"2006","United States of America","USA","Natural","Climatological","Wildfire","Land fire (Brush, Bush, Pasture)","2","118","4","50000000","77803051","64.264832219735"
"2006","United States of America","USA","Natural","Climatological","Wildfire","Wildfire (General)","2","467","13","166000000","258306128","64.264832219735"
"2006","United States of America","USA","Natural","Geophysical","Earthquake","Ground movement","1","3529","","150000000","233409152","64.264832219735"
"2006","United States of America","USA","Natural","Hydrological","Flood","Riverine flood","11","74060","40","1478500000","2300636209","64.264832219735"
"2006","United States of America","USA","Natural","Meteorological","Extreme temperature","Heat wave","2","","188","","","64.264832219735"
"2006","United States of America","USA","Natural","Meteorological","Storm","Blizzard/Winter storm","3","","3","660000000","1027000269","64.264832219735"
"2006","United States of America","USA","Natural","Meteorological","Storm","Hail","2","4261","40","2200000000","3423334231","64.264832219735"
"2006","United States of America","USA","Natural","Meteorological","Storm","Lightning/Thunderstorms","1","600","1","450000000","700227456","64.264832219735"
"2006","United States of America","USA","Natural","Meteorological","Storm","Storm (General)","2","","21","","","64.264832219735"
"2006","United States of America","USA","Natural","Meteorological","Storm","Tornado","3","662","22","1385000000","2155144505","64.264832219735"
"2006","United States of America","USA","Natural","Meteorological","Storm","Tropical cyclone","1","140","6","32860000","51132165","64.264832219735"
"2006","Vanuatu","VUT","Natural","Geophysical","Volcanic activity","Ash fall","1","","","","","64.264832219735"
"2006","Venezuela (Bolivarian Republic of)","VEN","Natural","Hydrological","Flood","Riverine flood","1","135","","","","64.264832219735"
"2006","Viet Nam","VNM","Natural","Hydrological","Flood","Flash flood","2","2100","16","1000000","1556061","64.264832219735"
"2006","Viet Nam","VNM","Natural","Hydrological","Flood","Riverine flood","3","50020","162","8000000","12448488","64.264832219735"
"2006","Viet Nam","VNM","Natural","Meteorological","Storm","Hail","1","","13","10000000","15560610","64.264832219735"
"2006","Viet Nam","VNM","Natural","Meteorological","Storm","Storm (General)","1","1005","1","","","64.264832219735"
"2006","Viet Nam","VNM","Natural","Meteorological","Storm","Tropical cyclone","4","3296285","387","1080000000","1680545895","64.264832219735"
"2006","Yemen","YEM","Natural","Hydrological","Flood","Flash flood","1","2000","5","","","64.264832219735"
"2006","Yemen","YEM","Natural","Hydrological","Flood","Riverine flood","1","320","25","","","64.264832219735"
"2007","Afghanistan","AFG","Natural","Hydrological","Flood","Flash flood","4","5610","69","","","66.098102965877"
"2007","Afghanistan","AFG","Natural","Hydrological","Flood","Riverine flood","3","24645","227","","","66.098102965877"
"2007","Albania","ALB","Natural","Climatological","Wildfire","Forest fire","1","75","","","","66.098102965877"
"2007","Albania","ALB","Natural","Meteorological","Extreme temperature","Heat wave","1","150","","","","66.098102965877"
"2007","Algeria","DZA","Natural","Climatological","Wildfire","Forest fire","1","","8","","","66.098102965877"
"2007","Algeria","DZA","Natural","Hydrological","Flood","Coastal flood","1","","12","","","66.098102965877"
"2007","Algeria","DZA","Natural","Hydrological","Flood","Flash flood","2","","40","43061000","65147104","66.098102965877"
"2007","Algeria","DZA","Natural","Hydrological","Flood","Flood (General)","1","","15","","","66.098102965877"
"2007","Algeria","DZA","Natural","Hydrological","Flood","Riverine flood","2","1305","15","","","66.098102965877"
"2007","Angola","AGO","Natural","Hydrological","Flood","Riverine flood","2","46000","105","","","66.098102965877"
"2007","Argentina","ARG","Natural","Hydrological","Flood","Riverine flood","2","135000","10","40000000","60516109","66.098102965877"
"2007","Argentina","ARG","Natural","Meteorological","Extreme temperature","Severe winter conditions","1","","9","","","66.098102965877"
"2007","Australia","AUS","Natural","Hydrological","Flood","Flash flood","1","5000","9","1300000000","1966773541","66.098102965877"
"2007","Australia","AUS","Natural","Meteorological","Storm","Tropical cyclone","1","820","2","100000000","151290272","66.098102965877"
"2007","Austria","AUT","Natural","Hydrological","Flood","Riverine flood","1","480","","","","66.098102965877"
"2007","Austria","AUT","Natural","Meteorological","Extreme temperature","Heat wave","1","","5","","","66.098102965877"
"2007","Austria","AUT","Natural","Meteorological","Storm","Extra-tropical storm","1","","","400000000","605161089","66.098102965877"
"2007","Bahamas","BHS","Natural","Meteorological","Storm","Tropical cyclone","1","7000","1","","","66.098102965877"
"2007","Bangladesh","BGD","Natural","Hydrological","Flood","Riverine flood","2","13851440","1230","114000000","172470910","66.098102965877"
"2007","Bangladesh","BGD","Natural","Meteorological","Extreme temperature","Severe winter conditions","1","100000","130","","","66.098102965877"
"2007","Bangladesh","BGD","Natural","Meteorological","Storm","Tropical cyclone","2","8978766","4275","2300000000","3479676264","66.098102965877"
"2007","Barbados","BRB","Natural","Geophysical","Earthquake","Ground movement","1","1","","","","66.098102965877"
"2007","Belarus","BLR","Natural","Meteorological","Storm","Extra-tropical storm","1","","","10000000","15129027","66.098102965877"
"2007","Belgium","BEL","Natural","Meteorological","Storm","Extra-tropical storm","1","2","2","450000000","680806226","66.098102965877"
"2007","Belize","BLZ","Natural","Meteorological","Storm","Tropical cyclone","1","20000","","14847000","22462067","66.098102965877"
"2007","Benin","BEN","Natural","Hydrological","Flood","Riverine flood","1","10884","10","","","66.098102965877"
"2007","Bolivia (Plurinational State of)","BOL","Natural","Hydrological","Flood","Riverine flood","2","824519","115","590000000","892612607","66.098102965877"
"2007","Bolivia (Plurinational State of)","BOL","Natural","Meteorological","Extreme temperature","Severe winter conditions","1","","","","","66.098102965877"
"2007","Bosnia and Herzegovina","BIH","Natural","Meteorological","Extreme temperature","Heat wave","1","","","","","66.098102965877"
"2007","Brazil","BRA","Natural","Climatological","Drought","Drought","1","1000000","","","","66.098102965877"
"2007","Brazil","BRA","Natural","Geophysical","Earthquake","Ground movement","1","286","1","","","66.098102965877"
"2007","Brazil","BRA","Natural","Hydrological","Flood","Flash flood","1","200080","59","125000000","189112840","66.098102965877"
"2007","Brazil","BRA","Natural","Hydrological","Flood","Flood (General)","1","4000","4","","","66.098102965877"
"2007","Brazil","BRA","Natural","Hydrological","Flood","Riverine flood","1","2272","6","","","66.098102965877"
"2007","Brazil","BRA","Natural","Hydrological","Mass movement (wet)","Mudslide","1","5000","","","","66.098102965877"
"2007","Bulgaria","BGR","Natural","Climatological","Wildfire","Forest fire","1","9","1","2454000","3712663","66.098102965877"
"2007","Bulgaria","BGR","Natural","Climatological","Wildfire","Wildfire (General)","1","","2","","","66.098102965877"
"2007","Bulgaria","BGR","Natural","Hydrological","Flood","Riverine flood","3","1070","12","","","66.098102965877"
"2007","Bulgaria","BGR","Natural","Meteorological","Extreme temperature","Heat wave","1","50","2","","","66.098102965877"
"2007","Burkina Faso","BFA","Natural","Hydrological","Flood","Riverine flood","1","121043","52","","","66.098102965877"
"2007","Burundi","BDI","Natural","Hydrological","Flood","Flood (General)","1","2701","1","","","66.098102965877"
"2007","Burundi","BDI","Natural","Hydrological","Flood","Riverine flood","1","23000","4","","","66.098102965877"
"2007","Cambodia","KHM","Natural","Hydrological","Flood","Riverine flood","1","19000","2","1000000","1512903","66.098102965877"
"2007","Cameroon","CMR","Natural","Hydrological","Flood","Flood (General)","1","10296","8","","","66.098102965877"
"2007","Canada","CAN","Natural","Hydrological","Flood","Riverine flood","1","500","","","","66.098102965877"
"2007","Canada","CAN","Natural","Meteorological","Storm","Blizzard/Winter storm","1","","2","","","66.098102965877"
"2007","Canada","CAN","Natural","Meteorological","Storm","Storm (General)","1","","4","","","66.098102965877"
"2007","Canary Islands","SPI","Natural","Climatological","Wildfire","Forest fire","1","405","","","","66.098102965877"
"2007","Central African Republic","CAF","Natural","Hydrological","Flood","Riverine flood","1","7812","1","","","66.098102965877"
"2007","Chad","TCD","Natural","Hydrological","Flood","Riverine flood","2","173000","15","","","66.098102965877"
"2007","Chad","TCD","Natural","Meteorological","Storm","Storm (General)","1","145","14","","","66.098102965877"
"2007","Chile","CHL","Natural","Geophysical","Earthquake","Ground movement","1","25155","2","100000000","151290272","66.098102965877"
"2007","Chile","CHL","Natural","Geophysical","Earthquake","Tsunami","1","","10","","","66.098102965877"
"2007","Chile","CHL","Natural","Meteorological","Extreme temperature","Severe winter conditions","1","","6","","","66.098102965877"
"2007","China","CHN","Natural","Geophysical","Earthquake","Ground movement","1","329","3","342000000","517412731","66.098102965877"
"2007","China","CHN","Natural","Hydrological","Flood","Flash flood","1","2300050","43","78000000","118006412","66.098102965877"
"2007","China","CHN","Natural","Hydrological","Flood","Riverine flood","9","108793242","967","4919155000","7442202997","66.098102965877"
"2007","China","CHN","Natural","Hydrological","Mass movement (wet)","Landslide (wet)","1","1","33","","","66.098102965877"
"2007","China","CHN","Natural","Meteorological","Storm","Storm (General)","1","1000000","13","26000000","39335471","66.098102965877"
"2007","China","CHN","Natural","Meteorological","Storm","Tornado","2","5154","34","7200000","10892900","66.098102965877"
"2007","China","CHN","Natural","Meteorological","Storm","Tropical cyclone","3","8000000","48","2606343000","3943143423","66.098102965877"
"2007","Colombia","COL","Natural","Geophysical","Earthquake","Ground movement","1","175","","","","66.098102965877"
"2007","Colombia","COL","Natural","Geophysical","Volcanic activity","Ash fall","1","3000","","","","66.098102965877"
"2007","Colombia","COL","Natural","Hydrological","Flood","Riverine flood","4","2671487","218","","","66.098102965877"
"2007","Congo","COG","Natural","Hydrological","Flood","Riverine flood","1","25000","","","","66.098102965877"
"2007","Costa Rica","CRI","Natural","Hydrological","Flood","Riverine flood","2","24500","19","80000000","121032218","66.098102965877"
"2007","Croatia","HRV","Natural","Climatological","Wildfire","Forest fire","2","26","12","","","66.098102965877"
"2007","Cuba","CUB","Natural","Hydrological","Flood","Riverine flood","1","18000","","","","66.098102965877"
"2007","Cuba","CUB","Natural","Meteorological","Storm","Tropical cyclone","2","192488","1","500000000","756451362","66.098102965877"
"2007","Cyprus","CYP","Natural","Meteorological","Extreme temperature","Heat wave","1","","4","","","66.098102965877"
"2007","Czechia","CZE","Natural","Hydrological","Flood","Riverine flood","1","300","","","","66.098102965877"
"2007","Czechia","CZE","Natural","Meteorological","Storm","Extra-tropical storm","1","","4","150000000","226935409","66.098102965877"
"2007","Côte d’Ivoire","CIV","Natural","Hydrological","Flood","Riverine flood","1","2000","","","","66.098102965877"
"2007","Democratic People's Republic of Korea","PRK","Natural","Hydrological","Flood","Riverine flood","1","1170518","610","300000000","453870817","66.098102965877"
"2007","Democratic People's Republic of Korea","PRK","Natural","Meteorological","Storm","Tropical cyclone","1","1649","","","","66.098102965877"
"2007","Democratic Republic of the Congo","COD","Natural","Hydrological","Flood","Riverine flood","1","1600","32","","","66.098102965877"
"2007","Denmark","DNK","Natural","Meteorological","Storm","Extra-tropical storm","1","","","100000000","151290272","66.098102965877"
"2007","Djibouti","DJI","Natural","Climatological","Drought","Drought","1","42750","","","","66.098102965877"
"2007","Dominica","DMA","Natural","Meteorological","Storm","Tropical cyclone","1","7530","2","20000000","30258054","66.098102965877"
"2007","Dominican Republic","DOM","Natural","Hydrological","Flood","Riverine flood","2","19830","12","","","66.098102965877"
"2007","Dominican Republic","DOM","Natural","Meteorological","Storm","Tropical cyclone","3","142933","163","162700000","246149273","66.098102965877"
"2007","El Salvador","SLV","Natural","Hydrological","Flood","Riverine flood","1","500","2","","","66.098102965877"
"2007","El Salvador","SLV","Natural","Meteorological","Storm","Tropical cyclone","1","2800","","","","66.098102965877"
"2007","Eswatini","SWZ","Natural","Climatological","Drought","Drought","1","410000","","","","66.098102965877"
"2007","Eswatini","SWZ","Natural","Climatological","Wildfire","Forest fire","1","1500","2","","","66.098102965877"
"2007","Ethiopia","ETH","Natural","Geophysical","Volcanic activity","Ash fall","1","2000","5","","","66.098102965877"
"2007","Ethiopia","ETH","Natural","Hydrological","Flood","Riverine flood","2","245386","17","","","66.098102965877"
"2007","Fiji","FJI","Natural","Hydrological","Flood","Flash flood","1","","5","7000000","10590319","66.098102965877"
"2007","Fiji","FJI","Natural","Hydrological","Flood","Riverine flood","1","900","1","30000000","45387082","66.098102965877"
"2007","Fiji","FJI","Natural","Meteorological","Storm","Tropical cyclone","2","69","1","652000","986413","66.098102965877"
"2007","France","FRA","Natural","Meteorological","Storm","Blizzard/Winter storm","1","","1","","","66.098102965877"
"2007","France","FRA","Natural","Meteorological","Storm","Extra-tropical storm","1","","3","250000000","378225681","66.098102965877"
"2007","France","FRA","Natural","Meteorological","Storm","Storm (General)","1","900","1","","","66.098102965877"
"2007","Gambia","GMB","Natural","Hydrological","Flood","Riverine flood","1","300","","","","66.098102965877"
"2007","Germany","DEU","Natural","Hydrological","Flood","Riverine flood","1","","1","","","66.098102965877"
"2007","Germany","DEU","Natural","Meteorological","Storm","Blizzard/Winter storm","1","","7","","","66.098102965877"
"2007","Germany","DEU","Natural","Meteorological","Storm","Extra-tropical storm","1","130","11","5500000000","8320964980","66.098102965877"
"2007","Ghana","GHA","Natural","Hydrological","Flood","Riverine flood","1","332600","56","","","66.098102965877"
"2007","Greece","GRC","Natural","Climatological","Wildfire","Forest fire","1","5392","65","1750000000","2647579766","66.098102965877"
"2007","Greece","GRC","Natural","Hydrological","Flood","Riverine flood","1","600","2","","","66.098102965877"
"2007","Greece","GRC","Natural","Meteorological","Extreme temperature","Heat wave","1","","16","","","66.098102965877"
"2007","Guadeloupe","GLP","Natural","Meteorological","Storm","Tropical cyclone","1","","","300000000","453870817","66.098102965877"
"2007","Guatemala","GTM","Natural","Hydrological","Flood","Riverine flood","2","2096","11","","","66.098102965877"
"2007","Guatemala","GTM","Natural","Meteorological","Storm","Tropical cyclone","1","3905","","","","66.098102965877"
"2007","Guinea","GIN","Natural","Hydrological","Flood","Riverine flood","1","20685","","","","66.098102965877"
"2007","Haiti","HTI","Natural","Hydrological","Flood","Riverine flood","4","104961","61","","","66.098102965877"
"2007","Haiti","HTI","Natural","Meteorological","Storm","Tropical cyclone","3","115081","102","","","66.098102965877"
"2007","Honduras","HND","Natural","Geophysical","Earthquake","Ground movement","1","1883","","","","66.098102965877"
"2007","Honduras","HND","Natural","Hydrological","Flood","Flood (General)","1","500","1","","","66.098102965877"
"2007","Honduras","HND","Natural","Hydrological","Flood","Riverine flood","1","15000","5","","","66.098102965877"
"2007","Honduras","HND","Natural","Meteorological","Storm","Tropical cyclone","1","19500","1","6579000","9953387","66.098102965877"
"2007","Hungary","HUN","Natural","Meteorological","Extreme temperature","Heat wave","1","","500","","","66.098102965877"
"2007","India","IND","Natural","Hydrological","Flood","Coastal flood","1","7200000","80","275000000","416048249","66.098102965877"
"2007","India","IND","Natural","Hydrological","Flood","Flash flood","1","200000","127","","","66.098102965877"
"2007","India","IND","Natural","Hydrological","Flood","Flood (General)","1","8","40","","","66.098102965877"
"2007","India","IND","Natural","Hydrological","Flood","Riverine flood","13","30743000","1804","101151000","153031623","66.098102965877"
"2007","India","IND","Natural","Meteorological","Extreme temperature","Cold wave","2","25","113","","","66.098102965877"
"2007","India","IND","Natural","Meteorological","Extreme temperature","Heat wave","1","","72","","","66.098102965877"
"2007","India","IND","Natural","Meteorological","Storm","Tropical cyclone","1","","","","","66.098102965877"
"2007","Indonesia","IDN","Natural","Geophysical","Earthquake","Ground movement","4","619496","95","700000000","1059031907","66.098102965877"
"2007","Indonesia","IDN","Natural","Geophysical","Volcanic activity","Ash fall","2","31912","","","","66.098102965877"
"2007","Indonesia","IDN","Natural","Hydrological","Flood","Flash flood","1","11556","74","","","66.098102965877"
"2007","Indonesia","IDN","Natural","Hydrological","Flood","Flood (General)","1","1000","4","","","66.098102965877"
"2007","Indonesia","IDN","Natural","Hydrological","Flood","Riverine flood","6","556991","360","971000000","1469028545","66.098102965877"
"2007","Indonesia","IDN","Natural","Hydrological","Mass movement (wet)","Landslide (wet)","2","3990","43","","","66.098102965877"
"2007","Iran (Islamic Republic of)","IRN","Natural","Hydrological","Flood","Flash flood","1","","12","22000000","33283860","66.098102965877"
"2007","Iran (Islamic Republic of)","IRN","Natural","Meteorological","Storm","Tropical cyclone","1","185009","12","","","66.098102965877"
"2007","Ireland","IRL","Natural","Meteorological","Storm","Extra-tropical storm","1","","7","","","66.098102965877"
"2007","Italy","ITA","Natural","Climatological","Wildfire","Forest fire","1","","11","","","66.098102965877"
"2007","Italy","ITA","Natural","Meteorological","Extreme temperature","Heat wave","1","","6","","","66.098102965877"
"2007","Jamaica","JAM","Natural","Meteorological","Storm","Tropical cyclone","2","33188","5","300000000","453870817","66.098102965877"
"2007","Japan","JPN","Natural","Geophysical","Earthquake","Ground movement","3","55228","10","12750000000","19289509726","66.098102965877"
"2007","Japan","JPN","Natural","Hydrological","Flood","Riverine flood","1","10000","2","","","66.098102965877"
"2007","Japan","JPN","Natural","Meteorological","Extreme temperature","Heat wave","1","3000","62","","","66.098102965877"
"2007","Japan","JPN","Natural","Meteorological","Storm","Tropical cyclone","3","40994","13","1060000000","1603676887","66.098102965877"
"2007","Kenya","KEN","Natural","Hydrological","Flood","Riverine flood","3","42651","19","","","66.098102965877"
"2007","Kenya","KEN","Natural","Hydrological","Mass movement (wet)","Mudslide","1","6","20","","","66.098102965877"
"2007","Kyrgyzstan","KGZ","Natural","Hydrological","Flood","Riverine flood","1","845","","200000","302581","66.098102965877"
"2007","Lebanon","LBN","Natural","Climatological","Wildfire","Forest fire","1","15","1","","","66.098102965877"
"2007","Lesotho","LSO","Natural","Climatological","Drought","Drought","1","475000","","","","66.098102965877"
"2007","Liberia","LBR","Natural","Hydrological","Flood","Riverine flood","1","17000","1","","","66.098102965877"
"2007","Liberia","LBR","Natural","Meteorological","Storm","Severe weather","1","3500","","","","66.098102965877"
"2007","Madagascar","MDG","Natural","Hydrological","Flood","Coastal flood","1","33000","7","","","66.098102965877"
"2007","Madagascar","MDG","Natural","Meteorological","Storm","Tropical cyclone","2","222511","81","240000000","363096654","66.098102965877"
"2007","Malawi","MWI","Natural","Climatological","Drought","Drought","1","520000","","","","66.098102965877"
"2007","Malawi","MWI","Natural","Hydrological","Flood","Flash flood","1","180246","","","","66.098102965877"
"2007","Malawi","MWI","Natural","Hydrological","Flood","Flood (General)","1","2000","","","","66.098102965877"
"2007","Malawi","MWI","Natural","Hydrological","Flood","Riverine flood","2","19719","2","","","66.098102965877"
"2007","Malaysia","MYS","Natural","Hydrological","Flood","Riverine flood","2","166533","46","968000000","1464489836","66.098102965877"
"2007","Maldives","MDV","Natural","Hydrological","Flood","Coastal flood","1","1649","","","","66.098102965877"
"2007","Mali","MLI","Natural","Hydrological","Flood","Flash flood","1","41603","9","","","66.098102965877"
"2007","Mali","MLI","Natural","Hydrological","Flood","Riverine flood","1","47255","9","","","66.098102965877"
"2007","Martinique","MTQ","Natural","Geophysical","Earthquake","Ground movement","1","100","1","","","66.098102965877"
"2007","Martinique","MTQ","Natural","Meteorological","Storm","Tropical cyclone","1","6","1","300000000","453870817","66.098102965877"
"2007","Mauritania","MRT","Natural","Hydrological","Flood","Riverine flood","2","54120","3","","","66.098102965877"
"2007","Mauritius","MUS","Natural","Meteorological","Storm","Tropical cyclone","1","","2","","","66.098102965877"
"2007","Mexico","MEX","Natural","Hydrological","Flood","Coastal flood","1","55000","","","","66.098102965877"
"2007","Mexico","MEX","Natural","Hydrological","Flood","Riverine flood","1","1600000","22","3000000000","4538708171","66.098102965877"
"2007","Mexico","MEX","Natural","Hydrological","Mass movement (wet)","Landslide (wet)","1","","16","","","66.098102965877"
"2007","Mexico","MEX","Natural","Meteorological","Storm","Tropical cyclone","4","203000","20","600000000","907741634","66.098102965877"
"2007","Montenegro","MNE","Natural","Hydrological","Flood","Flash flood","1","1086","","","","66.098102965877"
"2007","Mozambique","MOZ","Natural","Climatological","Drought","Drought","1","520000","","","","66.098102965877"
"2007","Mozambique","MOZ","Natural","Hydrological","Flood","Flood (General)","1","113535","20","100000000","151290272","66.098102965877"
"2007","Mozambique","MOZ","Natural","Hydrological","Flood","Riverine flood","3","288500","34","71000000","107416093","66.098102965877"
"2007","Mozambique","MOZ","Natural","Meteorological","Storm","Tropical cyclone","1","162770","10","","","66.098102965877"
"2007","Myanmar","MMR","Natural","Hydrological","Flood","Riverine flood","4","166664","5","","","66.098102965877"
"2007","Namibia","NAM","Natural","Hydrological","Flood","Riverine flood","1","15000","7","","","66.098102965877"
"2007","Nepal","NPL","Natural","Hydrological","Flood","Riverine flood","1","640706","214","2400000","3630967","66.098102965877"
"2007","Netherlands (Kingdom of the)","NLD","Natural","Meteorological","Storm","Extra-tropical storm","1","","7","550000000","832096498","66.098102965877"
"2007","New Zealand","NZL","Natural","Meteorological","Storm","Tropical cyclone","1","300","","","","66.098102965877"
"2007","Nicaragua","NIC","Natural","Hydrological","Flood","Riverine flood","1","24000","10","","","66.098102965877"
"2007","Nicaragua","NIC","Natural","Meteorological","Storm","Tropical cyclone","1","188726","177","","","66.098102965877"
"2007","Niger","NER","Natural","Hydrological","Flood","Riverine flood","1","57274","7","","","66.098102965877"
"2007","Nigeria","NGA","Natural","Hydrological","Flood","Flood (General)","2","5000","23","","","66.098102965877"
"2007","Nigeria","NGA","Natural","Hydrological","Flood","Riverine flood","1","50000","68","","","66.098102965877"
"2007","North Macedonia","MKD","Natural","Climatological","Wildfire","Forest fire","1","1000000","1","","","66.098102965877"
"2007","North Macedonia","MKD","Natural","Meteorological","Extreme temperature","Heat wave","1","202","","","","66.098102965877"
"2007","Oman","OMN","Natural","Meteorological","Storm","Tropical cyclone","1","20000","76","3900000000","5900320622","66.098102965877"
"2007","Pakistan","PAK","Natural","Hydrological","Flood","Flash flood","2","520","66","327118000","494897713","66.098102965877"
"2007","Pakistan","PAK","Natural","Hydrological","Flood","Flood (General)","1","","80","","","66.098102965877"
"2007","Pakistan","PAK","Natural","Hydrological","Flood","Riverine flood","3","2186","380","","","66.098102965877"
"2007","Pakistan","PAK","Natural","Hydrological","Mass movement (wet)","Avalanche (wet)","1","3","43","","","66.098102965877"
"2007","Pakistan","PAK","Natural","Hydrological","Mass movement (wet)","Landslide (wet)","2","2","100","","","66.098102965877"
"2007","Pakistan","PAK","Natural","Meteorological","Storm","Tropical cyclone","1","1650000","242","1620000000","2450902412","66.098102965877"
"2007","Panama","PAN","Natural","Hydrological","Flood","Riverine flood","1","129","2","","","66.098102965877"
"2007","Papua New Guinea","PNG","Natural","Meteorological","Storm","Tropical cyclone","1","162140","172","","","66.098102965877"
"2007","Paraguay","PRY","Natural","Climatological","Wildfire","Forest fire","1","125000","8","30000000","45387082","66.098102965877"
"2007","Peru","PER","Natural","Geophysical","Earthquake","Ground movement","1","658331","593","600000000","907741634","66.098102965877"
"2007","Peru","PER","Natural","Hydrological","Flood","Riverine flood","1","47714","17","","","66.098102965877"
"2007","Peru","PER","Natural","Meteorological","Extreme temperature","Severe winter conditions","1","884572","67","","","66.098102965877"
"2007","Philippines","PHL","Natural","Climatological","Drought","Drought","1","","","","","66.098102965877"
"2007","Philippines","PHL","Natural","Geophysical","Volcanic activity","Ash fall","1","14036","","","","66.098102965877"
"2007","Philippines","PHL","Natural","Hydrological","Flood","Coastal flood","2","50034","11","2520000","3812515","66.098102965877"
"2007","Philippines","PHL","Natural","Hydrological","Flood","Riverine flood","3","36713","29","4080000","6172643","66.098102965877"
"2007","Philippines","PHL","Natural","Meteorological","Storm","Tropical cyclone","8","1909794","78","9955000","15060947","66.098102965877"
"2007","Poland","POL","Natural","Meteorological","Storm","Extra-tropical storm","1","","6","100000000","151290272","66.098102965877"
"2007","Poland","POL","Natural","Meteorological","Storm","Storm (General)","1","","13","","","66.098102965877"
"2007","Puerto Rico","PRI","Natural","Meteorological","Storm","Tropical cyclone","1","","1","","","66.098102965877"
"2007","Republic of Korea","KOR","Natural","Hydrological","Flood","Flood (General)","1","1000","3","","","66.098102965877"
"2007","Republic of Korea","KOR","Natural","Meteorological","Storm","Tropical cyclone","1","602","20","70000000","105903191","66.098102965877"
"2007","Republic of Moldova","MDA","Natural","Climatological","Drought","Drought","1","210394","","406000000","614238506","66.098102965877"
"2007","Romania","ROU","Natural","Hydrological","Flood","Flash flood","2","1460","3","","","66.098102965877"
"2007","Romania","ROU","Natural","Hydrological","Flood","Riverine flood","2","5516","11","","","66.098102965877"
"2007","Romania","ROU","Natural","Meteorological","Extreme temperature","Cold wave","1","","38","","","66.098102965877"
"2007","Romania","ROU","Natural","Meteorological","Extreme temperature","Heat wave","1","","30","","","66.098102965877"
"2007","Russian Federation","RUS","Natural","Geophysical","Earthquake","Ground movement","1","25012","2","420000000","635419144","66.098102965877"
"2007","Russian Federation","RUS","Natural","Hydrological","Flood","Riverine flood","1","14000","","25752000","38960271","66.098102965877"
"2007","Russian Federation","RUS","Natural","Meteorological","Storm","Blizzard/Winter storm","1","","","","","66.098102965877"
"2007","Rwanda","RWA","Natural","Hydrological","Flood","Riverine flood","2","4500","30","9000","13616","66.098102965877"
"2007","Réunion","REU","Natural","Meteorological","Storm","Tropical cyclone","1","90","2","","","66.098102965877"
"2007","Saint Lucia","LCA","Natural","Geophysical","Earthquake","Ground movement","1","","","","","66.098102965877"
"2007","Saint Lucia","LCA","Natural","Meteorological","Storm","Tropical cyclone","1","","1","40000000","60516109","66.098102965877"
"2007","Senegal","SEN","Natural","Hydrological","Flood","Riverine flood","1","5300","8","","","66.098102965877"
"2007","Serbia","SRB","Natural","Hydrological","Flood","Flash flood","1","12370","","","","66.098102965877"
"2007","Serbia","SRB","Natural","Meteorological","Extreme temperature","Heat wave","1","","","","","66.098102965877"
"2007","Sierra Leone","SLE","Natural","Hydrological","Flood","Riverine flood","1","4500","","","","66.098102965877"
"2007","Slovakia","SVK","Natural","Meteorological","Extreme temperature","Heat wave","1","89","1","","","66.098102965877"
"2007","Slovenia","SVN","Natural","Meteorological","Storm","Extra-tropical storm","1","","","100000000","151290272","66.098102965877"
"2007","Slovenia","SVN","Natural","Meteorological","Storm","Storm (General)","1","1050","6","292000000","441767595","66.098102965877"
"2007","Solomon Islands","SLB","Natural","Geophysical","Earthquake","Tsunami","1","2384","52","","","66.098102965877"
"2007","Somalia","SOM","Natural","Hydrological","Flood","Flash flood","1","2012","21","","","66.098102965877"
"2007","Somalia","SOM","Natural","Hydrological","Flood","Riverine flood","1","8000","4","","","66.098102965877"
"2007","South Africa","ZAF","Natural","Climatological","Wildfire","Forest fire","1","1600","26","","","66.098102965877"
"2007","South Africa","ZAF","Natural","Hydrological","Flood","Riverine flood","1","38000","","","","66.098102965877"
"2007","South Africa","ZAF","Natural","Meteorological","Extreme temperature","Cold wave","1","","22","","","66.098102965877"
"2007","Spain","ESP","Natural","Hydrological","Flood","Flash flood","1","3600","3","","","66.098102965877"
"2007","Spain","ESP","Natural","Hydrological","Flood","Riverine flood","2","13000","2","400000000","605161089","66.098102965877"
"2007","Spain","ESP","Natural","Meteorological","Storm","Blizzard/Winter storm","1","","1","","","66.098102965877"
"2007","Sri Lanka","LKA","Natural","Hydrological","Flood","Flash flood","1","121000","15","50000","75645","66.098102965877"
"2007","Sri Lanka","LKA","Natural","Hydrological","Flood","Riverine flood","2","285000","18","","","66.098102965877"
"2007","Sudan","SDN","Natural","Hydrological","Flood","Riverine flood","1","565335","150","300000000","453870817","66.098102965877"
"2007","Switzerland","CHE","Natural","Hydrological","Flood","Riverine flood","1","101","1","350000000","529515953","66.098102965877"
"2007","Switzerland","CHE","Natural","Meteorological","Storm","Blizzard/Winter storm","1","","","","","66.098102965877"
"2007","Switzerland","CHE","Natural","Meteorological","Storm","Extra-tropical storm","1","","","100000000","151290272","66.098102965877"
"2007","Taiwan (Province of China)","TWN","Natural","Meteorological","Storm","Tropical cyclone","2","2879","18","60000000","90774163","66.098102965877"
"2007","Tajikistan","TJK","Natural","Geophysical","Earthquake","Ground movement","1","7003","11","","","66.098102965877"
"2007","Tajikistan","TJK","Natural","Hydrological","Flood","Flood (General)","1","125","21","","","66.098102965877"
"2007","Tajikistan","TJK","Natural","Hydrological","Flood","Riverine flood","1","17184","1","","","66.098102965877"
"2007","Tajikistan","TJK","Natural","Hydrological","Mass movement (wet)","Avalanche (wet)","1","","16","","","66.098102965877"
"2007","Thailand","THA","Natural","Hydrological","Flood","Flash flood","1","","38","","","66.098102965877"
"2007","Thailand","THA","Natural","Hydrological","Flood","Riverine flood","4","183000","15","1500000","2269354","66.098102965877"
"2007","Timor-Leste","TLS","Natural","Climatological","Drought","Drought","1","","","","","66.098102965877"
"2007","Timor-Leste","TLS","Natural","Hydrological","Flood","Riverine flood","1","947","1","","","66.098102965877"
"2007","Togo","TGO","Natural","Hydrological","Flood","Riverine flood","1","141331","41","","","66.098102965877"
"2007","Tunisia","TUN","Natural","Hydrological","Flood","Flash flood","1","5000","16","","","66.098102965877"
"2007","Tunisia","TUN","Natural","Hydrological","Flood","Riverine flood","1","1500","","","","66.098102965877"
"2007","Türkiye","TUR","Natural","Hydrological","Flood","Riverine flood","3","3186","16","","","66.098102965877"
"2007","Türkiye","TUR","Natural","Meteorological","Extreme temperature","Heat wave","1","","3","","","66.098102965877"
"2007","Uganda","UGA","Natural","Hydrological","Flood","Riverine flood","2","721045","33","71000","107416","66.098102965877"
"2007","Ukraine","UKR","Natural","Meteorological","Storm","Extra-tropical storm","1","","","100000000","151290272","66.098102965877"
"2007","Ukraine","UKR","Natural","Meteorological","Storm","Storm (General)","1","7552","","","","66.098102965877"
"2007","United Kingdom of Great Britain and Northern Ireland","GBR","Natural","Geophysical","Earthquake","Ground movement","1","4501","","60000000","90774163","66.098102965877"
"2007","United Kingdom of Great Britain and Northern Ireland","GBR","Natural","Hydrological","Flood","Riverine flood","3","370200","14","8448000000","12781002209","66.098102965877"
"2007","United Kingdom of Great Britain and Northern Ireland","GBR","Natural","Meteorological","Storm","Extra-tropical storm","1","","12","1200000000","1815483268","66.098102965877"
"2007","United States of America","USA","Natural","Climatological","Drought","Drought","1","","","300000000","453870817","66.098102965877"
"2007","United States of America","USA","Natural","Climatological","Wildfire","Forest fire","2","10927","","315000000","476564358","66.098102965877"
"2007","United States of America","USA","Natural","Climatological","Wildfire","Land fire (Brush, Bush, Pasture)","1","640064","8","2500000000","3782256809","66.098102965877"
"2007","United States of America","USA","Natural","Hydrological","Flood","Flash flood","1","120","4","","","66.098102965877"
"2007","United States of America","USA","Natural","Hydrological","Flood","Riverine flood","5","8690","76","728000000","1101393183","66.098102965877"
"2007","United States of America","USA","Natural","Meteorological","Storm","Blizzard/Winter storm","1","","16","140000000","211806381","66.098102965877"
"2007","United States of America","USA","Natural","Meteorological","Storm","Storm (General)","7","1377","160","4600000000","6959352528","66.098102965877"
"2007","United States of America","USA","Natural","Meteorological","Storm","Tornado","4","6940","62","1080000000","1633934941","66.098102965877"
"2007","United States of America","USA","Natural","Meteorological","Storm","Tropical cyclone","1","","26","248000000","375199875","66.098102965877"
"2007","Uruguay","URY","Natural","Hydrological","Flood","Riverine flood","2","120000","2","45000000","68080623","66.098102965877"
"2007","Uruguay","URY","Natural","Meteorological","Extreme temperature","Severe winter conditions","1","","","","","66.098102965877"
"2007","Viet Nam","VNM","Natural","Hydrological","Flood","Coastal flood","2","566130","129","480000000","726193307","66.098102965877"
"2007","Viet Nam","VNM","Natural","Hydrological","Flood","Flood (General)","1","280000","3","","","66.098102965877"
"2007","Viet Nam","VNM","Natural","Hydrological","Flood","Riverine flood","2","116042","98","310000000","468999844","66.098102965877"
"2007","Viet Nam","VNM","Natural","Meteorological","Storm","Tropical cyclone","1","685430","96","191000000","288964420","66.098102965877"
"2007","Yemen","YEM","Natural","Geophysical","Volcanic activity","Ash fall","1","15","6","","","66.098102965877"
"2007","Yemen","YEM","Natural","Hydrological","Flood","Flash flood","1","618","36","","","66.098102965877"
"2007","Yemen","YEM","Natural","Hydrological","Flood","Riverine flood","2","2000","57","","","66.098102965877"
"2007","Zambia","ZMB","Natural","Hydrological","Flood","Riverine flood","3","1553521","14","","","66.098102965877"
"2007","Zimbabwe","ZWE","Natural","Climatological","Drought","Drought","1","2100000","","","","66.098102965877"
"2007","Zimbabwe","ZWE","Natural","Hydrological","Flood","Riverine flood","2","17000","27","","","66.098102965877"
"2007","Zimbabwe","ZWE","Natural","Meteorological","Storm","Tropical cyclone","1","","","1200000","1815483","66.098102965877"
"2008","Afghanistan","AFG","Natural","Climatological","Drought","Drought","1","280000","","","","68.635672280876"
"2008","Afghanistan","AFG","Natural","Hydrological","Flood","Flash flood","1","1180","","","","68.635672280876"
"2008","Afghanistan","AFG","Natural","Meteorological","Extreme temperature","Severe winter conditions","1","170684","1317","","","68.635672280876"
"2008","Algeria","DZA","Natural","Hydrological","Flood","Flash flood","1","59050","93","348000000","507024975","68.635672280876"
"2008","Angola","AGO","Natural","Hydrological","Flood","Riverine flood","1","81400","7","","","68.635672280876"
"2008","Antigua and Barbuda","ATG","Natural","Meteorological","Storm","Tropical cyclone","1","25800","","","","68.635672280876"
"2008","Argentina","ARG","Natural","Geophysical","Volcanic activity","Ash fall","1","","","","","68.635672280876"
"2008","Argentina","ARG","Natural","Hydrological","Flood","Riverine flood","1","85000","","","","68.635672280876"
"2008","Australia","AUS","Natural","Hydrological","Flood","Riverine flood","4","8400","7","2065000000","3008639577","68.635672280876"
"2008","Australia","AUS","Natural","Meteorological","Storm","Lightning/Thunderstorms","1","12000","1","450000000","655635743","68.635672280876"
"2008","Austria","AUT","Natural","Meteorological","Storm","Extra-tropical storm","1","","4","500000000","728484159","68.635672280876"
"2008","Bahamas","BHS","Natural","Meteorological","Storm","Tropical cyclone","2","3000","","","","68.635672280876"
"2008","Bangladesh","BGD","Natural","Hydrological","Flood","Riverine flood","2","635640","28","","","68.635672280876"
"2008","Bangladesh","BGD","Natural","Hydrological","Mass movement (wet)","Landslide (wet)","1","50","13","","","68.635672280876"
"2008","Bangladesh","BGD","Natural","Meteorological","Storm","Tropical cyclone","2","400","27","","","68.635672280876"
"2008","Belgium","BEL","Natural","Meteorological","Storm","Extra-tropical storm","1","","","","","68.635672280876"
"2008","Belize","BLZ","Natural","Hydrological","Flood","Riverine flood","1","38000","1","9697000","14128222","68.635672280876"
"2008","Belize","BLZ","Natural","Meteorological","Storm","Tropical cyclone","1","10000","7","","","68.635672280876"
"2008","Benin","BEN","Natural","Hydrological","Flood","Riverine flood","1","158235","15","","","68.635672280876"
"2008","Bolivia (Plurinational State of)","BOL","Natural","Climatological","Drought","Drought","1","27500","","","","68.635672280876"
"2008","Bolivia (Plurinational State of)","BOL","Natural","Meteorological","Storm","Severe weather","1","6655","","","","68.635672280876"
"2008","Brazil","BRA","Natural","Hydrological","Flood","Riverine flood","4","1752391","200","1110000000","1617234833","68.635672280876"
"2008","Brazil","BRA","Natural","Meteorological","Storm","Extra-tropical storm","1","1600","3","","","68.635672280876"
"2008","Bulgaria","BGR","Natural","Meteorological","Extreme temperature","Cold wave","1","","10","","","68.635672280876"
"2008","Burkina Faso","BFA","Natural","Hydrological","Flood","Flash flood","1","560","","","","68.635672280876"
"2008","Burkina Faso","BFA","Natural","Hydrological","Flood","Riverine flood","1","4310","6","","","68.635672280876"
"2008","Burundi","BDI","Natural","Climatological","Drought","Drought","1","82500","","","","68.635672280876"
"2008","Burundi","BDI","Natural","Hydrological","Flood","Riverine flood","2","3275","9","","","68.635672280876"
"2008","Cameroon","CMR","Natural","Hydrological","Flood","Riverine flood","1","25000","9","","","68.635672280876"
"2008","Canada","CAN","Natural","Hydrological","Flood","Riverine flood","2","2400","","","","68.635672280876"
"2008","Cayman Islands","CYM","Natural","Meteorological","Storm","Tropical cyclone","2","","","","","68.635672280876"
"2008","Central African Republic","CAF","Natural","Hydrological","Flood","Riverine flood","1","795","","","","68.635672280876"
"2008","Chad","TCD","Natural","Hydrological","Flood","Riverine flood","2","14450","","","","68.635672280876"
"2008","Chile","CHL","Natural","Geophysical","Volcanic activity","Ash fall","1","8000","","","","68.635672280876"
"2008","Chile","CHL","Natural","Hydrological","Flood","Riverine flood","2","144755","9","23000000","33510271","68.635672280876"
"2008","China","CHN","Natural","Climatological","Drought","Drought","1","3700000","","234000000","340930586","68.635672280876"
"2008","China","CHN","Natural","Geophysical","Earthquake","Ground movement","7","47369797","87564","85492000000","124559135445","68.635672280876"
"2008","China","CHN","Natural","Hydrological","Flood","Riverine flood","7","7189166","352","2392000000","3485068217","68.635672280876"
"2008","China","CHN","Natural","Hydrological","Mass movement (wet)","Avalanche (wet)","1","","12","","","68.635672280876"
"2008","China","CHN","Natural","Hydrological","Mass movement (wet)","Landslide (wet)","3","35","311","","","68.635672280876"
"2008","China","CHN","Natural","Meteorological","Extreme temperature","Severe winter conditions","2","77000000","145","21100000000","30742031510","68.635672280876"
"2008","China","CHN","Natural","Meteorological","Storm","Hail","1","100","10","23000000","33510271","68.635672280876"
"2008","China","CHN","Natural","Meteorological","Storm","Sand/Dust storm","1","","","733000000","1067957777","68.635672280876"
"2008","China","CHN","Natural","Meteorological","Storm","Tropical cyclone","7","1649006","56","1259000000","1834323112","68.635672280876"
"2008","China, Hong Kong Special Administrative Region","HKG","Natural","Meteorological","Storm","Tropical cyclone","3","207","2","380000","553648","68.635672280876"
"2008","Colombia","COL","Natural","Geophysical","Earthquake","Ground movement","1","1754","11","10000000","14569683","68.635672280876"
"2008","Colombia","COL","Natural","Geophysical","Mass movement (dry)","Landslide (dry)","1","","12","","","68.635672280876"
"2008","Colombia","COL","Natural","Geophysical","Volcanic activity","Ash fall","3","22358","16","","","68.635672280876"
"2008","Colombia","COL","Natural","Hydrological","Flood","Riverine flood","2","1200091","87","","","68.635672280876"
"2008","Colombia","COL","Natural","Hydrological","Mass movement (wet)","Landslide (wet)","1","16","27","","","68.635672280876"
"2008","Costa Rica","CRI","Natural","Hydrological","Flood","Riverine flood","3","154498","7","22000000","32053303","68.635672280876"
"2008","Costa Rica","CRI","Natural","Meteorological","Storm","Tropical cyclone","1","55000","4","","","68.635672280876"
"2008","Cuba","CUB","Natural","Hydrological","Flood","Riverine flood","1","20000","","","","68.635672280876"
"2008","Cuba","CUB","Natural","Meteorological","Storm","Tropical cyclone","4","499464","7","3572000000","5204290832","68.635672280876"
"2008","Czechia","CZE","Natural","Meteorological","Storm","Extra-tropical storm","1","","2","50000000","72848416","68.635672280876"
"2008","Côte d’Ivoire","CIV","Natural","Hydrological","Flood","Riverine flood","1","450","6","","","68.635672280876"
"2008","Democratic Republic of the Congo","COD","Natural","Geophysical","Earthquake","Ground movement","1","17355","11","7000000","10198778","68.635672280876"
"2008","Democratic Republic of the Congo","COD","Natural","Hydrological","Flood","Riverine flood","1","502","15","","","68.635672280876"
"2008","Democratic Republic of the Congo","COD","Natural","Meteorological","Storm","Severe weather","1","8","10","","","68.635672280876"
"2008","Djibouti","DJI","Natural","Climatological","Drought","Drought","1","340000","","","","68.635672280876"
"2008","Dominican Republic","DOM","Natural","Meteorological","Storm","Tropical cyclone","3","17002","13","","","68.635672280876"
"2008","Ecuador","ECU","Natural","Hydrological","Flood","Riverine flood","1","289122","41","1000000000","1456968318","68.635672280876"
"2008","Egypt","EGY","Natural","Geophysical","Mass movement (dry)","Rockfall (dry)","1","697","98","","","68.635672280876"
"2008","El Salvador","SLV","Natural","Hydrological","Flood","Riverine flood","2","3000","30","","","68.635672280876"
"2008","Eritrea","ERI","Natural","Climatological","Drought","Drought","1","1700000","","","","68.635672280876"
"2008","Eswatini","SWZ","Natural","Hydrological","Flood","Riverine flood","1","2500","","","","68.635672280876"
"2008","Ethiopia","ETH","Natural","Climatological","Drought","Drought","1","6400000","","","","68.635672280876"
"2008","Ethiopia","ETH","Natural","Hydrological","Flood","Flash flood","1","91764","5","","","68.635672280876"
"2008","Ethiopia","ETH","Natural","Hydrological","Flood","Riverine flood","2","24676","40","","","68.635672280876"
"2008","Fiji","FJI","Natural","Meteorological","Storm","Tropical cyclone","1","","7","30000000","43709050","68.635672280876"
"2008","France","FRA","Natural","Meteorological","Storm","Lightning/Thunderstorms","1","606","","","","68.635672280876"
"2008","France","FRA","Natural","Meteorological","Storm","Tornado","1","2100","3","80000000","116557465","68.635672280876"
"2008","Gambia","GMB","Natural","Hydrological","Flood","Riverine flood","1","400","","","","68.635672280876"
"2008","Gambia","GMB","Natural","Meteorological","Storm","Severe weather","1","300","","","","68.635672280876"
"2008","Germany","DEU","Natural","Meteorological","Storm","Extra-tropical storm","1","","5","1200000000","1748361982","68.635672280876"
"2008","Germany","DEU","Natural","Meteorological","Storm","Severe weather","1","","3","1500000000","2185452477","68.635672280876"
"2008","Ghana","GHA","Natural","Hydrological","Flood","Riverine flood","1","58000","","","","68.635672280876"
"2008","Greece","GRC","Natural","Geophysical","Earthquake","Ground movement","1","3708","2","","","68.635672280876"
"2008","Guatemala","GTM","Natural","Hydrological","Flood","Riverine flood","2","197300","30","","","68.635672280876"
"2008","Guatemala","GTM","Natural","Hydrological","Mass movement (wet)","Landslide (wet)","1","","27","","","68.635672280876"
"2008","Guatemala","GTM","Natural","Meteorological","Storm","Tropical cyclone","1","","17","","","68.635672280876"
"2008","Guinea","GIN","Natural","Hydrological","Flood","Riverine flood","1","4200","","","","68.635672280876"
"2008","Guinea-Bissau","GNB","Natural","Hydrological","Flood","Riverine flood","1","750","","","","68.635672280876"
"2008","Guyana","GUY","Natural","Hydrological","Flood","Riverine flood","1","100000","","","","68.635672280876"
"2008","Haiti","HTI","Natural","Meteorological","Storm","Tropical cyclone","4","246276","698","","","68.635672280876"
"2008","Honduras","HND","Natural","Hydrological","Flood","Riverine flood","1","313357","67","","","68.635672280876"
"2008","Honduras","HND","Natural","Meteorological","Storm","Tropical cyclone","1","","","","","68.635672280876"
"2008","Hungary","HUN","Natural","Meteorological","Extreme temperature","Cold wave","1","500","17","","","68.635672280876"
"2008","India","IND","Natural","Hydrological","Flood","Flash flood","2","8703740","1117","123000000","179207103","68.635672280876"
"2008","India","IND","Natural","Hydrological","Flood","Flood (General)","1","10278","37","2000000","2913937","68.635672280876"
"2008","India","IND","Natural","Hydrological","Flood","Riverine flood","5","5275000","436","20000000","29139366","68.635672280876"
"2008","India","IND","Natural","Hydrological","Mass movement (wet)","Landslide (wet)","1","","37","","","68.635672280876"
"2008","India","IND","Natural","Meteorological","Extreme temperature","Cold wave","1","","70","","","68.635672280876"
"2008","India","IND","Natural","Meteorological","Storm","Sand/Dust storm","1","50","111","25000000","36424208","68.635672280876"
"2008","Indonesia","IDN","Natural","Geophysical","Earthquake","Ground movement","2","10702","8","","","68.635672280876"
"2008","Indonesia","IDN","Natural","Geophysical","Volcanic activity","Ash fall","1","600","","","","68.635672280876"
"2008","Indonesia","IDN","Natural","Hydrological","Flood","Flash flood","2","41514","14","","","68.635672280876"
"2008","Indonesia","IDN","Natural","Hydrological","Flood","Riverine flood","10","434681","98","1733000","2524926","68.635672280876"
"2008","Indonesia","IDN","Natural","Hydrological","Mass movement (wet)","Landslide (wet)","1","","21","","","68.635672280876"
"2008","Iran (Islamic Republic of)","IRN","Natural","Geophysical","Earthquake","Ground movement","2","20715","6","","","68.635672280876"
"2008","Iran (Islamic Republic of)","IRN","Natural","Hydrological","Flood","Riverine flood","2","1480","22","","","68.635672280876"
"2008","Iran (Islamic Republic of)","IRN","Natural","Meteorological","Storm","Blizzard/Winter storm","1","","28","","","68.635672280876"
"2008","Iraq","IRQ","Natural","Hydrological","Flood","Riverine flood","1","600","4","","","68.635672280876"
"2008","Italy","ITA","Natural","Hydrological","Flood","Flood (General)","1","300","2","","","68.635672280876"
"2008","Italy","ITA","Natural","Hydrological","Flood","Riverine flood","2","","7","278000000","405037192","68.635672280876"
"2008","Jamaica","JAM","Natural","Meteorological","Storm","Tropical cyclone","2","4000","13","66198000","96448389","68.635672280876"
"2008","Japan","JPN","Natural","Geophysical","Earthquake","Ground movement","2","918","24","277000000","403580224","68.635672280876"
"2008","Japan","JPN","Natural","Hydrological","Flood","Riverine flood","1","50003","5","","","68.635672280876"
"2008","Japan","JPN","Natural","Meteorological","Extreme temperature","Heat wave","1","","47","","","68.635672280876"
"2008","Kazakhstan","KAZ","Natural","Hydrological","Flood","Riverine flood","1","13000","1","130000000","189405881","68.635672280876"
"2008","Kenya","KEN","Natural","Climatological","Drought","Drought","1","3800000","4","","","68.635672280876"
"2008","Kenya","KEN","Natural","Hydrological","Flood","Flash flood","1","6000","3","","","68.635672280876"
"2008","Kenya","KEN","Natural","Hydrological","Flood","Flood (General)","1","10000","2","","","68.635672280876"
"2008","Kenya","KEN","Natural","Hydrological","Flood","Riverine flood","4","46438","50","","","68.635672280876"
"2008","Kenya","KEN","Natural","Hydrological","Mass movement (wet)","Landslide (wet)","1","20","10","","","68.635672280876"
"2008","Kiribati","KIR","Natural","Hydrological","Flood","Coastal flood","1","85","","","","68.635672280876"
"2008","Kyrgyzstan","KGZ","Natural","Geophysical","Earthquake","Ground movement","2","4197","74","","","68.635672280876"
"2008","Lao People's Democratic Republic","LAO","Natural","Hydrological","Flood","Riverine flood","1","204190","6","","","68.635672280876"
"2008","Lesotho","LSO","Natural","Meteorological","Storm","Tornado","1","4500","","","","68.635672280876"
"2008","Liberia","LBR","Natural","Hydrological","Flood","Riverine flood","1","340","","","","68.635672280876"
"2008","Madagascar","MDG","Natural","Climatological","Drought","Drought","1","720000","","","","68.635672280876"
"2008","Madagascar","MDG","Natural","Meteorological","Storm","Tropical cyclone","3","533166","105","60000000","87418099","68.635672280876"
"2008","Malawi","MWI","Natural","Hydrological","Flood","Riverine flood","1","16380","","","","68.635672280876"
"2008","Malaysia","MYS","Natural","Hydrological","Flood","Flash flood","1","6000","","","","68.635672280876"
"2008","Malaysia","MYS","Natural","Hydrological","Flood","Riverine flood","1","2000","","","","68.635672280876"
"2008","Mali","MLI","Natural","Hydrological","Flood","Riverine flood","1","2500","","","","68.635672280876"
"2008","Marshall Islands","MHL","Natural","Hydrological","Flood","Coastal flood","1","600","","","","68.635672280876"
"2008","Mexico","MEX","Natural","Hydrological","Flood","Flash flood","1","20000","12","","","68.635672280876"
"2008","Mexico","MEX","Natural","Hydrological","Mass movement (wet)","Landslide (wet)","1","","22","","","68.635672280876"
"2008","Mexico","MEX","Natural","Meteorological","Storm","Tropical cyclone","1","500000","2","75000000","109272624","68.635672280876"
"2008","Micronesia (Federated States of)","FSM","Natural","Hydrological","Flood","Coastal flood","1","","","","","68.635672280876"
"2008","Mongolia","MNG","Natural","Meteorological","Storm","Blizzard/Winter storm","1","","52","","","68.635672280876"
"2008","Morocco","MAR","Natural","Hydrological","Flood","Flash flood","1","20000","30","","","68.635672280876"
"2008","Mozambique","MOZ","Natural","Climatological","Drought","Drought","1","500000","","","","68.635672280876"
"2008","Mozambique","MOZ","Natural","Climatological","Wildfire","Wildfire (General)","1","3023","49","","","68.635672280876"
"2008","Mozambique","MOZ","Natural","Hydrological","Flood","Riverine flood","1","3500","25","","","68.635672280876"
"2008","Mozambique","MOZ","Natural","Meteorological","Storm","Tropical cyclone","1","220013","9","20000000","29139366","68.635672280876"
"2008","Myanmar","MMR","Natural","Meteorological","Storm","Tropical cyclone","1","2420000","138366","4000000000","5827873272","68.635672280876"
"2008","Namibia","NAM","Natural","Hydrological","Flood","Riverine flood","1","65000","42","","","68.635672280876"
"2008","Nepal","NPL","Natural","Hydrological","Flood","Riverine flood","2","250003","115","29000","42252","68.635672280876"
"2008","Netherlands (Kingdom of the)","NLD","Natural","Meteorological","Storm","Extra-tropical storm","1","","","","","68.635672280876"
"2008","Nicaragua","NIC","Natural","Hydrological","Flood","Riverine flood","2","14188","17","","","68.635672280876"
"2008","Nicaragua","NIC","Natural","Meteorological","Storm","Tropical cyclone","1","25000","13","","","68.635672280876"
"2008","Niger","NER","Natural","Hydrological","Flood","Riverine flood","1","32000","7","","","68.635672280876"
"2008","Norway","NOR","Natural","Meteorological","Storm","Lightning/Thunderstorms","1","100","","","","68.635672280876"
"2008","Pakistan","PAK","Natural","Geophysical","Earthquake","Ground movement","1","75320","166","10000000","14569683","68.635672280876"
"2008","Pakistan","PAK","Natural","Hydrological","Flood","Riverine flood","3","290764","83","103000000","150067737","68.635672280876"
"2008","Panama","PAN","Natural","Hydrological","Flood","Flash flood","1","545","16","","","68.635672280876"
"2008","Panama","PAN","Natural","Hydrological","Flood","Riverine flood","1","23292","12","10000000","14569683","68.635672280876"
"2008","Papua New Guinea","PNG","Natural","Geophysical","Mass movement (dry)","Landslide (dry)","1","","10","","","68.635672280876"
"2008","Papua New Guinea","PNG","Natural","Hydrological","Flood","Coastal flood","2","75300","","","","68.635672280876"
"2008","Paraguay","PRY","Natural","Climatological","Drought","Drought","1","18000","4","","","68.635672280876"
"2008","Paraguay","PRY","Natural","Meteorological","Storm","Hail","1","47655","","","","68.635672280876"
"2008","Peru","PER","Natural","Hydrological","Flood","Riverine flood","1","450012","40","","","68.635672280876"
"2008","Philippines","PHL","Natural","Hydrological","Flood","Flash flood","2","240763","11","4088000","5956086","68.635672280876"
"2008","Philippines","PHL","Natural","Hydrological","Flood","Riverine flood","6","1362126","105","35489000","51706349","68.635672280876"
"2008","Philippines","PHL","Natural","Hydrological","Mass movement (wet)","Landslide (wet)","1","5028","24","","","68.635672280876"
"2008","Philippines","PHL","Natural","Meteorological","Storm","Tropical cyclone","11","6851979","819","441625000","643433633","68.635672280876"
"2008","Poland","POL","Natural","Meteorological","Extreme temperature","Cold wave","1","","82","","","68.635672280876"
"2008","Poland","POL","Natural","Meteorological","Storm","Extra-tropical storm","1","1060","2","50000000","72848416","68.635672280876"
"2008","Portugal","PRT","Natural","Hydrological","Flood","Flash flood","1","110","2","","","68.635672280876"
"2008","Republic of Korea","KOR","Natural","Hydrological","Flood","Coastal flood","1","13","10","","","68.635672280876"
"2008","Republic of Moldova","MDA","Natural","Hydrological","Flood","Riverine flood","1","4000","3","","","68.635672280876"
"2008","Romania","ROU","Natural","Hydrological","Flood","Riverine flood","1","11000","5","","","68.635672280876"
"2008","Romania","ROU","Natural","Meteorological","Storm","Extra-tropical storm","1","90","","","","68.635672280876"
"2008","Russian Federation","RUS","Natural","Geophysical","Earthquake","Ground movement","1","5235","13","","","68.635672280876"
"2008","Rwanda","RWA","Natural","Geophysical","Earthquake","Ground movement","1","643","36","","","68.635672280876"
"2008","Rwanda","RWA","Natural","Hydrological","Flood","Riverine flood","1","11346","","","","68.635672280876"
"2008","Saint Kitts and Nevis","KNA","Natural","Meteorological","Storm","Tropical cyclone","1","","","","","68.635672280876"
"2008","Senegal","SEN","Natural","Hydrological","Flood","Flash flood","1","23600","1","","","68.635672280876"
"2008","Somalia","SOM","Natural","Climatological","Drought","Drought","1","3300000","","","","68.635672280876"
"2008","Somalia","SOM","Natural","Hydrological","Flood","Flash flood","1","52000","","","","68.635672280876"
"2008","South Africa","ZAF","Natural","Climatological","Wildfire","Land fire (Brush, Bush, Pasture)","1","25","34","430000000","626496377","68.635672280876"
"2008","South Africa","ZAF","Natural","Hydrological","Flood","Riverine flood","1","4000","11","1264000","1841608","68.635672280876"
"2008","South Africa","ZAF","Natural","Meteorological","Storm","Hail","1","3576","5","","","68.635672280876"
"2008","South Sudan","SSD","Natural","Hydrological","Flood","Riverine flood","3","92791","17","","","68.635672280876"
"2008","Sri Lanka","LKA","Natural","Hydrological","Flood","Flash flood","2","722582","40","","","68.635672280876"
"2008","Sri Lanka","LKA","Natural","Hydrological","Flood","Riverine flood","1","54323","8","","","68.635672280876"
"2008","Sri Lanka","LKA","Natural","Meteorological","Storm","Tropical cyclone","1","50000","9","","","68.635672280876"
"2008","Suriname","SUR","Natural","Hydrological","Flood","Riverine flood","1","6548","2","","","68.635672280876"
"2008","Syrian Arab Republic","SYR","Natural","Climatological","Drought","Drought","1","1300000","","","","68.635672280876"
"2008","Taiwan (Province of China)","TWN","Natural","Meteorological","Storm","Tropical cyclone","5","88","54","142400000","207472288","68.635672280876"
"2008","Tajikistan","TJK","Natural","Climatological","Drought","Drought","1","800000","","","","68.635672280876"
"2008","Tajikistan","TJK","Natural","Meteorological","Extreme temperature","Severe winter conditions","1","2000000","","840000000","1223853387","68.635672280876"
"2008","Thailand","THA","Natural","Climatological","Drought","Drought","1","10000000","","","","68.635672280876"
"2008","Thailand","THA","Natural","Hydrological","Flood","Flash flood","2","732584","21","11844000","17256333","68.635672280876"
"2008","Thailand","THA","Natural","Hydrological","Flood","Riverine flood","1","839573","18","16000000","23311493","68.635672280876"
"2008","Thailand","THA","Natural","Meteorological","Storm","Tropical cyclone","2","1000","","","","68.635672280876"
"2008","Togo","TGO","Natural","Hydrological","Flood","Riverine flood","1","44814","6","","","68.635672280876"
"2008","Turks and Caicos Islands","TCA","Natural","Meteorological","Storm","Tropical cyclone","3","1500","4","500000000","728484159","68.635672280876"
"2008","Türkiye","TUR","Natural","Climatological","Wildfire","Forest fire","1","300","2","","","68.635672280876"
"2008","Uganda","UGA","Natural","Climatological","Drought","Drought","1","1100000","","","","68.635672280876"
"2008","Uganda","UGA","Natural","Hydrological","Flood","Riverine flood","1","30040","49","","","68.635672280876"
"2008","Ukraine","UKR","Natural","Hydrological","Flood","Riverine flood","1","224725","38","1000000000","1456968318","68.635672280876"
"2008","United Kingdom of Great Britain and Northern Ireland","GBR","Natural","Hydrological","Flood","Flash flood","1","3000","8","50000000","72848416","68.635672280876"
"2008","United Kingdom of Great Britain and Northern Ireland","GBR","Natural","Hydrological","Flood","Riverine flood","1","2000","","","","68.635672280876"
"2008","United Republic of Tanzania","TZA","Natural","Hydrological","Flood","Flood (General)","1","7957","72","","","68.635672280876"
"2008","United Republic of Tanzania","TZA","Natural","Hydrological","Flood","Riverine flood","1","1500","1","","","68.635672280876"
"2008","United Republic of Tanzania","TZA","Natural","Meteorological","Storm","Storm (General)","2","677","","","","68.635672280876"
"2008","United States of America","USA","Natural","Climatological","Wildfire","Forest fire","1","300","1","102000000","148610768","68.635672280876"
"2008","United States of America","USA","Natural","Climatological","Wildfire","Wildfire (General)","1","55020","","2000000000","2913936636","68.635672280876"
"2008","United States of America","USA","Natural","Geophysical","Earthquake","Ground movement","1","2103","","","","68.635672280876"
"2008","United States of America","USA","Natural","Hydrological","Flood","Riverine flood","4","11032648","44","10002000000","14572597117","68.635672280876"
"2008","United States of America","USA","Natural","Meteorological","Extreme temperature","Severe winter conditions","1","","","","","68.635672280876"
"2008","United States of America","USA","Natural","Meteorological","Storm","Blizzard/Winter storm","1","","5","360000000","524508594","68.635672280876"
"2008","United States of America","USA","Natural","Meteorological","Storm","Extra-tropical storm","1","","12","1000000000","1456968318","68.635672280876"
"2008","United States of America","USA","Natural","Meteorological","Storm","Tornado","7","747","97","5860000000","8537834344","68.635672280876"
"2008","United States of America","USA","Natural","Meteorological","Storm","Tropical cyclone","5","2300400","144","38540000000","56151558977","68.635672280876"
"2008","Vanuatu","VUT","Natural","Geophysical","Volcanic activity","Ash fall","1","9000","","","","68.635672280876"
"2008","Venezuela (Bolivarian Republic of)","VEN","Natural","Hydrological","Flood","Riverine flood","1","1500","8","","","68.635672280876"
"2008","Viet Nam","VNM","Natural","Hydrological","Flood","Flash flood","2","12504","33","4000000","5827873","68.635672280876"
"2008","Viet Nam","VNM","Natural","Hydrological","Flood","Riverine flood","3","620000","124","479000000","697887824","68.635672280876"
"2008","Viet Nam","VNM","Natural","Meteorological","Storm","Tropical cyclone","5","156649","254","190500000","277552465","68.635672280876"
"2008","Yemen","YEM","Natural","Hydrological","Flood","Flash flood","1","25064","90","400000000","582787327","68.635672280876"
"2008","Zambia","ZMB","Natural","Hydrological","Flood","Riverine flood","1","15000","4","","","68.635672280876"
"2009","Afghanistan","AFG","Natural","Geophysical","Earthquake","Ground movement","1","3309","22","","","68.391642683306"
"2009","Afghanistan","AFG","Natural","Hydrological","Flood","Flash flood","1","2500","19","","","68.391642683306"
"2009","Afghanistan","AFG","Natural","Hydrological","Flood","Riverine flood","2","60016","50","20000000","29243339","68.391642683306"
"2009","Afghanistan","AFG","Natural","Hydrological","Mass movement (wet)","Avalanche (wet)","1","32","10","","","68.391642683306"
"2009","Albania","ALB","Natural","Geophysical","Earthquake","Ground movement","1","150","","","","68.391642683306"
"2009","Albania","ALB","Natural","Hydrological","Flood","Riverine flood","1","6600","","","","68.391642683306"
"2009","Algeria","DZA","Natural","Hydrological","Flood","Riverine flood","2","2548","48","","","68.391642683306"
"2009","American Samoa","ASM","Natural","Geophysical","Earthquake","Tsunami","1","2500","34","","","68.391642683306"
"2009","Angola","AGO","Natural","Hydrological","Flood","Riverine flood","3","225065","62","","","68.391642683306"
"2009","Argentina","ARG","Natural","Climatological","Drought","Drought","1","","","","","68.391642683306"
"2009","Argentina","ARG","Natural","Hydrological","Flood","Riverine flood","2","34128","9","","","68.391642683306"
"2009","Argentina","ARG","Natural","Hydrological","Mass movement (wet)","Landslide (wet)","1","20000","4","15000000","21932504","68.391642683306"
"2009","Argentina","ARG","Natural","Meteorological","Storm","Severe weather","1","24","10","","","68.391642683306"
"2009","Australia","AUS","Natural","Climatological","Wildfire","Land fire (Brush, Bush, Pasture)","1","9954","180","1300000000","1900817043","68.391642683306"
"2009","Australia","AUS","Natural","Hydrological","Flood","Riverine flood","2","9200","7","150000000","219325043","68.391642683306"
"2009","Australia","AUS","Natural","Meteorological","Extreme temperature","Heat wave","1","2000","347","","","68.391642683306"
"2009","Australia","AUS","Natural","Meteorological","Storm","Severe weather","1","15000","1","60000000","87730017","68.391642683306"
"2009","Australia","AUS","Natural","Meteorological","Storm","Tropical cyclone","1","400","","","","68.391642683306"
"2009","Austria","AUT","Natural","Hydrological","Flood","Riverine flood","2","","1","200000000","292433391","68.391642683306"
"2009","Austria","AUT","Natural","Meteorological","Extreme temperature","Cold wave","1","","2","","","68.391642683306"
"2009","Austria","AUT","Natural","Meteorological","Storm","Lightning/Thunderstorms","1","","","500000000","731083478","68.391642683306"
"2009","Azerbaijan","AZE","Natural","Hydrological","Flood","Riverine flood","1","5000","","","","68.391642683306"
"2009","Bangladesh","BGD","Natural","Climatological","Drought","Drought","1","","","","","68.391642683306"
"2009","Bangladesh","BGD","Natural","Hydrological","Flood","Riverine flood","2","500000","16","","","68.391642683306"
"2009","Bangladesh","BGD","Natural","Meteorological","Extreme temperature","Cold wave","1","50000","135","","","68.391642683306"
"2009","Bangladesh","BGD","Natural","Meteorological","Storm","Tropical cyclone","2","3954550","197","270000000","394785078","68.391642683306"
"2009","Belgium","BEL","Natural","Meteorological","Extreme temperature","Cold wave","1","","1","","","68.391642683306"
"2009","Benin","BEN","Natural","Hydrological","Flood","Riverine flood","2","119657","10","","","68.391642683306"
"2009","Benin","BEN","Natural","Meteorological","Storm","Severe weather","1","800","","","","68.391642683306"
"2009","Bhutan","BTN","Natural","Geophysical","Earthquake","Ground movement","1","12","11","","","68.391642683306"
"2009","Bhutan","BTN","Natural","Meteorological","Storm","Tropical cyclone","1","","12","","","68.391642683306"
"2009","Bolivia (Plurinational State of)","BOL","Natural","Hydrological","Flood","Riverine flood","1","63000","","","","68.391642683306"
"2009","Bosnia and Herzegovina","BIH","Natural","Hydrological","Flood","Riverine flood","2","3730","","","","68.391642683306"
"2009","Bosnia and Herzegovina","BIH","Natural","Meteorological","Extreme temperature","Severe winter conditions","1","10000","1","","","68.391642683306"
"2009","Botswana","BWA","Natural","Hydrological","Flood","Riverine flood","2","4656","","","","68.391642683306"
"2009","Botswana","BWA","Natural","Meteorological","Storm","Hail","1","400","","","","68.391642683306"
"2009","Brazil","BRA","Natural","Hydrological","Flood","Riverine flood","7","1862648","90","600000000","877300174","68.391642683306"
"2009","Brazil","BRA","Natural","Hydrological","Mass movement (wet)","Mudslide","1","1000","74","145000000","212014209","68.391642683306"
"2009","Brazil","BRA","Natural","Meteorological","Storm","Severe weather","1","2364","4","","","68.391642683306"
"2009","Burkina Faso","BFA","Natural","Hydrological","Flood","Riverine flood","2","151500","9","150000000","219325043","68.391642683306"
"2009","Burundi","BDI","Natural","Climatological","Drought","Drought","1","180000","","","","68.391642683306"
"2009","Burundi","BDI","Natural","Hydrological","Flood","Riverine flood","1","8000","","","","68.391642683306"
"2009","Cabo Verde","CPV","Natural","Hydrological","Flood","Riverine flood","1","150","3","","","68.391642683306"
"2009","Cambodia","KHM","Natural","Meteorological","Storm","Tropical cyclone","2","178091","19","","","68.391642683306"
"2009","Canada","CAN","Natural","Hydrological","Flood","Riverine flood","1","200","","","","68.391642683306"
"2009","Canada","CAN","Natural","Meteorological","Storm","Severe weather","1","","2","500000000","731083478","68.391642683306"
"2009","Canada","CAN","Natural","Meteorological","Storm","Tropical cyclone","1","3","","","","68.391642683306"
"2009","Central African Republic","CAF","Natural","Hydrological","Flood","Riverine flood","1","11000","1","","","68.391642683306"
"2009","Central African Republic","CAF","Natural","Meteorological","Storm","Severe weather","1","10500","","","","68.391642683306"
"2009","Central African Republic","CAF","Natural","Meteorological","Storm","Storm (General)","1","2472","3","","","68.391642683306"
"2009","Chad","TCD","Natural","Climatological","Drought","Drought","1","2400000","","","","68.391642683306"
"2009","Chad","TCD","Natural","Hydrological","Flood","Riverine flood","2","12915","6","","","68.391642683306"
"2009","China","CHN","Natural","Climatological","Drought","Drought","2","60160000","","3600000000","5263801042","68.391642683306"
"2009","China","CHN","Natural","Geophysical","Earthquake","Ground movement","2","69885","1","318100000","465115309","68.391642683306"
"2009","China","CHN","Natural","Hydrological","Flood","Riverine flood","7","45226038","209","1373000000","2007555231","68.391642683306"
"2009","China","CHN","Natural","Hydrological","Mass movement (wet)","Landslide (wet)","5","10022","203","139000000","203241207","68.391642683306"
"2009","China","CHN","Natural","Meteorological","Storm","Blizzard/Winter storm","2","11197895","41","1049857000","1535066214","68.391642683306"
"2009","China","CHN","Natural","Meteorological","Storm","Hail","1","48631","15","66000000","96503019","68.391642683306"
"2009","China","CHN","Natural","Meteorological","Storm","Lightning/Thunderstorms","1","3","17","","","68.391642683306"
"2009","China","CHN","Natural","Meteorological","Storm","Severe weather","2","50215","63","733000000","1071768379","68.391642683306"
"2009","China","CHN","Natural","Meteorological","Storm","Tropical cyclone","4","12000062","33","1752595000","2562586496","68.391642683306"
"2009","China, Hong Kong Special Administrative Region","HKG","Natural","Meteorological","Storm","Tropical cyclone","1","350","","","","68.391642683306"
"2009","Colombia","COL","Natural","Hydrological","Flood","Riverine flood","1","31250","23","","","68.391642683306"
"2009","Colombia","COL","Natural","Hydrological","Mass movement (wet)","Landslide (wet)","2","600","30","","","68.391642683306"
"2009","Comoros","COM","Natural","Hydrological","Flood","Riverine flood","1","2500","2","","","68.391642683306"
"2009","Costa Rica","CRI","Natural","Geophysical","Earthquake","Ground movement","1","128618","31","200000000","292433391","68.391642683306"
"2009","Czechia","CZE","Natural","Hydrological","Flood","Riverine flood","1","14450","13","150000000","219325043","68.391642683306"
"2009","Czechia","CZE","Natural","Meteorological","Storm","Lightning/Thunderstorms","1","12","2","","","68.391642683306"
"2009","Côte d’Ivoire","CIV","Natural","Hydrological","Mass movement (wet)","Landslide (wet)","1","10006","27","","","68.391642683306"
"2009","Democratic Republic of the Congo","COD","Natural","Climatological","Wildfire","Land fire (Brush, Bush, Pasture)","1","125","","","","68.391642683306"
"2009","Democratic Republic of the Congo","COD","Natural","Hydrological","Flood","Riverine flood","1","5000","","","","68.391642683306"
"2009","Dominican Republic","DOM","Natural","Hydrological","Flood","Riverine flood","2","14565","7","52403000","76621935","68.391642683306"
"2009","Ecuador","ECU","Natural","Climatological","Drought","Drought","1","107500","","1700000","2485684","68.391642683306"
"2009","Ecuador","ECU","Natural","Hydrological","Flood","Riverine flood","1","11807","3","","","68.391642683306"
"2009","El Salvador","SLV","Natural","Climatological","Drought","Drought","1","","","27000000","39478508","68.391642683306"
"2009","El Salvador","SLV","Natural","Meteorological","Storm","Tropical cyclone","1","90000","275","939000000","1372974772","68.391642683306"
"2009","Ethiopia","ETH","Natural","Climatological","Drought","Drought","1","6200000","","","","68.391642683306"
"2009","Fiji","FJI","Natural","Hydrological","Flood","Riverine flood","1","10556","12","43247000","63234334","68.391642683306"
"2009","Fiji","FJI","Natural","Meteorological","Storm","Tropical cyclone","1","3845","2","13300000","19446821","68.391642683306"
"2009","France","FRA","Natural","Climatological","Wildfire","Forest fire","1","","","","","68.391642683306"
"2009","France","FRA","Natural","Meteorological","Extreme temperature","Cold wave","2","","4","","","68.391642683306"
"2009","France","FRA","Natural","Meteorological","Extreme temperature","Severe winter conditions","1","200","3","","","68.391642683306"
"2009","France","FRA","Natural","Meteorological","Storm","Extra-tropical storm","1","","11","3200000000","4678934259","68.391642683306"
"2009","Gabon","GAB","Natural","Meteorological","Storm","Severe weather","1","800","","","","68.391642683306"
"2009","Gambia","GMB","Natural","Hydrological","Flood","Riverine flood","1","14258","5","","","68.391642683306"
"2009","Gambia","GMB","Natural","Meteorological","Storm","Severe weather","1","2350","","","","68.391642683306"
"2009","Georgia","GEO","Natural","Geophysical","Earthquake","Ground movement","1","7306","","","","68.391642683306"
"2009","Germany","DEU","Natural","Hydrological","Flood","Riverine flood","1","","","20000000","29243339","68.391642683306"
"2009","Germany","DEU","Natural","Meteorological","Extreme temperature","Cold wave","2","","15","","","68.391642683306"
"2009","Germany","DEU","Natural","Meteorological","Storm","Lightning/Thunderstorms","1","","1","50000000","73108348","68.391642683306"
"2009","Ghana","GHA","Natural","Hydrological","Flood","Riverine flood","2","159545","40","","","68.391642683306"
"2009","Greece","GRC","Natural","Climatological","Wildfire","Forest fire","2","1040","","","","68.391642683306"
"2009","Guatemala","GTM","Natural","Climatological","Drought","Drought","1","2500000","","","","68.391642683306"
"2009","Guatemala","GTM","Natural","Geophysical","Mass movement (dry)","Landslide (dry)","1","3028","36","","","68.391642683306"
"2009","Guatemala","GTM","Natural","Hydrological","Flood","Riverine flood","1","10800","","","","68.391642683306"
"2009","Guinea","GIN","Natural","Hydrological","Flood","Riverine flood","1","40000","2","","","68.391642683306"
"2009","Haiti","HTI","Natural","Hydrological","Flood","Flash flood","1","296","","","","68.391642683306"
"2009","Haiti","HTI","Natural","Hydrological","Flood","Riverine flood","2","12410","21","","","68.391642683306"
"2009","Honduras","HND","Natural","Climatological","Drought","Drought","1","45000","","","","68.391642683306"
"2009","Honduras","HND","Natural","Geophysical","Earthquake","Ground movement","1","50136","7","100000000","146216696","68.391642683306"
"2009","India","IND","Natural","Climatological","Drought","Drought","1","","","","","68.391642683306"
"2009","India","IND","Natural","Hydrological","Flood","Flash flood","1","","11","","","68.391642683306"
"2009","India","IND","Natural","Hydrological","Flood","Riverine flood","5","5986008","1489","2434000000","3558914371","68.391642683306"
"2009","India","IND","Natural","Hydrological","Mass movement (wet)","Landslide (wet)","2","","55","","","68.391642683306"
"2009","India","IND","Natural","Meteorological","Extreme temperature","Heat wave","1","25","120","","","68.391642683306"
"2009","India","IND","Natural","Meteorological","Storm","Lightning/Thunderstorms","1","12","35","","","68.391642683306"
"2009","India","IND","Natural","Meteorological","Storm","Severe weather","2","23","52","","","68.391642683306"
"2009","India","IND","Natural","Meteorological","Storm","Tornado","1","9050","15","","","68.391642683306"
"2009","India","IND","Natural","Meteorological","Storm","Tropical cyclone","2","5100000","116","300000000","438650087","68.391642683306"
"2009","Indonesia","IDN","Natural","Geophysical","Earthquake","Ground movement","5","2850399","1330","2381430000","3482048254","68.391642683306"
"2009","Indonesia","IDN","Natural","Hydrological","Flood","Flash flood","4","25204","62","","","68.391642683306"
"2009","Indonesia","IDN","Natural","Hydrological","Flood","Riverine flood","1","1600","64","","","68.391642683306"
"2009","Indonesia","IDN","Natural","Hydrological","Mass movement (wet)","Landslide (wet)","2","5","29","","","68.391642683306"
"2009","Iran (Islamic Republic of)","IRN","Natural","Geophysical","Earthquake","Ground movement","1","269","","","","68.391642683306"
"2009","Iraq","IRQ","Natural","Hydrological","Flood","Flash flood","1","3000","2","","","68.391642683306"
"2009","Ireland","IRL","Natural","Hydrological","Flood","Riverine flood","1","6800","","","","68.391642683306"
"2009","Italy","ITA","Natural","Climatological","Wildfire","Forest fire","1","","2","115000000","168149200","68.391642683306"
"2009","Italy","ITA","Natural","Geophysical","Earthquake","Ground movement","1","72000","300","2500000000","3655417390","68.391642683306"
"2009","Italy","ITA","Natural","Hydrological","Flood","Riverine flood","1","5140","35","20000000","29243339","68.391642683306"
"2009","Italy","ITA","Natural","Meteorological","Extreme temperature","Cold wave","1","","","","","68.391642683306"
"2009","Italy","ITA","Natural","Meteorological","Storm","Extra-tropical storm","1","","3","","","68.391642683306"
"2009","Japan","JPN","Natural","Geophysical","Earthquake","Tsunami","1","25319","1","400000000","584866782","68.391642683306"
"2009","Japan","JPN","Natural","Hydrological","Mass movement (wet)","Landslide (wet)","2","400","44","","","68.391642683306"
"2009","Japan","JPN","Natural","Meteorological","Extreme temperature","Heat wave","1","","16","","","68.391642683306"
"2009","Japan","JPN","Natural","Meteorological","Storm","Tropical cyclone","2","7119","16","1000000000","1462166956","68.391642683306"
"2009","Kenya","KEN","Natural","Hydrological","Flood","Riverine flood","2","136200","56","","","68.391642683306"
"2009","Kyrgyzstan","KGZ","Natural","Climatological","Drought","Drought","1","2000000","","","","68.391642683306"
"2009","Lao People's Democratic Republic","LAO","Natural","Hydrological","Flood","Riverine flood","1","","10","","","68.391642683306"
"2009","Lao People's Democratic Republic","LAO","Natural","Meteorological","Storm","Tropical cyclone","1","128887","16","100000000","146216696","68.391642683306"
"2009","Liberia","LBR","Natural","Biological","Infestation","Worms infestation","1","500000","","","","68.391642683306"
"2009","Liberia","LBR","Natural","Hydrological","Flood","Riverine flood","1","584","2","","","68.391642683306"
"2009","Madagascar","MDG","Natural","Meteorological","Storm","Tropical cyclone","3","130799","27","5000000","7310835","68.391642683306"
"2009","Malawi","MWI","Natural","Geophysical","Earthquake","Ground movement","2","20736","4","","","68.391642683306"
"2009","Malaysia","MYS","Natural","Hydrological","Flood","Riverine flood","2","10875","","","","68.391642683306"
"2009","Mali","MLI","Natural","Hydrological","Flood","Riverine flood","1","20406","25","","","68.391642683306"
"2009","Mauritania","MRT","Natural","Hydrological","Flood","Riverine flood","1","10000","1","","","68.391642683306"
"2009","Mexico","MEX","Natural","Hydrological","Flood","Riverine flood","5","140184","28","","","68.391642683306"
"2009","Mexico","MEX","Natural","Meteorological","Storm","Tropical cyclone","2","112000","4","40000000","58486678","68.391642683306"
"2009","Mongolia","MNG","Natural","Hydrological","Flood","Riverine flood","1","15000","26","94000","137444","68.391642683306"
"2009","Mongolia","MNG","Natural","Meteorological","Extreme temperature","Cold wave","1","769113","5","62000000","90654351","68.391642683306"
"2009","Montenegro","MNE","Natural","Hydrological","Flood","Riverine flood","1","1100","","","","68.391642683306"
"2009","Morocco","MAR","Natural","Hydrological","Flood","Flash flood","1","7520","5","","","68.391642683306"
"2009","Morocco","MAR","Natural","Hydrological","Flood","Riverine flood","1","2000","24","","","68.391642683306"
"2009","Mozambique","MOZ","Natural","Hydrological","Flood","Riverine flood","1","6925","","","","68.391642683306"
"2009","Mozambique","MOZ","Natural","Meteorological","Storm","Tropical cyclone","1","7103","","3000000","4386501","68.391642683306"
"2009","Myanmar","MMR","Natural","Hydrological","Mass movement (wet)","Landslide (wet)","1","1351","24","","","68.391642683306"
"2009","Namibia","NAM","Natural","Hydrological","Flood","Riverine flood","1","350000","92","","","68.391642683306"
"2009","Nepal","NPL","Natural","Climatological","Drought","Drought","1","303000","","","","68.391642683306"
"2009","Nepal","NPL","Natural","Hydrological","Flood","Riverine flood","2","257786","117","60000000","87730017","68.391642683306"
"2009","Nepal","NPL","Natural","Hydrological","Mass movement (wet)","Landslide (wet)","1","","10","","","68.391642683306"
"2009","Nepal","NPL","Natural","Meteorological","Extreme temperature","Cold wave","1","","18","","","68.391642683306"
"2009","Nicaragua","NIC","Natural","Hydrological","Flood","Riverine flood","2","6885","","","","68.391642683306"
"2009","Nicaragua","NIC","Natural","Meteorological","Storm","Tropical cyclone","1","19897","","","","68.391642683306"
"2009","Niger","NER","Natural","Climatological","Drought","Drought","1","7900000","","","","68.391642683306"
"2009","Niger","NER","Natural","Hydrological","Flood","Riverine flood","1","79129","3","","","68.391642683306"
"2009","Nigeria","NGA","Natural","Hydrological","Flood","Riverine flood","2","150000","31","","","68.391642683306"
"2009","Pakistan","PAK","Natural","Hydrological","Flood","Flash flood","2","75010","50","","","68.391642683306"
"2009","Pakistan","PAK","Natural","Hydrological","Flood","Riverine flood","1","70","52","","","68.391642683306"
"2009","Panama","PAN","Natural","Hydrological","Flood","Riverine flood","1","4248","","","","68.391642683306"
"2009","Papua New Guinea","PNG","Natural","Hydrological","Mass movement (wet)","Landslide (wet)","1","","19","","","68.391642683306"
"2009","Paraguay","PRY","Natural","Climatological","Drought","Drought","1","200000","","","","68.391642683306"
"2009","Paraguay","PRY","Natural","Hydrological","Flood","Riverine flood","1","12035","","820000","1198977","68.391642683306"
"2009","Paraguay","PRY","Natural","Meteorological","Storm","Severe weather","1","700","","","","68.391642683306"
"2009","Peru","PER","Natural","Hydrological","Flood","Riverine flood","1","236308","158","","","68.391642683306"
"2009","Peru","PER","Natural","Hydrological","Mass movement (wet)","Landslide (wet)","3","2615","112","","","68.391642683306"
"2009","Peru","PER","Natural","Hydrological","Mass movement (wet)","Rockfall (wet)","1","","33","","","68.391642683306"
"2009","Peru","PER","Natural","Meteorological","Extreme temperature","Cold wave","1","24262","274","","","68.391642683306"
"2009","Philippines","PHL","Natural","Geophysical","Earthquake","Ground movement","1","392","","90000","131595","68.391642683306"
"2009","Philippines","PHL","Natural","Geophysical","Volcanic activity","Ash fall","1","47137","","","","68.391642683306"
"2009","Philippines","PHL","Natural","Hydrological","Flood","Flash flood","4","541692","22","22960000","33571353","68.391642683306"
"2009","Philippines","PHL","Natural","Hydrological","Flood","Riverine flood","4","541584","33","6354000","9290609","68.391642683306"
"2009","Philippines","PHL","Natural","Hydrological","Mass movement (wet)","Landslide (wet)","1","16","10","","","68.391642683306"
"2009","Philippines","PHL","Natural","Meteorological","Storm","Tornado","1","100","","5000","7311","68.391642683306"
"2009","Philippines","PHL","Natural","Meteorological","Storm","Tropical cyclone","13","12221563","1242","932698000","1363760196","68.391642683306"
"2009","Poland","POL","Natural","Hydrological","Flood","Riverine flood","1","150","1","100000000","146216696","68.391642683306"
"2009","Poland","POL","Natural","Meteorological","Extreme temperature","Cold wave","1","","298","","","68.391642683306"
"2009","Poland","POL","Natural","Meteorological","Storm","Lightning/Thunderstorms","1","82","8","","","68.391642683306"
"2009","Portugal","PRT","Natural","Meteorological","Extreme temperature","Cold wave","1","","","","","68.391642683306"
"2009","Romania","ROU","Natural","Hydrological","Flood","Riverine flood","2","4","11","","","68.391642683306"
"2009","Romania","ROU","Natural","Meteorological","Extreme temperature","Cold wave","2","20","54","","","68.391642683306"
"2009","Samoa","WSM","Natural","Geophysical","Earthquake","Tsunami","1","5584","148","124040000","181367189","68.391642683306"
"2009","Saudi Arabia","SAU","Natural","Hydrological","Flood","Riverine flood","1","10000","161","900000000","1315950260","68.391642683306"
"2009","Senegal","SEN","Natural","Hydrological","Flood","Riverine flood","1","264000","6","","","68.391642683306"
"2009","Serbia","SRB","Natural","Hydrological","Flood","Riverine flood","1","3210","","","","68.391642683306"
"2009","Serbia","SRB","Natural","Meteorological","Extreme temperature","Severe winter conditions","1","500","","","","68.391642683306"
"2009","Sierra Leone","SLE","Natural","Hydrological","Flood","Riverine flood","1","1470","103","","","68.391642683306"
"2009","Solomon Islands","SLB","Natural","Hydrological","Flood","Riverine flood","1","7000","21","","","68.391642683306"
"2009","Somalia","SOM","Natural","Hydrological","Flood","Flash flood","1","1750","","","","68.391642683306"
"2009","South Africa","ZAF","Natural","Hydrological","Flood","Riverine flood","2","20300","14","","","68.391642683306"
"2009","South Africa","ZAF","Natural","Meteorological","Storm","Lightning/Thunderstorms","1","","18","","","68.391642683306"
"2009","South Sudan","SSD","Natural","Climatological","Drought","Drought","1","4300000","","","","68.391642683306"
"2009","Spain","ESP","Natural","Climatological","Wildfire","Forest fire","1","","6","","","68.391642683306"
"2009","Spain","ESP","Natural","Meteorological","Storm","Extra-tropical storm","1","","14","1900000000","2778117216","68.391642683306"
"2009","Spain","ESP","Natural","Meteorological","Storm","Severe weather","1","1793","","","","68.391642683306"
"2009","Sri Lanka","LKA","Natural","Hydrological","Flood","Flash flood","3","380000","3","","","68.391642683306"
"2009","Sudan","SDN","Natural","Hydrological","Flood","Riverine flood","1","111455","20","","","68.391642683306"
"2009","Switzerland","CHE","Natural","Meteorological","Storm","Lightning/Thunderstorms","1","","","1000000000","1462166956","68.391642683306"
"2009","Taiwan (Province of China)","TWN","Natural","Meteorological","Storm","Tropical cyclone","1","2307523","630","250000000","365541739","68.391642683306"
"2009","Tajikistan","TJK","Natural","Hydrological","Flood","Riverine flood","1","15000","21","1000000","1462167","68.391642683306"
"2009","Thailand","THA","Natural","Hydrological","Flood","Riverine flood","1","200000","15","","","68.391642683306"
"2009","Togo","TGO","Natural","Hydrological","Flood","Riverine flood","1","","","","","68.391642683306"
"2009","Tonga","TON","Natural","Geophysical","Earthquake","Tsunami","1","507","9","9500000","13890586","68.391642683306"
"2009","Tunisia","TUN","Natural","Hydrological","Flood","Flash flood","1","5008","17","","","68.391642683306"
"2009","Türkiye","TUR","Natural","Hydrological","Flood","Flash flood","1","35020","40","550000000","804191826","68.391642683306"
"2009","Türkiye","TUR","Natural","Hydrological","Flood","Riverine flood","1","111","7","","","68.391642683306"
"2009","Türkiye","TUR","Natural","Hydrological","Mass movement (wet)","Avalanche (wet)","1","6","11","","","68.391642683306"
"2009","Ukraine","UKR","Natural","Meteorological","Extreme temperature","Cold wave","2","","32","","","68.391642683306"
"2009","United Kingdom of Great Britain and Northern Ireland","GBR","Natural","Hydrological","Flood","Riverine flood","1","3900","3","484000000","707688807","68.391642683306"
"2009","United Kingdom of Great Britain and Northern Ireland","GBR","Natural","Meteorological","Extreme temperature","Cold wave","1","47","3","","","68.391642683306"
"2009","United Kingdom of Great Britain and Northern Ireland","GBR","Natural","Meteorological","Storm","Severe weather","1","180","2","","","68.391642683306"
"2009","United Republic of Tanzania","TZA","Natural","Hydrological","Flood","Riverine flood","2","50000","38","","","68.391642683306"
"2009","United Republic of Tanzania","TZA","Natural","Meteorological","Storm","Storm (General)","1","605","","","","68.391642683306"
"2009","United States of America","USA","Natural","Climatological","Wildfire","Land fire (Brush, Bush, Pasture)","2","455","2","100000000","146216696","68.391642683306"
"2009","United States of America","USA","Natural","Hydrological","Flood","Riverine flood","4","9960","11","666000000","973803193","68.391642683306"
"2009","United States of America","USA","Natural","Meteorological","Extreme temperature","Cold wave","1","","58","1100000000","1608383652","68.391642683306"
"2009","United States of America","USA","Natural","Meteorological","Storm","Blizzard/Winter storm","1","","19","","","68.391642683306"
"2009","United States of America","USA","Natural","Meteorological","Storm","Lightning/Thunderstorms","1","25","6","1500000000","2193250434","68.391642683306"
"2009","United States of America","USA","Natural","Meteorological","Storm","Severe weather","2","","7","1240000000","1813087025","68.391642683306"
"2009","United States of America","USA","Natural","Meteorological","Storm","Tornado","4","874","33","7050000000","10308277040","68.391642683306"
"2009","United States of America","USA","Natural","Meteorological","Storm","Tropical cyclone","2","9","9","600000000","877300174","68.391642683306"
"2009","Uruguay","URY","Natural","Hydrological","Flood","Riverine flood","1","4000","1","","","68.391642683306"
"2009","Vanuatu","VUT","Natural","Geophysical","Volcanic activity","Ash fall","1","400","","","","68.391642683306"
"2009","Vanuatu","VUT","Natural","Hydrological","Flood","Riverine flood","1","950","","","","68.391642683306"
"2009","Venezuela (Bolivarian Republic of)","VEN","Natural","Climatological","Drought","Drought","1","","","","","68.391642683306"
"2009","Viet Nam","VNM","Natural","Hydrological","Flood","Riverine flood","2","740000","37","","","68.391642683306"
"2009","Viet Nam","VNM","Natural","Hydrological","Mass movement (wet)","Landslide (wet)","1","1","13","","","68.391642683306"
"2009","Viet Nam","VNM","Natural","Meteorological","Storm","Tropical cyclone","3","2977460","306","1065200000","1557500242","68.391642683306"
"2009","Yemen","YEM","Natural","Hydrological","Mass movement (wet)","Landslide (wet)","1","","11","","","68.391642683306"
"2009","Zambia","ZMB","Natural","Hydrological","Flood","Riverine flood","1","614814","31","","","68.391642683306"
"2010","Afghanistan","AFG","Natural","Geophysical","Earthquake","Ground movement","1","1070","11","","","69.513293292643"
"2010","Afghanistan","AFG","Natural","Hydrological","Flood","Riverine flood","2","45000","135","","","69.513293292643"
"2010","Afghanistan","AFG","Natural","Hydrological","Mass movement (wet)","Avalanche (wet)","2","130","204","","","69.513293292643"
"2010","Albania","ALB","Natural","Hydrological","Flood","Riverine flood","1","14000","","","","69.513293292643"
"2010","Angola","AGO","Natural","Hydrological","Flood","Riverine flood","3","189781","25","","","69.513293292643"
"2010","Antigua and Barbuda","ATG","Natural","Meteorological","Storm","Tropical cyclone","1","5000","","12600000","18126029","69.513293292643"
"2010","Argentina","ARG","Natural","Meteorological","Extreme temperature","Cold wave","1","","42","","","69.513293292643"
"2010","Australia","AUS","Natural","Hydrological","Flood","Riverine flood","5","186000","35","7409000000","10658393020","69.513293292643"
"2010","Australia","AUS","Natural","Meteorological","Storm","Lightning/Thunderstorms","1","","","1330000000","1913303107","69.513293292643"
"2010","Australia","AUS","Natural","Meteorological","Storm","Severe weather","1","","","1390000000","1999617532","69.513293292643"
"2010","Australia","AUS","Natural","Meteorological","Storm","Tropical cyclone","1","","1","","","69.513293292643"
"2010","Azerbaijan","AZE","Natural","Hydrological","Flood","Riverine flood","1","70000","3","","","69.513293292643"
"2010","Bangladesh","BGD","Natural","Hydrological","Flood","Flash flood","1","75000","","","","69.513293292643"
"2010","Bangladesh","BGD","Natural","Hydrological","Flood","Riverine flood","1","500000","15","","","69.513293292643"
"2010","Bangladesh","BGD","Natural","Hydrological","Mass movement (wet)","Landslide (wet)","1","55230","66","","","69.513293292643"
"2010","Bangladesh","BGD","Natural","Meteorological","Storm","Lightning/Thunderstorms","1","50","15","","","69.513293292643"
"2010","Bangladesh","BGD","Natural","Meteorological","Storm","Tropical cyclone","2","257110","11","","","69.513293292643"
"2010","Barbados","BRB","Natural","Climatological","Drought","Drought","1","","","","","69.513293292643"
"2010","Barbados","BRB","Natural","Meteorological","Storm","Tropical cyclone","1","2500","","","","69.513293292643"
"2010","Belgium","BEL","Natural","Hydrological","Flood","Riverine flood","1","690","3","238146000","342590588","69.513293292643"
"2010","Belgium","BEL","Natural","Meteorological","Storm","Blizzard/Winter storm","1","","","","","69.513293292643"
"2010","Belgium","BEL","Natural","Meteorological","Storm","Extra-tropical storm","1","","1","160000000","230171802","69.513293292643"
"2010","Belize","BLZ","Natural","Meteorological","Storm","Tropical cyclone","1","","","","","69.513293292643"
"2010","Benin","BEN","Natural","Hydrological","Flood","Riverine flood","1","831000","46","","","69.513293292643"
"2010","Bolivia (Plurinational State of)","BOL","Natural","Climatological","Drought","Drought","1","62500","","100000000","143857376","69.513293292643"
"2010","Bolivia (Plurinational State of)","BOL","Natural","Climatological","Wildfire","Forest fire","1","300","","","","69.513293292643"
"2010","Bolivia (Plurinational State of)","BOL","Natural","Hydrological","Flood","Riverine flood","1","227860","26","","","69.513293292643"
"2010","Bolivia (Plurinational State of)","BOL","Natural","Meteorological","Extreme temperature","Cold wave","1","","4","","","69.513293292643"
"2010","Bosnia and Herzegovina","BIH","Natural","Hydrological","Flood","Riverine flood","2","34910","3","87000000","125155917","69.513293292643"
"2010","Brazil","BRA","Natural","Climatological","Drought","Drought","1","62000","","","","69.513293292643"
"2010","Brazil","BRA","Natural","Hydrological","Flood","Riverine flood","3","244938","363","802000000","1153736159","69.513293292643"
"2010","Brazil","BRA","Natural","Meteorological","Extreme temperature","Heat wave","1","","32","","","69.513293292643"
"2010","Bulgaria","BGR","Natural","Hydrological","Flood","Riverine flood","1","90","","","","69.513293292643"
"2010","Bulgaria","BGR","Natural","Meteorological","Extreme temperature","Cold wave","1","","3","","","69.513293292643"
"2010","Burkina Faso","BFA","Natural","Hydrological","Flood","Riverine flood","1","133362","16","176000","253189","69.513293292643"
"2010","Burundi","BDI","Natural","Hydrological","Flood","Riverine flood","2","1990","","","","69.513293292643"
"2010","Burundi","BDI","Natural","Meteorological","Storm","Lightning/Thunderstorms","1","1500","9","","","69.513293292643"
"2010","Cambodia","KHM","Natural","Hydrological","Flood","Riverine flood","1","","8","70000000","100700164","69.513293292643"
"2010","Cameroon","CMR","Natural","Hydrological","Flood","Riverine flood","1","3095","13","","","69.513293292643"
"2010","Central African Republic","CAF","Natural","Hydrological","Flood","Riverine flood","1","1585","3","","","69.513293292643"
"2010","Chad","TCD","Natural","Hydrological","Flood","Riverine flood","1","144579","24","","","69.513293292643"
"2010","Chile","CHL","Natural","Geophysical","Earthquake","Tsunami","1","2671556","562","30000000000","43157212929","69.513293292643"
"2010","Chile","CHL","Natural","Meteorological","Extreme temperature","Cold wave","1","150","","","","69.513293292643"
"2010","China","CHN","Natural","Climatological","Drought","Drought","1","35000000","","2370000000","3409419821","69.513293292643"
"2010","China","CHN","Natural","Climatological","Wildfire","Land fire (Brush, Bush, Pasture)","1","3","22","","","69.513293292643"
"2010","China","CHN","Natural","Geophysical","Earthquake","Ground movement","4","177540","2969","504400000","725616607","69.513293292643"
"2010","China","CHN","Natural","Hydrological","Flood","Riverine flood","5","140194136","1911","18171000000","26140323871","69.513293292643"
"2010","China","CHN","Natural","Hydrological","Mass movement (wet)","Landslide (wet)","8","2147835","2137","759000000","1091877487","69.513293292643"
"2010","China","CHN","Natural","Meteorological","Storm","Blizzard/Winter storm","1","1881100","30","90000000","129471639","69.513293292643"
"2010","China","CHN","Natural","Meteorological","Storm","Tornado","1","70190","29","62251000","89552655","69.513293292643"
"2010","China","CHN","Natural","Meteorological","Storm","Tropical cyclone","4","1186000","80","718785000","1034025243","69.513293292643"
"2010","China, Hong Kong Special Administrative Region","HKG","Natural","Meteorological","Storm","Tropical cyclone","1","15000","1","","","69.513293292643"
"2010","Colombia","COL","Natural","Climatological","Wildfire","Wildfire (General)","1","200","31","","","69.513293292643"
"2010","Colombia","COL","Natural","Hydrological","Flood","Riverine flood","3","2796560","418","1000000000","1438573764","69.513293292643"
"2010","Colombia","COL","Natural","Hydrological","Mass movement (wet)","Landslide (wet)","2","","175","","","69.513293292643"
"2010","Cook Islands","COK","Natural","Meteorological","Storm","Tropical cyclone","1","2202","","","","69.513293292643"
"2010","Costa Rica","CRI","Natural","Hydrological","Flood","Riverine flood","2","3106","27","","","69.513293292643"
"2010","Croatia","HRV","Natural","Hydrological","Flood","Riverine flood","2","1110","","80000000","115085901","69.513293292643"
"2010","Czechia","CZE","Natural","Hydrological","Flood","Riverine flood","3","1400","11","347560000","499990698","69.513293292643"
"2010","Czechia","CZE","Natural","Meteorological","Extreme temperature","Cold wave","1","","12","","","69.513293292643"
"2010","Côte d’Ivoire","CIV","Natural","Hydrological","Flood","Riverine flood","2","6425","18","","","69.513293292643"
"2010","Democratic People's Republic of Korea","PRK","Natural","Hydrological","Flood","Riverine flood","2","55785","","","","69.513293292643"
"2010","Democratic People's Republic of Korea","PRK","Natural","Meteorological","Storm","Tropical cyclone","1","40000","20","","","69.513293292643"
"2010","Democratic Republic of the Congo","COD","Natural","Climatological","Wildfire","Land fire (Brush, Bush, Pasture)","1","2770","8","","","69.513293292643"
"2010","Democratic Republic of the Congo","COD","Natural","Hydrological","Flood","Riverine flood","2","70500","","","","69.513293292643"
"2010","Democratic Republic of the Congo","COD","Natural","Hydrological","Mass movement (wet)","Landslide (wet)","1","1167","46","","","69.513293292643"
"2010","Denmark","DNK","Natural","Meteorological","Storm","Blizzard/Winter storm","1","","","","","69.513293292643"
"2010","Djibouti","DJI","Natural","Climatological","Drought","Drought","1","200258","","","","69.513293292643"
"2010","Dominican Republic","DOM","Natural","Hydrological","Flood","Flash flood","1","25700","1","","","69.513293292643"
"2010","Dominican Republic","DOM","Natural","Hydrological","Flood","Riverine flood","1","9500","6","","","69.513293292643"
"2010","Dominican Republic","DOM","Natural","Meteorological","Storm","Tropical cyclone","1","12000","","","","69.513293292643"
"2010","Ecuador","ECU","Natural","Geophysical","Volcanic activity","Ash fall","1","2500","","","","69.513293292643"
"2010","Ecuador","ECU","Natural","Hydrological","Flood","Riverine flood","2","6940","14","","","69.513293292643"
"2010","Egypt","EGY","Natural","Hydrological","Flood","Riverine flood","2","3500","27","","","69.513293292643"
"2010","Egypt","EGY","Natural","Meteorological","Storm","Storm (General)","1","40","31","","","69.513293292643"
"2010","El Salvador","SLV","Natural","Meteorological","Storm","Tropical cyclone","3","11753","18","20000000","28771475","69.513293292643"
"2010","Ethiopia","ETH","Natural","Hydrological","Flood","Riverine flood","2","80700","19","","","69.513293292643"
"2010","Fiji","FJI","Natural","Meteorological","Storm","Tropical cyclone","1","39101","2","39427000","56718648","69.513293292643"
"2010","France","FRA","Natural","Hydrological","Flood","Flash flood","1","1000","26","1500000000","2157860646","69.513293292643"
"2010","France","FRA","Natural","Meteorological","Extreme temperature","Cold wave","1","","3","","","69.513293292643"
"2010","France","FRA","Natural","Meteorological","Storm","Blizzard/Winter storm","1","","","","","69.513293292643"
"2010","France","FRA","Natural","Meteorological","Storm","Extra-tropical storm","1","500079","53","4230000000","6085167023","69.513293292643"
"2010","French Polynesia","PYF","Natural","Meteorological","Storm","Tropical cyclone","1","3411","1","11000000","15824311","69.513293292643"
"2010","Gabon","GAB","Natural","Meteorological","Storm","Storm (General)","1","1765","","","","69.513293292643"
"2010","Gabon","GAB","Natural","Meteorological","Storm","Tornado","1","1765","","","","69.513293292643"
"2010","Gambia","GMB","Natural","Hydrological","Flood","Riverine flood","2","38961","9","","","69.513293292643"
"2010","Germany","DEU","Natural","Hydrological","Flood","Riverine flood","1","1400","3","","","69.513293292643"
"2010","Germany","DEU","Natural","Meteorological","Extreme temperature","Cold wave","1","","1","","","69.513293292643"
"2010","Germany","DEU","Natural","Meteorological","Storm","Blizzard/Winter storm","1","","","","","69.513293292643"
"2010","Germany","DEU","Natural","Meteorological","Storm","Extra-tropical storm","1","","4","1000000000","1438573764","69.513293292643"
"2010","Ghana","GHA","Natural","Hydrological","Flood","Riverine flood","2","17174","63","","","69.513293292643"
"2010","Greece","GRC","Natural","Hydrological","Flood","Riverine flood","1","150","1","","","69.513293292643"
"2010","Grenada","GRD","Natural","Climatological","Drought","Drought","1","","","","","69.513293292643"
"2010","Guatemala","GTM","Natural","Geophysical","Volcanic activity","Ash fall","1","1800","","","","69.513293292643"
"2010","Guatemala","GTM","Natural","Hydrological","Flood","Riverine flood","1","3270","","","","69.513293292643"
"2010","Guatemala","GTM","Natural","Hydrological","Mass movement (wet)","Landslide (wet)","1","50696","53","500000000","719286882","69.513293292643"
"2010","Guatemala","GTM","Natural","Meteorological","Storm","Tropical cyclone","3","400142","174","650000000","935072947","69.513293292643"
"2010","Guinea","GIN","Natural","Hydrological","Flood","Riverine flood","2","48026","8","","","69.513293292643"
"2010","Guinea-Bissau","GNB","Natural","Hydrological","Flood","Riverine flood","1","56792","2","","","69.513293292643"
"2010","Guyana","GUY","Natural","Climatological","Drought","Drought","1","","","14700000","21147034","69.513293292643"
"2010","Haiti","HTI","Natural","Geophysical","Earthquake","Ground movement","1","3700000","222570","8000000000","11508590114","69.513293292643"
"2010","Haiti","HTI","Natural","Hydrological","Flood","Flash flood","1","2","4","","","69.513293292643"
"2010","Haiti","HTI","Natural","Hydrological","Flood","Riverine flood","2","22085","40","","","69.513293292643"
"2010","Haiti","HTI","Natural","Meteorological","Storm","Storm (General)","1","73122","6","","","69.513293292643"
"2010","Haiti","HTI","Natural","Meteorological","Storm","Tropical cyclone","1","5020","21","","","69.513293292643"
"2010","Honduras","HND","Natural","Hydrological","Flood","Riverine flood","2","5010","122","","","69.513293292643"
"2010","Honduras","HND","Natural","Meteorological","Storm","Tropical cyclone","2","24675","22","90000000","129471639","69.513293292643"
"2010","Hungary","HUN","Natural","Hydrological","Flood","Riverine flood","1","5000","1","440000000","632972456","69.513293292643"
"2010","Iceland","ISL","Natural","Geophysical","Volcanic activity","Ash fall","1","","","","","69.513293292643"
"2010","India","IND","Natural","Hydrological","Flood","Flash flood","1","12725","196","","","69.513293292643"
"2010","India","IND","Natural","Hydrological","Flood","Riverine flood","7","3759683","494","2149000000","3091495019","69.513293292643"
"2010","India","IND","Natural","Hydrological","Mass movement (wet)","Avalanche (wet)","1","","17","","","69.513293292643"
"2010","India","IND","Natural","Meteorological","Extreme temperature","Cold wave","1","","100","","","69.513293292643"
"2010","India","IND","Natural","Meteorological","Extreme temperature","Heat wave","1","","250","","","69.513293292643"
"2010","India","IND","Natural","Meteorological","Storm","Hail","1","5000","28","","","69.513293292643"
"2010","India","IND","Natural","Meteorological","Storm","Lightning/Thunderstorms","1","","25","","","69.513293292643"
"2010","India","IND","Natural","Meteorological","Storm","Severe weather","1","2030","12","","","69.513293292643"
"2010","India","IND","Natural","Meteorological","Storm","Storm (General)","1","50","54","","","69.513293292643"
"2010","India","IND","Natural","Meteorological","Storm","Tropical cyclone","3","500000","168","","","69.513293292643"
"2010","Indonesia","IDN","Natural","Geophysical","Earthquake","Ground movement","1","4600","17","","","69.513293292643"
"2010","Indonesia","IDN","Natural","Geophysical","Earthquake","Tsunami","1","11864","530","","","69.513293292643"
"2010","Indonesia","IDN","Natural","Geophysical","Volcanic activity","Ash fall","2","152200","323","","","69.513293292643"
"2010","Indonesia","IDN","Natural","Hydrological","Flood","Flash flood","3","12983","317","78000000","112208754","69.513293292643"
"2010","Indonesia","IDN","Natural","Hydrological","Flood","Riverine flood","4","43607","94","","","69.513293292643"
"2010","Indonesia","IDN","Natural","Hydrological","Mass movement (wet)","Landslide (wet)","1","18","13","","","69.513293292643"
"2010","Iran (Islamic Republic of)","IRN","Natural","Geophysical","Earthquake","Ground movement","5","4753","10","","","69.513293292643"
"2010","Israel","ISR","Natural","Climatological","Wildfire","Forest fire","1","20022","44","270000000","388414916","69.513293292643"
"2010","Israel","ISR","Natural","Hydrological","Flood","Riverine flood","1","","2","","","69.513293292643"
"2010","Italy","ITA","Natural","Hydrological","Flood","Riverine flood","1","300","","","","69.513293292643"
"2010","Italy","ITA","Natural","Meteorological","Extreme temperature","Cold wave","1","","","","","69.513293292643"
"2010","Italy","ITA","Natural","Meteorological","Storm","Storm (General)","1","30805","3","872000000","1254436322","69.513293292643"
"2010","Jamaica","JAM","Natural","Meteorological","Storm","Tropical cyclone","1","2506","15","150000000","215786065","69.513293292643"
"2010","Japan","JPN","Natural","Hydrological","Flood","Riverine flood","1","","10","","","69.513293292643"
"2010","Japan","JPN","Natural","Meteorological","Extreme temperature","Heat wave","1","15000","170","","","69.513293292643"
"2010","Kazakhstan","KAZ","Natural","Hydrological","Flood","Flash flood","1","16200","44","34576000","49740126","69.513293292643"
"2010","Kazakhstan","KAZ","Natural","Hydrological","Flood","Riverine flood","1","13000","","","","69.513293292643"
"2010","Kenya","KEN","Natural","Hydrological","Flood","Riverine flood","2","211164","194","","","69.513293292643"
"2010","Kenya","KEN","Natural","Hydrological","Mass movement (wet)","Landslide (wet)","1","","10","","","69.513293292643"
"2010","Kyrgyzstan","KGZ","Natural","Hydrological","Mass movement (wet)","Landslide (wet)","1","8350","","","","69.513293292643"
"2010","Liberia","LBR","Natural","Hydrological","Flood","Riverine flood","1","15486","1","","","69.513293292643"
"2010","Lithuania","LTU","Natural","Hydrological","Flood","Riverine flood","1","","4","","","69.513293292643"
"2010","Lithuania","LTU","Natural","Meteorological","Extreme temperature","Cold wave","1","","5","","","69.513293292643"
"2010","Luxembourg","LUX","Natural","Meteorological","Storm","Extra-tropical storm","1","","","31000000","44595787","69.513293292643"
"2010","Madagascar","MDG","Natural","Biological","Infestation","Locust infestation","1","2300000","","","","69.513293292643"
"2010","Madagascar","MDG","Natural","Meteorological","Storm","Tropical cyclone","1","192132","120","","","69.513293292643"
"2010","Malawi","MWI","Natural","Hydrological","Flood","Riverine flood","1","21290","","","","69.513293292643"
"2010","Mali","MLI","Natural","Climatological","Drought","Drought","1","600000","","","","69.513293292643"
"2010","Mali","MLI","Natural","Hydrological","Flood","Riverine flood","2","32000","","","","69.513293292643"
"2010","Mauritania","MRT","Natural","Climatological","Drought","Drought","1","838000","","","","69.513293292643"
"2010","Mauritania","MRT","Natural","Hydrological","Flood","Riverine flood","1","8750","","","","69.513293292643"
"2010","Mexico","MEX","Natural","Geophysical","Earthquake","Ground movement","1","25232","2","1150000000","1654359829","69.513293292643"
"2010","Mexico","MEX","Natural","Hydrological","Flood","Riverine flood","2","1020000","66","16000000","23017180","69.513293292643"
"2010","Mexico","MEX","Natural","Hydrological","Mass movement (wet)","Landslide (wet)","2","","71","","","69.513293292643"
"2010","Mexico","MEX","Natural","Meteorological","Storm","Tropical cyclone","4","555075","43","5900000000","8487585209","69.513293292643"
"2010","Montenegro","MNE","Natural","Hydrological","Flood","Riverine flood","2","6350","","","","69.513293292643"
"2010","Morocco","MAR","Natural","Hydrological","Flood","Flash flood","1","75003","32","29000000","41718639","69.513293292643"
"2010","Morocco","MAR","Natural","Hydrological","Flood","Riverine flood","1","2006","10","","","69.513293292643"
"2010","Mozambique","MOZ","Natural","Climatological","Drought","Drought","1","460000","","","","69.513293292643"
"2010","Mozambique","MOZ","Natural","Hydrological","Flood","Riverine flood","1","17000","5","","","69.513293292643"
"2010","Myanmar","MMR","Natural","Hydrological","Mass movement (wet)","Landslide (wet)","1","145000","68","","","69.513293292643"
"2010","Myanmar","MMR","Natural","Meteorological","Extreme temperature","Heat wave","1","1482","260","","","69.513293292643"
"2010","Myanmar","MMR","Natural","Meteorological","Storm","Tropical cyclone","1","260049","45","57000000","81998705","69.513293292643"
"2010","Namibia","NAM","Natural","Hydrological","Flood","Riverine flood","1","110000","8","","","69.513293292643"
"2010","Nepal","NPL","Natural","Hydrological","Flood","Riverine flood","2","8000","150","","","69.513293292643"
"2010","Netherlands (Kingdom of the)","NLD","Natural","Meteorological","Storm","Extra-tropical storm","1","","","28000000","40280065","69.513293292643"
"2010","New Zealand","NZL","Natural","Geophysical","Earthquake","Ground movement","1","300002","","6500000000","9350729468","69.513293292643"
"2010","Nicaragua","NIC","Natural","Hydrological","Flood","Riverine flood","2","75860","66","","","69.513293292643"
"2010","Nicaragua","NIC","Natural","Meteorological","Storm","Tropical cyclone","2","","5","","","69.513293292643"
"2010","Niger","NER","Natural","Hydrological","Flood","Riverine flood","2","233226","5","","","69.513293292643"
"2010","Nigeria","NGA","Natural","Hydrological","Flood","Riverine flood","1","1500200","40","30000000","43157213","69.513293292643"
"2010","Oman","OMN","Natural","Meteorological","Storm","Tropical cyclone","1","","16","1000000000","1438573764","69.513293292643"
"2010","Pakistan","PAK","Natural","Hydrological","Flood","Flash flood","2","20363496","2045","9500000000","13666450761","69.513293292643"
"2010","Pakistan","PAK","Natural","Hydrological","Flood","Riverine flood","2","","68","","","69.513293292643"
"2010","Pakistan","PAK","Natural","Hydrological","Mass movement (wet)","Avalanche (wet)","1","3705","31","","","69.513293292643"
"2010","Pakistan","PAK","Natural","Hydrological","Mass movement (wet)","Landslide (wet)","1","26700","19","18000000","25894328","69.513293292643"
"2010","Pakistan","PAK","Natural","Meteorological","Storm","Tropical cyclone","1","4000","23","80000000","115085901","69.513293292643"
"2010","Panama","PAN","Natural","Hydrological","Flood","Riverine flood","4","32941","15","","","69.513293292643"
"2010","Paraguay","PRY","Natural","Meteorological","Extreme temperature","Cold wave","1","","12","","","69.513293292643"
"2010","Peru","PER","Natural","Hydrological","Flood","Riverine flood","1","80000","20","","","69.513293292643"
"2010","Peru","PER","Natural","Hydrological","Mass movement (wet)","Landslide (wet)","1","1054","68","","","69.513293292643"
"2010","Peru","PER","Natural","Meteorological","Extreme temperature","Cold wave","1","57600","409","","","69.513293292643"
"2010","Philippines","PHL","Natural","Geophysical","Volcanic activity","Ash fall","1","14161","","","","69.513293292643"
"2010","Philippines","PHL","Natural","Hydrological","Flood","Flash flood","4","2059862","118","50589000","72776008","69.513293292643"
"2010","Philippines","PHL","Natural","Hydrological","Flood","Riverine flood","5","787073","44","","","69.513293292643"
"2010","Philippines","PHL","Natural","Hydrological","Mass movement (wet)","Landslide (wet)","1","927","2","78000","112209","69.513293292643"
"2010","Philippines","PHL","Natural","Meteorological","Storm","Tropical cyclone","3","2595545","212","284420000","409159150","69.513293292643"
"2010","Poland","POL","Natural","Hydrological","Flood","Riverine flood","2","100700","19","3080000000","4430807194","69.513293292643"
"2010","Poland","POL","Natural","Meteorological","Extreme temperature","Cold wave","1","","200","","","69.513293292643"
"2010","Poland","POL","Natural","Meteorological","Storm","Extra-tropical storm","1","1000","","","","69.513293292643"
"2010","Portugal","PRT","Natural","Hydrological","Flood","Riverine flood","1","618","43","1350000000","1942074582","69.513293292643"
"2010","Portugal","PRT","Natural","Meteorological","Extreme temperature","Cold wave","1","","","","","69.513293292643"
"2010","Portugal","PRT","Natural","Meteorological","Storm","Extra-tropical storm","1","","3","270000000","388414916","69.513293292643"
"2010","Republic of Korea","KOR","Natural","Meteorological","Storm","Tropical cyclone","1","41500","12","","","69.513293292643"
"2010","Republic of Moldova","MDA","Natural","Hydrological","Flood","Riverine flood","1","12000","1","","","69.513293292643"
"2010","Romania","ROU","Natural","Hydrological","Flood","Riverine flood","1","12237","26","1111428000","1598871162","69.513293292643"
"2010","Romania","ROU","Natural","Meteorological","Extreme temperature","Cold wave","1","","52","","","69.513293292643"
"2010","Russian Federation","RUS","Natural","Climatological","Drought","Drought","1","","","1400000000","2014003270","69.513293292643"
"2010","Russian Federation","RUS","Natural","Climatological","Wildfire","Forest fire","1","1200","8","","","69.513293292643"
"2010","Russian Federation","RUS","Natural","Climatological","Wildfire","Land fire (Brush, Bush, Pasture)","1","5996","53","1800000000","2589432776","69.513293292643"
"2010","Russian Federation","RUS","Natural","Hydrological","Flood","Riverine flood","2","48464","23","66000000","94945868","69.513293292643"
"2010","Russian Federation","RUS","Natural","Meteorological","Extreme temperature","Cold wave","2","11","24","","","69.513293292643"
"2010","Russian Federation","RUS","Natural","Meteorological","Extreme temperature","Heat wave","1","","55736","400000000","575429506","69.513293292643"
"2010","Rwanda","RWA","Natural","Hydrological","Mass movement (wet)","Landslide (wet)","2","5937","21","","","69.513293292643"
"2010","Saint Lucia","LCA","Natural","Climatological","Drought","Drought","1","","","","","69.513293292643"
"2010","Saint Lucia","LCA","Natural","Hydrological","Flood","Flash flood","1","2000","","","","69.513293292643"
"2010","Saint Lucia","LCA","Natural","Meteorological","Storm","Tropical cyclone","1","181000","14","500000","719287","69.513293292643"
"2010","Saint Vincent and the Grenadines","VCT","Natural","Climatological","Drought","Drought","1","","","","","69.513293292643"
"2010","Saint Vincent and the Grenadines","VCT","Natural","Meteorological","Storm","Tropical cyclone","1","6100","","48000000","69051541","69.513293292643"
"2010","Saudi Arabia","SAU","Natural","Hydrological","Flood","Riverine flood","2","85","24","","","69.513293292643"
"2010","Senegal","SEN","Natural","Hydrological","Flood","Riverine flood","2","102516","2","","","69.513293292643"
"2010","Serbia","SRB","Natural","Geophysical","Earthquake","Ground movement","1","27030","2","132260000","190265766","69.513293292643"
"2010","Serbia","SRB","Natural","Hydrological","Flood","Flash flood","1","3150","","","","69.513293292643"
"2010","Serbia","SRB","Natural","Hydrological","Flood","Riverine flood","2","2150","2","","","69.513293292643"
"2010","Serbia","SRB","Natural","Meteorological","Extreme temperature","Cold wave","1","","3","","","69.513293292643"
"2010","Sierra Leone","SLE","Natural","Hydrological","Flood","Riverine flood","1","234","","","","69.513293292643"
"2010","Sierra Leone","SLE","Natural","Hydrological","Mass movement (wet)","Landslide (wet)","1","5","16","","","69.513293292643"
"2010","Slovakia","SVK","Natural","Hydrological","Flood","Riverine flood","2","850","4","25000000","35964344","69.513293292643"
"2010","Slovakia","SVK","Natural","Meteorological","Extreme temperature","Cold wave","1","","122","","","69.513293292643"
"2010","Slovenia","SVN","Natural","Hydrological","Flood","Riverine flood","1","2000","3","19989000","28755651","69.513293292643"
"2010","Solomon Islands","SLB","Natural","Geophysical","Earthquake","Ground movement","1","1126","","","","69.513293292643"
"2010","Solomon Islands","SLB","Natural","Hydrological","Flood","Riverine flood","1","16017","2","","","69.513293292643"
"2010","Solomon Islands","SLB","Natural","Meteorological","Storm","Tropical cyclone","1","795","","","","69.513293292643"
"2010","Somalia","SOM","Natural","Climatological","Drought","Drought","1","4000000","20000","","","69.513293292643"
"2010","Somalia","SOM","Natural","Hydrological","Flood","Riverine flood","2","16200","11","","","69.513293292643"
"2010","South Africa","ZAF","Natural","Meteorological","Storm","Lightning/Thunderstorms","1","6000","40","","","69.513293292643"
"2010","South Sudan","SSD","Natural","Hydrological","Flood","Riverine flood","2","290000","","","","69.513293292643"
"2010","Spain","ESP","Natural","Hydrological","Flood","Riverine flood","2","14000","2","","","69.513293292643"
"2010","Spain","ESP","Natural","Meteorological","Storm","Extra-tropical storm","1","","3","340000000","489115080","69.513293292643"
"2010","Sri Lanka","LKA","Natural","Hydrological","Flood","Flash flood","1","164193","7","","","69.513293292643"
"2010","Sri Lanka","LKA","Natural","Hydrological","Flood","Riverine flood","1","606072","28","105000000","151050245","69.513293292643"
"2010","State of Palestine","PSE","Natural","Hydrological","Flood","Riverine flood","1","500","","","","69.513293292643"
"2010","Sudan","SDN","Natural","Hydrological","Flood","Riverine flood","2","26362","36","","","69.513293292643"
"2010","Switzerland","CHE","Natural","Meteorological","Extreme temperature","Cold wave","1","","","","","69.513293292643"
"2010","Switzerland","CHE","Natural","Meteorological","Storm","Extra-tropical storm","1","","","14000000","20140033","69.513293292643"
"2010","Taiwan (Province of China)","TWN","Natural","Geophysical","Earthquake","Ground movement","1","96","","1000000000","1438573764","69.513293292643"
"2010","Taiwan (Province of China)","TWN","Natural","Meteorological","Storm","Tropical cyclone","2","100","34","73100000","105159742","69.513293292643"
"2010","Tajikistan","TJK","Natural","Geophysical","Earthquake","Ground movement","1","7840","","1500000","2157861","69.513293292643"
"2010","Tajikistan","TJK","Natural","Hydrological","Flood","Riverine flood","2","8622","75","204000000","293469048","69.513293292643"
"2010","Thailand","THA","Natural","Climatological","Drought","Drought","1","6482602","","","","69.513293292643"
"2010","Thailand","THA","Natural","Hydrological","Flood","Riverine flood","1","8970653","258","332000000","477606490","69.513293292643"
"2010","Togo","TGO","Natural","Hydrological","Flood","Riverine flood","2","111550","22","","","69.513293292643"
"2010","Trinidad and Tobago","TTO","Natural","Climatological","Drought","Drought","1","","","","","69.513293292643"
"2010","Türkiye","TUR","Natural","Geophysical","Earthquake","Ground movement","1","3600","51","","","69.513293292643"
"2010","Türkiye","TUR","Natural","Hydrological","Mass movement (wet)","Landslide (wet)","1","206","13","","","69.513293292643"
"2010","Uganda","UGA","Natural","Hydrological","Mass movement (wet)","Landslide (wet)","1","12795","388","","","69.513293292643"
"2010","Ukraine","UKR","Natural","Hydrological","Flood","Riverine flood","1","40059","6","1900000","2733290","69.513293292643"
"2010","United Kingdom of Great Britain and Northern Ireland","GBR","Natural","Hydrological","Flood","Flash flood","1","400","","","","69.513293292643"
"2010","United Kingdom of Great Britain and Northern Ireland","GBR","Natural","Meteorological","Extreme temperature","Cold wave","1","","","","","69.513293292643"
"2010","United Kingdom of Great Britain and Northern Ireland","GBR","Natural","Meteorological","Storm","Extra-tropical storm","1","","1","500000","719287","69.513293292643"
"2010","United States of America","USA","Natural","Geophysical","Earthquake","Ground movement","1","630","","12500000","17982172","69.513293292643"
"2010","United States of America","USA","Natural","Hydrological","Flood","Riverine flood","3","1000","20","","","69.513293292643"
"2010","United States of America","USA","Natural","Meteorological","Storm","Blizzard/Winter storm","2","","3","2500000000","3596434411","69.513293292643"
"2010","United States of America","USA","Natural","Meteorological","Storm","Lightning/Thunderstorms","1","100","20","","","69.513293292643"
"2010","United States of America","USA","Natural","Meteorological","Storm","Severe weather","2","8000","50","2350000000","3380648346","69.513293292643"
"2010","United States of America","USA","Natural","Meteorological","Storm","Storm (General)","1","","11","1500000000","2157860646","69.513293292643"
"2010","United States of America","USA","Natural","Meteorological","Storm","Tornado","3","2841","25","2700000000","3884149164","69.513293292643"
"2010","United States of America","USA","Natural","Meteorological","Storm","Tropical cyclone","2","","9","340000000","489115080","69.513293292643"
"2010","Uruguay","URY","Natural","Meteorological","Extreme temperature","Cold wave","1","","4","","","69.513293292643"
"2010","Venezuela (Bolivarian Republic of)","VEN","Natural","Hydrological","Flood","Riverine flood","1","94800","41","170000000","244557540","69.513293292643"
"2010","Venezuela (Bolivarian Republic of)","VEN","Natural","Meteorological","Storm","Tropical cyclone","1","","8","","","69.513293292643"
"2010","Viet Nam","VNM","Natural","Hydrological","Flood","Flash flood","1","679825","84","142500000","204996761","69.513293292643"
"2010","Viet Nam","VNM","Natural","Hydrological","Flood","Riverine flood","3","810008","102","517700000","744749638","69.513293292643"
"2010","Viet Nam","VNM","Natural","Meteorological","Storm","Tropical cyclone","3","34600","35","44500000","64016533","69.513293292643"
"2010","Yemen","YEM","Natural","Hydrological","Flood","Riverine flood","2","1002","22","","","69.513293292643"
"2010","Zambia","ZMB","Natural","Hydrological","Flood","Riverine flood","1","1200","","","","69.513293292643"
"2010","Zambia","ZMB","Natural","Hydrological","Mass movement (wet)","Landslide (wet)","1","150","9","","","69.513293292643"
"2010","Zimbabwe","ZWE","Natural","Climatological","Drought","Drought","1","1667618","","","","69.513293292643"
"2010","Zimbabwe","ZWE","Natural","Hydrological","Flood","Riverine flood","1","820","","","","69.513293292643"
"2011","Afghanistan","AFG","Natural","Climatological","Drought","Drought","1","1750000","","142000000","198026088","71.707723611943"
"2011","Afghanistan","AFG","Natural","Hydrological","Flood","Riverine flood","2","12810","62","","","71.707723611943"
"2011","Afghanistan","AFG","Natural","Meteorological","Storm","Blizzard/Winter storm","1","5","21","","","71.707723611943"
"2011","Algeria","DZA","Natural","Hydrological","Flood","Riverine flood","1","793","10","779000000","1086354385","71.707723611943"
"2011","Angola","AGO","Natural","Hydrological","Flood","Riverine flood","4","90684","130","","","71.707723611943"
"2011","Argentina","ARG","Natural","Geophysical","Volcanic activity","Ash fall","1","3000","","104000000","145033191","71.707723611943"
"2011","Australia","AUS","Natural","Climatological","Wildfire","Land fire (Brush, Bush, Pasture)","1","120","","54000000","75305696","71.707723611943"
"2011","Australia","AUS","Natural","Hydrological","Flood","Riverine flood","1","217","","","","71.707723611943"
"2011","Australia","AUS","Natural","Meteorological","Storm","Tropical cyclone","1","7300","1","2500000000","3486374792","71.707723611943"
"2011","Bahamas","BHS","Natural","Meteorological","Storm","Tropical cyclone","1","10000","","40000000","55781997","71.707723611943"
"2011","Bangladesh","BGD","Natural","Hydrological","Flood","Flash flood","1","1570559","10","","","71.707723611943"
"2011","Bangladesh","BGD","Natural","Hydrological","Mass movement (wet)","Landslide (wet)","1","","17","","","71.707723611943"
"2011","Bangladesh","BGD","Natural","Meteorological","Extreme temperature","Cold wave","2","102000","62","","","71.707723611943"
"2011","Bangladesh","BGD","Natural","Meteorological","Storm","Severe weather","1","121","13","","","71.707723611943"
"2011","Belgium","BEL","Natural","Meteorological","Storm","Lightning/Thunderstorms","1","71","5","99000000","138060442","71.707723611943"
"2011","Benin","BEN","Natural","Hydrological","Flood","Riverine flood","1","5840","","","","71.707723611943"
"2011","Bhutan","BTN","Natural","Geophysical","Earthquake","Ground movement","1","20016","1","","","71.707723611943"
"2011","Bolivia (Plurinational State of)","BOL","Natural","Hydrological","Flood","Riverine flood","1","88825","52","20000000","27890998","71.707723611943"
"2011","Bolivia (Plurinational State of)","BOL","Natural","Hydrological","Mass movement (wet)","Landslide (wet)","1","4000","","","","71.707723611943"
"2011","Botswana","BWA","Natural","Hydrological","Flood","Riverine flood","1","","","","","71.707723611943"
"2011","Brazil","BRA","Natural","Hydrological","Flood","Riverine flood","8","1215600","978","1002000000","1397339017","71.707723611943"
"2011","Burkina Faso","BFA","Natural","Climatological","Drought","Drought","1","2850000","","","","71.707723611943"
"2011","Burundi","BDI","Natural","Climatological","Drought","Drought","1","","","","","71.707723611943"
"2011","Burundi","BDI","Natural","Hydrological","Flood","Riverine flood","1","685","","","","71.707723611943"
"2011","Burundi","BDI","Natural","Meteorological","Storm","Lightning/Thunderstorms","1","50","12","","","71.707723611943"
"2011","Cambodia","KHM","Natural","Hydrological","Flood","Riverine flood","1","1640023","247","521000000","726560507","71.707723611943"
"2011","Canada","CAN","Natural","Climatological","Wildfire","Forest fire","1","7000","1","1500000000","2091824875","71.707723611943"
"2011","Canada","CAN","Natural","Hydrological","Flood","Riverine flood","1","2000","5","800000000","1115639933","71.707723611943"
"2011","Canada","CAN","Natural","Meteorological","Storm","Tropical cyclone","1","","1","","","71.707723611943"
"2011","Central African Republic","CAF","Natural","Hydrological","Flood","Flash flood","1","2935","","","","71.707723611943"
"2011","Central African Republic","CAF","Natural","Meteorological","Storm","Severe weather","1","1831","1","","","71.707723611943"
"2011","Chile","CHL","Natural","Climatological","Wildfire","Forest fire","1","1082","1","200000000","278909983","71.707723611943"
"2011","Chile","CHL","Natural","Climatological","Wildfire","Land fire (Brush, Bush, Pasture)","1","400","","","","71.707723611943"
"2011","Chile","CHL","Natural","Geophysical","Volcanic activity","Ash fall","1","3500","","","","71.707723611943"
"2011","Chile","CHL","Natural","Meteorological","Extreme temperature","Severe winter conditions","1","25475","","","","71.707723611943"
"2011","China","CHN","Natural","Geophysical","Earthquake","Ground movement","7","229459","32","346400000","483072091","71.707723611943"
"2011","China","CHN","Natural","Hydrological","Flood","Riverine flood","5","93360000","628","10704130000","14927443601","71.707723611943"
"2011","China","CHN","Natural","Hydrological","Mass movement (wet)","Landslide (wet)","2","2","40","","","71.707723611943"
"2011","China","CHN","Natural","Meteorological","Extreme temperature","Cold wave","1","4033472","2","281000000","391868527","71.707723611943"
"2011","China","CHN","Natural","Meteorological","Storm","Hail","1","22000150","18","15000000","20918249","71.707723611943"
"2011","China","CHN","Natural","Meteorological","Storm","Tropical cyclone","4","4649800","26","701585000","978395303","71.707723611943"
"2011","Colombia","COL","Natural","Hydrological","Flood","Riverine flood","2","1487523","273","2320000000","3235355807","71.707723611943"
"2011","Colombia","COL","Natural","Hydrological","Mass movement (wet)","Landslide (wet)","1","175","40","","","71.707723611943"
"2011","Costa Rica","CRI","Natural","Hydrological","Flood","Riverine flood","1","46695","4","","","71.707723611943"
"2011","Democratic People's Republic of Korea","PRK","Natural","Hydrological","Flood","Riverine flood","2","51093","64","","","71.707723611943"
"2011","Democratic People's Republic of Korea","PRK","Natural","Meteorological","Storm","Tropical cyclone","1","6499","10","","","71.707723611943"
"2011","Democratic Republic of the Congo","COD","Natural","Hydrological","Flood","Riverine flood","2","8000","","","","71.707723611943"
"2011","Dominica","DMA","Natural","Meteorological","Storm","Tropical cyclone","1","240","","","","71.707723611943"
"2011","Dominican Republic","DOM","Natural","Hydrological","Flood","Riverine flood","1","11200","4","","","71.707723611943"
"2011","Dominican Republic","DOM","Natural","Meteorological","Storm","Tropical cyclone","2","44000","7","30000000","41836498","71.707723611943"
"2011","Ecuador","ECU","Natural","Hydrological","Flood","Riverine flood","1","3600","","","","71.707723611943"
"2011","Ecuador","ECU","Natural","Hydrological","Mass movement (wet)","Landslide (wet)","1","150","7","","","71.707723611943"
"2011","El Salvador","SLV","Natural","Hydrological","Flood","Riverine flood","1","300000","35","1000000000","1394549917","71.707723611943"
"2011","Estonia","EST","Natural","Meteorological","Storm","Storm (General)","1","6500","","","","71.707723611943"
"2011","Ethiopia","ETH","Natural","Climatological","Drought","Drought","1","4805679","","","","71.707723611943"
"2011","Ethiopia","ETH","Natural","Hydrological","Flood","Riverine flood","1","40200","","","","71.707723611943"
"2011","France","FRA","Natural","Hydrological","Flood","Riverine flood","1","2300","6","","","71.707723611943"
"2011","Georgia","GEO","Natural","Hydrological","Flood","Flash flood","1","1750","7","","","71.707723611943"
"2011","Ghana","GHA","Natural","Hydrological","Flood","Riverine flood","2","94044","20","","","71.707723611943"
"2011","Guatemala","GTM","Natural","Geophysical","Earthquake","Ground movement","1","400","3","","","71.707723611943"
"2011","Guatemala","GTM","Natural","Hydrological","Flood","Riverine flood","3","534828","59","61913000","86340769","71.707723611943"
"2011","Guatemala","GTM","Natural","Hydrological","Mass movement (wet)","Landslide (wet)","1","","16","","","71.707723611943"
"2011","Guatemala","GTM","Natural","Meteorological","Extreme temperature","Cold wave","1","2643","","","","71.707723611943"
"2011","Guatemala","GTM","Natural","Meteorological","Storm","Tropical cyclone","1","","5","","","71.707723611943"
"2011","Guinea","GIN","Natural","Hydrological","Flood","Riverine flood","1","20143","","","","71.707723611943"
"2011","Haiti","HTI","Natural","Hydrological","Flood","Riverine flood","2","4438","36","","","71.707723611943"
"2011","Haiti","HTI","Natural","Meteorological","Storm","Tropical cyclone","2","3044","3","","","71.707723611943"
"2011","Honduras","HND","Natural","Hydrological","Flood","Riverine flood","1","69798","33","","","71.707723611943"
"2011","India","IND","Natural","Geophysical","Earthquake","Ground movement","1","575200","112","","","71.707723611943"
"2011","India","IND","Natural","Hydrological","Flood","Riverine flood","7","12004069","608","1657000000","2310769212","71.707723611943"
"2011","India","IND","Natural","Meteorological","Extreme temperature","Cold wave","2","","212","","","71.707723611943"
"2011","India","IND","Natural","Meteorological","Storm","Lightning/Thunderstorms","2","50","59","","","71.707723611943"
"2011","India","IND","Natural","Meteorological","Storm","Tropical cyclone","1","250000","47","375625000","523827813","71.707723611943"
"2011","Indonesia","IDN","Natural","Geophysical","Earthquake","Ground movement","1","","10","5850000","8158117","71.707723611943"
"2011","Indonesia","IDN","Natural","Geophysical","Earthquake","Tsunami","1","95","1","","","71.707723611943"
"2011","Indonesia","IDN","Natural","Geophysical","Volcanic activity","Ash fall","2","8373","3","","","71.707723611943"
"2011","Indonesia","IDN","Natural","Hydrological","Flood","Flash flood","1","1060","","","","71.707723611943"
"2011","Indonesia","IDN","Natural","Hydrological","Flood","Riverine flood","5","18804","62","","","71.707723611943"
"2011","Indonesia","IDN","Natural","Hydrological","Mass movement (wet)","Landslide (wet)","2","4","53","","","71.707723611943"
"2011","Iraq","IRQ","Natural","Hydrological","Flood","Flash flood","1","2001","6","","","71.707723611943"
"2011","Ireland","IRL","Natural","Hydrological","Flood","Flash flood","1","600","2","325000000","453228723","71.707723611943"
"2011","Italy","ITA","Natural","Hydrological","Flood","Flash flood","2","","16","545000000","760029705","71.707723611943"
"2011","Italy","ITA","Natural","Meteorological","Extreme temperature","Heat wave","1","","10","","","71.707723611943"
"2011","Japan","JPN","Natural","Geophysical","Earthquake","Ground movement","1","132","2","","","71.707723611943"
"2011","Japan","JPN","Natural","Geophysical","Earthquake","Tsunami","1","368820","19846","210000000000","292855482537","71.707723611943"
"2011","Japan","JPN","Natural","Hydrological","Flood","Flood (General)","1","2000","6","","","71.707723611943"
"2011","Japan","JPN","Natural","Meteorological","Extreme temperature","Heat wave","1","22000","36","","","71.707723611943"
"2011","Japan","JPN","Natural","Meteorological","Storm","Storm (General)","1","55","5","50000000","69727496","71.707723611943"
"2011","Japan","JPN","Natural","Meteorological","Storm","Tropical cyclone","2","1608","81","2470000000","3444538295","71.707723611943"
"2011","Kazakhstan","KAZ","Natural","Hydrological","Flood","Riverine flood","1","16000","2","67000000","93434844","71.707723611943"
"2011","Kenya","KEN","Natural","Climatological","Drought","Drought","2","8050000","","","","71.707723611943"
"2011","Kenya","KEN","Natural","Hydrological","Flood","Riverine flood","3","100692","33","","","71.707723611943"
"2011","Kyrgyzstan","KGZ","Natural","Geophysical","Earthquake","Ground movement","1","","","","","71.707723611943"
"2011","Lao People's Democratic Republic","LAO","Natural","Hydrological","Flood","Flash flood","1","430000","34","","","71.707723611943"
"2011","Lao People's Democratic Republic","LAO","Natural","Hydrological","Flood","Riverine flood","1","37000","14","","","71.707723611943"
"2011","Lesotho","LSO","Natural","Climatological","Drought","Drought","1","725515","","","","71.707723611943"
"2011","Lesotho","LSO","Natural","Hydrological","Flood","Riverine flood","2","5000","26","","","71.707723611943"
"2011","Madagascar","MDG","Natural","Meteorological","Storm","Tropical cyclone","1","115215","35","","","71.707723611943"
"2011","Malawi","MWI","Natural","Hydrological","Flood","Riverine flood","3","83587","4","","","71.707723611943"
"2011","Malaysia","MYS","Natural","Hydrological","Flood","Riverine flood","1","20000","2","","","71.707723611943"
"2011","Malaysia","MYS","Natural","Hydrological","Mass movement (wet)","Landslide (wet)","1","6","16","","","71.707723611943"
"2011","Mali","MLI","Natural","Climatological","Drought","Drought","1","3500000","","","","71.707723611943"
"2011","Mali","MLI","Natural","Hydrological","Flood","Riverine flood","1","15415","1","","","71.707723611943"
"2011","Martinique","MTQ","Natural","Meteorological","Storm","Tropical cyclone","1","","1","","","71.707723611943"
"2011","Mauritania","MRT","Natural","Climatological","Drought","Drought","1","723000","","","","71.707723611943"
"2011","Mexico","MEX","Natural","Climatological","Drought","Drought","1","2500000","","","","71.707723611943"
"2011","Mexico","MEX","Natural","Climatological","Wildfire","Land fire (Brush, Bush, Pasture)","1","","","","","71.707723611943"
"2011","Mexico","MEX","Natural","Geophysical","Earthquake","Ground movement","1","152","2","","","71.707723611943"
"2011","Mexico","MEX","Natural","Hydrological","Flood","Riverine flood","3","480000","77","","","71.707723611943"
"2011","Mexico","MEX","Natural","Meteorological","Extreme temperature","Cold wave","1","120000","3","500000000","697274958","71.707723611943"
"2011","Mexico","MEX","Natural","Meteorological","Storm","Tropical cyclone","5","550450","43","97700000","136247527","71.707723611943"
"2011","Mozambique","MOZ","Natural","Hydrological","Flood","Riverine flood","2","63946","11","","","71.707723611943"
"2011","Mozambique","MOZ","Natural","Meteorological","Storm","Storm (General)","1","","12","","","71.707723611943"
"2011","Myanmar","MMR","Natural","Geophysical","Earthquake","Ground movement","1","21277","74","3600000","5020380","71.707723611943"
"2011","Myanmar","MMR","Natural","Hydrological","Flood","Flash flood","1","35734","151","1700000","2370735","71.707723611943"
"2011","Namibia","NAM","Natural","Hydrological","Flood","Riverine flood","1","500000","108","12000000","16734599","71.707723611943"
"2011","Nepal","NPL","Natural","Geophysical","Earthquake","Ground movement","1","167949","7","","","71.707723611943"
"2011","Nepal","NPL","Natural","Hydrological","Flood","Riverine flood","2","1858","104","","","71.707723611943"
"2011","Nepal","NPL","Natural","Hydrological","Mass movement (wet)","Landslide (wet)","2","","29","","","71.707723611943"
"2011","Nepal","NPL","Natural","Meteorological","Extreme temperature","Cold wave","2","25000","42","123000","171530","71.707723611943"
"2011","New Zealand","NZL","Natural","Geophysical","Earthquake","Ground movement","2","301845","182","18000000000","25101898503","71.707723611943"
"2011","Nicaragua","NIC","Natural","Hydrological","Flood","Riverine flood","1","143018","17","","","71.707723611943"
"2011","Niger","NER","Natural","Climatological","Drought","Drought","1","3000000","","","","71.707723611943"
"2011","Niger","NER","Natural","Hydrological","Flood","Riverine flood","2","41175","16","","","71.707723611943"
"2011","Nigeria","NGA","Natural","Hydrological","Flood","Riverine flood","4","30915","174","4500000","6275475","71.707723611943"
"2011","Nigeria","NGA","Natural","Meteorological","Storm","Lightning/Thunderstorms","1","12","11","","","71.707723611943"
"2011","Norway","NOR","Natural","Meteorological","Storm","Storm (General)","1","500","4","","","71.707723611943"
"2011","Oman","OMN","Natural","Meteorological","Storm","Tropical cyclone","1","200","14","","","71.707723611943"
"2011","Pakistan","PAK","Natural","Geophysical","Earthquake","Ground movement","1","1000","2","","","71.707723611943"
"2011","Pakistan","PAK","Natural","Hydrological","Flood","Riverine flood","1","5400755","509","2500000000","3486374792","71.707723611943"
"2011","Panama","PAN","Natural","Hydrological","Flood","Riverine flood","2","4000","","","","71.707723611943"
"2011","Papua New Guinea","PNG","Natural","Meteorological","Storm","Tropical cyclone","1","","","","","71.707723611943"
"2011","Paraguay","PRY","Natural","Meteorological","Storm","Hail","1","2000","","","","71.707723611943"
"2011","Peru","PER","Natural","Geophysical","Earthquake","Ground movement","1","2681","1","","","71.707723611943"
"2011","Peru","PER","Natural","Hydrological","Flood","Riverine flood","3","822945","72","","","71.707723611943"
"2011","Peru","PER","Natural","Meteorological","Extreme temperature","Cold wave","1","13440","20","","","71.707723611943"
"2011","Peru","PER","Natural","Meteorological","Storm","Blizzard/Winter storm","1","","16","","","71.707723611943"
"2011","Philippines","PHL","Natural","Geophysical","Earthquake","Ground movement","1","28","","","","71.707723611943"
"2011","Philippines","PHL","Natural","Geophysical","Volcanic activity","Ash fall","2","33931","","","","71.707723611943"
"2011","Philippines","PHL","Natural","Hydrological","Flood","Flash flood","7","162272","33","179247000","249968889","71.707723611943"
"2011","Philippines","PHL","Natural","Hydrological","Flood","Riverine flood","8","2056556","89","23540000","32827705","71.707723611943"
"2011","Philippines","PHL","Natural","Hydrological","Mass movement (wet)","Landslide (wet)","3","889","29","","","71.707723611943"
"2011","Philippines","PHL","Natural","Meteorological","Storm","Tropical cyclone","12","9468676","1782","527238000","735259709","71.707723611943"
"2011","Poland","POL","Natural","Meteorological","Extreme temperature","Cold wave","1","","26","","","71.707723611943"
"2011","Puerto Rico","PRI","Natural","Meteorological","Storm","Tropical cyclone","2","2271","1","500000000","697274958","71.707723611943"
"2011","Republic of Korea","KOR","Natural","Hydrological","Flood","Riverine flood","2","29000","62","52000000","72516596","71.707723611943"
"2011","Republic of Korea","KOR","Natural","Hydrological","Mass movement (wet)","Landslide (wet)","1","2026","59","","","71.707723611943"
"2011","Russian Federation","RUS","Natural","Hydrological","Flood","Riverine flood","2","14169","","21015000","29306467","71.707723611943"
"2011","Russian Federation","RUS","Natural","Meteorological","Storm","Tornado","1","14","1","3000000","4183650","71.707723611943"
"2011","Rwanda","RWA","Natural","Hydrological","Flood","Riverine flood","1","3608","14","","","71.707723611943"
"2011","Saint Vincent and the Grenadines","VCT","Natural","Hydrological","Flood","Riverine flood","1","275","","31100000","43370502","71.707723611943"
"2011","Saudi Arabia","SAU","Natural","Hydrological","Flood","Riverine flood","1","","11","300000000","418364975","71.707723611943"
"2011","Senegal","SEN","Natural","Climatological","Drought","Drought","1","850000","","","","71.707723611943"
"2011","Senegal","SEN","Natural","Hydrological","Flood","Riverine flood","1","5220","","","","71.707723611943"
"2011","Serbia","SRB","Natural","Hydrological","Flood","Riverine flood","1","5000","","","","71.707723611943"
"2011","Sierra Leone","SLE","Natural","Hydrological","Flood","Riverine flood","1","","21","","","71.707723611943"
"2011","Solomon Islands","SLB","Natural","Meteorological","Storm","Tropical cyclone","1","","","","","71.707723611943"
"2011","Somalia","SOM","Natural","Hydrological","Flood","Riverine flood","1","2800","","","","71.707723611943"
"2011","South Africa","ZAF","Natural","Hydrological","Flood","Riverine flood","1","200321","40","211000000","294250032","71.707723611943"
"2011","South Africa","ZAF","Natural","Meteorological","Storm","Lightning/Thunderstorms","1","2773","1","","","71.707723611943"
"2011","South Africa","ZAF","Natural","Meteorological","Storm","Severe weather","1","3550","5","10000000","13945499","71.707723611943"
"2011","Spain","ESP","Natural","Geophysical","Earthquake","Ground movement","1","15300","10","200000000","278909983","71.707723611943"
"2011","Spain","ESP","Natural","Hydrological","Flood","Flash flood","1","2400","1","","","71.707723611943"
"2011","Sri Lanka","LKA","Natural","Hydrological","Flood","Riverine flood","3","1293924","65","500000000","697274958","71.707723611943"
"2011","Sri Lanka","LKA","Natural","Meteorological","Storm","Severe weather","1","35041","22","","","71.707723611943"
"2011","Sudan","SDN","Natural","Meteorological","Storm","Severe weather","1","30","20","","","71.707723611943"
"2011","Tajikistan","TJK","Natural","Geophysical","Earthquake","Ground movement","1","","","","","71.707723611943"
"2011","Tajikistan","TJK","Natural","Hydrological","Flood","Riverine flood","1","2130","","","","71.707723611943"
"2011","Thailand","THA","Natural","Geophysical","Earthquake","Ground movement","1","16","1","","","71.707723611943"
"2011","Thailand","THA","Natural","Hydrological","Flood","Flash flood","1","716110","64","317000000","442072324","71.707723611943"
"2011","Thailand","THA","Natural","Hydrological","Flood","Riverine flood","1","9500000","813","40000000000","55781996674","71.707723611943"
"2011","Thailand","THA","Natural","Meteorological","Storm","Tropical cyclone","1","1000000","18","","","71.707723611943"
"2011","Tonga","TON","Natural","Meteorological","Storm","Tropical cyclone","1","7600","3","3000000","4183650","71.707723611943"
"2011","Tuvalu","TUV","Natural","Climatological","Drought","Drought","1","","","","","71.707723611943"
"2011","Türkiye","TUR","Natural","Geophysical","Earthquake","Ground movement","3","43164","647","1744000000","2432095055","71.707723611943"
"2011","Uganda","UGA","Natural","Climatological","Drought","Drought","1","669000","","","","71.707723611943"
"2011","Uganda","UGA","Natural","Hydrological","Flood","Riverine flood","1","63075","27","","","71.707723611943"
"2011","Uganda","UGA","Natural","Meteorological","Storm","Lightning/Thunderstorms","1","47","23","","","71.707723611943"
"2011","United Kingdom of Great Britain and Northern Ireland","GBR","Natural","Meteorological","Storm","Storm (General)","1","","1","","","71.707723611943"
"2011","United Republic of Tanzania","TZA","Natural","Climatological","Drought","Drought","1","1000000","","","","71.707723611943"
"2011","United Republic of Tanzania","TZA","Natural","Hydrological","Flood","Riverine flood","3","65976","37","","","71.707723611943"
"2011","United States of America","USA","Natural","Climatological","Drought","Drought","1","","","8000000000","11156399335","71.707723611943"
"2011","United States of America","USA","Natural","Climatological","Wildfire","Forest fire","2","4800","6","1200000000","1673459900","71.707723611943"
"2011","United States of America","USA","Natural","Climatological","Wildfire","Land fire (Brush, Bush, Pasture)","1","1305","2","183000000","255202635","71.707723611943"
"2011","United States of America","USA","Natural","Hydrological","Flood","Riverine flood","4","36100","17","6600000000","9204029451","71.707723611943"
"2011","United States of America","USA","Natural","Meteorological","Extreme temperature","Heat wave","1","","22","","","71.707723611943"
"2011","United States of America","USA","Natural","Meteorological","Storm","Blizzard/Winter storm","4","","89","4900000000","6833294593","71.707723611943"
"2011","United States of America","USA","Natural","Meteorological","Storm","Storm (General)","2","","16","3500000000","4880924709","71.707723611943"
"2011","United States of America","USA","Natural","Meteorological","Storm","Tornado","5","18593","590","27000000000","37652847755","71.707723611943"
"2011","United States of America","USA","Natural","Meteorological","Storm","Tropical cyclone","2","370600","61","8050000000","11226126831","71.707723611943"
"2011","Uzbekistan","UZB","Natural","Geophysical","Earthquake","Ground movement","1","86","13","","","71.707723611943"
"2011","Vanuatu","VUT","Natural","Meteorological","Storm","Tropical cyclone","2","32000","","","","71.707723611943"
"2011","Venezuela (Bolivarian Republic of)","VEN","Natural","Hydrological","Flood","Flash flood","1","","9","","","71.707723611943"
"2011","Venezuela (Bolivarian Republic of)","VEN","Natural","Hydrological","Flood","Riverine flood","2","3668","8","16000000","22312799","71.707723611943"
"2011","Viet Nam","VNM","Natural","Hydrological","Flood","Riverine flood","3","1361584","122","219002000","305409221","71.707723611943"
"2011","Viet Nam","VNM","Natural","Meteorological","Storm","Lightning/Thunderstorms","1","63","16","","","71.707723611943"
"2011","Viet Nam","VNM","Natural","Meteorological","Storm","Tropical cyclone","1","","","","","71.707723611943"
"2011","Zambia","ZMB","Natural","Hydrological","Flood","Riverine flood","1","1375","","","","71.707723611943"
"2011","Zimbabwe","ZWE","Natural","Hydrological","Flood","Riverine flood","1","","","","","71.707723611943"
"2012","Afghanistan","AFG","Natural","Geophysical","Earthquake","Ground movement","1","3548","75","","","73.191591606113"
"2012","Afghanistan","AFG","Natural","Hydrological","Flood","Flash flood","2","13381","","","","73.191591606113"
"2012","Afghanistan","AFG","Natural","Hydrological","Flood","Riverine flood","4","37769","149","","","73.191591606113"
"2012","Afghanistan","AFG","Natural","Hydrological","Mass movement (wet)","Avalanche (wet)","3","46","111","","","73.191591606113"
"2012","Afghanistan","AFG","Natural","Meteorological","Extreme temperature","Severe winter conditions","1","68","45","","","73.191591606113"
"2012","Albania","ALB","Natural","Meteorological","Extreme temperature","Severe winter conditions","1","230000","5","","","73.191591606113"
"2012","Algeria","DZA","Natural","Hydrological","Flood","Riverine flood","2","101","69","","","73.191591606113"
"2012","Angola","AGO","Natural","Climatological","Drought","Drought","1","1833900","","","","73.191591606113"
"2012","Argentina","ARG","Natural","Hydrological","Flood","Riverine flood","1","10000","6","","","73.191591606113"
"2012","Argentina","ARG","Natural","Meteorological","Storm","Severe weather","1","7510","1","2000000","2732554","73.191591606113"
"2012","Argentina","ARG","Natural","Meteorological","Storm","Storm (General)","1","2020","18","10000000","13662772","73.191591606113"
"2012","Australia","AUS","Natural","Hydrological","Flood","Riverine flood","2","16000","4","588000000","803370971","73.191591606113"
"2012","Austria","AUT","Natural","Meteorological","Extreme temperature","Cold wave","1","","5","","","73.191591606113"
"2012","Azerbaijan","AZE","Natural","Geophysical","Earthquake","Ground movement","2","22499","","","","73.191591606113"
"2012","Azerbaijan","AZE","Natural","Meteorological","Extreme temperature","Cold wave","1","","5","","","73.191591606113"
"2012","Bahamas","BHS","Natural","Meteorological","Storm","Tropical cyclone","1","","1","","","73.191591606113"
"2012","Bangladesh","BGD","Natural","Hydrological","Flood","Riverine flood","2","5398475","139","","","73.191591606113"
"2012","Bangladesh","BGD","Natural","Meteorological","Extreme temperature","Cold wave","1","75000","72","","","73.191591606113"
"2012","Bangladesh","BGD","Natural","Meteorological","Storm","Severe weather","1","55121","25","","","73.191591606113"
"2012","Bangladesh","BGD","Natural","Meteorological","Storm","Storm (General)","1","129558","108","","","73.191591606113"
"2012","Belarus","BLR","Natural","Meteorological","Extreme temperature","Cold wave","1","130","","","","73.191591606113"
"2012","Belgium","BEL","Natural","Meteorological","Extreme temperature","Cold wave","1","","3","","","73.191591606113"
"2012","Benin","BEN","Natural","Hydrological","Flood","Riverine flood","1","55000","4","","","73.191591606113"
"2012","Bolivia (Plurinational State of)","BOL","Natural","Hydrological","Flood","Riverine flood","1","69085","13","","","73.191591606113"
"2012","Bosnia and Herzegovina","BIH","Natural","Meteorological","Extreme temperature","Cold wave","1","10347","4","","","73.191591606113"
"2012","Brazil","BRA","Natural","Climatological","Drought","Drought","1","4000000","","1460000000","1994764655","73.191591606113"
"2012","Brazil","BRA","Natural","Hydrological","Flood","Riverine flood","2","299000","3","171000000","233633395","73.191591606113"
"2012","Bulgaria","BGR","Natural","Geophysical","Earthquake","Ground movement","1","210","","","","73.191591606113"
"2012","Bulgaria","BGR","Natural","Hydrological","Flood","Riverine flood","1","37950","5","4400000","6011620","73.191591606113"
"2012","Bulgaria","BGR","Natural","Meteorological","Extreme temperature","Cold wave","2","","33","","","73.191591606113"
"2012","Burkina Faso","BFA","Natural","Hydrological","Flood","Riverine flood","1","21000","18","","","73.191591606113"
"2012","Cambodia","KHM","Natural","Hydrological","Flood","Flash flood","1","71500","14","","","73.191591606113"
"2012","Cameroon","CMR","Natural","Climatological","Drought","Drought","1","12000","","","","73.191591606113"
"2012","Cameroon","CMR","Natural","Hydrological","Flood","Riverine flood","2","51980","25","2000000","2732554","73.191591606113"
"2012","Canada","CAN","Natural","Hydrological","Flood","Riverine flood","1","1500","","34000000","46453423","73.191591606113"
"2012","Canada","CAN","Natural","Meteorological","Storm","Blizzard/Winter storm","1","","","","","73.191591606113"
"2012","Canada","CAN","Natural","Meteorological","Storm","Severe weather","1","","","1050000000","1434591019","73.191591606113"
"2012","Central African Republic","CAF","Natural","Meteorological","Storm","Severe weather","1","1950","","","","73.191591606113"
"2012","Central African Republic","CAF","Natural","Meteorological","Storm","Storm (General)","1","1943","","","","73.191591606113"
"2012","Chad","TCD","Natural","Climatological","Drought","Drought","1","1600000","","","","73.191591606113"
"2012","Chad","TCD","Natural","Hydrological","Flood","Riverine flood","2","613631","20","10000000","13662772","73.191591606113"
"2012","Chile","CHL","Natural","Climatological","Wildfire","Wildfire (General)","1","1082","7","200000000","273255432","73.191591606113"
"2012","Chile","CHL","Natural","Geophysical","Earthquake","Ground movement","1","24297","1","100000000","136627716","73.191591606113"
"2012","Chile","CHL","Natural","Hydrological","Flood","Riverine flood","1","4300","","3100000","4235459","73.191591606113"
"2012","China","CHN","Natural","Geophysical","Earthquake","Ground movement","6","978858","86","1548000000","2114997045","73.191591606113"
"2012","China","CHN","Natural","Hydrological","Flood","Riverine flood","12","32992000","622","14970333000","20453624073","73.191591606113"
"2012","China","CHN","Natural","Hydrological","Mass movement (wet)","Landslide (wet)","1","","19","","","73.191591606113"
"2012","China","CHN","Natural","Meteorological","Extreme temperature","Severe winter conditions","1","50650","","20200000","27598799","73.191591606113"
"2012","China","CHN","Natural","Meteorological","Storm","Lightning/Thunderstorms","2","227000","12","204000000","278720541","73.191591606113"
"2012","China","CHN","Natural","Meteorological","Storm","Tropical cyclone","6","10314177","63","3012000000","4115226809","73.191591606113"
"2012","Colombia","COL","Natural","Hydrological","Flood","Riverine flood","3","81518","77","102000000","139360270","73.191591606113"
"2012","Comoros","COM","Natural","Hydrological","Flood","Riverine flood","1","65137","4","5000000","6831386","73.191591606113"
"2012","Congo","COG","Natural","Hydrological","Flood","Riverine flood","2","9614","19","","","73.191591606113"
"2012","Costa Rica","CRI","Natural","Geophysical","Earthquake","Ground movement","1","762","2","45000000","61482472","73.191591606113"
"2012","Costa Rica","CRI","Natural","Hydrological","Flood","Riverine flood","1","9523","6","","","73.191591606113"
"2012","Croatia","HRV","Natural","Hydrological","Flood","Riverine flood","1","1500","","","","73.191591606113"
"2012","Croatia","HRV","Natural","Meteorological","Extreme temperature","Cold wave","2","","7","","","73.191591606113"
"2012","Cuba","CUB","Natural","Hydrological","Flood","Riverine flood","1","3000","2","","","73.191591606113"
"2012","Cuba","CUB","Natural","Meteorological","Storm","Tropical cyclone","2","208101","12","","","73.191591606113"
"2012","Czechia","CZE","Natural","Meteorological","Extreme temperature","Cold wave","2","","32","","","73.191591606113"
"2012","Democratic People's Republic of Korea","PRK","Natural","Climatological","Drought","Drought","1","3000000","","","","73.191591606113"
"2012","Democratic People's Republic of Korea","PRK","Natural","Hydrological","Flood","Riverine flood","1","93089","88","11400000","15575560","73.191591606113"
"2012","Democratic People's Republic of Korea","PRK","Natural","Meteorological","Storm","Tropical cyclone","1","44461","59","","","73.191591606113"
"2012","Democratic Republic of the Congo","COD","Natural","Hydrological","Flood","Riverine flood","1","4535","1","","","73.191591606113"
"2012","Dominican Republic","DOM","Natural","Hydrological","Flood","Riverine flood","2","14570","","","","73.191591606113"
"2012","Dominican Republic","DOM","Natural","Meteorological","Storm","Tropical cyclone","2","42515","8","30000000","40988315","73.191591606113"
"2012","Ecuador","ECU","Natural","Climatological","Wildfire","Forest fire","1","1945","5","","","73.191591606113"
"2012","Ecuador","ECU","Natural","Hydrological","Flood","Riverine flood","1","71860","29","","","73.191591606113"
"2012","Estonia","EST","Natural","Meteorological","Extreme temperature","Cold wave","1","","1","","","73.191591606113"
"2012","Ethiopia","ETH","Natural","Climatological","Drought","Drought","1","1000000","","","","73.191591606113"
"2012","Fiji","FJI","Natural","Hydrological","Flood","Riverine flood","2","19545","15","89000000","121598667","73.191591606113"
"2012","Fiji","FJI","Natural","Meteorological","Storm","Tropical cyclone","1","8400","2","8400000","11476728","73.191591606113"
"2012","France","FRA","Natural","Meteorological","Extreme temperature","Cold wave","1","","12","","","73.191591606113"
"2012","Gabon","GAB","Natural","Hydrological","Flood","Riverine flood","1","77845","1","","","73.191591606113"
"2012","Gambia","GMB","Natural","Climatological","Drought","Drought","1","428000","","","","73.191591606113"
"2012","Georgia","GEO","Natural","Hydrological","Flood","Flash flood","1","100018","5","3000000","4098831","73.191591606113"
"2012","Georgia","GEO","Natural","Meteorological","Storm","Lightning/Thunderstorms","1","6018","","91000000","124331222","73.191591606113"
"2012","Germany","DEU","Natural","Meteorological","Extreme temperature","Cold wave","2","","6","","","73.191591606113"
"2012","Greece","GRC","Natural","Hydrological","Flood","Flash flood","1","200","2","","","73.191591606113"
"2012","Greece","GRC","Natural","Meteorological","Extreme temperature","Cold wave","1","","5","","","73.191591606113"
"2012","Guatemala","GTM","Natural","Climatological","Drought","Drought","1","266485","","","","73.191591606113"
"2012","Guatemala","GTM","Natural","Geophysical","Earthquake","Ground movement","1","1321742","44","210000000","286918204","73.191591606113"
"2012","Guatemala","GTM","Natural","Geophysical","Volcanic activity","Ash fall","1","10000","","","","73.191591606113"
"2012","Haiti","HTI","Natural","Hydrological","Flood","Riverine flood","3","26465","42","","","73.191591606113"
"2012","Haiti","HTI","Natural","Meteorological","Storm","Tropical cyclone","2","209857","88","254000000","347034399","73.191591606113"
"2012","Honduras","HND","Natural","Climatological","Drought","Drought","1","125000","","","","73.191591606113"
"2012","Hungary","HUN","Natural","Meteorological","Extreme temperature","Cold wave","1","","16","","","73.191591606113"
"2012","India","IND","Natural","Geophysical","Mass movement (dry)","Avalanche (dry)","1","","16","","","73.191591606113"
"2012","India","IND","Natural","Hydrological","Flood","Riverine flood","6","4248360","279","244000000","333371627","73.191591606113"
"2012","India","IND","Natural","Meteorological","Extreme temperature","Cold wave","2","","264","","","73.191591606113"
"2012","India","IND","Natural","Meteorological","Storm","Tropical cyclone","1","70000","40","","","73.191591606113"
"2012","Indonesia","IDN","Natural","Geophysical","Earthquake","Ground movement","2","7990","13","","","73.191591606113"
"2012","Indonesia","IDN","Natural","Hydrological","Flood","Flash flood","3","5965","12","","","73.191591606113"
"2012","Indonesia","IDN","Natural","Hydrological","Flood","Riverine flood","4","27355","29","","","73.191591606113"
"2012","Indonesia","IDN","Natural","Hydrological","Mass movement (wet)","Landslide (wet)","2","215","32","","","73.191591606113"
"2012","Indonesia","IDN","Natural","Meteorological","Storm","Storm (General)","1","10060","16","1000000","1366277","73.191591606113"
"2012","Indonesia","IDN","Natural","Meteorological","Storm","Tornado","1","490","5","","","73.191591606113"
"2012","Iran (Islamic Republic of)","IRN","Natural","Geophysical","Earthquake","Ground movement","3","67307","312","500000000","683138581","73.191591606113"
"2012","Iran (Islamic Republic of)","IRN","Natural","Hydrological","Flood","Riverine flood","1","1000","7","","","73.191591606113"
"2012","Iraq","IRQ","Natural","Hydrological","Flood","Riverine flood","1","","4","","","73.191591606113"
"2012","Italy","ITA","Natural","Climatological","Drought","Drought","1","","","1190000000","1625869822","73.191591606113"
"2012","Italy","ITA","Natural","Geophysical","Earthquake","Ground movement","2","25400","24","15800000000","21587179146","73.191591606113"
"2012","Italy","ITA","Natural","Hydrological","Flood","Riverine flood","1","20000","6","15000000","20494157","73.191591606113"
"2012","Italy","ITA","Natural","Meteorological","Extreme temperature","Cold wave","1","","45","132601000","181169718","73.191591606113"
"2012","Jamaica","JAM","Natural","Meteorological","Storm","Tropical cyclone","1","215850","1","16542000","22600957","73.191591606113"
"2012","Japan","JPN","Natural","Hydrological","Flood","Riverine flood","1","48135","30","1400000000","1912788026","73.191591606113"
"2012","Japan","JPN","Natural","Meteorological","Storm","Blizzard/Winter storm","1","7766","134","158000000","215871791","73.191591606113"
"2012","Japan","JPN","Natural","Meteorological","Storm","Lightning/Thunderstorms","1","2540","3","","","73.191591606113"
"2012","Japan","JPN","Natural","Meteorological","Storm","Severe weather","1","372","4","","","73.191591606113"
"2012","Japan","JPN","Natural","Meteorological","Storm","Tropical cyclone","3","43475","2","144400000","197290422","73.191591606113"
"2012","Kazakhstan","KAZ","Natural","Hydrological","Flood","Riverine flood","1","9400","","","","73.191591606113"
"2012","Kazakhstan","KAZ","Natural","Meteorological","Extreme temperature","Severe winter conditions","1","5000","","","","73.191591606113"
"2012","Kenya","KEN","Natural","Hydrological","Flood","Riverine flood","1","280670","73","100000000","136627716","73.191591606113"
"2012","Kyrgyzstan","KGZ","Natural","Hydrological","Flood","Riverine flood","1","11000","","","","73.191591606113"
"2012","Kyrgyzstan","KGZ","Natural","Meteorological","Extreme temperature","Cold wave","1","50","16","","","73.191591606113"
"2012","Latvia","LVA","Natural","Meteorological","Extreme temperature","Cold wave","1","","10","","","73.191591606113"
"2012","Lithuania","LTU","Natural","Meteorological","Extreme temperature","Cold wave","2","","30","","","73.191591606113"
"2012","Madagascar","MDG","Natural","Meteorological","Storm","Tropical cyclone","3","335599","112","100000000","136627716","73.191591606113"
"2012","Malawi","MWI","Natural","Climatological","Drought","Drought","1","1900000","","","","73.191591606113"
"2012","Malawi","MWI","Natural","Hydrological","Flood","Riverine flood","2","90735","4","","","73.191591606113"
"2012","Malawi","MWI","Natural","Meteorological","Storm","Tropical cyclone","1","6000","","","","73.191591606113"
"2012","Mexico","MEX","Natural","Geophysical","Earthquake","Ground movement","1","49011","2","320000000","437208692","73.191591606113"
"2012","Mexico","MEX","Natural","Meteorological","Storm","Tropical cyclone","2","87000","19","855000000","1168166973","73.191591606113"
"2012","Montenegro","MNE","Natural","Meteorological","Extreme temperature","Cold wave","1","4500","1","","","73.191591606113"
"2012","Morocco","MAR","Natural","Meteorological","Extreme temperature","Cold wave","1","7500","","","","73.191591606113"
"2012","Mozambique","MOZ","Natural","Meteorological","Storm","Tropical cyclone","3","110000","33","","","73.191591606113"
"2012","Myanmar","MMR","Natural","Geophysical","Earthquake","Ground movement","1","1486","38","1170000","1598544","73.191591606113"
"2012","Myanmar","MMR","Natural","Hydrological","Flood","Riverine flood","1","85000","2","","","73.191591606113"
"2012","Namibia","NAM","Natural","Hydrological","Flood","Riverine flood","1","650","","","","73.191591606113"
"2012","Nepal","NPL","Natural","Hydrological","Flood","Riverine flood","1","5","72","1000000","1366277","73.191591606113"
"2012","Nepal","NPL","Natural","Hydrological","Mass movement (wet)","Avalanche (wet)","1","","11","","","73.191591606113"
"2012","Netherlands (Kingdom of the)","NLD","Natural","Meteorological","Extreme temperature","Cold wave","1","","1","","","73.191591606113"
"2012","New Zealand","NZL","Natural","Meteorological","Storm","Tornado","1","457","3","9100000","12433122","73.191591606113"
"2012","Nicaragua","NIC","Natural","Hydrological","Flood","Riverine flood","1","29500","9","","","73.191591606113"
"2012","Niger","NER","Natural","Hydrological","Flood","Riverine flood","1","530952","91","184115000","251552120","73.191591606113"
"2012","Nigeria","NGA","Natural","Hydrological","Flood","Riverine flood","1","7000867","363","500000000","683138581","73.191591606113"
"2012","Nigeria","NGA","Natural","Meteorological","Storm","Lightning/Thunderstorms","1","15000","15","1000000","1366277","73.191591606113"
"2012","North Macedonia","MKD","Natural","Meteorological","Extreme temperature","Cold wave","1","5100","1","","","73.191591606113"
"2012","Pakistan","PAK","Natural","Hydrological","Flood","Flash flood","1","","12","","","73.191591606113"
"2012","Pakistan","PAK","Natural","Hydrological","Flood","Riverine flood","2","5050564","506","2500000000","3415692903","73.191591606113"
"2012","Pakistan","PAK","Natural","Hydrological","Mass movement (wet)","Avalanche (wet)","1","","135","","","73.191591606113"
"2012","Pakistan","PAK","Natural","Hydrological","Mass movement (wet)","Landslide (wet)","1","","18","","","73.191591606113"
"2012","Palau","PLW","Natural","Meteorological","Storm","Tropical cyclone","1","1250","","","","73.191591606113"
"2012","Panama","PAN","Natural","Hydrological","Flood","Riverine flood","2","9448","6","2000000","2732554","73.191591606113"
"2012","Papua New Guinea","PNG","Natural","Hydrological","Flood","Riverine flood","1","200000","5","27000000","36889483","73.191591606113"
"2012","Papua New Guinea","PNG","Natural","Hydrological","Mass movement (wet)","Landslide (wet)","1","","60","","","73.191591606113"
"2012","Paraguay","PRY","Natural","Climatological","Drought","Drought","1","1391900","","","","73.191591606113"
"2012","Paraguay","PRY","Natural","Hydrological","Flood","Riverine flood","1","78945","","4000000","5465109","73.191591606113"
"2012","Paraguay","PRY","Natural","Meteorological","Storm","Severe weather","1","25100","5","2000000","2732554","73.191591606113"
"2012","Peru","PER","Natural","Geophysical","Earthquake","Ground movement","1","4435","","","","73.191591606113"
"2012","Peru","PER","Natural","Hydrological","Flood","Riverine flood","1","50029","14","","","73.191591606113"
"2012","Peru","PER","Natural","Hydrological","Mass movement (wet)","Landslide (wet)","1","","22","","","73.191591606113"
"2012","Peru","PER","Natural","Meteorological","Extreme temperature","Cold wave","1","30113","252","","","73.191591606113"
"2012","Philippines","PHL","Natural","Geophysical","Earthquake","Ground movement","3","353157","114","12144000","16592070","73.191591606113"
"2012","Philippines","PHL","Natural","Hydrological","Flood","Flash flood","2","13000","1","","","73.191591606113"
"2012","Philippines","PHL","Natural","Hydrological","Flood","Riverine flood","6","4601628","156","75330000","102921659","73.191591606113"
"2012","Philippines","PHL","Natural","Hydrological","Mass movement (wet)","Landslide (wet)","1","23","75","","","73.191591606113"
"2012","Philippines","PHL","Natural","Meteorological","Storm","Tropical cyclone","9","7560480","2039","918137000","1254429614","73.191591606113"
"2012","Poland","POL","Natural","Meteorological","Extreme temperature","Cold wave","3","","273","","","73.191591606113"
"2012","Poland","POL","Natural","Meteorological","Storm","Tornado","1","310","1","5900000","8061035","73.191591606113"
"2012","Puerto Rico","PRI","Natural","Meteorological","Storm","Tropical cyclone","1","","","","","73.191591606113"
"2012","Republic of Korea","KOR","Natural","Meteorological","Storm","Tropical cyclone","3","3120","22","799000000","1091655452","73.191591606113"
"2012","Republic of Moldova","MDA","Natural","Climatological","Drought","Drought","1","5800","","","","73.191591606113"
"2012","Republic of Moldova","MDA","Natural","Meteorological","Extreme temperature","Cold wave","1","7374","10","","","73.191591606113"
"2012","Romania","ROU","Natural","Meteorological","Extreme temperature","Cold wave","1","7539","86","","","73.191591606113"
"2012","Russian Federation","RUS","Natural","Climatological","Drought","Drought","1","","","1140000000","1557555964","73.191591606113"
"2012","Russian Federation","RUS","Natural","Climatological","Wildfire","Land fire (Brush, Bush, Pasture)","1","598","2","","","73.191591606113"
"2012","Russian Federation","RUS","Natural","Hydrological","Flood","Flash flood","1","31410","172","600000000","819766297","73.191591606113"
"2012","Russian Federation","RUS","Natural","Hydrological","Flood","Riverine flood","3","15397","7","17000000","23226712","73.191591606113"
"2012","Russian Federation","RUS","Natural","Meteorological","Extreme temperature","Cold wave","2","1594","234","","","73.191591606113"
"2012","Rwanda","RWA","Natural","Hydrological","Flood","Riverine flood","1","11160","5","","","73.191591606113"
"2012","Samoa","WSM","Natural","Meteorological","Storm","Tropical cyclone","1","12703","12","133000000","181714862","73.191591606113"
"2012","Saudi Arabia","SAU","Natural","Hydrological","Flood","Riverine flood","1","","19","","","73.191591606113"
"2012","Senegal","SEN","Natural","Hydrological","Flood","Riverine flood","1","57000","19","10000000","13662772","73.191591606113"
"2012","Serbia","SRB","Natural","Meteorological","Extreme temperature","Cold wave","2","70000","16","","","73.191591606113"
"2012","Serbia","SRB","Natural","Meteorological","Extreme temperature","Severe winter conditions","1","18234","9","","","73.191591606113"
"2012","Slovakia","SVK","Natural","Meteorological","Extreme temperature","Cold wave","1","","5","","","73.191591606113"
"2012","Slovenia","SVN","Natural","Hydrological","Flood","Riverine flood","1","12000","","265000000","362063448","73.191591606113"
"2012","Solomon Islands","SLB","Natural","Hydrological","Flood","Flash flood","1","4836","","","","73.191591606113"
"2012","Somalia","SOM","Natural","Climatological","Drought","Drought","1","3000000","","","","73.191591606113"
"2012","Somalia","SOM","Natural","Hydrological","Flood","Riverine flood","2","32200","31","","","73.191591606113"
"2012","South Africa","ZAF","Natural","Hydrological","Flood","Riverine flood","1","125000","13","200000000","273255432","73.191591606113"
"2012","South Africa","ZAF","Natural","Meteorological","Storm","Tropical cyclone","1","1350","","","","73.191591606113"
"2012","South Sudan","SSD","Natural","Hydrological","Flood","Riverine flood","2","157000","47","","","73.191591606113"
"2012","Spain","ESP","Natural","Climatological","Wildfire","Wildfire (General)","1","6","4","","","73.191591606113"
"2012","Spain","ESP","Natural","Hydrological","Flood","Flash flood","1","120","1","","","73.191591606113"
"2012","Spain","ESP","Natural","Hydrological","Flood","Riverine flood","1","635","10","395000000","539679479","73.191591606113"
"2012","Sri Lanka","LKA","Natural","Climatological","Drought","Drought","1","1800000","","","","73.191591606113"
"2012","Sri Lanka","LKA","Natural","Hydrological","Flood","Riverine flood","1","447021","53","1200000","1639533","73.191591606113"
"2012","Sri Lanka","LKA","Natural","Meteorological","Storm","Tropical cyclone","1","69000","","57000000","77877798","73.191591606113"
"2012","State of Palestine","PSE","Natural","Hydrological","Flood","Riverine flood","1","1500","","","","73.191591606113"
"2012","Sudan","SDN","Natural","Climatological","Drought","Drought","1","3200000","","","","73.191591606113"
"2012","Sudan","SDN","Natural","Hydrological","Flood","Riverine flood","1","135135","35","","","73.191591606113"
"2012","Switzerland","CHE","Natural","Meteorological","Extreme temperature","Cold wave","2","","11","","","73.191591606113"
"2012","Taiwan (Province of China)","TWN","Natural","Hydrological","Flood","Riverine flood","1","35000","6","16900000","23090084","73.191591606113"
"2012","Taiwan (Province of China)","TWN","Natural","Meteorological","Storm","Tropical cyclone","2","","14","35300000","48229584","73.191591606113"
"2012","Tajikistan","TJK","Natural","Geophysical","Earthquake","Ground movement","1","2531","2","","","73.191591606113"
"2012","Tajikistan","TJK","Natural","Hydrological","Flood","Riverine flood","1","5556","","760000","1038371","73.191591606113"
"2012","Tajikistan","TJK","Natural","Meteorological","Extreme temperature","Severe winter conditions","1","","1","","","73.191591606113"
"2012","Thailand","THA","Natural","Climatological","Drought","Drought","1","12000000","","1200000","1639533","73.191591606113"
"2012","Thailand","THA","Natural","Hydrological","Flood","Riverine flood","1","235545","","","","73.191591606113"
"2012","Türkiye","TUR","Natural","Hydrological","Flood","Riverine flood","1","","13","","","73.191591606113"
"2012","Uganda","UGA","Natural","Hydrological","Flood","Riverine flood","1","15000","","","","73.191591606113"
"2012","Uganda","UGA","Natural","Hydrological","Mass movement (wet)","Landslide (wet)","1","3432","18","","","73.191591606113"
"2012","Ukraine","UKR","Natural","Climatological","Drought","Drought","1","","","1690000000","2309008402","73.191591606113"
"2012","Ukraine","UKR","Natural","Meteorological","Extreme temperature","Cold wave","2","88026","195","","","73.191591606113"
"2012","United Kingdom of Great Britain and Northern Ireland","GBR","Natural","Hydrological","Flood","Riverine flood","4","3995","8","3311000000","4523743681","73.191591606113"
"2012","United Republic of Tanzania","TZA","Natural","Hydrological","Flood","Riverine flood","1","","10","","","73.191591606113"
"2012","United States of America","USA","Natural","Climatological","Drought","Drought","2","","","20000000000","27325543223","73.191591606113"
"2012","United States of America","USA","Natural","Climatological","Wildfire","Wildfire (General)","2","2847","3","800000000","1093021729","73.191591606113"
"2012","United States of America","USA","Natural","Hydrological","Flood","Riverine flood","1","300","2","174000000","237732226","73.191591606113"
"2012","United States of America","USA","Natural","Meteorological","Extreme temperature","Heat wave","1","","123","","","73.191591606113"
"2012","United States of America","USA","Natural","Meteorological","Storm","Blizzard/Winter storm","3","1","27","202000000","275987987","73.191591606113"
"2012","United States of America","USA","Natural","Meteorological","Storm","Lightning/Thunderstorms","6","9005","7","7610000000","10397369196","73.191591606113"
"2012","United States of America","USA","Natural","Meteorological","Storm","Severe weather","2","100","29","8500000000","11613355870","73.191591606113"
"2012","United States of America","USA","Natural","Meteorological","Storm","Tornado","5","4297","63","9025000000","12330651379","73.191591606113"
"2012","United States of America","USA","Natural","Meteorological","Storm","Tropical cyclone","3","77001","64","52210000000","71333330584","73.191591606113"
"2012","Venezuela (Bolivarian Republic of)","VEN","Natural","Hydrological","Flood","Riverine flood","1","11000","","93000000","127063776","73.191591606113"
"2012","Viet Nam","VNM","Natural","Hydrological","Flood","Riverine flood","1","17540","34","30000000","40988315","73.191591606113"
"2012","Viet Nam","VNM","Natural","Meteorological","Storm","Tropical cyclone","3","338972","38","342800000","468359811","73.191591606113"
"2012","Wallis and Futuna Islands","WLF","Natural","Meteorological","Storm","Tropical cyclone","1","1252","","","","73.191591606113"
"2013","Afghanistan","AFG","Natural","Geophysical","Earthquake","Ground movement","1","3531","18","","","74.263729073274"
"2013","Afghanistan","AFG","Natural","Hydrological","Flood","Riverine flood","4","17097","113","","","74.263729073274"
"2013","Afghanistan","AFG","Natural","Hydrological","Mass movement (wet)","Landslide (wet)","1","1000","24","","","74.263729073274"
"2013","Albania","ALB","Natural","Hydrological","Flood","Riverine flood","1","2800","","","","74.263729073274"
"2013","Angola","AGO","Natural","Hydrological","Flood","Riverine flood","1","1000","9","","","74.263729073274"
"2013","Argentina","ARG","Natural","Hydrological","Flood","Riverine flood","1","350000","52","1300000000","1750518074","74.263729073274"
"2013","Argentina","ARG","Natural","Meteorological","Storm","Lightning/Thunderstorms","1","12","4","2000000","2693105","74.263729073274"
"2013","Armenia","ARM","Natural","Meteorological","Extreme temperature","Severe winter conditions","1","12000","","","","74.263729073274"
"2013","Armenia","ARM","Natural","Meteorological","Storm","Severe weather","1","64000","","60000000","80793142","74.263729073274"
"2013","Australia","AUS","Natural","Climatological","Wildfire","Land fire (Brush, Bush, Pasture)","2","1440","3","366000000","492838166","74.263729073274"
"2013","Australia","AUS","Natural","Meteorological","Storm","Tropical cyclone","1","7500","6","2000000000","2693104730","74.263729073274"
"2013","Austria","AUT","Natural","Hydrological","Flood","Riverine flood","1","200","4","1000000000","1346552365","74.263729073274"
"2013","Bahamas","BHS","Natural","Hydrological","Flood","Riverine flood","1","1000","","45000000","60594856","74.263729073274"
"2013","Bangladesh","BGD","Natural","Meteorological","Storm","Severe weather","1","8543","31","20000000","26931047","74.263729073274"
"2013","Bangladesh","BGD","Natural","Meteorological","Storm","Tornado","1","25020","2","","","74.263729073274"
"2013","Bangladesh","BGD","Natural","Meteorological","Storm","Tropical cyclone","1","1498644","17","","","74.263729073274"
"2013","Belarus","BLR","Natural","Meteorological","Extreme temperature","Severe winter conditions","1","11325","4","","","74.263729073274"
"2013","Belgium","BEL","Natural","Meteorological","Storm","Extra-tropical storm","2","","","","","74.263729073274"
"2013","Benin","BEN","Natural","Climatological","Wildfire","Wildfire (General)","1","2759","1","","","74.263729073274"
"2013","Benin","BEN","Natural","Hydrological","Flood","Flash flood","1","32735","","","","74.263729073274"
"2013","Bolivia (Plurinational State of)","BOL","Natural","Climatological","Drought","Drought","1","340355","","","","74.263729073274"
"2013","Bolivia (Plurinational State of)","BOL","Natural","Hydrological","Flood","Riverine flood","2","483995","99","2500000","3366381","74.263729073274"
"2013","Bolivia (Plurinational State of)","BOL","Natural","Hydrological","Mass movement (wet)","Landslide (wet)","1","29","19","","","74.263729073274"
"2013","Bolivia (Plurinational State of)","BOL","Natural","Meteorological","Extreme temperature","Heat wave","1","17490","18","","","74.263729073274"
"2013","Botswana","BWA","Natural","Hydrological","Flood","Riverine flood","1","4210","12","","","74.263729073274"
"2013","Brazil","BRA","Natural","Hydrological","Flood","Riverine flood","5","247410","119","545500000","734544315","74.263729073274"
"2013","Brazil","BRA","Natural","Meteorological","Storm","Storm (General)","1","13864","2","90000000","121189713","74.263729073274"
"2013","Burkina Faso","BFA","Natural","Hydrological","Flood","Riverine flood","1","11396","2","","","74.263729073274"
"2013","Cambodia","KHM","Natural","Hydrological","Flood","Riverine flood","1","1500000","200","500000000","673276182","74.263729073274"
"2013","Cameroon","CMR","Natural","Hydrological","Flood","Flash flood","1","805","","","","74.263729073274"
"2013","Canada","CAN","Natural","Hydrological","Flood","Riverine flood","1","100000","4","5700000000","7675348479","74.263729073274"
"2013","Canada","CAN","Natural","Meteorological","Extreme temperature","Severe winter conditions","1","","10","200000000","269310473","74.263729073274"
"2013","Canada","CAN","Natural","Meteorological","Storm","Lightning/Thunderstorms","1","","","1410000000","1898638834","74.263729073274"
"2013","Central African Republic","CAF","Natural","Hydrological","Flood","Riverine flood","1","32993","","","","74.263729073274"
"2013","Central African Republic","CAF","Natural","Meteorological","Storm","Severe weather","1","8744","","","","74.263729073274"
"2013","Chile","CHL","Natural","Meteorological","Extreme temperature","Severe winter conditions","1","","","1000000000","1346552365","74.263729073274"
"2013","China","CHN","Natural","Climatological","Drought","Drought","1","5000000","","","","74.263729073274"
"2013","China","CHN","Natural","Geophysical","Earthquake","Ground movement","8","3519817","296","8055300000","10846883264","74.263729073274"
"2013","China","CHN","Natural","Geophysical","Mass movement (dry)","Landslide (dry)","1","2","46","8000000","10772419","74.263729073274"
"2013","China","CHN","Natural","Hydrological","Flood","Riverine flood","14","7684030","637","16598600000","22350884082","74.263729073274"
"2013","China","CHN","Natural","Hydrological","Mass movement (wet)","Landslide (wet)","3","2","111","","","74.263729073274"
"2013","China","CHN","Natural","Meteorological","Extreme temperature","Heat wave","1","","40","","","74.263729073274"
"2013","China","CHN","Natural","Meteorological","Storm","Blizzard/Winter storm","1","13500","2","124000000","166972493","74.263729073274"
"2013","China","CHN","Natural","Meteorological","Storm","Lightning/Thunderstorms","4","1690324","51","557000000","750029667","74.263729073274"
"2013","China","CHN","Natural","Meteorological","Storm","Tropical cyclone","10","9641750","212","10106000000","13608258198","74.263729073274"
"2013","Colombia","COL","Natural","Geophysical","Earthquake","Ground movement","1","10015","","4000000","5386209","74.263729073274"
"2013","Colombia","COL","Natural","Hydrological","Flood","Riverine flood","1","51781","7","2000000","2693105","74.263729073274"
"2013","Cuba","CUB","Natural","Hydrological","Flood","Riverine flood","1","227","2","","","74.263729073274"
"2013","Czechia","CZE","Natural","Hydrological","Flood","Riverine flood","1","1300000","15","828552000","1115688655","74.263729073274"
"2013","Democratic People's Republic of Korea","PRK","Natural","Hydrological","Flood","Riverine flood","1","848690","51","","","74.263729073274"
"2013","Denmark","DNK","Natural","Meteorological","Storm","Extra-tropical storm","2","","2","","","74.263729073274"
"2013","Dominican Republic","DOM","Natural","Hydrological","Flood","Riverine flood","1","","","102000","137348","74.263729073274"
"2013","Ecuador","ECU","Natural","Climatological","Drought","Drought","1","3165","","","","74.263729073274"
"2013","Ecuador","ECU","Natural","Hydrological","Flood","Riverine flood","1","25567","","","","74.263729073274"
"2013","Ecuador","ECU","Natural","Hydrological","Mass movement (wet)","Landslide (wet)","2","","24","","","74.263729073274"
"2013","El Salvador","SLV","Natural","Geophysical","Volcanic activity","Ash fall","1","63079","","","","74.263729073274"
"2013","Estonia","EST","Natural","Meteorological","Storm","Extra-tropical storm","1","240000","","","","74.263729073274"
"2013","Ethiopia","ETH","Natural","Hydrological","Flood","Riverine flood","1","51500","","2200000","2962415","74.263729073274"
"2013","France","FRA","Natural","Hydrological","Flood","Flash flood","1","2000","2","655000000","881991799","74.263729073274"
"2013","France","FRA","Natural","Hydrological","Flood","Riverine flood","1","1200","1","","","74.263729073274"
"2013","France","FRA","Natural","Meteorological","Storm","Extra-tropical storm","2","","2","","","74.263729073274"
"2013","Gambia","GMB","Natural","Hydrological","Flood","Riverine flood","1","3300","2","","","74.263729073274"
"2013","Georgia","GEO","Natural","Hydrological","Flood","Flash flood","1","1000","","","","74.263729073274"
"2013","Georgia","GEO","Natural","Hydrological","Flood","Riverine flood","1","24000","","","","74.263729073274"
"2013","Georgia","GEO","Natural","Meteorological","Storm","Severe weather","1","1750","","","","74.263729073274"
"2013","Germany","DEU","Natural","Hydrological","Flood","Riverine flood","1","6350","4","12900000000","17370525505","74.263729073274"
"2013","Germany","DEU","Natural","Meteorological","Storm","Extra-tropical storm","2","2","7","","","74.263729073274"
"2013","Germany","DEU","Natural","Meteorological","Storm","Hail","1","","","4800000000","6463451351","74.263729073274"
"2013","Ghana","GHA","Natural","Hydrological","Flood","Riverine flood","1","25000","5","","","74.263729073274"
"2013","Guatemala","GTM","Natural","Geophysical","Earthquake","Ground movement","1","572","1","2000000","2693105","74.263729073274"
"2013","Guinea","GIN","Natural","Hydrological","Flood","Riverine flood","1","11106","","","","74.263729073274"
"2013","Haiti","HTI","Natural","Hydrological","Flood","Riverine flood","1","33265","6","","","74.263729073274"
"2013","Hungary","HUN","Natural","Geophysical","Earthquake","Ground movement","1","1800","","","","74.263729073274"
"2013","Hungary","HUN","Natural","Hydrological","Flood","Riverine flood","1","48565","","","","74.263729073274"
"2013","Hungary","HUN","Natural","Meteorological","Storm","Blizzard/Winter storm","1","14000","","","","74.263729073274"
"2013","India","IND","Natural","Geophysical","Earthquake","Ground movement","1","59350","3","120000000","161586284","74.263729073274"
"2013","India","IND","Natural","Hydrological","Flood","Flood (General)","1","2000000","80","","","74.263729073274"
"2013","India","IND","Natural","Hydrological","Flood","Riverine flood","4","1419473","6373","1362000000","1834004321","74.263729073274"
"2013","India","IND","Natural","Meteorological","Extreme temperature","Heat wave","1","","557","","","74.263729073274"
"2013","India","IND","Natural","Meteorological","Storm","Lightning/Thunderstorms","1","","32","","","74.263729073274"
"2013","India","IND","Natural","Meteorological","Storm","Tornado","1","","9","","","74.263729073274"
"2013","India","IND","Natural","Meteorological","Storm","Tropical cyclone","3","13230004","65","895471000","1205798593","74.263729073274"
"2013","Indonesia","IDN","Natural","Geophysical","Earthquake","Ground movement","3","59188","50","130000000","175051807","74.263729073274"
"2013","Indonesia","IDN","Natural","Geophysical","Volcanic activity","Ash fall","1","29727","","","","74.263729073274"
"2013","Indonesia","IDN","Natural","Hydrological","Flood","Riverine flood","10","591276","89","3006000000","4047736408","74.263729073274"
"2013","Indonesia","IDN","Natural","Hydrological","Mass movement (wet)","Landslide (wet)","2","3","34","","","74.263729073274"
"2013","Iran (Islamic Republic of)","IRN","Natural","Geophysical","Earthquake","Ground movement","3","5997","45","600000000","807931419","74.263729073274"
"2013","Iraq","IRQ","Natural","Hydrological","Flood","Riverine flood","1","","11","","","74.263729073274"
"2013","Israel","ISR","Natural","Meteorological","Storm","Blizzard/Winter storm","1","2003000","4","","","74.263729073274"
"2013","Italy","ITA","Natural","Hydrological","Flood","Riverine flood","1","2700","18","780000000","1050310845","74.263729073274"
"2013","Japan","JPN","Natural","Geophysical","Earthquake","Ground movement","1","8438","","","","74.263729073274"
"2013","Japan","JPN","Natural","Hydrological","Flood","Riverine flood","1","3633","5","2000000","2693105","74.263729073274"
"2013","Japan","JPN","Natural","Meteorological","Extreme temperature","Heat wave","1","54000","338","","","74.263729073274"
"2013","Japan","JPN","Natural","Meteorological","Storm","Blizzard/Winter storm","2","2721","11","14200000","19121044","74.263729073274"
"2013","Japan","JPN","Natural","Meteorological","Storm","Tornado","1","3931","","2000000","2693105","74.263729073274"
"2013","Japan","JPN","Natural","Meteorological","Storm","Tropical cyclone","4","58305","46","204000000","274696682","74.263729073274"
"2013","Kenya","KEN","Natural","Hydrological","Flood","Riverine flood","4","115800","128","36000000","48475885","74.263729073274"
"2013","Lao People's Democratic Republic","LAO","Natural","Hydrological","Flood","Riverine flood","2","574253","23","121000000","162932836","74.263729073274"
"2013","Latvia","LVA","Natural","Meteorological","Storm","Extra-tropical storm","1","400000","","","","74.263729073274"
"2013","Libya","LBY","Natural","Hydrological","Flood","Riverine flood","1","2000","16","","","74.263729073274"
"2013","Madagascar","MDG","Natural","Meteorological","Storm","Tropical cyclone","2","44879","51","25000000","33663809","74.263729073274"
"2013","Malawi","MWI","Natural","Hydrological","Flood","Riverine flood","1","33000","3","","","74.263729073274"
"2013","Malaysia","MYS","Natural","Hydrological","Flood","Riverine flood","1","75000","4","2000000","2693105","74.263729073274"
"2013","Mali","MLI","Natural","Hydrological","Flood","Riverine flood","2","46000","37","","","74.263729073274"
"2013","Marshall Islands","MHL","Natural","Climatological","Drought","Drought","1","6384","","","","74.263729073274"
"2013","Mauritania","MRT","Natural","Hydrological","Flood","Riverine flood","1","6530","8","2000000","2693105","74.263729073274"
"2013","Mauritius","MUS","Natural","Hydrological","Flood","Flash flood","1","82","11","2000000","2693105","74.263729073274"
"2013","Mexico","MEX","Natural","Hydrological","Flood","Riverine flood","1","","13","","","74.263729073274"
"2013","Mexico","MEX","Natural","Meteorological","Storm","Tropical cyclone","4","172000","210","5702000000","7678041584","74.263729073274"
"2013","Mozambique","MOZ","Natural","Hydrological","Flood","Riverine flood","1","240000","119","30000000","40396571","74.263729073274"
"2013","Myanmar","MMR","Natural","Hydrological","Flood","Riverine flood","1","73300","7","","","74.263729073274"
"2013","Myanmar","MMR","Natural","Hydrological","Mass movement (wet)","Landslide (wet)","1","","16","","","74.263729073274"
"2013","Namibia","NAM","Natural","Climatological","Drought","Drought","1","780000","","64000000","86179351","74.263729073274"
"2013","Namibia","NAM","Natural","Hydrological","Flood","Riverine flood","1","14500","","","","74.263729073274"
"2013","Nepal","NPL","Natural","Hydrological","Flood","Flash flood","1","4320","119","","","74.263729073274"
"2013","Nepal","NPL","Natural","Hydrological","Flood","Riverine flood","1","12503","76","","","74.263729073274"
"2013","Nepal","NPL","Natural","Meteorological","Extreme temperature","Cold wave","1","","49","","","74.263729073274"
"2013","Netherlands (Kingdom of the)","NLD","Natural","Meteorological","Storm","Extra-tropical storm","3","","2","10000000","13465524","74.263729073274"
"2013","New Zealand","NZL","Natural","Climatological","Drought","Drought","1","","","823000000","1108212596","74.263729073274"
"2013","New Zealand","NZL","Natural","Geophysical","Earthquake","Ground movement","1","13840","","50000000","67327618","74.263729073274"
"2013","New Zealand","NZL","Natural","Meteorological","Storm","Storm (General)","1","","","20000000","26931047","74.263729073274"
"2013","Nicaragua","NIC","Natural","Hydrological","Flood","Riverine flood","1","14149","27","","","74.263729073274"
"2013","Niger","NER","Natural","Hydrological","Flood","Riverine flood","2","181029","32","64724000","87154255","74.263729073274"
"2013","Nigeria","NGA","Natural","Hydrological","Flood","Riverine flood","1","81506","19","","","74.263729073274"
"2013","North Macedonia","MKD","Natural","Hydrological","Flood","Riverine flood","1","4864","1","","","74.263729073274"
"2013","Norway","NOR","Natural","Hydrological","Flood","Riverine flood","1","500","","","","74.263729073274"
"2013","Pakistan","PAK","Natural","Geophysical","Earthquake","Ground movement","3","200974","462","100000000","134655236","74.263729073274"
"2013","Pakistan","PAK","Natural","Hydrological","Flood","Riverine flood","2","1497782","268","1500000000","2019828547","74.263729073274"
"2013","Palau","PLW","Natural","Meteorological","Storm","Tropical cyclone","1","","","","","74.263729073274"
"2013","Panama","PAN","Natural","Climatological","Drought","Drought","1","","","200000000","269310473","74.263729073274"
"2013","Papua New Guinea","PNG","Natural","Hydrological","Flood","Riverine flood","1","35000","","","","74.263729073274"
"2013","Paraguay","PRY","Natural","Climatological","Drought","Drought","1","75000","","","","74.263729073274"
"2013","Paraguay","PRY","Natural","Hydrological","Flood","Riverine flood","1","61400","","","","74.263729073274"
"2013","Paraguay","PRY","Natural","Meteorological","Storm","Storm (General)","1","50000","","25000000","33663809","74.263729073274"
"2013","Peru","PER","Natural","Geophysical","Earthquake","Ground movement","1","7084","","","","74.263729073274"
"2013","Peru","PER","Natural","Geophysical","Volcanic activity","Ash fall","1","1040","","","","74.263729073274"
"2013","Peru","PER","Natural","Hydrological","Flood","Riverine flood","2","181121","68","","","74.263729073274"
"2013","Peru","PER","Natural","Meteorological","Extreme temperature","Severe winter conditions","1","92701","1","","","74.263729073274"
"2013","Philippines","PHL","Natural","Geophysical","Earthquake","Ground movement","1","3222224","230","51459000","69292238","74.263729073274"
"2013","Philippines","PHL","Natural","Hydrological","Flood","Flash flood","1","507769","10","2800000","3770347","74.263729073274"
"2013","Philippines","PHL","Natural","Hydrological","Flood","Riverine flood","4","3992569","95","2231988000","3005488720","74.263729073274"
"2013","Philippines","PHL","Natural","Meteorological","Storm","Tropical cyclone","8","17944571","7415","10136563000","13649412878","74.263729073274"
"2013","Poland","POL","Natural","Meteorological","Extreme temperature","Cold wave","1","","25","","","74.263729073274"
"2013","Poland","POL","Natural","Meteorological","Storm","Extra-tropical storm","1","53","4","","","74.263729073274"
"2013","Portugal","PRT","Natural","Climatological","Wildfire","Forest fire","1","","9","","","74.263729073274"
"2013","Portugal","PRT","Natural","Meteorological","Storm","Extra-tropical storm","1","","","","","74.263729073274"
"2013","Portugal","PRT","Natural","Meteorological","Storm","Severe weather","1","3967","1","","","74.263729073274"
"2013","Romania","ROU","Natural","Hydrological","Flood","Riverine flood","1","6901","9","11000000","14812076","74.263729073274"
"2013","Russian Federation","RUS","Natural","Extra-terrestrial","Impact","Collision","1","301491","","33000000","44436228","74.263729073274"
"2013","Russian Federation","RUS","Natural","Hydrological","Flood","Riverine flood","2","35635","4","1000000000","1346552365","74.263729073274"
"2013","Saint Lucia","LCA","Natural","Hydrological","Flood","Riverine flood","1","19984","6","","","74.263729073274"
"2013","Saint Vincent and the Grenadines","VCT","Natural","Hydrological","Flood","Riverine flood","1","17422","12","108000000","145427655","74.263729073274"
"2013","Saudi Arabia","SAU","Natural","Hydrological","Flood","Riverine flood","2","1021","39","","","74.263729073274"
"2013","Senegal","SEN","Natural","Hydrological","Flood","Riverine flood","1","163306","8","","","74.263729073274"
"2013","Serbia","SRB","Natural","Hydrological","Flood","Flash flood","1","2670","","","","74.263729073274"
"2013","Serbia","SRB","Natural","Hydrological","Flood","Riverine flood","1","330","","","","74.263729073274"
"2013","Seychelles","SYC","Natural","Meteorological","Storm","Tropical cyclone","1","3000","","9300000","12522937","74.263729073274"
"2013","Sierra Leone","SLE","Natural","Climatological","Wildfire","Wildfire (General)","1","2257","","","","74.263729073274"
"2013","Slovakia","SVK","Natural","Hydrological","Flood","Riverine flood","1","","1","","","74.263729073274"
"2013","Solomon Islands","SLB","Natural","Geophysical","Earthquake","Tsunami","1","3329","10","2000000","2693105","74.263729073274"
"2013","Solomon Islands","SLB","Natural","Hydrological","Flood","Riverine flood","1","10227","","2000000","2693105","74.263729073274"
"2013","Somalia","SOM","Natural","Hydrological","Flood","Riverine flood","2","105000","7","","","74.263729073274"
"2013","Somalia","SOM","Natural","Meteorological","Storm","Tropical cyclone","1","142380","162","2000000","2693105","74.263729073274"
"2013","South Africa","ZAF","Natural","Meteorological","Storm","Storm (General)","1","2870","3","","","74.263729073274"
"2013","South Sudan","SSD","Natural","Hydrological","Flood","Riverine flood","2","581000","99","","","74.263729073274"
"2013","Spain","ESP","Natural","Hydrological","Flood","Flash flood","1","600","","","","74.263729073274"
"2013","Spain","ESP","Natural","Meteorological","Storm","Extra-tropical storm","1","","","","","74.263729073274"
"2013","Sri Lanka","LKA","Natural","Hydrological","Flood","Riverine flood","2","73961","110","2000000","2693105","74.263729073274"
"2013","Sri Lanka","LKA","Natural","Meteorological","Storm","Tropical cyclone","1","7339","7","","","74.263729073274"
"2013","State of Palestine","PSE","Natural","Hydrological","Flood","Riverine flood","1","12500","5","","","74.263729073274"
"2013","State of Palestine","PSE","Natural","Meteorological","Storm","Blizzard/Winter storm","1","50071","1","","","74.263729073274"
"2013","Sudan","SDN","Natural","Hydrological","Flood","Riverine flood","1","500133","76","7000000","9425867","74.263729073274"
"2013","Sweden","SWE","Natural","Meteorological","Storm","Extra-tropical storm","2","66000","7","","","74.263729073274"
"2013","Switzerland","CHE","Natural","Meteorological","Storm","Extra-tropical storm","1","","","","","74.263729073274"
"2013","Switzerland","CHE","Natural","Meteorological","Storm","Lightning/Thunderstorms","1","84","","250000000","336638091","74.263729073274"
"2013","Taiwan (Province of China)","TWN","Natural","Geophysical","Earthquake","Ground movement","2","1616","5","2100000","2827760","74.263729073274"
"2013","Taiwan (Province of China)","TWN","Natural","Meteorological","Storm","Tropical cyclone","3","54","5","61600000","82947626","74.263729073274"
"2013","Tajikistan","TJK","Natural","Meteorological","Extreme temperature","Severe winter conditions","1","2500","","","","74.263729073274"
"2013","Thailand","THA","Natural","Hydrological","Flood","Riverine flood","3","3515254","84","579000000","779653819","74.263729073274"
"2013","Uganda","UGA","Natural","Hydrological","Flood","Riverine flood","1","25445","13","3100000","4174312","74.263729073274"
"2013","Ukraine","UKR","Natural","Hydrological","Flood","Riverine flood","1","2260","2","21000000","28277600","74.263729073274"
"2013","United Kingdom of Great Britain and Northern Ireland","GBR","Natural","Hydrological","Flood","Riverine flood","1","600","2","1500000000","2019828547","74.263729073274"
"2013","United Kingdom of Great Britain and Northern Ireland","GBR","Natural","Meteorological","Extreme temperature","Heat wave","1","","760","","","74.263729073274"
"2013","United Kingdom of Great Britain and Northern Ireland","GBR","Natural","Meteorological","Storm","Extra-tropical storm","3","4200","11","","","74.263729073274"
"2013","United States of America","USA","Natural","Climatological","Wildfire","Forest fire","3","2114","21","523400000","704785508","74.263729073274"
"2013","United States of America","USA","Natural","Climatological","Wildfire","Wildfire (General)","2","261","1","185000000","249112187","74.263729073274"
"2013","United States of America","USA","Natural","Hydrological","Flood","Riverine flood","7","34725","31","2277000000","3066099735","74.263729073274"
"2013","United States of America","USA","Natural","Meteorological","Extreme temperature","Severe winter conditions","1","","19","200000000","269310473","74.263729073274"
"2013","United States of America","USA","Natural","Meteorological","Storm","Blizzard/Winter storm","5","4882","51","1402000000","1887866415","74.263729073274"
"2013","United States of America","USA","Natural","Meteorological","Storm","Lightning/Thunderstorms","2","","4","1200000000","1615862838","74.263729073274"
"2013","United States of America","USA","Natural","Meteorological","Storm","Severe weather","3","","9","4900000000","6598106587","74.263729073274"
"2013","United States of America","USA","Natural","Meteorological","Storm","Tornado","5","172592","76","7100000000","9560521790","74.263729073274"
"2013","Viet Nam","VNM","Natural","Hydrological","Flood","Riverine flood","6","2161001","141","78500000","105704361","74.263729073274"
"2013","Viet Nam","VNM","Natural","Meteorological","Storm","Tropical cyclone","4","1963444","74","1474230000","1985127893","74.263729073274"
"2013","Yemen","YEM","Natural","Hydrological","Flood","Riverine flood","1","49092","40","","","74.263729073274"
"2013","Zambia","ZMB","Natural","Hydrological","Flood","Riverine flood","1","1800","","","","74.263729073274"
"2013","Zimbabwe","ZWE","Natural","Climatological","Drought","Drought","1","4300000","","500000000","673276182","74.263729073274"
"2013","Zimbabwe","ZWE","Natural","Hydrological","Flood","Riverine flood","1","9700","125","","","74.263729073274"
"2014","Afghanistan","AFG","Natural","Hydrological","Flood","Flash flood","2","142055","512","3000000","3975171","75.468455678069"
"2014","Afghanistan","AFG","Natural","Meteorological","Storm","Blizzard/Winter storm","1","","63","","","75.468455678069"
"2014","Algeria","DZA","Natural","Geophysical","Earthquake","Ground movement","1","420","6","","","75.468455678069"
"2014","Argentina","ARG","Natural","Hydrological","Flood","Flood (General)","1","5203","3","","","75.468455678069"
"2014","Argentina","ARG","Natural","Hydrological","Flood","Riverine flood","2","2000","","62000000","82153530","75.468455678069"
"2014","Argentina","ARG","Natural","Hydrological","Mass movement (wet)","Landslide (wet)","1","350","24","","","75.468455678069"
"2014","Australia","AUS","Natural","Climatological","Wildfire","Land fire (Brush, Bush, Pasture)","2","290","2","125000000","165632116","75.468455678069"
"2014","Australia","AUS","Natural","Meteorological","Extreme temperature","Heat wave","1","","139","","","75.468455678069"
"2014","Australia","AUS","Natural","Meteorological","Storm","Lightning/Thunderstorms","1","52539","","1000000000","1325056927","75.468455678069"
"2014","Bangladesh","BGD","Natural","Hydrological","Flood","Flood (General)","1","400000","","","","75.468455678069"
"2014","Bangladesh","BGD","Natural","Hydrological","Flood","Riverine flood","1","2800447","59","160000000","212009108","75.468455678069"
"2014","Bangladesh","BGD","Natural","Meteorological","Storm","Storm (General)","2","5262","20","","","75.468455678069"
"2014","Belarus","BLR","Natural","Meteorological","Extreme temperature","Severe winter conditions","1","31500","2","","","75.468455678069"
"2014","Belgium","BEL","Natural","Meteorological","Storm","Lightning/Thunderstorms","1","","","","","75.468455678069"
"2014","Bolivia (Plurinational State of)","BOL","Natural","Climatological","Drought","Drought","1","51180","","","","75.468455678069"
"2014","Bolivia (Plurinational State of)","BOL","Natural","Hydrological","Flood","Riverine flood","1","185120","38","","","75.468455678069"
"2014","Bolivia (Plurinational State of)","BOL","Natural","Hydrological","Mass movement (wet)","Landslide (wet)","1","11400","74","200000000","265011385","75.468455678069"
"2014","Bosnia and Herzegovina","BIH","Natural","Hydrological","Flood","Flash flood","2","600","1","","","75.468455678069"
"2014","Bosnia and Herzegovina","BIH","Natural","Hydrological","Flood","Riverine flood","2","1000000","25","436580000","578493353","75.468455678069"
"2014","Brazil","BRA","Natural","Climatological","Drought","Drought","1","27000000","","5000000000","6625284637","75.468455678069"
"2014","Brazil","BRA","Natural","Hydrological","Flood","Flash flood","2","50600","30","","","75.468455678069"
"2014","Brazil","BRA","Natural","Hydrological","Flood","Riverine flood","2","567552","11","200000000","265011385","75.468455678069"
"2014","Bulgaria","BGR","Natural","Hydrological","Flood","Riverine flood","4","8507","20","387000000","512797031","75.468455678069"
"2014","Bulgaria","BGR","Natural","Meteorological","Storm","Hail","1","40","1","545000000","722156025","75.468455678069"
"2014","Burkina Faso","BFA","Natural","Climatological","Drought","Drought","1","4000000","","","","75.468455678069"
"2014","Burundi","BDI","Natural","Hydrological","Flood","Flash flood","1","12682","96","2000000","2650114","75.468455678069"
"2014","Cabo Verde","CPV","Natural","Geophysical","Volcanic activity","Lava flow","1","2500","","","","75.468455678069"
"2014","Cambodia","KHM","Natural","Hydrological","Flood","Flash flood","1","530450","45","2000000","2650114","75.468455678069"
"2014","Cameroon","CMR","Natural","Hydrological","Flood","Riverine flood","1","250000","","","","75.468455678069"
"2014","Canada","CAN","Natural","Hydrological","Flood","Flash flood","1","6904","","129000000","170932344","75.468455678069"
"2014","Canada","CAN","Natural","Meteorological","Extreme temperature","Cold wave","1","","","","","75.468455678069"
"2014","Chile","CHL","Natural","Climatological","Wildfire","Land fire (Brush, Bush, Pasture)","1","13000","12","34000000","45051936","75.468455678069"
"2014","Chile","CHL","Natural","Geophysical","Earthquake","Ground movement","1","513387","6","100000000","132505693","75.468455678069"
"2014","Chile","CHL","Natural","Hydrological","Flood","Riverine flood","1","12555","","","","75.468455678069"
"2014","China","CHN","Natural","Climatological","Drought","Drought","2","27726000","","3680000000","4876209493","75.468455678069"
"2014","China","CHN","Natural","Geophysical","Earthquake","Ground movement","8","2394973","738","5640000000","7473321071","75.468455678069"
"2014","China","CHN","Natural","Hydrological","Flood","Flash flood","1","150000","27","487000000","645302724","75.468455678069"
"2014","China","CHN","Natural","Hydrological","Flood","Flood (General)","1","150000","24","483000000","640002496","75.468455678069"
"2014","China","CHN","Natural","Hydrological","Flood","Riverine flood","11","23281500","422","8697000000","11524020098","75.468455678069"
"2014","China","CHN","Natural","Hydrological","Mass movement (wet)","Landslide (wet)","2","407","35","","","75.468455678069"
"2014","China","CHN","Natural","Meteorological","Storm","Blizzard/Winter storm","4","113090","139","1140000000","1510564897","75.468455678069"
"2014","China","CHN","Natural","Meteorological","Storm","Lightning/Thunderstorms","5","575000","60","710000000","940790418","75.468455678069"
"2014","China","CHN","Natural","Meteorological","Storm","Severe weather","2","161255","36","456000000","604225959","75.468455678069"
"2014","China","CHN","Natural","Meteorological","Storm","Tropical cyclone","5","10360349","94","7763973000","10287706208","75.468455678069"
"2014","Colombia","COL","Natural","Hydrological","Flood","Riverine flood","4","72214","77","8000000","10600455","75.468455678069"
"2014","Colombia","COL","Natural","Meteorological","Storm","Lightning/Thunderstorms","1","18","11","","","75.468455678069"
"2014","Comoros","COM","Natural","Geophysical","Earthquake","Ground movement","1","10000","","","","75.468455678069"
"2014","Comoros","COM","Natural","Meteorological","Storm","Tropical cyclone","1","9511","","","","75.468455678069"
"2014","Croatia","HRV","Natural","Hydrological","Flood","Flash flood","1","2000","","","","75.468455678069"
"2014","Croatia","HRV","Natural","Hydrological","Flood","Riverine flood","1","7116","3","","","75.468455678069"
"2014","Côte d’Ivoire","CIV","Natural","Hydrological","Flood","Riverine flood","2","","46","","","75.468455678069"
"2014","Democratic Republic of the Congo","COD","Natural","Hydrological","Flood","Flash flood","1","4750","154","15000000","19875854","75.468455678069"
"2014","Democratic Republic of the Congo","COD","Natural","Hydrological","Mass movement (wet)","Landslide (wet)","1","","11","","","75.468455678069"
"2014","Dominican Republic","DOM","Natural","Hydrological","Flood","Flash flood","1","300","1","","","75.468455678069"
"2014","Eswatini","SWZ","Natural","Hydrological","Flood","Flash flood","1","400","11","","","75.468455678069"
"2014","France","FRA","Natural","Hydrological","Flood","Flash flood","1","","5","","","75.468455678069"
"2014","France","FRA","Natural","Hydrological","Flood","Riverine flood","2","4000","9","303000000","401492249","75.468455678069"
"2014","France","FRA","Natural","Meteorological","Storm","Extra-tropical storm","1","","","","","75.468455678069"
"2014","France","FRA","Natural","Meteorological","Storm","Lightning/Thunderstorms","2","","6","182000000","241160361","75.468455678069"
"2014","France","FRA","Natural","Meteorological","Storm","Storm (General)","1","","2","","","75.468455678069"
"2014","Georgia","GEO","Natural","Hydrological","Flood","Riverine flood","1","12000","","","","75.468455678069"
"2014","Germany","DEU","Natural","Meteorological","Storm","Lightning/Thunderstorms","2","1","8","400000000","530022771","75.468455678069"
"2014","Greece","GRC","Natural","Geophysical","Earthquake","Ground movement","2","77025","3","628000000","832135750","75.468455678069"
"2014","Greece","GRC","Natural","Hydrological","Flood","Flash flood","1","2320","","","","75.468455678069"
"2014","Guatemala","GTM","Natural","Climatological","Drought","Drought","1","1300000","","58000000","76853302","75.468455678069"
"2014","Guatemala","GTM","Natural","Geophysical","Earthquake","Ground movement","1","94783","1","","","75.468455678069"
"2014","Guatemala","GTM","Natural","Hydrological","Flood","Riverine flood","1","87500","6","","","75.468455678069"
"2014","Guatemala","GTM","Natural","Meteorological","Extreme temperature","Severe winter conditions","1","8141","","","","75.468455678069"
"2014","Guatemala","GTM","Natural","Meteorological","Storm","Tropical cyclone","1","100000","5","","","75.468455678069"
"2014","Haiti","HTI","Natural","Climatological","Drought","Drought","1","1000000","","2000000","2650114","75.468455678069"
"2014","Haiti","HTI","Natural","Hydrological","Flood","Flash flood","1","30000","12","","","75.468455678069"
"2014","Honduras","HND","Natural","Climatological","Drought","Drought","1","2023000","","","","75.468455678069"
"2014","Honduras","HND","Natural","Hydrological","Flood","Riverine flood","2","23000","4","1400000","1855080","75.468455678069"
"2014","Hungary","HUN","Natural","Hydrological","Flood","Riverine flood","1","6500","","","","75.468455678069"
"2014","India","IND","Natural","Hydrological","Flood","Riverine flood","7","5222500","622","16465000000","21817062310","75.468455678069"
"2014","India","IND","Natural","Hydrological","Mass movement (wet)","Landslide (wet)","1","200","151","","","75.468455678069"
"2014","India","IND","Natural","Meteorological","Extreme temperature","Cold wave","2","","40","","","75.468455678069"
"2014","India","IND","Natural","Meteorological","Extreme temperature","Severe winter conditions","1","","140","","","75.468455678069"
"2014","India","IND","Natural","Meteorological","Storm","Blizzard/Winter storm","1","9610","17","","","75.468455678069"
"2014","India","IND","Natural","Meteorological","Storm","Lightning/Thunderstorms","2","1954","22","","","75.468455678069"
"2014","India","IND","Natural","Meteorological","Storm","Storm (General)","1","","27","","","75.468455678069"
"2014","India","IND","Natural","Meteorological","Storm","Tropical cyclone","1","920000","53","7000000000","9275398492","75.468455678069"
"2014","Indonesia","IDN","Natural","Geophysical","Volcanic activity","Ash fall","2","115160","39","186000000","246460589","75.468455678069"
"2014","Indonesia","IDN","Natural","Hydrological","Flood","Riverine flood","6","423227","77","928000000","1229652829","75.468455678069"
"2014","Indonesia","IDN","Natural","Hydrological","Mass movement (wet)","Landslide (wet)","2","3900","127","","","75.468455678069"
"2014","Iran (Islamic Republic of)","IRN","Natural","Geophysical","Earthquake","Ground movement","2","12580","1","45000000","59627562","75.468455678069"
"2014","Iran (Islamic Republic of)","IRN","Natural","Hydrological","Flood","Flood (General)","1","440000","37","49000000","64927789","75.468455678069"
"2014","Ireland","IRL","Natural","Meteorological","Storm","Extra-tropical storm","1","","1","","","75.468455678069"
"2014","Italy","ITA","Natural","Hydrological","Flood","Flash flood","3","9611","6","543000000","719505912","75.468455678069"
"2014","Italy","ITA","Natural","Hydrological","Flood","Riverine flood","1","80","4","294000000","389566737","75.468455678069"
"2014","Italy","ITA","Natural","Meteorological","Storm","Lightning/Thunderstorms","1","","5","250000000","331264232","75.468455678069"
"2014","Jamaica","JAM","Natural","Climatological","Drought","Drought","1","91545","","10000000","13250569","75.468455678069"
"2014","Japan","JPN","Natural","Geophysical","Earthquake","Ground movement","1","2657","","2000000","2650114","75.468455678069"
"2014","Japan","JPN","Natural","Geophysical","Volcanic activity","Volcanic activity (General)","1","69","63","","","75.468455678069"
"2014","Japan","JPN","Natural","Hydrological","Mass movement (wet)","Landslide (wet)","1","67","82","38000000","50352163","75.468455678069"
"2014","Japan","JPN","Natural","Meteorological","Extreme temperature","Heat wave","1","17000","27","","","75.468455678069"
"2014","Japan","JPN","Natural","Meteorological","Storm","Blizzard/Winter storm","4","4501","96","6085000000","8062971404","75.468455678069"
"2014","Japan","JPN","Natural","Meteorological","Storm","Tropical cyclone","5","36781","33","556000000","736731652","75.468455678069"
"2014","Kazakhstan","KAZ","Natural","Hydrological","Flood","Flash flood","1","2709","5","","","75.468455678069"
"2014","Kenya","KEN","Natural","Climatological","Drought","Drought","1","1600000","","","","75.468455678069"
"2014","Kiribati","KIR","Natural","Hydrological","Flood","Coastal flood","1","220","","","","75.468455678069"
"2014","Kyrgyzstan","KGZ","Natural","Meteorological","Storm","Blizzard/Winter storm","1","","","","","75.468455678069"
"2014","Lao People's Democratic Republic","LAO","Natural","Hydrological","Flood","Riverine flood","1","750","","","","75.468455678069"
"2014","Lesotho","LSO","Natural","Meteorological","Storm","Severe weather","1","2600","","","","75.468455678069"
"2014","Madagascar","MDG","Natural","Climatological","Drought","Drought","1","20000","","","","75.468455678069"
"2014","Madagascar","MDG","Natural","Meteorological","Storm","Tropical cyclone","1","1736","17","","","75.468455678069"
"2014","Malaysia","MYS","Natural","Climatological","Drought","Drought","1","2200000","","","","75.468455678069"
"2014","Malaysia","MYS","Natural","Hydrological","Flood","Riverine flood","1","230000","17","284000000","376316167","75.468455678069"
"2014","Marshall Islands","MHL","Natural","Hydrological","Flood","Coastal flood","1","360","","","","75.468455678069"
"2014","Mexico","MEX","Natural","Geophysical","Earthquake","Ground movement","2","27381","3","","","75.468455678069"
"2014","Mexico","MEX","Natural","Meteorological","Storm","Tropical cyclone","6","144135","19","2541500000","3367632181","75.468455678069"
"2014","Morocco","MAR","Natural","Hydrological","Flood","Riverine flood","1","","11","","","75.468455678069"
"2014","Morocco","MAR","Natural","Meteorological","Storm","Severe weather","1","117000","49","300000000","397517078","75.468455678069"
"2014","Morocco","MAR","Natural","Meteorological","Storm","Storm (General)","1","","","","","75.468455678069"
"2014","Mozambique","MOZ","Natural","Hydrological","Flood","Flash flood","1","300","5","","","75.468455678069"
"2014","Mozambique","MOZ","Natural","Hydrological","Flood","Riverine flood","1","75986","17","","","75.468455678069"
"2014","Myanmar","MMR","Natural","Hydrological","Flood","Riverine flood","2","40000","","","","75.468455678069"
"2014","Nepal","NPL","Natural","Hydrological","Flood","Flood (General)","1","184894","294","","","75.468455678069"
"2014","Nepal","NPL","Natural","Hydrological","Flood","Riverine flood","2","2400","24","","","75.468455678069"
"2014","Nepal","NPL","Natural","Hydrological","Mass movement (wet)","Avalanche (wet)","1","","16","","","75.468455678069"
"2014","Nepal","NPL","Natural","Hydrological","Mass movement (wet)","Landslide (wet)","1","476","156","15000000","19875854","75.468455678069"
"2014","Nepal","NPL","Natural","Meteorological","Storm","Blizzard/Winter storm","1","175","83","","","75.468455678069"
"2014","Nicaragua","NIC","Natural","Climatological","Drought","Drought","1","460000","","","","75.468455678069"
"2014","Nicaragua","NIC","Natural","Geophysical","Earthquake","Ground movement","1","12281","2","3000000","3975171","75.468455678069"
"2014","Nicaragua","NIC","Natural","Hydrological","Flood","Riverine flood","1","60345","","","","75.468455678069"
"2014","Niger","NER","Natural","Biological","Animal incident","Animal incident","1","5","12","","","75.468455678069"
"2014","Niger","NER","Natural","Hydrological","Flood","Riverine flood","1","165578","36","2000000","2650114","75.468455678069"
"2014","Nigeria","NGA","Natural","Hydrological","Flood","Riverine flood","1","10000","15","","","75.468455678069"
"2014","North Macedonia","MKD","Natural","Meteorological","Extreme temperature","Severe winter conditions","1","8800","","","","75.468455678069"
"2014","Pakistan","PAK","Natural","Hydrological","Flood","Riverine flood","1","2530673","255","2000000000","2650113855","75.468455678069"
"2014","Pakistan","PAK","Natural","Meteorological","Extreme temperature","Heat wave","1","","139","18000000","23851025","75.468455678069"
"2014","Pakistan","PAK","Natural","Meteorological","Storm","Lightning/Thunderstorms","1","82","16","","","75.468455678069"
"2014","Panama","PAN","Natural","Hydrological","Flood","Riverine flood","1","116","9","","","75.468455678069"
"2014","Papua New Guinea","PNG","Natural","Geophysical","Volcanic activity","Ash fall","1","1380","","","","75.468455678069"
"2014","Papua New Guinea","PNG","Natural","Hydrological","Flood","Riverine flood","1","27000","","","","75.468455678069"
"2014","Papua New Guinea","PNG","Natural","Meteorological","Storm","Tropical cyclone","1","12346","","","","75.468455678069"
"2014","Paraguay","PRY","Natural","Hydrological","Flood","Riverine flood","2","233360","","","","75.468455678069"
"2014","Peru","PER","Natural","Geophysical","Earthquake","Ground movement","1","604","8","","","75.468455678069"
"2014","Peru","PER","Natural","Hydrological","Flood","Riverine flood","3","92878","41","","","75.468455678069"
"2014","Peru","PER","Natural","Meteorological","Extreme temperature","Cold wave","1","109257","505","","","75.468455678069"
"2014","Philippines","PHL","Natural","Geophysical","Volcanic activity","Volcanic activity (General)","1","60545","","","","75.468455678069"
"2014","Philippines","PHL","Natural","Hydrological","Flood","Flash flood","1","3770","4","","","75.468455678069"
"2014","Philippines","PHL","Natural","Hydrological","Flood","Flood (General)","1","42175","1","","","75.468455678069"
"2014","Philippines","PHL","Natural","Hydrological","Flood","Riverine flood","1","99185","","791000","1048120","75.468455678069"
"2014","Philippines","PHL","Natural","Meteorological","Storm","Tropical cyclone","9","13068983","326","1062899000","1408401683","75.468455678069"
"2014","Poland","POL","Natural","Meteorological","Extreme temperature","Cold wave","1","","78","","","75.468455678069"
"2014","Portugal","PRT","Natural","Meteorological","Storm","Extra-tropical storm","1","","1","","","75.468455678069"
"2014","Portugal","PRT","Natural","Meteorological","Storm","Storm (General)","1","54","","","","75.468455678069"
"2014","Puerto Rico","PRI","Natural","Hydrological","Flood","Flash flood","1","","1","","","75.468455678069"
"2014","Republic of Korea","KOR","Natural","Hydrological","Flood","Flash flood","1","","17","2000000","2650114","75.468455678069"
"2014","Republic of Korea","KOR","Natural","Meteorological","Storm","Blizzard/Winter storm","1","101","10","11000000","14575626","75.468455678069"
"2014","Republic of Korea","KOR","Natural","Meteorological","Storm","Tropical cyclone","1","","14","","","75.468455678069"
"2014","Romania","ROU","Natural","Hydrological","Flood","Riverine flood","2","2525","2","","","75.468455678069"
"2014","Romania","ROU","Natural","Meteorological","Extreme temperature","Cold wave","1","","13","","","75.468455678069"
"2014","Russian Federation","RUS","Natural","Hydrological","Flood","Riverine flood","1","24545","6","8000000","10600455","75.468455678069"
"2014","Réunion","REU","Natural","Meteorological","Storm","Tropical cyclone","1","265","1","85000000","112629839","75.468455678069"
"2014","Senegal","SEN","Natural","Climatological","Drought","Drought","1","639702","","","","75.468455678069"
"2014","Serbia","SRB","Natural","Hydrological","Flood","Flash flood","2","7000","5","","","75.468455678069"
"2014","Serbia","SRB","Natural","Hydrological","Flood","Riverine flood","2","52600","51","2048262000","2714063752","75.468455678069"
"2014","Serbia","SRB","Natural","Meteorological","Extreme temperature","Severe winter conditions","1","3000","","","","75.468455678069"
"2014","Seychelles","SYC","Natural","Hydrological","Flood","Riverine flood","1","4435","","","","75.468455678069"
"2014","Slovenia","SVN","Natural","Hydrological","Flood","Riverine flood","1","4400","2","","","75.468455678069"
"2014","Slovenia","SVN","Natural","Meteorological","Extreme temperature","Severe winter conditions","1","50000","1","","","75.468455678069"
"2014","Solomon Islands","SLB","Natural","Hydrological","Flood","Flash flood","1","52000","47","24000000","31801366","75.468455678069"
"2014","Somalia","SOM","Natural","Climatological","Drought","Drought","1","535624","","","","75.468455678069"
"2014","Somalia","SOM","Natural","Hydrological","Flood","Riverine flood","1","90000","","","","75.468455678069"
"2014","South Africa","ZAF","Natural","Geophysical","Earthquake","Ground movement","1","2002","1","","","75.468455678069"
"2014","South Africa","ZAF","Natural","Hydrological","Flood","Riverine flood","1","7185","32","85000000","112629839","75.468455678069"
"2014","Spain","ESP","Natural","Meteorological","Storm","Storm (General)","1","","3","","","75.468455678069"
"2014","Sri Lanka","LKA","Natural","Climatological","Drought","Drought","1","1800000","","25000000","33126423","75.468455678069"
"2014","Sri Lanka","LKA","Natural","Hydrological","Flood","Riverine flood","3","1204029","95","2000000","2650114","75.468455678069"
"2014","Sri Lanka","LKA","Natural","Hydrological","Mass movement (wet)","Landslide (wet)","3","1797","241","","","75.468455678069"
"2014","Sudan","SDN","Natural","Hydrological","Flood","Riverine flood","1","266204","39","","","75.468455678069"
"2014","Switzerland","CHE","Natural","Meteorological","Storm","Lightning/Thunderstorms","1","","2","","","75.468455678069"
"2014","Taiwan (Province of China)","TWN","Natural","Meteorological","Storm","Tropical cyclone","2","","","420000000","556523910","75.468455678069"
"2014","Tajikistan","TJK","Natural","Hydrological","Flood","Flash flood","2","13223","20","2000000","2650114","75.468455678069"
"2014","Thailand","THA","Natural","Climatological","Drought","Drought","1","","","","","75.468455678069"
"2014","Thailand","THA","Natural","Geophysical","Earthquake","Ground movement","1","17523","1","62000000","82153530","75.468455678069"
"2014","Thailand","THA","Natural","Hydrological","Flood","Flash flood","1","12000","","","","75.468455678069"
"2014","Thailand","THA","Natural","Hydrological","Flood","Riverine flood","3","119288","29","10000000","13250569","75.468455678069"
"2014","Thailand","THA","Natural","Meteorological","Extreme temperature","Cold wave","1","1000000","63","","","75.468455678069"
"2014","Thailand","THA","Natural","Meteorological","Storm","Lightning/Thunderstorms","1","2000","","","","75.468455678069"
"2014","Tonga","TON","Natural","Meteorological","Storm","Tropical cyclone","1","4014","1","31000000","41076765","75.468455678069"
"2014","Türkiye","TUR","Natural","Geophysical","Earthquake","Ground movement","1","324","","","","75.468455678069"
"2014","United Kingdom of Great Britain and Northern Ireland","GBR","Natural","Hydrological","Flood","Coastal flood","1","1000","2","624000000","826835523","75.468455678069"
"2014","United Kingdom of Great Britain and Northern Ireland","GBR","Natural","Meteorological","Storm","Extra-tropical storm","1","18000","5","100000000","132505693","75.468455678069"
"2014","United Republic of Tanzania","TZA","Natural","Hydrological","Flood","Flash flood","1","20000","3","2000000","2650114","75.468455678069"
"2014","United Republic of Tanzania","TZA","Natural","Hydrological","Flood","Riverine flood","1","20000","28","","","75.468455678069"
"2014","United States of America","USA","Natural","Climatological","Drought","Drought","1","","","2200000000","2915125240","75.468455678069"
"2014","United States of America","USA","Natural","Climatological","Wildfire","Forest fire","1","429","2","100000000","132505693","75.468455678069"
"2014","United States of America","USA","Natural","Geophysical","Earthquake","Ground movement","1","3250","1","700000000","927539849","75.468455678069"
"2014","United States of America","USA","Natural","Hydrological","Flood","Flash flood","1","40","","90000000","119255123","75.468455678069"
"2014","United States of America","USA","Natural","Hydrological","Flood","Riverine flood","1","102000","2","1600000000","2120091084","75.468455678069"
"2014","United States of America","USA","Natural","Hydrological","Mass movement (wet)","Landslide (wet)","1","150","43","20000000","26501139","75.468455678069"
"2014","United States of America","USA","Natural","Meteorological","Extreme temperature","Cold wave","1","","21","2500000000","3312642319","75.468455678069"
"2014","United States of America","USA","Natural","Meteorological","Storm","Blizzard/Winter storm","7","30","91","1562000000","2069738921","75.468455678069"
"2014","United States of America","USA","Natural","Meteorological","Storm","Lightning/Thunderstorms","4","336","4","5940000000","7870838149","75.468455678069"
"2014","United States of America","USA","Natural","Meteorological","Storm","Severe weather","1","15","40","2000000000","2650113855","75.468455678069"
"2014","United States of America","USA","Natural","Meteorological","Storm","Tropical cyclone","1","834","1","66000000","87453757","75.468455678069"
"2014","Vanuatu","VUT","Natural","Meteorological","Storm","Tropical cyclone","1","20006","12","2000000","2650114","75.468455678069"
"2014","Viet Nam","VNM","Natural","Meteorological","Storm","Tropical cyclone","3","48075","38","10700000","14178109","75.468455678069"
"2014","Zambia","ZMB","Natural","Hydrological","Flood","Riverine flood","1","20000","","","","75.468455678069"
"2014","Zimbabwe","ZWE","Natural","Hydrological","Flood","Flash flood","1","1002","3","20000000","26501139","75.468455678069"
"2014","Zimbabwe","ZWE","Natural","Hydrological","Flood","Riverine flood","1","1500","11","","","75.468455678069"
"2015","Afghanistan","AFG","Natural","Geophysical","Earthquake","Ground movement","2","93132","115","","","75.557976768944"
"2015","Afghanistan","AFG","Natural","Hydrological","Flood","Flash flood","1","3010","7","","","75.557976768944"
"2015","Afghanistan","AFG","Natural","Hydrological","Mass movement (wet)","Avalanche (wet)","3","33207","272","3000000","3970461","75.557976768944"
"2015","Afghanistan","AFG","Natural","Hydrological","Mass movement (wet)","Landslide (wet)","1","500","52","","","75.557976768944"
"2015","Albania","ALB","Natural","Hydrological","Flood","Riverine flood","2","42300","1","","","75.557976768944"
"2015","Algeria","DZA","Natural","Hydrological","Flood","Flash flood","1","","12","","","75.557976768944"
"2015","Algeria","DZA","Natural","Hydrological","Flood","Flood (General)","1","35000","","","","75.557976768944"
"2015","Angola","AGO","Natural","Hydrological","Flood","Flash flood","2","3000","74","","","75.557976768944"
"2015","Angola","AGO","Natural","Hydrological","Flood","Flood (General)","1","2000","1","","","75.557976768944"
"2015","Argentina","ARG","Natural","Geophysical","Volcanic activity","Ash fall","1","","","","","75.557976768944"
"2015","Argentina","ARG","Natural","Hydrological","Flood","Riverine flood","3","141133","11","","","75.557976768944"
"2015","Argentina","ARG","Natural","Meteorological","Storm","Storm (General)","1","4500","8","17200000","22763976","75.557976768944"
"2015","Australia","AUS","Natural","Climatological","Wildfire","Forest fire","1","348","","100000000","132348700","75.557976768944"
"2015","Australia","AUS","Natural","Climatological","Wildfire","Land fire (Brush, Bush, Pasture)","2","395","2","251000000","332195237","75.557976768944"
"2015","Australia","AUS","Natural","Hydrological","Flood","Flash flood","1","","6","400000000","529394800","75.557976768944"
"2015","Australia","AUS","Natural","Meteorological","Storm","Severe weather","1","1000","7","1300000000","1720533100","75.557976768944"
"2015","Australia","AUS","Natural","Meteorological","Storm","Tropical cyclone","3","7038","1","681000000","901294647","75.557976768944"
"2015","Bahamas","BHS","Natural","Meteorological","Storm","Tropical cyclone","1","6710","33","90000000","119113830","75.557976768944"
"2015","Bangladesh","BGD","Natural","Geophysical","Earthquake","Ground movement","1","200","4","","","75.557976768944"
"2015","Bangladesh","BGD","Natural","Hydrological","Flood","Riverine flood","2","1411901","31","40000000","52939480","75.557976768944"
"2015","Bangladesh","BGD","Natural","Hydrological","Mass movement (wet)","Landslide (wet)","1","1003","7","","","75.557976768944"
"2015","Bangladesh","BGD","Natural","Meteorological","Storm","Lightning/Thunderstorms","3","60250","72","4000000","5293948","75.557976768944"
"2015","Bangladesh","BGD","Natural","Meteorological","Storm","Tropical cyclone","1","2600000","45","40000000","52939480","75.557976768944"
"2015","Belgium","BEL","Natural","Meteorological","Extreme temperature","Heat wave","1","","410","","","75.557976768944"
"2015","Belize","BLZ","Natural","Hydrological","Flood","Flood (General)","1","20000","","","","75.557976768944"
"2015","Bolivia (Plurinational State of)","BOL","Natural","Hydrological","Flood","Flood (General)","1","4000","","","","75.557976768944"
"2015","Bolivia (Plurinational State of)","BOL","Natural","Hydrological","Flood","Riverine flood","1","92890","25","","","75.557976768944"
"2015","Bosnia and Herzegovina","BIH","Natural","Hydrological","Flood","Flash flood","1","","","","","75.557976768944"
"2015","Botswana","BWA","Natural","Climatological","Drought","Drought","1","","","44000000","58233428","75.557976768944"
"2015","Brazil","BRA","Natural","Hydrological","Flood","Flood (General)","2","284140","8","","","75.557976768944"
"2015","Brazil","BRA","Natural","Hydrological","Flood","Riverine flood","2","14370","3","2000000","2646974","75.557976768944"
"2015","Brazil","BRA","Natural","Hydrological","Mass movement (wet)","Landslide (wet)","1","","15","","","75.557976768944"
"2015","Brazil","BRA","Natural","Meteorological","Storm","Lightning/Thunderstorms","1","11037","2","2000000","2646974","75.557976768944"
"2015","Bulgaria","BGR","Natural","Hydrological","Flood","Riverine flood","1","","5","5800000","7676225","75.557976768944"
"2015","Burkina Faso","BFA","Natural","Hydrological","Flood","Riverine flood","1","28925","8","31000000","41028097","75.557976768944"
"2015","Burundi","BDI","Natural","Hydrological","Flood","Flood (General)","1","4179","52","13000000","17205331","75.557976768944"
"2015","Burundi","BDI","Natural","Hydrological","Mass movement (wet)","Landslide (wet)","1","3000","20","","","75.557976768944"
"2015","Cabo Verde","CPV","Natural","Meteorological","Storm","Tropical cyclone","1","","9","1100000","1455836","75.557976768944"
"2015","Cambodia","KHM","Natural","Hydrological","Flood","Flood (General)","1","22000","","","","75.557976768944"
"2015","Cambodia","KHM","Natural","Meteorological","Storm","Tropical cyclone","1","6300","","","","75.557976768944"
"2015","Cameroon","CMR","Natural","Hydrological","Flood","Flood (General)","1","30000","4","","","75.557976768944"
"2015","Canada","CAN","Natural","Climatological","Wildfire","Forest fire","1","13036","","","","75.557976768944"
"2015","Central African Republic","CAF","Natural","Meteorological","Storm","Severe weather","1","1116","1","","","75.557976768944"
"2015","Chile","CHL","Natural","Climatological","Wildfire","Forest fire","1","32","1","","","75.557976768944"
"2015","Chile","CHL","Natural","Geophysical","Earthquake","Tsunami","1","681499","19","800000000","1058789600","75.557976768944"
"2015","Chile","CHL","Natural","Geophysical","Volcanic activity","Ash fall","2","7600","","600000000","794092200","75.557976768944"
"2015","Chile","CHL","Natural","Hydrological","Flood","Flash flood","1","193881","178","1500000000","1985230500","75.557976768944"
"2015","Chile","CHL","Natural","Hydrological","Flood","Flood (General)","1","116","","","","75.557976768944"
"2015","Chile","CHL","Natural","Meteorological","Storm","Severe weather","1","938","6","","","75.557976768944"
"2015","China","CHN","Natural","Climatological","Drought","Drought","1","","","2464000000","3261071968","75.557976768944"
"2015","China","CHN","Natural","Geophysical","Earthquake","Ground movement","5","221603","34","32850000","43476548","75.557976768944"
"2015","China","CHN","Natural","Hydrological","Flood","Flood (General)","7","388450","154","2792000000","3695175704","75.557976768944"
"2015","China","CHN","Natural","Hydrological","Flood","Riverine flood","5","985921","156","4200000000","5558645400","75.557976768944"
"2015","China","CHN","Natural","Hydrological","Mass movement (wet)","Landslide (wet)","1","300","38","","","75.557976768944"
"2015","China","CHN","Natural","Meteorological","Storm","Blizzard/Winter storm","2","8000","4","108000000","142936596","75.557976768944"
"2015","China","CHN","Natural","Meteorological","Storm","Lightning/Thunderstorms","1","25000","1","130000000","172053310","75.557976768944"
"2015","China","CHN","Natural","Meteorological","Storm","Severe weather","7","223385","70","1229000000","1626565523","75.557976768944"
"2015","China","CHN","Natural","Meteorological","Storm","Tropical cyclone","7","1933100","44","7516690000","9948241498","75.557976768944"
"2015","Colombia","COL","Natural","Climatological","Drought","Drought","1","","","","","75.557976768944"
"2015","Colombia","COL","Natural","Climatological","Wildfire","Forest fire","1","119000","11","","","75.557976768944"
"2015","Colombia","COL","Natural","Geophysical","Earthquake","Ground movement","1","41236","","","","75.557976768944"
"2015","Colombia","COL","Natural","Hydrological","Flood","Riverine flood","1","8105","","","","75.557976768944"
"2015","Colombia","COL","Natural","Hydrological","Mass movement (wet)","Landslide (wet)","1","348","93","","","75.557976768944"
"2015","Costa Rica","CRI","Natural","Climatological","Drought","Drought","1","","","","","75.557976768944"
"2015","Costa Rica","CRI","Natural","Geophysical","Volcanic activity","Ash fall","1","18450","","","","75.557976768944"
"2015","Costa Rica","CRI","Natural","Hydrological","Flood","Riverine flood","1","9666","","","","75.557976768944"
"2015","Croatia","HRV","Natural","Hydrological","Flood","Flash flood","1","1200","","","","75.557976768944"
"2015","Cuba","CUB","Natural","Climatological","Drought","Drought","1","100000","","","","75.557976768944"
"2015","Cuba","CUB","Natural","Hydrological","Flood","Flash flood","1","10089","3","","","75.557976768944"
"2015","Côte d’Ivoire","CIV","Natural","Hydrological","Flood","Riverine flood","1","","16","","","75.557976768944"
"2015","Democratic People's Republic of Korea","PRK","Natural","Climatological","Drought","Drought","1","18000000","","","","75.557976768944"
"2015","Democratic People's Republic of Korea","PRK","Natural","Hydrological","Flood","Riverine flood","1","3541","33","","","75.557976768944"
"2015","Democratic Republic of the Congo","COD","Natural","Climatological","Wildfire","Land fire (Brush, Bush, Pasture)","1","57003","3","","","75.557976768944"
"2015","Democratic Republic of the Congo","COD","Natural","Geophysical","Earthquake","Ground movement","1","390","3","","","75.557976768944"
"2015","Democratic Republic of the Congo","COD","Natural","Hydrological","Flood","Flood (General)","3","190560","49","","","75.557976768944"
"2015","Dominica","DMA","Natural","Meteorological","Storm","Tropical cyclone","1","28594","30","482810000","638992758","75.557976768944"
"2015","Dominican Republic","DOM","Natural","Hydrological","Flood","Flash flood","1","20950","2","","","75.557976768944"
"2015","Dominican Republic","DOM","Natural","Hydrological","Flood","Riverine flood","1","250","","","","75.557976768944"
"2015","Dominican Republic","DOM","Natural","Meteorological","Storm","Tropical cyclone","1","2133","","","","75.557976768944"
"2015","Ecuador","ECU","Natural","Geophysical","Volcanic activity","Lava flow","1","800000","","","","75.557976768944"
"2015","Ecuador","ECU","Natural","Geophysical","Volcanic activity","Volcanic activity (General)","1","130042","","","","75.557976768944"
"2015","Ecuador","ECU","Natural","Hydrological","Flood","Riverine flood","1","1185","12","","","75.557976768944"
"2015","Egypt","EGY","Natural","Meteorological","Extreme temperature","Heat wave","1","66","110","","","75.557976768944"
"2015","Egypt","EGY","Natural","Meteorological","Storm","Lightning/Thunderstorms","1","135","25","","","75.557976768944"
"2015","El Salvador","SLV","Natural","Climatological","Drought","Drought","1","700000","","100000000","132348700","75.557976768944"
"2015","El Salvador","SLV","Natural","Hydrological","Flood","Riverine flood","1","","1","","","75.557976768944"
"2015","El Salvador","SLV","Natural","Meteorological","Storm","Storm surge","1","20000","12","","","75.557976768944"
"2015","Ethiopia","ETH","Natural","Climatological","Drought","Drought","1","10200000","","1400000000","1852881800","75.557976768944"
"2015","Ethiopia","ETH","Natural","Hydrological","Flood","Flood (General)","1","210600","","","","75.557976768944"
"2015","Fiji","FJI","Natural","Climatological","Drought","Drought","1","67000","","","","75.557976768944"
"2015","France","FRA","Natural","Hydrological","Flood","Flash flood","1","","20","924000000","1222901988","75.557976768944"
"2015","France","FRA","Natural","Meteorological","Extreme temperature","Heat wave","1","","3275","","","75.557976768944"
"2015","France","FRA","Natural","Meteorological","Storm","Storm (General)","1","750","3","","","75.557976768944"
"2015","Gambia","GMB","Natural","Climatological","Drought","Drought","1","63100","","","","75.557976768944"
"2015","Georgia","GEO","Natural","Hydrological","Flood","Flash flood","1","10320","40","23000000","30440201","75.557976768944"
"2015","Ghana","GHA","Natural","Hydrological","Flood","Flood (General)","1","5000","25","12000000","15881844","75.557976768944"
"2015","Greece","GRC","Natural","Hydrological","Flood","Riverine flood","1","500","3","","","75.557976768944"
"2015","Guatemala","GTM","Natural","Hydrological","Flood","Flood (General)","1","8291","6","","","75.557976768944"
"2015","Guatemala","GTM","Natural","Hydrological","Flood","Riverine flood","1","56845","2","","","75.557976768944"
"2015","Guatemala","GTM","Natural","Hydrological","Mass movement (wet)","Landslide (wet)","1","1112","350","5000000","6617435","75.557976768944"
"2015","Guinea","GIN","Natural","Hydrological","Flood","Flood (General)","1","29628","9","","","75.557976768944"
"2015","Guinea","GIN","Natural","Hydrological","Mass movement (wet)","Landslide (wet)","1","492","7","","","75.557976768944"
"2015","Guyana","GUY","Natural","Hydrological","Flood","Coastal flood","1","199000","","","","75.557976768944"
"2015","Haiti","HTI","Natural","Hydrological","Flood","Riverine flood","1","45000","6","","","75.557976768944"
"2015","Haiti","HTI","Natural","Meteorological","Storm","Tropical cyclone","1","1969","5","","","75.557976768944"
"2015","India","IND","Natural","Climatological","Drought","Drought","1","330000000","","3000000000","3970461000","75.557976768944"
"2015","India","IND","Natural","Geophysical","Earthquake","Ground movement","3","570","98","","","75.557976768944"
"2015","India","IND","Natural","Hydrological","Flood","Flash flood","2","2322","52","76000000","100585012","75.557976768944"
"2015","India","IND","Natural","Hydrological","Flood","Flood (General)","4","2691250","348","2200000000","2911671400","75.557976768944"
"2015","India","IND","Natural","Hydrological","Flood","Riverine flood","4","13719887","439","604000000","799386148","75.557976768944"
"2015","India","IND","Natural","Hydrological","Mass movement (wet)","Landslide (wet)","1","9000","3","","","75.557976768944"
"2015","India","IND","Natural","Meteorological","Extreme temperature","Heat wave","1","","2248","","","75.557976768944"
"2015","India","IND","Natural","Meteorological","Storm","Lightning/Thunderstorms","5","10000","112","909000000","1203049683","75.557976768944"
"2015","India","IND","Natural","Meteorological","Storm","Severe weather","1","125100","100","160000000","211757920","75.557976768944"
"2015","Indonesia","IDN","Natural","Climatological","Drought","Drought","1","","11","","","75.557976768944"
"2015","Indonesia","IDN","Natural","Climatological","Wildfire","Forest fire","1","409664","19","1000000000","1323487000","75.557976768944"
"2015","Indonesia","IDN","Natural","Geophysical","Earthquake","Ground movement","1","12247","","","","75.557976768944"
"2015","Indonesia","IDN","Natural","Hydrological","Flood","Flash flood","1","8259","1","","","75.557976768944"
"2015","Indonesia","IDN","Natural","Hydrological","Flood","Flood (General)","1","25750","","","","75.557976768944"
"2015","Indonesia","IDN","Natural","Hydrological","Flood","Riverine flood","4","33300","8","235000000","311019445","75.557976768944"
"2015","Indonesia","IDN","Natural","Hydrological","Mass movement (wet)","Landslide (wet)","2","105","33","","","75.557976768944"
"2015","Indonesia","IDN","Natural","Hydrological","Mass movement (wet)","Rockfall (wet)","1","55","12","","","75.557976768944"
"2015","Iran (Islamic Republic of)","IRN","Natural","Hydrological","Flood","Flash flood","4","26430","38","636000000","841737732","75.557976768944"
"2015","Iran (Islamic Republic of)","IRN","Natural","Hydrological","Flood","Flood (General)","1","","14","","","75.557976768944"
"2015","Iraq","IRQ","Natural","Hydrological","Flood","Flash flood","1","65000","58","","","75.557976768944"
"2015","Ireland","IRL","Natural","Meteorological","Storm","Storm (General)","1","","1","","","75.557976768944"
"2015","Israel","ISR","Natural","Meteorological","Storm","Sand/Dust storm","1","200","","","","75.557976768944"
"2015","Italy","ITA","Natural","Hydrological","Flood","Flash flood","2","550","4","274000000","362635438","75.557976768944"
"2015","Italy","ITA","Natural","Meteorological","Storm","Severe weather","1","","3","869000000","1150110203","75.557976768944"
"2015","Japan","JPN","Natural","Hydrological","Flood","Riverine flood","1","45046","21","1400000000","1852881800","75.557976768944"
"2015","Japan","JPN","Natural","Meteorological","Extreme temperature","Heat wave","3","14867","39","","","75.557976768944"
"2015","Japan","JPN","Natural","Meteorological","Storm","Tropical cyclone","6","61033","11","230200000","304666707","75.557976768944"
"2015","Kazakhstan","KAZ","Natural","Hydrological","Flood","Flash flood","1","12670","2","5300000","7014481","75.557976768944"
"2015","Kenya","KEN","Natural","Hydrological","Flood","Flash flood","1","1500","13","","","75.557976768944"
"2015","Kenya","KEN","Natural","Hydrological","Flood","Riverine flood","2","243799","125","","","75.557976768944"
"2015","Kiribati","KIR","Natural","Meteorological","Storm","Tropical cyclone","1","1500","","","","75.557976768944"
"2015","Kyrgyzstan","KGZ","Natural","Geophysical","Earthquake","Ground movement","1","16780","","12000000","15881844","75.557976768944"
"2015","Lao People's Democratic Republic","LAO","Natural","Hydrological","Flood","Flood (General)","2","47940","4","10000000","13234870","75.557976768944"
"2015","Lebanon","LBN","Natural","Meteorological","Storm","Blizzard/Winter storm","2","1000942","2","","","75.557976768944"
"2015","Lebanon","LBN","Natural","Meteorological","Storm","Sand/Dust storm","1","750","3","","","75.557976768944"
"2015","Madagascar","MDG","Natural","Hydrological","Flood","Flash flood","1","24000","26","","","75.557976768944"
"2015","Madagascar","MDG","Natural","Meteorological","Storm","Tropical cyclone","2","210887","95","46000000","60880402","75.557976768944"
"2015","Malawi","MWI","Natural","Climatological","Drought","Drought","1","6700000","","","","75.557976768944"
"2015","Malawi","MWI","Natural","Hydrological","Flood","Riverine flood","1","638645","278","390000000","516159930","75.557976768944"
"2015","Malawi","MWI","Natural","Meteorological","Storm","Lightning/Thunderstorms","1","350","5","","","75.557976768944"
"2015","Malaysia","MYS","Natural","Geophysical","Earthquake","Ground movement","1","10","24","2000","2647","75.557976768944"
"2015","Malaysia","MYS","Natural","Hydrological","Flood","Riverine flood","1","3000","1","","","75.557976768944"
"2015","Mali","MLI","Natural","Hydrological","Flood","Flood (General)","1","2000","5","","","75.557976768944"
"2015","Marshall Islands","MHL","Natural","Climatological","Drought","Drought","1","21000","","4900000","6485086","75.557976768944"
"2015","Mexico","MEX","Natural","Hydrological","Flood","Riverine flood","1","3000","","","","75.557976768944"
"2015","Mexico","MEX","Natural","Meteorological","Storm","Severe weather","1","1471","14","2000000","2646974","75.557976768944"
"2015","Mexico","MEX","Natural","Meteorological","Storm","Tornado","1","2320","14","","","75.557976768944"
"2015","Mexico","MEX","Natural","Meteorological","Storm","Tropical cyclone","1","15000","14","823000000","1089229801","75.557976768944"
"2015","Micronesia (Federated States of)","FSM","Natural","Meteorological","Storm","Tropical cyclone","1","35000","5","11000000","14558357","75.557976768944"
"2015","Mongolia","MNG","Natural","Meteorological","Extreme temperature","Severe winter conditions","1","965000","","","","75.557976768944"
"2015","Mozambique","MOZ","Natural","Hydrological","Flood","Riverine flood","1","177645","160","","","75.557976768944"
"2015","Myanmar","MMR","Natural","Hydrological","Flood","Flash flood","1","","16","","","75.557976768944"
"2015","Myanmar","MMR","Natural","Hydrological","Flood","Riverine flood","2","1635703","156","119000000","157494953","75.557976768944"
"2015","Myanmar","MMR","Natural","Hydrological","Mass movement (wet)","Landslide (wet)","2","1200","38","","","75.557976768944"
"2015","Myanmar","MMR","Natural","Meteorological","Storm","Lightning/Thunderstorms","1","","3","","","75.557976768944"
"2015","Namibia","NAM","Natural","Climatological","Drought","Drought","1","580000","","60000000","79409220","75.557976768944"
"2015","Nepal","NPL","Natural","Geophysical","Earthquake","Ground movement","2","5642150","8969","5174000000","6847721738","75.557976768944"
"2015","Nepal","NPL","Natural","Hydrological","Mass movement (wet)","Landslide (wet)","2","36","65","","","75.557976768944"
"2015","New Zealand","NZL","Natural","Hydrological","Flood","Flood (General)","1","100","1","100000000","132348700","75.557976768944"
"2015","New Zealand","NZL","Natural","Hydrological","Flood","Riverine flood","1","400","","171000000","226316277","75.557976768944"
"2015","Nicaragua","NIC","Natural","Hydrological","Flood","Riverine flood","1","3750","2","","","75.557976768944"
"2015","Niger","NER","Natural","Climatological","Drought","Drought","1","2588128","","","","75.557976768944"
"2015","Niger","NER","Natural","Hydrological","Flood","Riverine flood","1","87037","27","","","75.557976768944"
"2015","Nigeria","NGA","Natural","Hydrological","Flood","Riverine flood","1","100420","53","25000000","33087175","75.557976768944"
"2015","North Macedonia","MKD","Natural","Hydrological","Flood","Flash flood","1","5030","7","87000000","115143369","75.557976768944"
"2015","North Macedonia","MKD","Natural","Hydrological","Flood","Riverine flood","1","100000","","","","75.557976768944"
"2015","Northern Mariana Islands","MNP","Natural","Meteorological","Storm","Tropical cyclone","1","360","","","","75.557976768944"
"2015","Oman","OMN","Natural","Meteorological","Storm","Severe weather","1","6000","","221000000","292490627","75.557976768944"
"2015","Pakistan","PAK","Natural","Geophysical","Earthquake","Ground movement","2","502675","283","","","75.557976768944"
"2015","Pakistan","PAK","Natural","Geophysical","Mass movement (dry)","Rockfall (dry)","1","","13","","","75.557976768944"
"2015","Pakistan","PAK","Natural","Hydrological","Flood","Flash flood","2","5067","69","1000000","1323487","75.557976768944"
"2015","Pakistan","PAK","Natural","Hydrological","Flood","Flood (General)","2","1572423","248","","","75.557976768944"
"2015","Pakistan","PAK","Natural","Hydrological","Flood","Riverine flood","2","","50","","","75.557976768944"
"2015","Pakistan","PAK","Natural","Meteorological","Extreme temperature","Heat wave","1","80000","1229","","","75.557976768944"
"2015","Palau","PLW","Natural","Climatological","Drought","Drought","1","14200","","","","75.557976768944"
"2015","Panama","PAN","Natural","Climatological","Drought","Drought","1","","","","","75.557976768944"
"2015","Panama","PAN","Natural","Hydrological","Flood","Riverine flood","1","3500","","","","75.557976768944"
"2015","Papua New Guinea","PNG","Natural","Climatological","Drought","Drought","1","2520000","24","60000000","79409220","75.557976768944"
"2015","Papua New Guinea","PNG","Natural","Hydrological","Flood","Flood (General)","1","20000","","","","75.557976768944"
"2015","Papua New Guinea","PNG","Natural","Meteorological","Storm","Tropical cyclone","1","9199","","","","75.557976768944"
"2015","Paraguay","PRY","Natural","Hydrological","Flood","Riverine flood","2","140150","12","","","75.557976768944"
"2015","Paraguay","PRY","Natural","Meteorological","Storm","Severe weather","1","10025","2","","","75.557976768944"
"2015","Peru","PER","Natural","Hydrological","Flood","Riverine flood","2","150640","9","","","75.557976768944"
"2015","Peru","PER","Natural","Meteorological","Extreme temperature","Cold wave","1","200620","21","94000000","124407778","75.557976768944"
"2015","Philippines","PHL","Natural","Climatological","Drought","Drought","1","181687","","84399000","111700979","75.557976768944"
"2015","Philippines","PHL","Natural","Hydrological","Flood","Flood (General)","4","230429","44","200000","264697","75.557976768944"
"2015","Philippines","PHL","Natural","Hydrological","Flood","Riverine flood","1","880","9","","","75.557976768944"
"2015","Philippines","PHL","Natural","Meteorological","Storm","Tropical cyclone","10","3606205","148","1881367000","2489964767","75.557976768944"
"2015","Poland","POL","Natural","Meteorological","Extreme temperature","Cold wave","1","","77","","","75.557976768944"
"2015","Poland","POL","Natural","Meteorological","Storm","Severe weather","1","1217","1","","","75.557976768944"
"2015","Romania","ROU","Natural","Hydrological","Flood","Flood (General)","1","2000","1","","","75.557976768944"
"2015","Russian Federation","RUS","Natural","Climatological","Wildfire","Land fire (Brush, Bush, Pasture)","1","5977","30","136820000","181079491","75.557976768944"
"2015","Russian Federation","RUS","Natural","Hydrological","Flood","Riverine flood","1","1500","1","","","75.557976768944"
"2015","Rwanda","RWA","Natural","Hydrological","Flood","Riverine flood","1","3431","2","","","75.557976768944"
"2015","Samoa","WSM","Natural","Climatological","Drought","Drought","1","","","","","75.557976768944"
"2015","Saudi Arabia","SAU","Natural","Hydrological","Flood","Flood (General)","1","","12","","","75.557976768944"
"2015","Saudi Arabia","SAU","Natural","Hydrological","Flood","Riverine flood","1","","11","2000000","2646974","75.557976768944"
"2015","Sierra Leone","SLE","Natural","Hydrological","Flood","Flood (General)","1","24303","10","","","75.557976768944"
"2015","Solomon Islands","SLB","Natural","Climatological","Drought","Drought","1","","","","","75.557976768944"
"2015","Solomon Islands","SLB","Natural","Meteorological","Storm","Tropical cyclone","2","44496","9","2000000","2646974","75.557976768944"
"2015","Somalia","SOM","Natural","Climatological","Drought","Drought","1","6700000","","","","75.557976768944"
"2015","Somalia","SOM","Natural","Hydrological","Flood","Flood (General)","2","916296","","","","75.557976768944"
"2015","Somalia","SOM","Natural","Meteorological","Storm","Tropical cyclone","2","4000","","","","75.557976768944"
"2015","South Africa","ZAF","Natural","Climatological","Drought","Drought","1","2700000","","250000000","330871750","75.557976768944"
"2015","Spain","ESP","Natural","Hydrological","Flood","Flash flood","1","150","4","2000000","2646974","75.557976768944"
"2015","Spain","ESP","Natural","Hydrological","Flood","Riverine flood","1","1600","","","","75.557976768944"
"2015","Sri Lanka","LKA","Natural","Hydrological","Flood","Flash flood","1","20000","2","","","75.557976768944"
"2015","Sri Lanka","LKA","Natural","Hydrological","Flood","Flood (General)","1","7309","8","","","75.557976768944"
"2015","State of Palestine","PSE","Natural","Meteorological","Storm","Blizzard/Winter storm","2","31050","4","","","75.557976768944"
"2015","Sudan","SDN","Natural","Climatological","Drought","Drought","1","800000","","","","75.557976768944"
"2015","Sudan","SDN","Natural","Hydrological","Flood","Riverine flood","1","","20","","","75.557976768944"
"2015","Sudan","SDN","Natural","Meteorological","Extreme temperature","Heat wave","1","","16","","","75.557976768944"
"2015","Syrian Arab Republic","SYR","Natural","Meteorological","Storm","Blizzard/Winter storm","1","","4","","","75.557976768944"
"2015","Syrian Arab Republic","SYR","Natural","Meteorological","Storm","Sand/Dust storm","1","3500","9","","","75.557976768944"
"2015","Taiwan (Province of China)","TWN","Natural","Meteorological","Storm","Tropical cyclone","3","762","9","26000000","34410662","75.557976768944"
"2015","Tajikistan","TJK","Natural","Geophysical","Earthquake","Ground movement","1","7976","2","5000000","6617435","75.557976768944"
"2015","Tajikistan","TJK","Natural","Hydrological","Flood","Riverine flood","2","10802","","","","75.557976768944"
"2015","Tajikistan","TJK","Natural","Hydrological","Mass movement (wet)","Mudslide","1","","10","","","75.557976768944"
"2015","Thailand","THA","Natural","Climatological","Drought","Drought","1","","","3300000000","4367507100","75.557976768944"
"2015","Thailand","THA","Natural","Meteorological","Storm","Tropical cyclone","1","1440","3","561000","742476","75.557976768944"
"2015","Timor-Leste","TLS","Natural","Geophysical","Earthquake","Ground movement","1","2003","","4000000","5293948","75.557976768944"
"2015","Tonga","TON","Natural","Climatological","Drought","Drought","1","","","","","75.557976768944"
"2015","Tuvalu","TUV","Natural","Meteorological","Storm","Tropical cyclone","1","4613","","","","75.557976768944"
"2015","Türkiye","TUR","Natural","Hydrological","Flood","Riverine flood","1","6500","8","","","75.557976768944"
"2015","United Kingdom of Great Britain and Northern Ireland","GBR","Natural","Hydrological","Flood","Riverine flood","1","48000","","1200000000","1588184400","75.557976768944"
"2015","United Kingdom of Great Britain and Northern Ireland","GBR","Natural","Meteorological","Storm","Storm (General)","1","15600","3","1200000000","1588184400","75.557976768944"
"2015","United Republic of Tanzania","TZA","Natural","Hydrological","Flood","Flood (General)","1","5000","12","","","75.557976768944"
"2015","United Republic of Tanzania","TZA","Natural","Meteorological","Storm","Hail","1","5112","47","","","75.557976768944"
"2015","United States of America","USA","Natural","Climatological","Drought","Drought","1","","","4500000000","5955691500","75.557976768944"
"2015","United States of America","USA","Natural","Climatological","Wildfire","Land fire (Brush, Bush, Pasture)","2","8727","7","1800000000","2382276600","75.557976768944"
"2015","United States of America","USA","Natural","Climatological","Wildfire","Wildfire (General)","2","4637","5","152000000","201170024","75.557976768944"
"2015","United States of America","USA","Natural","Hydrological","Flood","Flash flood","3","24000","67","2702000000","3576061874","75.557976768944"
"2015","United States of America","USA","Natural","Hydrological","Flood","Flood (General)","2","4650","31","700000000","926440900","75.557976768944"
"2015","United States of America","USA","Natural","Meteorological","Storm","Blizzard/Winter storm","7","300","110","3740000000","4949841380","75.557976768944"
"2015","United States of America","USA","Natural","Meteorological","Storm","Lightning/Thunderstorms","3","","10","2320000000","3070489840","75.557976768944"
"2015","United States of America","USA","Natural","Meteorological","Storm","Severe weather","2","40","8","1650000000","2183753550","75.557976768944"
"2015","United States of America","USA","Natural","Meteorological","Storm","Tornado","6","3436","65","6010000000","7954156870","75.557976768944"
"2015","United States of America","USA","Natural","Meteorological","Storm","Tropical cyclone","1","800","25","2000000000","2646974000","75.557976768944"
"2015","Uruguay","URY","Natural","Hydrological","Flood","Flood (General)","1","10000","","","","75.557976768944"
"2015","Uruguay","URY","Natural","Hydrological","Flood","Riverine flood","2","25326","2","","","75.557976768944"
"2015","Vanuatu","VUT","Natural","Meteorological","Storm","Tropical cyclone","1","188000","11","449400000","594775058","75.557976768944"
"2015","Venezuela (Bolivarian Republic of)","VEN","Natural","Hydrological","Flood","Riverine flood","1","45297","","","","75.557976768944"
"2015","Viet Nam","VNM","Natural","Climatological","Drought","Drought","1","1750000","","6750000000","8933537250","75.557976768944"
"2015","Viet Nam","VNM","Natural","Hydrological","Flood","Flash flood","1","15000","32","204000000","269991348","75.557976768944"
"2015","Viet Nam","VNM","Natural","Hydrological","Flood","Flood (General)","1","100","2","","","75.557976768944"
"2015","Viet Nam","VNM","Natural","Meteorological","Storm","Tropical cyclone","2","115","18","218000","288520","75.557976768944"
"2015","Yemen","YEM","Natural","Meteorological","Storm","Tropical cyclone","2","125065","26","200000000","264697400","75.557976768944"
"2015","Zimbabwe","ZWE","Natural","Meteorological","Storm","Lightning/Thunderstorms","1","475","10","","","75.557976768944"
"2016","Afghanistan","AFG","Natural","Hydrological","Flood","Flash flood","2","","61","","","76.511216203861"
"2016","Afghanistan","AFG","Natural","Hydrological","Flood","Flood (General)","2","","23","","","76.511216203861"
"2016","Albania","ALB","Natural","Hydrological","Flood","Flood (General)","1","4500","3","","","76.511216203861"
"2016","Angola","AGO","Natural","Hydrological","Flood","Flash flood","3","8355","83","","","76.511216203861"
"2016","Angola","AGO","Natural","Hydrological","Flood","Flood (General)","1","1544","30","","","76.511216203861"
"2016","Argentina","ARG","Natural","Hydrological","Flood","Riverine flood","2","85769","","1002000000","1309611910","76.511216203861"
"2016","Armenia","ARM","Natural","Hydrological","Mass movement (wet)","Landslide (wet)","1","750","","","","76.511216203861"
"2016","Australia","AUS","Natural","Climatological","Wildfire","Land fire (Brush, Bush, Pasture)","1","540","2","110000000","143769771","76.511216203861"
"2016","Australia","AUS","Natural","Hydrological","Flood","Flood (General)","1","280","1","25000000","32674948","76.511216203861"
"2016","Australia","AUS","Natural","Meteorological","Storm","Blizzard/Winter storm","1","","5","500000000","653498957","76.511216203861"
"2016","Austria","AUT","Natural","Hydrological","Flood","Riverine flood","1","","","","","76.511216203861"
"2016","Bahamas","BHS","Natural","Meteorological","Storm","Tropical cyclone","1","","","600000000","784198749","76.511216203861"
"2016","Bangladesh","BGD","Natural","Geophysical","Earthquake","Ground movement","1","70","5","","","76.511216203861"
"2016","Bangladesh","BGD","Natural","Hydrological","Flood","Riverine flood","1","1900000","106","150000000","196049687","76.511216203861"
"2016","Bangladesh","BGD","Natural","Meteorological","Storm","Lightning/Thunderstorms","1","","59","","","76.511216203861"
"2016","Bangladesh","BGD","Natural","Meteorological","Storm","Tropical cyclone","1","1203555","28","600000000","784198749","76.511216203861"
"2016","Belgium","BEL","Natural","Hydrological","Flood","Riverine flood","1","","1","","","76.511216203861"
"2016","Belgium","BEL","Natural","Meteorological","Storm","Lightning/Thunderstorms","1","","1","","","76.511216203861"
"2016","Belize","BLZ","Natural","Meteorological","Storm","Tropical cyclone","1","10355","","","","76.511216203861"
"2016","Bolivia (Plurinational State of)","BOL","Natural","Climatological","Drought","Drought","1","665000","","450000000","588149061","76.511216203861"
"2016","Bolivia (Plurinational State of)","BOL","Natural","Hydrological","Flood","Flood (General)","2","5420","4","","","76.511216203861"
"2016","Brazil","BRA","Natural","Hydrological","Flood","Flash flood","1","","30","100000000","130699791","76.511216203861"
"2016","Brazil","BRA","Natural","Hydrological","Flood","Flood (General)","1","50500","3","100000000","130699791","76.511216203861"
"2016","Burkina Faso","BFA","Natural","Hydrological","Flood","Riverine flood","1","34893","15","","","76.511216203861"
"2016","Cambodia","KHM","Natural","Climatological","Drought","Drought","1","2500000","","","","76.511216203861"
"2016","Canada","CAN","Natural","Climatological","Wildfire","Forest fire","1","88000","","4000000000","5227991657","76.511216203861"
"2016","Canada","CAN","Natural","Hydrological","Flood","Flood (General)","1","300","","","","76.511216203861"
"2016","Chile","CHL","Natural","Hydrological","Flood","Riverine flood","1","100","12","100000000","130699791","76.511216203861"
"2016","China","CHN","Natural","Climatological","Drought","Drought","1","10000000","","3000000000","3920993743","76.511216203861"
"2016","China","CHN","Natural","Geophysical","Earthquake","Ground movement","3","51320","3","200500000","262053082","76.511216203861"
"2016","China","CHN","Natural","Hydrological","Flood","Flash flood","1","219300","5","170000000","222189645","76.511216203861"
"2016","China","CHN","Natural","Hydrological","Flood","Flood (General)","8","60993600","768","31059000000","40594048221","76.511216203861"
"2016","China","CHN","Natural","Hydrological","Flood","Riverine flood","3","95100","43","564000000","737146824","76.511216203861"
"2016","China","CHN","Natural","Hydrological","Mass movement (wet)","Landslide (wet)","2","7","57","","","76.511216203861"
"2016","China","CHN","Natural","Hydrological","Mass movement (wet)","Mudslide","1","237600","66","700000000","914898540","76.511216203861"
"2016","China","CHN","Natural","Meteorological","Extreme temperature","Cold wave","1","","5","1600000000","2091196663","76.511216203861"
"2016","China","CHN","Natural","Meteorological","Storm","Lightning/Thunderstorms","2","12049","","377000000","492738214","76.511216203861"
"2016","China","CHN","Natural","Meteorological","Storm","Severe weather","1","14400","23","23000000","30060952","76.511216203861"
"2016","China","CHN","Natural","Meteorological","Storm","Storm (General)","3","213846","111","1391000000","1818034099","76.511216203861"
"2016","China","CHN","Natural","Meteorological","Storm","Tornado","1","46000","102","302000000","394713370","76.511216203861"
"2016","China","CHN","Natural","Meteorological","Storm","Tropical cyclone","6","318400","104","5531160000","7229214584","76.511216203861"
"2016","Colombia","COL","Natural","Hydrological","Flood","Flood (General)","1","72","6","","","76.511216203861"
"2016","Colombia","COL","Natural","Hydrological","Flood","Riverine flood","1","2200","4","","","76.511216203861"
"2016","Costa Rica","CRI","Natural","Meteorological","Storm","Tropical cyclone","1","50000","9","","","76.511216203861"
"2016","Cuba","CUB","Natural","Meteorological","Storm","Tropical cyclone","1","190000","","2600000000","3398194577","76.511216203861"
"2016","Côte d’Ivoire","CIV","Natural","Hydrological","Flood","Flood (General)","1","","20","","","76.511216203861"
"2016","Democratic People's Republic of Korea","PRK","Natural","Hydrological","Flood","Flood (General)","1","","14","","","76.511216203861"
"2016","Democratic People's Republic of Korea","PRK","Natural","Hydrological","Flood","Riverine flood","1","667715","538","61000000","79726873","76.511216203861"
"2016","Democratic Republic of the Congo","COD","Natural","Hydrological","Flood","Flash flood","2","12635","50","","","76.511216203861"
"2016","Dominican Republic","DOM","Natural","Hydrological","Flood","Flood (General)","1","3400","","","","76.511216203861"
"2016","Dominican Republic","DOM","Natural","Hydrological","Flood","Riverine flood","1","2792000","15","","","76.511216203861"
"2016","Dominican Republic","DOM","Natural","Meteorological","Storm","Tropical cyclone","1","48","6","","","76.511216203861"
"2016","Ecuador","ECU","Natural","Geophysical","Earthquake","Ground movement","2","389511","673","2000000000","2613995829","76.511216203861"
"2016","Ecuador","ECU","Natural","Hydrological","Flood","Flash flood","1","10000","9","10000000","13069979","76.511216203861"
"2016","Ecuador","ECU","Natural","Hydrological","Flood","Riverine flood","1","23955","","","","76.511216203861"
"2016","Egypt","EGY","Natural","Meteorological","Storm","Lightning/Thunderstorms","1","32572","26","25000000","32674948","76.511216203861"
"2016","Eswatini","SWZ","Natural","Climatological","Drought","Drought","1","492000","","","","76.511216203861"
"2016","Ethiopia","ETH","Natural","Hydrological","Flood","Flash flood","2","493080","128","","","76.511216203861"
"2016","Fiji","FJI","Natural","Meteorological","Storm","Tropical cyclone","2","545558","47","600000000","784198749","76.511216203861"
"2016","France","FRA","Natural","Hydrological","Flood","Riverine flood","1","24","4","2400000000","3136794994","76.511216203861"
"2016","Germany","DEU","Natural","Hydrological","Flood","Riverine flood","1","","7","2000000000","2613995829","76.511216203861"
"2016","Ghana","GHA","Natural","Hydrological","Flood","Flood (General)","1","","10","","","76.511216203861"
"2016","Greece","GRC","Natural","Hydrological","Flood","Flash flood","1","200","4","56000000","73191883","76.511216203861"
"2016","Guatemala","GTM","Natural","Hydrological","Mass movement (wet)","Landslide (wet)","1","46","10","","","76.511216203861"
"2016","Guatemala","GTM","Natural","Meteorological","Storm","Tropical cyclone","1","55","","","","76.511216203861"
"2016","Haiti","HTI","Natural","Climatological","Drought","Drought","1","3600000","","84000000","109787825","76.511216203861"
"2016","Haiti","HTI","Natural","Hydrological","Flood","Flood (General)","3","43443","12","","","76.511216203861"
"2016","Haiti","HTI","Natural","Hydrological","Flood","Riverine flood","3","51062","41","2000000","2613996","76.511216203861"
"2016","Haiti","HTI","Natural","Meteorological","Storm","Tropical cyclone","1","2100439","546","2000000000","2613995829","76.511216203861"
"2016","Honduras","HND","Natural","Hydrological","Flood","Flood (General)","1","450000","6","","","76.511216203861"
"2016","Honduras","HND","Natural","Meteorological","Storm","Tropical cyclone","1","151","1","","","76.511216203861"
"2016","Hungary","HUN","Natural","Hydrological","Flood","Flood (General)","1","2282","","","","76.511216203861"
"2016","India","IND","Natural","Climatological","Wildfire","Forest fire","1","","7","","","76.511216203861"
"2016","India","IND","Natural","Geophysical","Earthquake","Ground movement","1","10808","8","75000000","98024844","76.511216203861"
"2016","India","IND","Natural","Hydrological","Flood","Flash flood","2","2000000","111","250000000","326749479","76.511216203861"
"2016","India","IND","Natural","Hydrological","Flood","Flood (General)","6","1806000","555","1249000000","1632440395","76.511216203861"
"2016","India","IND","Natural","Hydrological","Mass movement (wet)","Avalanche (wet)","1","","10","","","76.511216203861"
"2016","India","IND","Natural","Hydrological","Mass movement (wet)","Landslide (wet)","1","5","10","","","76.511216203861"
"2016","India","IND","Natural","Meteorological","Extreme temperature","Heat wave","1","","300","","","76.511216203861"
"2016","India","IND","Natural","Meteorological","Storm","Lightning/Thunderstorms","2","","104","","","76.511216203861"
"2016","India","IND","Natural","Meteorological","Storm","Tropical cyclone","1","","24","1000000000","1306997914","76.511216203861"
"2016","Indonesia","IDN","Natural","Geophysical","Earthquake","Ground movement","3","90600","105","100000000","130699791","76.511216203861"
"2016","Indonesia","IDN","Natural","Hydrological","Flood","Flood (General)","8","348340","79","108000000","141155775","76.511216203861"
"2016","Indonesia","IDN","Natural","Hydrological","Flood","Riverine flood","2","43669","10","","","76.511216203861"
"2016","Indonesia","IDN","Natural","Hydrological","Mass movement (wet)","Landslide (wet)","2","","77","25000000","32674948","76.511216203861"
"2016","Iran (Islamic Republic of)","IRN","Natural","Meteorological","Storm","Lightning/Thunderstorms","1","2000","4","","","76.511216203861"
"2016","Israel","ISR","Natural","Climatological","Wildfire","Land fire (Brush, Bush, Pasture)","1","60137","","520000000","679638915","76.511216203861"
"2016","Italy","ITA","Natural","Geophysical","Earthquake","Ground movement","3","30173","297","5400000000","7057788737","76.511216203861"
"2016","Italy","ITA","Natural","Hydrological","Flood","Riverine flood","1","400","1","100000000","130699791","76.511216203861"
"2016","Jamaica","JAM","Natural","Meteorological","Storm","Tropical cyclone","1","125000","","","","76.511216203861"
"2016","Japan","JPN","Natural","Geophysical","Earthquake","Ground movement","3","419725","58","20100000000","26270658078","76.511216203861"
"2016","Japan","JPN","Natural","Hydrological","Flood","Flood (General)","1","6000","7","","","76.511216203861"
"2016","Japan","JPN","Natural","Meteorological","Extreme temperature","Cold wave","1","610","8","","","76.511216203861"
"2016","Japan","JPN","Natural","Meteorological","Extreme temperature","Heat wave","1","490","3","","","76.511216203861"
"2016","Japan","JPN","Natural","Meteorological","Storm","Tropical cyclone","4","9703","25","100000000","130699791","76.511216203861"
"2016","Kenya","KEN","Natural","Climatological","Drought","Drought","1","3400000","","","","76.511216203861"
"2016","Kenya","KEN","Natural","Hydrological","Flood","Flood (General)","1","10000","39","","","76.511216203861"
"2016","Kenya","KEN","Natural","Hydrological","Flood","Riverine flood","1","1000","3","","","76.511216203861"
"2016","Lao People's Democratic Republic","LAO","Natural","Hydrological","Flood","Flood (General)","1","26328","5","50000","65350","76.511216203861"
"2016","Lesotho","LSO","Natural","Climatological","Drought","Drought","1","709000","","","","76.511216203861"
"2016","Liberia","LBR","Natural","Hydrological","Flood","Flood (General)","1","15431","","","","76.511216203861"
"2016","Madagascar","MDG","Natural","Climatological","Drought","Drought","1","1140000","","","","76.511216203861"
"2016","Malawi","MWI","Natural","Hydrological","Flood","Flash flood","1","2800","12","","","76.511216203861"
"2016","Malaysia","MYS","Natural","Hydrological","Flood","Flood (General)","4","31841","","132000000","172523725","76.511216203861"
"2016","Mali","MLI","Natural","Hydrological","Flood","Flash flood","1","9500","13","","","76.511216203861"
"2016","Mexico","MEX","Natural","Hydrological","Flood","Flash flood","3","41000","9","25000000","32674948","76.511216203861"
"2016","Mexico","MEX","Natural","Hydrological","Flood","Flood (General)","2","12000","16","","","76.511216203861"
"2016","Mexico","MEX","Natural","Meteorological","Storm","Tropical cyclone","2","21500","65","50000000","65349896","76.511216203861"
"2016","Micronesia (Federated States of)","FSM","Natural","Climatological","Drought","Drought","1","100000","","","","76.511216203861"
"2016","Mongolia","MNG","Natural","Meteorological","Extreme temperature","Severe winter conditions","1","157000","","","","76.511216203861"
"2016","Morocco","MAR","Natural","Meteorological","Extreme temperature","Cold wave","1","750000","","","","76.511216203861"
"2016","Mozambique","MOZ","Natural","Climatological","Drought","Drought","1","2300000","","","","76.511216203861"
"2016","Mozambique","MOZ","Natural","Hydrological","Flood","Flood (General)","2","171600","63","","","76.511216203861"
"2016","Mozambique","MOZ","Natural","Meteorological","Storm","Lightning/Thunderstorms","1","1700","12","1500000","1960497","76.511216203861"
"2016","Myanmar","MMR","Natural","Geophysical","Earthquake","Ground movement","1","1152","4","10000000","13069979","76.511216203861"
"2016","Myanmar","MMR","Natural","Hydrological","Flood","Flood (General)","2","852227","19","2000000","2613996","76.511216203861"
"2016","Myanmar","MMR","Natural","Hydrological","Mass movement (wet)","Landslide (wet)","1","15","42","","","76.511216203861"
"2016","Myanmar","MMR","Natural","Meteorological","Storm","Lightning/Thunderstorms","2","99956","32","4600000","6012190","76.511216203861"
"2016","Nepal","NPL","Natural","Climatological","Wildfire","Forest fire","1","","11","","","76.511216203861"
"2016","Nepal","NPL","Natural","Hydrological","Flood","Flash flood","1","10551","138","15000000","19604969","76.511216203861"
"2016","Nepal","NPL","Natural","Hydrological","Flood","Flood (General)","1","10023","25","","","76.511216203861"
"2016","Netherlands (Kingdom of the)","NLD","Natural","Meteorological","Storm","Lightning/Thunderstorms","1","","","844000000","1103106240","76.511216203861"
"2016","New Zealand","NZL","Natural","Geophysical","Earthquake","Tsunami","1","50","2","3900000000","5097291866","76.511216203861"
"2016","New Zealand","NZL","Natural","Hydrological","Flood","Flash flood","1","300","","25000000","32674948","76.511216203861"
"2016","Nicaragua","NIC","Natural","Meteorological","Storm","Tropical cyclone","1","10570","","","","76.511216203861"
"2016","Niger","NER","Natural","Hydrological","Flood","Flash flood","1","3000","11","","","76.511216203861"
"2016","Niger","NER","Natural","Hydrological","Flood","Flood (General)","1","123266","50","","","76.511216203861"
"2016","Nigeria","NGA","Natural","Hydrological","Flood","Riverine flood","1","12000","18","","","76.511216203861"
"2016","Nigeria","NGA","Natural","Meteorological","Storm","Lightning/Thunderstorms","1","1000","28","","","76.511216203861"
"2016","North Macedonia","MKD","Natural","Geophysical","Earthquake","Ground movement","1","100","","10000000","13069979","76.511216203861"
"2016","North Macedonia","MKD","Natural","Hydrological","Flood","Flash flood","1","33582","22","50000000","65349896","76.511216203861"
"2016","Oman","OMN","Natural","Hydrological","Flood","Flash flood","1","","2","","","76.511216203861"
"2016","Pakistan","PAK","Natural","Geophysical","Earthquake","Ground movement","1","142","6","","","76.511216203861"
"2016","Pakistan","PAK","Natural","Hydrological","Flood","Flash flood","3","3387","170","","","76.511216203861"
"2016","Pakistan","PAK","Natural","Hydrological","Flood","Flood (General)","3","2963","58","","","76.511216203861"
"2016","Pakistan","PAK","Natural","Hydrological","Flood","Riverine flood","1","4412","141","2000000","2613996","76.511216203861"
"2016","Pakistan","PAK","Natural","Meteorological","Storm","Lightning/Thunderstorms","1","191","34","","","76.511216203861"
"2016","Panama","PAN","Natural","Meteorological","Storm","Tropical cyclone","1","12000","7","","","76.511216203861"
"2016","Papua New Guinea","PNG","Natural","Hydrological","Flood","Flood (General)","1","6600","","","","76.511216203861"
"2016","Paraguay","PRY","Natural","Climatological","Drought","Drought","1","","","","","76.511216203861"
"2016","Peru","PER","Natural","Geophysical","Earthquake","Ground movement","2","11439","5","","","76.511216203861"
"2016","Peru","PER","Natural","Hydrological","Flood","Flood (General)","1","10000","2","2000000","2613996","76.511216203861"
"2016","Philippines","PHL","Natural","Geophysical","Earthquake","Ground movement","1","202","8","","","76.511216203861"
"2016","Philippines","PHL","Natural","Hydrological","Flood","Flood (General)","2","2563098","45","9320000","12181221","76.511216203861"
"2016","Philippines","PHL","Natural","Meteorological","Storm","Storm (General)","1","8809","","","","76.511216203861"
"2016","Philippines","PHL","Natural","Meteorological","Storm","Tropical cyclone","7","2962703","34","170754000","223175122","76.511216203861"
"2016","Poland","POL","Natural","Hydrological","Flood","Riverine flood","1","3","2","","","76.511216203861"
"2016","Poland","POL","Natural","Meteorological","Extreme temperature","Cold wave","1","","21","","","76.511216203861"
"2016","Portugal","PRT","Natural","Climatological","Wildfire","Forest fire","1","1361","4","157000000","205198673","76.511216203861"
"2016","Republic of Korea","KOR","Natural","Geophysical","Earthquake","Ground movement","1","29832","","21000000","27446956","76.511216203861"
"2016","Republic of Korea","KOR","Natural","Meteorological","Extreme temperature","Cold wave","1","","6","127000000","165988735","76.511216203861"
"2016","Republic of Korea","KOR","Natural","Meteorological","Storm","Tropical cyclone","1","1500","9","126000000","164681737","76.511216203861"
"2016","Romania","ROU","Natural","Hydrological","Flood","Riverine flood","2","300","3","","","76.511216203861"
"2016","Russian Federation","RUS","Natural","Hydrological","Flood","Flood (General)","3","11696","","12000000","15683975","76.511216203861"
"2016","Rwanda","RWA","Natural","Hydrological","Flood","Flood (General)","1","","67","","","76.511216203861"
"2016","Rwanda","RWA","Natural","Hydrological","Mass movement (wet)","Landslide (wet)","1","30030","50","","","76.511216203861"
"2016","Saint Lucia","LCA","Natural","Meteorological","Storm","Tropical cyclone","1","25000","","","","76.511216203861"
"2016","Saint Vincent and the Grenadines","VCT","Natural","Hydrological","Flood","Flood (General)","1","25000","","29700000","38817838","76.511216203861"
"2016","Saint Vincent and the Grenadines","VCT","Natural","Meteorological","Storm","Tropical cyclone","1","","1","","","76.511216203861"
"2016","Saudi Arabia","SAU","Natural","Hydrological","Flood","Flash flood","1","","3","","","76.511216203861"
"2016","Saudi Arabia","SAU","Natural","Hydrological","Flood","Flood (General)","1","915","18","","","76.511216203861"
"2016","Saudi Arabia","SAU","Natural","Meteorological","Storm","Blizzard/Winter storm","1","122","3","50000000","65349896","76.511216203861"
"2016","Senegal","SEN","Natural","Hydrological","Flood","Flood (General)","1","10646","5","","","76.511216203861"
"2016","Serbia","SRB","Natural","Hydrological","Flood","Flash flood","2","8655","1","100000000","130699791","76.511216203861"
"2016","Solomon Islands","SLB","Natural","Geophysical","Earthquake","Ground movement","1","9770","","","","76.511216203861"
"2016","Somalia","SOM","Natural","Hydrological","Flood","Flash flood","1","","9","","","76.511216203861"
"2016","South Africa","ZAF","Natural","Hydrological","Flood","Flash flood","1","600","6","100000000","130699791","76.511216203861"
"2016","South Africa","ZAF","Natural","Hydrological","Flood","Flood (General)","1","6900","7","180000000","235259625","76.511216203861"
"2016","South Africa","ZAF","Natural","Meteorological","Extreme temperature","Heat wave","1","20","11","","","76.511216203861"
"2016","South Sudan","SSD","Natural","Climatological","Drought","Drought","1","3600000","","","","76.511216203861"
"2016","South Sudan","SSD","Natural","Hydrological","Flood","Flood (General)","1","22000","","","","76.511216203861"
"2016","Spain","ESP","Natural","Hydrological","Flood","Flash flood","1","150","5","50000000","65349896","76.511216203861"
"2016","Sri Lanka","LKA","Natural","Climatological","Drought","Drought","1","900000","","20000000","26139958","76.511216203861"
"2016","Sri Lanka","LKA","Natural","Hydrological","Flood","Flood (General)","1","301602","203","1200000000","1568397497","76.511216203861"
"2016","Sudan","SDN","Natural","Hydrological","Flood","Flash flood","1","200004","171","","","76.511216203861"
"2016","Taiwan (Province of China)","TWN","Natural","Geophysical","Earthquake","Ground movement","1","525","117","700000000","914898540","76.511216203861"
"2016","Taiwan (Province of China)","TWN","Natural","Meteorological","Extreme temperature","Cold wave","1","","85","52000000","67963892","76.511216203861"
"2016","Taiwan (Province of China)","TWN","Natural","Meteorological","Storm","Tropical cyclone","3","460","10","180000000","235259625","76.511216203861"
"2016","Tajikistan","TJK","Natural","Geophysical","Earthquake","Ground movement","1","155","","","","76.511216203861"
"2016","Tajikistan","TJK","Natural","Hydrological","Flood","Flood (General)","1","12750","4","","","76.511216203861"
"2016","Thailand","THA","Natural","Hydrological","Flood","Flash flood","1","22500","3","","","76.511216203861"
"2016","Thailand","THA","Natural","Hydrological","Flood","Flood (General)","2","786343","18","145000000","189514698","76.511216203861"
"2016","Thailand","THA","Natural","Meteorological","Extreme temperature","Cold wave","1","","14","","","76.511216203861"
"2016","Timor-Leste","TLS","Natural","Climatological","Drought","Drought","1","120000","","","","76.511216203861"
"2016","Tonga","TON","Natural","Meteorological","Storm","Tropical cyclone","3","392","","","","76.511216203861"
"2016","Uganda","UGA","Natural","Geophysical","Earthquake","Ground movement","1","590","4","","","76.511216203861"
"2016","Uganda","UGA","Natural","Hydrological","Flood","Riverine flood","1","10000","","2700000","3528894","76.511216203861"
"2016","Uganda","UGA","Natural","Hydrological","Mass movement (wet)","Landslide (wet)","1","1000","15","","","76.511216203861"
"2016","Ukraine","UKR","Natural","Hydrological","Flood","Flood (General)","1","200","3","","","76.511216203861"
"2016","Ukraine","UKR","Natural","Meteorological","Extreme temperature","Cold wave","1","","37","","","76.511216203861"
"2016","United Kingdom of Great Britain and Northern Ireland","GBR","Natural","Meteorological","Storm","Extra-tropical storm","1","7200","","160000000","209119666","76.511216203861"
"2016","United Republic of Tanzania","TZA","Natural","Geophysical","Earthquake","Ground movement","1","139601","17","458000000","598605045","76.511216203861"
"2016","United Republic of Tanzania","TZA","Natural","Hydrological","Flood","Flash flood","1","53446","","","","76.511216203861"
"2016","United Republic of Tanzania","TZA","Natural","Hydrological","Flood","Flood (General)","2","86829","16","","","76.511216203861"
"2016","United States of America","USA","Natural","Climatological","Wildfire","Forest fire","4","8452","16","1500000000","1960496871","76.511216203861"
"2016","United States of America","USA","Natural","Geophysical","Earthquake","Ground movement","1","120","","20000000","26139958","76.511216203861"
"2016","United States of America","USA","Natural","Hydrological","Flood","Flash flood","1","21000","9","2000000000","2613995829","76.511216203861"
"2016","United States of America","USA","Natural","Hydrological","Flood","Flood (General)","4","70000","44","12600000000","16468173720","76.511216203861"
"2016","United States of America","USA","Natural","Hydrological","Flood","Riverine flood","1","","1","550000000","718848853","76.511216203861"
"2016","United States of America","USA","Natural","Meteorological","Storm","Blizzard/Winter storm","4","85000057","90","2125000000","2777370568","76.511216203861"
"2016","United States of America","USA","Natural","Meteorological","Storm","Hail","1","12","9","1100000000","1437697706","76.511216203861"
"2016","United States of America","USA","Natural","Meteorological","Storm","Lightning/Thunderstorms","3","3019","13","6300000000","8234086860","76.511216203861"
"2016","United States of America","USA","Natural","Meteorological","Storm","Severe weather","4","300","8","5225000000","6829064102","76.511216203861"
"2016","United States of America","USA","Natural","Meteorological","Storm","Storm (General)","1","2000","25","1000000000","1306997914","76.511216203861"
"2016","United States of America","USA","Natural","Meteorological","Storm","Tornado","1","10","2","1700000000","2221896454","76.511216203861"
"2016","United States of America","USA","Natural","Meteorological","Storm","Tropical cyclone","2","14070","52","10600000000","13854177892","76.511216203861"
"2016","Uruguay","URY","Natural","Hydrological","Flood","Flood (General)","1","10605","8","3000000","3920994","76.511216203861"
"2016","Venezuela (Bolivarian Republic of)","VEN","Natural","Hydrological","Flood","Flood (General)","1","","","","","76.511216203861"
"2016","Viet Nam","VNM","Natural","Hydrological","Flood","Flood (General)","3","768970","56","57000000","74498881","76.511216203861"
"2016","Viet Nam","VNM","Natural","Hydrological","Flood","Riverine flood","1","659615","35","104280000","136293743","76.511216203861"
"2016","Viet Nam","VNM","Natural","Meteorological","Storm","Storm (General)","1","182500","25","144000000","188207700","76.511216203861"
"2016","Viet Nam","VNM","Natural","Meteorological","Storm","Tropical cyclone","3","812840","46","541157000","707291070","76.511216203861"
"2016","Yemen","YEM","Natural","Hydrological","Flood","Flash flood","1","29750","20","","","76.511216203861"
"2016","Yemen","YEM","Natural","Hydrological","Mass movement (wet)","Landslide (wet)","1","20","20","","","76.511216203861"
"2016","Zimbabwe","ZWE","Natural","Meteorological","Storm","Lightning/Thunderstorms","1","2000","31","","","76.511216203861"
"2017","Afghanistan","AFG","Natural","Hydrological","Flood","Flood (General)","1","1822","36","","","78.141001762768"
"2017","Afghanistan","AFG","Natural","Hydrological","Mass movement (wet)","Avalanche (wet)","2","363","123","","","78.141001762768"
"2017","Afghanistan","AFG","Natural","Meteorological","Storm","Blizzard/Winter storm","2","9055","67","","","78.141001762768"
"2017","Albania","ALB","Natural","Hydrological","Flood","Flash flood","1","21002","1","8900000","11389667","78.141001762768"
"2017","Albania","ALB","Natural","Meteorological","Extreme temperature","Severe winter conditions","1","","6","","","78.141001762768"
"2017","Algeria","DZA","Natural","Meteorological","Extreme temperature","Cold wave","1","125000","","","","78.141001762768"
"2017","Angola","AGO","Natural","Climatological","Drought","Drought","1","1420000","","","","78.141001762768"
"2017","Angola","AGO","Natural","Hydrological","Flood","Flash flood","1","30250","11","2000000","2559476","78.141001762768"
"2017","Anguilla","AIA","Natural","Meteorological","Storm","Tropical cyclone","1","15000","4","200000000","255947576","78.141001762768"
"2017","Antigua and Barbuda","ATG","Natural","Meteorological","Storm","Tropical cyclone","1","1800","1","250000000","319934470","78.141001762768"
"2017","Argentina","ARG","Natural","Hydrological","Flood","Flood (General)","2","48777","1","","","78.141001762768"
"2017","Argentina","ARG","Natural","Hydrological","Flood","Riverine flood","1","3000","","","","78.141001762768"
"2017","Argentina","ARG","Natural","Hydrological","Mass movement (wet)","Landslide (wet)","1","2666","","","","78.141001762768"
"2017","Australia","AUS","Natural","Climatological","Wildfire","Wildfire (General)","1","143","","20000000","25594758","78.141001762768"
"2017","Australia","AUS","Natural","Meteorological","Storm","Hail","1","6000","","490000000","627071562","78.141001762768"
"2017","Australia","AUS","Natural","Meteorological","Storm","Tropical cyclone","1","45000","12","2700000000","3455292278","78.141001762768"
"2017","Austria","AUT","Natural","Meteorological","Storm","Severe weather","2","330","5","118000000","151009070","78.141001762768"
"2017","Bahamas","BHS","Natural","Meteorological","Storm","Tropical cyclone","1","","","2000000","2559476","78.141001762768"
"2017","Bangladesh","BGD","Natural","Hydrological","Flood","Flood (General)","1","8000000","144","500000000","639868940","78.141001762768"
"2017","Bangladesh","BGD","Natural","Hydrological","Flood","Riverine flood","1","86025","","128000000","163806449","78.141001762768"
"2017","Bangladesh","BGD","Natural","Hydrological","Mass movement (wet)","Mudslide","1","80187","160","","","78.141001762768"
"2017","Bangladesh","BGD","Natural","Meteorological","Storm","Lightning/Thunderstorms","1","","12","","","78.141001762768"
"2017","Bangladesh","BGD","Natural","Meteorological","Storm","Tropical cyclone","1","3300012","7","","","78.141001762768"
"2017","Barbados","BRB","Natural","Meteorological","Storm","Tropical cyclone","1","","1","","","78.141001762768"
"2017","Belarus","BLR","Natural","Meteorological","Extreme temperature","Severe winter conditions","1","50539","43","","","78.141001762768"
"2017","Botswana","BWA","Natural","Hydrological","Flood","Flood (General)","1","3250","","","","78.141001762768"
"2017","Brazil","BRA","Natural","Hydrological","Flood","Riverine flood","1","104140","14","100000000","127973788","78.141001762768"
"2017","British Virgin Islands","VGB","Natural","Meteorological","Storm","Tropical cyclone","2","","9","3000000000","3839213642","78.141001762768"
"2017","Bulgaria","BGR","Natural","Hydrological","Flood","Flash flood","1","","4","","","78.141001762768"
"2017","Burkina Faso","BFA","Natural","Hydrological","Flood","Flood (General)","1","882","2","","","78.141001762768"
"2017","Burundi","BDI","Natural","Hydrological","Mass movement (wet)","Landslide (wet)","1","810","6","","","78.141001762768"
"2017","Cabo Verde","CPV","Natural","Climatological","Drought","Drought","1","70000","","","","78.141001762768"
"2017","Cameroon","CMR","Natural","Hydrological","Flood","Flash flood","1","12890","3","","","78.141001762768"
"2017","Canada","CAN","Natural","Climatological","Wildfire","Wildfire (General)","1","43441","","","","78.141001762768"
"2017","Canada","CAN","Natural","Hydrological","Flood","Flood (General)","2","19113","2","200000000","255947576","78.141001762768"
"2017","Central African Republic","CAF","Natural","Hydrological","Flood","Flood (General)","1","3500","","","","78.141001762768"
"2017","Central African Republic","CAF","Natural","Meteorological","Storm","Severe weather","1","3690","","","","78.141001762768"
"2017","Chad","TCD","Natural","Climatological","Drought","Drought","1","1886800","","","","78.141001762768"
"2017","Chile","CHL","Natural","Climatological","Wildfire","Forest fire","1","19608","11","550000000","703855834","78.141001762768"
"2017","Chile","CHL","Natural","Hydrological","Flood","Flash flood","1","3000","2","","","78.141001762768"
"2017","Chile","CHL","Natural","Hydrological","Flood","Flood (General)","1","1200","3","2000000","2559476","78.141001762768"
"2017","Chile","CHL","Natural","Hydrological","Flood","Riverine flood","1","3024","4","","","78.141001762768"
"2017","Chile","CHL","Natural","Hydrological","Mass movement (wet)","Landslide (wet)","1","142","22","","","78.141001762768"
"2017","China","CHN","Natural","Climatological","Drought","Drought","1","2000000","","122000000","156128021","78.141001762768"
"2017","China","CHN","Natural","Geophysical","Earthquake","Ground movement","4","251457","37","654000000","836948574","78.141001762768"
"2017","China","CHN","Natural","Hydrological","Flood","Flash flood","1","2700","1","277000000","354487393","78.141001762768"
"2017","China","CHN","Natural","Hydrological","Flood","Flood (General)","9","12302408","219","7969000000","10198231172","78.141001762768"
"2017","China","CHN","Natural","Hydrological","Flood","Riverine flood","2","28500","11","200000000","255947576","78.141001762768"
"2017","China","CHN","Natural","Hydrological","Mass movement (wet)","Landslide (wet)","3","762","72","2300000","2943397","78.141001762768"
"2017","China","CHN","Natural","Hydrological","Mass movement (wet)","Rockfall (wet)","1","400","83","","","78.141001762768"
"2017","China","CHN","Natural","Meteorological","Storm","Lightning/Thunderstorms","4","199700","64","3737000000","4782380461","78.141001762768"
"2017","China","CHN","Natural","Meteorological","Storm","Severe weather","1","41133","7","28000000","35832661","78.141001762768"
"2017","China","CHN","Natural","Meteorological","Storm","Tropical cyclone","4","66373","20","3616600000","4628300020","78.141001762768"
"2017","China, Hong Kong Special Administrative Region","HKG","Natural","Meteorological","Storm","Tropical cyclone","2","156","1","755500000","966841969","78.141001762768"
"2017","China, Macao Special Administrative Region","MAC","Natural","Meteorological","Storm","Tropical cyclone","2","200","10","1420000000","1817227791","78.141001762768"
"2017","Colombia","COL","Natural","Hydrological","Flood","Flood (General)","3","27853","23","","","78.141001762768"
"2017","Colombia","COL","Natural","Hydrological","Flood","Riverine flood","1","3000","12","2000000","2559476","78.141001762768"
"2017","Colombia","COL","Natural","Hydrological","Mass movement (wet)","Landslide (wet)","1","512","20","2000000","2559476","78.141001762768"
"2017","Colombia","COL","Natural","Hydrological","Mass movement (wet)","Mudslide","1","45360","329","100000000","127973788","78.141001762768"
"2017","Colombia","COL","Natural","Meteorological","Storm","Tropical cyclone","1","","","","","78.141001762768"
"2017","Costa Rica","CRI","Natural","Meteorological","Storm","Tropical cyclone","1","11500","13","185000000","236751508","78.141001762768"
"2017","Croatia","HRV","Natural","Climatological","Wildfire","Forest fire","1","80","","","","78.141001762768"
"2017","Croatia","HRV","Natural","Meteorological","Storm","Lightning/Thunderstorms","1","8000","","161000000","206037799","78.141001762768"
"2017","Cuba","CUB","Natural","Meteorological","Storm","Tropical cyclone","1","10000000","10","540000000","691058456","78.141001762768"
"2017","Czechia","CZE","Natural","Meteorological","Storm","Derecho","1","600","","2900000","3711240","78.141001762768"
"2017","Côte d’Ivoire","CIV","Natural","Hydrological","Flood","Riverine flood","1","225","15","","","78.141001762768"
"2017","Democratic Republic of the Congo","COD","Natural","Hydrological","Flood","Flood (General)","1","500","105","","","78.141001762768"
"2017","Democratic Republic of the Congo","COD","Natural","Hydrological","Mass movement (wet)","Landslide (wet)","1","10","174","","","78.141001762768"
"2017","Dominica","DMA","Natural","Meteorological","Storm","Tropical cyclone","1","71393","64","1456000000","1863298354","78.141001762768"
"2017","Dominican Republic","DOM","Natural","Meteorological","Storm","Storm (General)","1","10287","","","","78.141001762768"
"2017","Dominican Republic","DOM","Natural","Meteorological","Storm","Tropical cyclone","2","32300","5","63000000","80623486","78.141001762768"
"2017","El Salvador","SLV","Natural","Meteorological","Storm","Tropical cyclone","1","584","10","","","78.141001762768"
"2017","France","FRA","Natural","Climatological","Wildfire","Wildfire (General)","1","12012","","","","78.141001762768"
"2017","France","FRA","Natural","Hydrological","Flood","Flash flood","1","160","1","","","78.141001762768"
"2017","France","FRA","Natural","Meteorological","Storm","Extra-tropical storm","1","11","2","550000000","703855834","78.141001762768"
"2017","French Polynesia","PYF","Natural","Hydrological","Flood","Flood (General)","1","5004","","2000000","2559476","78.141001762768"
"2017","Gambia","GMB","Natural","Hydrological","Flood","Flood (General)","1","20000","6","","","78.141001762768"
"2017","Germany","DEU","Natural","Hydrological","Flood","Riverine flood","1","600","1","","","78.141001762768"
"2017","Germany","DEU","Natural","Meteorological","Storm","Hail","1","","2","740000000","947006032","78.141001762768"
"2017","Germany","DEU","Natural","Meteorological","Storm","Severe weather","1","24","3","159000000","203478323","78.141001762768"
"2017","Ghana","GHA","Natural","Hydrological","Flood","Flood (General)","1","1000000","","","","78.141001762768"
"2017","Ghana","GHA","Natural","Meteorological","Storm","Storm (General)","1","12","20","","","78.141001762768"
"2017","Greece","GRC","Natural","Geophysical","Earthquake","Ground movement","2","851","3","","","78.141001762768"
"2017","Greece","GRC","Natural","Hydrological","Flood","Flash flood","1","6024","23","","","78.141001762768"
"2017","Greece","GRC","Natural","Meteorological","Extreme temperature","Severe winter conditions","1","","","","","78.141001762768"
"2017","Guadeloupe","GLP","Natural","Meteorological","Storm","Tropical cyclone","1","80002","4","120000000","153568546","78.141001762768"
"2017","Guatemala","GTM","Natural","Geophysical","Earthquake","Ground movement","1","3601","","","","78.141001762768"
"2017","Guatemala","GTM","Natural","Hydrological","Flood","Flood (General)","3","42399","","","","78.141001762768"
"2017","Guatemala","GTM","Natural","Hydrological","Flood","Riverine flood","1","160","1","","","78.141001762768"
"2017","Guatemala","GTM","Natural","Hydrological","Mass movement (wet)","Landslide (wet)","1","","11","","","78.141001762768"
"2017","Guatemala","GTM","Natural","Meteorological","Storm","Tropical cyclone","1","3175","8","","","78.141001762768"
"2017","Guinea","GIN","Natural","Hydrological","Flood","Flood (General)","1","3287","","","","78.141001762768"
"2017","Guyana","GUY","Natural","Hydrological","Flood","Riverine flood","1","3274","","","","78.141001762768"
"2017","Haiti","HTI","Natural","Hydrological","Flood","Flood (General)","2","50342","31","","","78.141001762768"
"2017","Haiti","HTI","Natural","Meteorological","Storm","Storm (General)","1","","","","","78.141001762768"
"2017","Haiti","HTI","Natural","Meteorological","Storm","Tropical cyclone","2","40092","4","","","78.141001762768"
"2017","Honduras","HND","Natural","Hydrological","Flood","Flood (General)","2","47375","15","","","78.141001762768"
"2017","Honduras","HND","Natural","Hydrological","Flood","Riverine flood","1","645","3","","","78.141001762768"
"2017","Honduras","HND","Natural","Meteorological","Storm","Tropical cyclone","1","120","3","","","78.141001762768"
"2017","Hungary","HUN","Natural","Meteorological","Storm","Hail","1","1298","","","","78.141001762768"
"2017","India","IND","Natural","Hydrological","Flood","Flash flood","2","4012","35","300000000","383921364","78.141001762768"
"2017","India","IND","Natural","Hydrological","Flood","Flood (General)","6","20532831","936","1817000000","2325283729","78.141001762768"
"2017","India","IND","Natural","Hydrological","Flood","Riverine flood","1","1735000","75","","","78.141001762768"
"2017","India","IND","Natural","Hydrological","Mass movement (wet)","Avalanche (wet)","1","","28","","","78.141001762768"
"2017","India","IND","Natural","Hydrological","Mass movement (wet)","Landslide (wet)","2","100","68","","","78.141001762768"
"2017","India","IND","Natural","Meteorological","Extreme temperature","Heat wave","1","","264","","","78.141001762768"
"2017","India","IND","Natural","Meteorological","Storm","Lightning/Thunderstorms","3","61282","56","","","78.141001762768"
"2017","India","IND","Natural","Meteorological","Storm","Tropical cyclone","2","61970","884","","","78.141001762768"
"2017","Indonesia","IDN","Natural","Geophysical","Earthquake","Ground movement","1","8895","4","","","78.141001762768"
"2017","Indonesia","IDN","Natural","Geophysical","Volcanic activity","Volcanic activity (General)","1","133349","","","","78.141001762768"
"2017","Indonesia","IDN","Natural","Hydrological","Flood","Flash flood","3","27650","21","2000000","2559476","78.141001762768"
"2017","Indonesia","IDN","Natural","Hydrological","Flood","Flood (General)","2","12400","11","","","78.141001762768"
"2017","Indonesia","IDN","Natural","Hydrological","Flood","Riverine flood","2","299830","12","19000000","24315020","78.141001762768"
"2017","Indonesia","IDN","Natural","Hydrological","Mass movement (wet)","Landslide (wet)","2","50677","40","13000000","16636592","78.141001762768"
"2017","Indonesia","IDN","Natural","Meteorological","Storm","Tropical cyclone","1","2035","11","","","78.141001762768"
"2017","Iran (Islamic Republic of)","IRN","Natural","Geophysical","Earthquake","Ground movement","3","211382","449","742000000","949565508","78.141001762768"
"2017","Iran (Islamic Republic of)","IRN","Natural","Hydrological","Flood","Flash flood","2","2000","60","388000000","496538298","78.141001762768"
"2017","Iraq","IRQ","Natural","Geophysical","Earthquake","Ground movement","1","5969","10","","","78.141001762768"
"2017","Ireland","IRL","Natural","Hydrological","Flood","Flash flood","2","600","","","","78.141001762768"
"2017","Italy","ITA","Natural","Climatological","Drought","Drought","1","","","2300000000","2943397126","78.141001762768"
"2017","Italy","ITA","Natural","Geophysical","Earthquake","Ground movement","2","2653","31","18000000","23035282","78.141001762768"
"2017","Italy","ITA","Natural","Hydrological","Flood","Riverine flood","1","1000","1","125000000","159967235","78.141001762768"
"2017","Italy","ITA","Natural","Meteorological","Storm","Lightning/Thunderstorms","1","1000","9","216000000","276423382","78.141001762768"
"2017","Italy","ITA","Natural","Meteorological","Storm","Severe weather","1","","4","3500000","4479083","78.141001762768"
"2017","Jamaica","JAM","Natural","Meteorological","Storm","Storm (General)","1","5000","","","","78.141001762768"
"2017","Japan","JPN","Natural","Hydrological","Flood","Riverine flood","1","2944","37","700000000","895816517","78.141001762768"
"2017","Japan","JPN","Natural","Meteorological","Storm","Tropical cyclone","3","41855","12","1502000000","1922166297","78.141001762768"
"2017","Kazakhstan","KAZ","Natural","Hydrological","Flood","Riverine flood","1","7000","","","","78.141001762768"
"2017","Kenya","KEN","Natural","Hydrological","Flood","Riverine flood","1","25000","26","","","78.141001762768"
"2017","Kyrgyzstan","KGZ","Natural","Geophysical","Earthquake","Ground movement","1","5000","","","","78.141001762768"
"2017","Kyrgyzstan","KGZ","Natural","Hydrological","Mass movement (wet)","Landslide (wet)","1","55","24","","","78.141001762768"
"2017","Lao People's Democratic Republic","LAO","Natural","Meteorological","Storm","Tropical cyclone","1","","","","","78.141001762768"
"2017","Madagascar","MDG","Natural","Climatological","Drought","Drought","1","1260000","","","","78.141001762768"
"2017","Madagascar","MDG","Natural","Meteorological","Storm","Tropical cyclone","1","434253","81","20000000","25594758","78.141001762768"
"2017","Malawi","MWI","Natural","Hydrological","Flood","Flood (General)","1","55921","","","","78.141001762768"
"2017","Malaysia","MYS","Natural","Hydrological","Flood","Flood (General)","2","8981","7","","","78.141001762768"
"2017","Malaysia","MYS","Natural","Hydrological","Flood","Riverine flood","1","13000","2","","","78.141001762768"
"2017","Malaysia","MYS","Natural","Meteorological","Storm","Storm (General)","1","426","","","","78.141001762768"
"2017","Martinique","MTQ","Natural","Meteorological","Storm","Tropical cyclone","1","2","","44000000","56308467","78.141001762768"
"2017","Mauritania","MRT","Natural","Climatological","Drought","Drought","1","3893774","","","","78.141001762768"
"2017","Mauritania","MRT","Natural","Meteorological","Storm","Severe weather","1","2040","18","","","78.141001762768"
"2017","Mexico","MEX","Natural","Geophysical","Earthquake","Ground movement","2","1456250","467","8300000000","10621824411","78.141001762768"
"2017","Mexico","MEX","Natural","Hydrological","Flood","Riverine flood","1","800","2","","","78.141001762768"
"2017","Mexico","MEX","Natural","Meteorological","Storm","Tropical cyclone","4","3010","29","2000000","2559476","78.141001762768"
"2017","Mongolia","MNG","Natural","Hydrological","Mass movement (wet)","Avalanche (wet)","1","","17","","","78.141001762768"
"2017","Montenegro","MNE","Natural","Climatological","Wildfire","Forest fire","1","200","","","","78.141001762768"
"2017","Morocco","MAR","Natural","Meteorological","Extreme temperature","Cold wave","2","1650000","","","","78.141001762768"
"2017","Mozambique","MOZ","Natural","Meteorological","Storm","Tropical cyclone","1","750102","7","17000000","21755544","78.141001762768"
"2017","Myanmar","MMR","Natural","Hydrological","Flood","Riverine flood","1","92000","3","","","78.141001762768"
"2017","Myanmar","MMR","Natural","Meteorological","Storm","Tropical cyclone","1","107520","","","","78.141001762768"
"2017","Namibia","NAM","Natural","Hydrological","Flood","Flood (General)","1","2502","","","","78.141001762768"
"2017","Nepal","NPL","Natural","Hydrological","Flood","Flood (General)","2","1706134","187","595000000","761444039","78.141001762768"
"2017","Nepal","NPL","Natural","Hydrological","Mass movement (wet)","Landslide (wet)","1","7500","11","","","78.141001762768"
"2017","New Zealand","NZL","Natural","Hydrological","Flood","Flood (General)","1","2200","","71000000","90861390","78.141001762768"
"2017","New Zealand","NZL","Natural","Meteorological","Storm","Blizzard/Winter storm","1","183","","20000000","25594758","78.141001762768"
"2017","Nicaragua","NIC","Natural","Hydrological","Flood","Flood (General)","1","13715","7","","","78.141001762768"
"2017","Nicaragua","NIC","Natural","Meteorological","Storm","Tropical cyclone","1","39200","15","","","78.141001762768"
"2017","Niger","NER","Natural","Climatological","Drought","Drought","1","1131300","","","","78.141001762768"
"2017","Niger","NER","Natural","Hydrological","Flood","Flood (General)","1","206513","56","10000000","12797379","78.141001762768"
"2017","Niger","NER","Natural","Hydrological","Flood","Riverine flood","1","3000","16","","","78.141001762768"
"2017","Nigeria","NGA","Natural","Hydrological","Flood","Flood (General)","2","10500","20","","","78.141001762768"
"2017","North Macedonia","MKD","Natural","Meteorological","Extreme temperature","Severe winter conditions","1","2220","3","","","78.141001762768"
"2017","Oman","OMN","Natural","Hydrological","Flood","Flood (General)","1","200","3","","","78.141001762768"
"2017","Pakistan","PAK","Natural","Hydrological","Flood","Flash flood","1","2367","167","110000000","140771167","78.141001762768"
"2017","Pakistan","PAK","Natural","Hydrological","Flood","Flood (General)","1","60650","13","","","78.141001762768"
"2017","Pakistan","PAK","Natural","Hydrological","Mass movement (wet)","Avalanche (wet)","1","113","9","","","78.141001762768"
"2017","Pakistan","PAK","Natural","Meteorological","Storm","Lightning/Thunderstorms","2","113","26","","","78.141001762768"
"2017","Panama","PAN","Natural","Meteorological","Storm","Tropical cyclone","1","12000","7","","","78.141001762768"
"2017","Peru","PER","Natural","Hydrological","Flood","Flood (General)","3","2188505","200","3200000000","4095161219","78.141001762768"
"2017","Philippines","PHL","Natural","Geophysical","Earthquake","Ground movement","3","58357","11","20338000","26027309","78.141001762768"
"2017","Philippines","PHL","Natural","Hydrological","Flood","Flash flood","1","8000","","","","78.141001762768"
"2017","Philippines","PHL","Natural","Hydrological","Flood","Flood (General)","2","1834000","22","8100000","10365877","78.141001762768"
"2017","Philippines","PHL","Natural","Meteorological","Storm","Storm (General)","2","2785085","149","121901000","156001327","78.141001762768"
"2017","Philippines","PHL","Natural","Meteorological","Storm","Tropical cyclone","6","184363","51","10874920","13917047","78.141001762768"
"2017","Poland","POL","Natural","Meteorological","Storm","Derecho","1","5844","6","275000000","351927917","78.141001762768"
"2017","Portugal","PRT","Natural","Climatological","Wildfire","Forest fire","2","3475","109","732000000","936768129","78.141001762768"
"2017","Puerto Rico","PRI","Natural","Meteorological","Storm","Tropical cyclone","2","750000","66","68000000000","87022175895","78.141001762768"
"2017","Republic of Korea","KOR","Natural","Geophysical","Earthquake","Ground movement","1","5057","","","","78.141001762768"
"2017","Romania","ROU","Natural","Meteorological","Storm","Severe weather","1","137","9","7300000","9342087","78.141001762768"
"2017","Russian Federation","RUS","Natural","Hydrological","Flood","Flash flood","1","15721","","","","78.141001762768"
"2017","Russian Federation","RUS","Natural","Meteorological","Storm","Severe weather","1","201","16","2000000","2559476","78.141001762768"
"2017","Rwanda","RWA","Natural","Meteorological","Storm","Severe weather","1","679","","","","78.141001762768"
"2017","Rwanda","RWA","Natural","Meteorological","Storm","Storm (General)","1","5874","3","","","78.141001762768"
"2017","Saint Barthélemy","BLM","Natural","Meteorological","Storm","Tropical cyclone","1","","4","","","78.141001762768"
"2017","Saint Kitts and Nevis","KNA","Natural","Meteorological","Storm","Tropical cyclone","1","500","","20000000","25594758","78.141001762768"
"2017","Saint Martin (French Part)","MAF","Natural","Meteorological","Storm","Tropical cyclone","1","110","12","4100000000","5246925311","78.141001762768"
"2017","Saudi Arabia","SAU","Natural","Hydrological","Flood","Flood (General)","1","481","4","","","78.141001762768"
"2017","Serbia","SRB","Natural","Meteorological","Extreme temperature","Severe winter conditions","1","","6","","","78.141001762768"
"2017","Sierra Leone","SLE","Natural","Hydrological","Mass movement (wet)","Mudslide","1","11916","1102","30000000","38392136","78.141001762768"
"2017","Sint Maarten (Dutch part)","SXM","Natural","Meteorological","Storm","Tropical cyclone","1","5040","4","2500000000","3199344702","78.141001762768"
"2017","Slovakia","SVK","Natural","Meteorological","Storm","Derecho","1","","","","","78.141001762768"
"2017","South Africa","ZAF","Natural","Climatological","Drought","Drought","1","","","1200000000","1535685457","78.141001762768"
"2017","South Africa","ZAF","Natural","Climatological","Wildfire","Wildfire (General)","1","5500","9","420000000","537489910","78.141001762768"
"2017","South Africa","ZAF","Natural","Hydrological","Flood","Flood (General)","1","200","3","","","78.141001762768"
"2017","South Africa","ZAF","Natural","Meteorological","Storm","Lightning/Thunderstorms","2","7436","20","603000000","771681942","78.141001762768"
"2017","Spain","ESP","Natural","Climatological","Wildfire","Forest fire","2","1500","4","","","78.141001762768"
"2017","Sri Lanka","LKA","Natural","Hydrological","Flood","Flood (General)","2","893129","302","389000000","497818036","78.141001762768"
"2017","Sri Lanka","LKA","Natural","Meteorological","Storm","Tropical cyclone","1","160077","27","346000000","442789307","78.141001762768"
"2017","Sudan","SDN","Natural","Hydrological","Flood","Riverine flood","1","55647","25","","","78.141001762768"
"2017","Switzerland","CHE","Natural","Geophysical","Mass movement (dry)","Rockfall (dry)","1","200","8","","","78.141001762768"
"2017","Taiwan (Province of China)","TWN","Natural","Hydrological","Flood","Riverine flood","1","4074","5","28100000","35960634","78.141001762768"
"2017","Taiwan (Province of China)","TWN","Natural","Meteorological","Storm","Tropical cyclone","1","131","1","17200000","22011492","78.141001762768"
"2017","Tajikistan","TJK","Natural","Hydrological","Flood","Flood (General)","1","700","","","","78.141001762768"
"2017","Tajikistan","TJK","Natural","Hydrological","Mass movement (wet)","Avalanche (wet)","1","","13","","","78.141001762768"
"2017","Thailand","THA","Natural","Hydrological","Flood","Flood (General)","2","1605000","32","308400000","394671162","78.141001762768"
"2017","Thailand","THA","Natural","Hydrological","Flood","Riverine flood","2","2185498","118","1000000000","1279737881","78.141001762768"
"2017","Thailand","THA","Natural","Meteorological","Storm","Tropical cyclone","2","28560","","","","78.141001762768"
"2017","Togo","TGO","Natural","Hydrological","Flood","Flood (General)","1","16060","","","","78.141001762768"
"2017","Tunisia","TUN","Natural","Climatological","Wildfire","Forest fire","1","2000","","","","78.141001762768"
"2017","Turks and Caicos Islands","TCA","Natural","Meteorological","Storm","Tropical cyclone","1","","","500000000","639868940","78.141001762768"
"2017","Türkiye","TUR","Natural","Geophysical","Earthquake","Ground movement","1","360","","","","78.141001762768"
"2017","Türkiye","TUR","Natural","Meteorological","Storm","Lightning/Thunderstorms","1","270","","600000000","767842728","78.141001762768"
"2017","Uganda","UGA","Natural","Hydrological","Flood","Flash flood","1","14","17","","","78.141001762768"
"2017","Ukraine","UKR","Natural","Meteorological","Extreme temperature","Severe winter conditions","1","","37","","","78.141001762768"
"2017","United Arab Emirates","ARE","Natural","Hydrological","Flood","Flood (General)","1","188","","","","78.141001762768"
"2017","United Kingdom of Great Britain and Northern Ireland","GBR","Natural","Hydrological","Flood","Flash flood","2","300","","","","78.141001762768"
"2017","United Republic of Tanzania","TZA","Natural","Hydrological","Flood","Riverine flood","1","","7","","","78.141001762768"
"2017","United States Virgin Islands","VIR","Natural","Meteorological","Storm","Tropical cyclone","2","","7","","","78.141001762768"
"2017","United States of America","USA","Natural","Climatological","Drought","Drought","1","","","2500000000","3199344702","78.141001762768"
"2017","United States of America","USA","Natural","Climatological","Wildfire","Forest fire","1","156","","","","78.141001762768"
"2017","United States of America","USA","Natural","Climatological","Wildfire","Land fire (Brush, Bush, Pasture)","1","9185","43","13000000000","16636592450","78.141001762768"
"2017","United States of America","USA","Natural","Climatological","Wildfire","Wildfire (General)","1","2963","2","2200000000","2815423338","78.141001762768"
"2017","United States of America","USA","Natural","Hydrological","Flood","Flash flood","1","","10","","","78.141001762768"
"2017","United States of America","USA","Natural","Hydrological","Flood","Flood (General)","1","70","20","1700000000","2175554397","78.141001762768"
"2017","United States of America","USA","Natural","Hydrological","Flood","Riverine flood","1","300","","","","78.141001762768"
"2017","United States of America","USA","Natural","Meteorological","Storm","Blizzard/Winter storm","3","12","36","2500000000","3199344702","78.141001762768"
"2017","United States of America","USA","Natural","Meteorological","Storm","Hail","2","615","2","5300000000","6782610768","78.141001762768"
"2017","United States of America","USA","Natural","Meteorological","Storm","Lightning/Thunderstorms","3","248","2","3660000000","4683840644","78.141001762768"
"2017","United States of America","USA","Natural","Meteorological","Storm","Severe weather","1","200","24","1100000000","1407711669","78.141001762768"
"2017","United States of America","USA","Natural","Meteorological","Storm","Storm (General)","1","200000","5","1500000000","1919606821","78.141001762768"
"2017","United States of America","USA","Natural","Meteorological","Storm","Tornado","3","1242","5","4800000000","6142741828","78.141001762768"
"2017","United States of America","USA","Natural","Meteorological","Storm","Tropical cyclone","4","652084","189","152250000000","194840092353","78.141001762768"
"2017","Uruguay","URY","Natural","Hydrological","Flood","Riverine flood","1","6639","","","","78.141001762768"
"2017","Vanuatu","VUT","Natural","Geophysical","Volcanic activity","Ash fall","1","11000","","","","78.141001762768"
"2017","Vanuatu","VUT","Natural","Meteorological","Storm","Tropical cyclone","1","2564","","","","78.141001762768"
"2017","Viet Nam","VNM","Natural","Hydrological","Flood","Flash flood","1","4161","39","88000000","112616934","78.141001762768"
"2017","Viet Nam","VNM","Natural","Hydrological","Flood","Flood (General)","4","86042","98","89655000","114734900","78.141001762768"
"2017","Viet Nam","VNM","Natural","Meteorological","Storm","Tropical cyclone","4","5043013","147","2985000000","3820017574","78.141001762768"
"2017","Yemen","YEM","Natural","Hydrological","Flood","Flood (General)","1","8","50","","","78.141001762768"
"2017","Zimbabwe","ZWE","Natural","Climatological","Drought","Drought","1","6900000","","","","78.141001762768"
"2017","Zimbabwe","ZWE","Natural","Meteorological","Storm","Tropical cyclone","1","113023","251","189000000","241870459","78.141001762768"
"2018","Afghanistan","AFG","Natural","Climatological","Drought","Drought","1","13500000","","","","80.049596255951"
"2018","Afghanistan","AFG","Natural","Hydrological","Flood","Flash flood","1","","11","","","80.049596255951"
"2018","Afghanistan","AFG","Natural","Hydrological","Flood","Flood (General)","2","4000","90","","","80.049596255951"
"2018","Afghanistan","AFG","Natural","Hydrological","Mass movement (wet)","Mudslide","1","","12","","","80.049596255951"
"2018","Albania","ALB","Natural","Hydrological","Flood","Riverine flood","1","800","","","","80.049596255951"
"2018","Algeria","DZA","Natural","Hydrological","Flood","Flash flood","1","200","6","","","80.049596255951"
"2018","Angola","AGO","Natural","Hydrological","Flood","Flash flood","1","3000","8","","","80.049596255951"
"2018","Argentina","ARG","Natural","Climatological","Drought","Drought","1","","","3400000000","4247366831","80.049596255951"
"2018","Argentina","ARG","Natural","Hydrological","Flood","Flash flood","1","1420","","","","80.049596255951"
"2018","Argentina","ARG","Natural","Hydrological","Flood","Flood (General)","2","62000","","","","80.049596255951"
"2018","Argentina","ARG","Natural","Meteorological","Storm","Storm (General)","1","1200","2","","","80.049596255951"
"2018","Armenia","ARM","Natural","Meteorological","Storm","Hail","1","9900","","1822000","2276089","80.049596255951"
"2018","Australia","AUS","Natural","Climatological","Drought","Drought","1","","","1200000000","1499070646","80.049596255951"
"2018","Australia","AUS","Natural","Hydrological","Flood","Flood (General)","1","600","","11400000","14241171","80.049596255951"
"2018","Australia","AUS","Natural","Meteorological","Extreme temperature","Heat wave","1","","","","","80.049596255951"
"2018","Bangladesh","BGD","Natural","Hydrological","Flood","Flood (General)","2","14000","35","","","80.049596255951"
"2018","Bangladesh","BGD","Natural","Meteorological","Extreme temperature","Cold wave","1","","34","","","80.049596255951"
"2018","Bangladesh","BGD","Natural","Meteorological","Storm","Lightning/Thunderstorms","1","","33","","","80.049596255951"
"2018","Belarus","BLR","Natural","Hydrological","Flood","Flood (General)","1","50000","","","","80.049596255951"
"2018","Belgium","BEL","Natural","Meteorological","Extreme temperature","Heat wave","1","","","","","80.049596255951"
"2018","Belgium","BEL","Natural","Meteorological","Storm","Extra-tropical storm","1","","1","","","80.049596255951"
"2018","Bolivia (Plurinational State of)","BOL","Natural","Hydrological","Flood","Flash flood","1","12186","6","","","80.049596255951"
"2018","Botswana","BWA","Natural","Hydrological","Flood","Flood (General)","1","4225","","","","80.049596255951"
"2018","Brazil","BRA","Natural","Hydrological","Flood","Flood (General)","2","1250","7","53000000","66208954","80.049596255951"
"2018","Brazil","BRA","Natural","Hydrological","Mass movement (wet)","Landslide (wet)","1","300","15","","","80.049596255951"
"2018","Bulgaria","BGR","Natural","Hydrological","Flood","Flood (General)","1","600","","","","80.049596255951"
"2018","Burundi","BDI","Natural","Hydrological","Flood","Flash flood","1","12000","","","","80.049596255951"
"2018","Burundi","BDI","Natural","Hydrological","Flood","Flood (General)","2","35956","","","","80.049596255951"
"2018","Cambodia","KHM","Natural","Hydrological","Flood","Flood (General)","1","5817","","","","80.049596255951"
"2018","Canada","CAN","Natural","Climatological","Wildfire","Forest fire","1","3000","","","","80.049596255951"
"2018","Canada","CAN","Natural","Hydrological","Flood","Flood (General)","1","4000","","","","80.049596255951"
"2018","Canada","CAN","Natural","Meteorological","Extreme temperature","Heat wave","1","","70","","","80.049596255951"
"2018","Canada","CAN","Natural","Meteorological","Storm","Tornado","1","930","","325000000","405998300","80.049596255951"
"2018","China","CHN","Natural","Geophysical","Earthquake","Ground movement","2","30024","","79000000","98688818","80.049596255951"
"2018","China","CHN","Natural","Hydrological","Flood","Flood (General)","7","3662400","233","4291972000","5361641033","80.049596255951"
"2018","China","CHN","Natural","Hydrological","Flood","Riverine flood","1","36000","11","278000000","347284700","80.049596255951"
"2018","China","CHN","Natural","Meteorological","Storm","Blizzard/Winter storm","3","4311200","23","2423300000","3027248248","80.049596255951"
"2018","China","CHN","Natural","Meteorological","Storm","Lightning/Thunderstorms","1","177000","14","147000000","183636154","80.049596255951"
"2018","China","CHN","Natural","Meteorological","Storm","Tropical cyclone","8","121500","73","8104900000","10124848068","80.049596255951"
"2018","China, Hong Kong Special Administrative Region","HKG","Natural","Meteorological","Storm","Tropical cyclone","1","300","","","","80.049596255951"
"2018","Colombia","COL","Natural","Hydrological","Flood","Flood (General)","2","60000","26","","","80.049596255951"
"2018","Costa Rica","CRI","Natural","Hydrological","Flood","Flood (General)","1","125190","1","","","80.049596255951"
"2018","Croatia","HRV","Natural","Hydrological","Flood","Flash flood","1","471","","","","80.049596255951"
"2018","Cuba","CUB","Natural","Meteorological","Storm","Tropical cyclone","2","40540","9","","","80.049596255951"
"2018","Czechia","CZE","Natural","Meteorological","Extreme temperature","Cold wave","1","","3","","","80.049596255951"
"2018","Côte d’Ivoire","CIV","Natural","Hydrological","Flood","Flood (General)","1","25000","20","","","80.049596255951"
"2018","Democratic People's Republic of Korea","PRK","Natural","Hydrological","Flood","Flood (General)","1","581268","148","25000000","31230638","80.049596255951"
"2018","Democratic People's Republic of Korea","PRK","Natural","Meteorological","Extreme temperature","Heat wave","1","13768","","","","80.049596255951"
"2018","Democratic People's Republic of Korea","PRK","Natural","Meteorological","Storm","Tropical cyclone","1","58143","86","4640000","5796406","80.049596255951"
"2018","Democratic Republic of the Congo","COD","Natural","Hydrological","Flood","Flood (General)","1","15760","51","","","80.049596255951"
"2018","Djibouti","DJI","Natural","Meteorological","Storm","Tropical cyclone","1","25000","2","","","80.049596255951"
"2018","Dominican Republic","DOM","Natural","Hydrological","Flood","Flood (General)","1","7390","","","","80.049596255951"
"2018","Dominican Republic","DOM","Natural","Meteorological","Storm","Tropical cyclone","1","8000","","","","80.049596255951"
"2018","El Salvador","SLV","Natural","Climatological","Drought","Drought","1","386610","","37000000","46221345","80.049596255951"
"2018","El Salvador","SLV","Natural","Geophysical","Earthquake","Ground movement","1","2500","","","","80.049596255951"
"2018","El Salvador","SLV","Natural","Hydrological","Flood","Flood (General)","1","7099","4","","","80.049596255951"
"2018","Estonia","EST","Natural","Meteorological","Extreme temperature","Cold wave","1","","7","","","80.049596255951"
"2018","Ethiopia","ETH","Natural","Hydrological","Mass movement (wet)","Landslide (wet)","2","21","44","36000","44972","80.049596255951"
"2018","Fiji","FJI","Natural","Meteorological","Storm","Tropical cyclone","2","179200","7","60000000","74953532","80.049596255951"
"2018","France","FRA","Natural","Hydrological","Flood","Flood (General)","1","1476","15","340000000","424736683","80.049596255951"
"2018","France","FRA","Natural","Hydrological","Flood","Riverine flood","1","2750","","372000000","464711900","80.049596255951"
"2018","France","FRA","Natural","Meteorological","Extreme temperature","Cold wave","1","","3","","","80.049596255951"
"2018","France","FRA","Natural","Meteorological","Extreme temperature","Heat wave","1","","","","","80.049596255951"
"2018","France","FRA","Natural","Meteorological","Storm","Extra-tropical storm","2","","","","","80.049596255951"
"2018","France","FRA","Natural","Meteorological","Storm","Severe weather","1","30","6","200000000","249845108","80.049596255951"
"2018","Georgia","GEO","Natural","Hydrological","Flood","Flash flood","1","1143","","","","80.049596255951"
"2018","Germany","DEU","Natural","Meteorological","Extreme temperature","Heat wave","1","","","","","80.049596255951"
"2018","Germany","DEU","Natural","Meteorological","Storm","Extra-tropical storm","1","12","5","588475000","735137999","80.049596255951"
"2018","Ghana","GHA","Natural","Hydrological","Flood","Flood (General)","1","100000","34","","","80.049596255951"
"2018","Greece","GRC","Natural","Climatological","Wildfire","Forest fire","1","4718","100","","","80.049596255951"
"2018","Guatemala","GTM","Natural","Climatological","Drought","Drought","1","1500000","","44669000","55801656","80.049596255951"
"2018","Guatemala","GTM","Natural","Geophysical","Volcanic activity","Pyroclastic flow","1","1714414","461","","","80.049596255951"
"2018","Guatemala","GTM","Natural","Hydrological","Flood","Flash flood","1","76845","2","","","80.049596255951"
"2018","Guatemala","GTM","Natural","Hydrological","Flood","Flood (General)","1","100","","","","80.049596255951"
"2018","Guinea-Bissau","GNB","Natural","Meteorological","Storm","Storm (General)","1","11541","3","","","80.049596255951"
"2018","Haiti","HTI","Natural","Geophysical","Earthquake","Ground movement","1","39336","17","","","80.049596255951"
"2018","Honduras","HND","Natural","Climatological","Drought","Drought","1","360000","","","","80.049596255951"
"2018","Honduras","HND","Natural","Hydrological","Flood","Flood (General)","1","6948","6","","","80.049596255951"
"2018","Hungary","HUN","Natural","Meteorological","Extreme temperature","Cold wave","1","","179","","","80.049596255951"
"2018","India","IND","Natural","Climatological","Drought","Drought","1","8200000","","1100000000","1374148092","80.049596255951"
"2018","India","IND","Natural","Climatological","Wildfire","Forest fire","1","","17","","","80.049596255951"
"2018","India","IND","Natural","Hydrological","Flood","Flash flood","2","23231728","519","2862480000","3575883120","80.049596255951"
"2018","India","IND","Natural","Hydrological","Flood","Flood (General)","7","75970","191","2500000","3123064","80.049596255951"
"2018","India","IND","Natural","Meteorological","Extreme temperature","Cold wave","1","","44","","","80.049596255951"
"2018","India","IND","Natural","Meteorological","Storm","Lightning/Thunderstorms","6","43250","283","275000000","343537023","80.049596255951"
"2018","India","IND","Natural","Meteorological","Storm","Sand/Dust storm","1","200","143","24000000","29981413","80.049596255951"
"2018","India","IND","Natural","Meteorological","Storm","Storm (General)","1","","61","50000000","62461277","80.049596255951"
"2018","India","IND","Natural","Meteorological","Storm","Tropical cyclone","3","810200","138","1795000000","2242359842","80.049596255951"
"2018","Indonesia","IDN","Natural","Geophysical","Earthquake","Ground movement","4","634369","589","904000000","1129299887","80.049596255951"
"2018","Indonesia","IDN","Natural","Geophysical","Earthquake","Tsunami","1","2000000","4140","1450000000","1811377031","80.049596255951"
"2018","Indonesia","IDN","Natural","Geophysical","Volcanic activity","Ash fall","1","50000","","","","80.049596255951"
"2018","Indonesia","IDN","Natural","Geophysical","Volcanic activity","Volcanic activity (General)","1","47778","453","250000000","312306385","80.049596255951"
"2018","Indonesia","IDN","Natural","Hydrological","Flood","Flash flood","2","23000","48","","","80.049596255951"
"2018","Indonesia","IDN","Natural","Hydrological","Flood","Flood (General)","4","120464","32","","","80.049596255951"
"2018","Indonesia","IDN","Natural","Hydrological","Mass movement (wet)","Landslide (wet)","2","50014","48","","","80.049596255951"
"2018","Iran (Islamic Republic of)","IRN","Natural","Geophysical","Earthquake","Ground movement","3","19013","2","20000000","24984511","80.049596255951"
"2018","Iran (Islamic Republic of)","IRN","Natural","Hydrological","Flood","Flash flood","1","7135","9","166000000","207371439","80.049596255951"
"2018","Iraq","IRQ","Natural","Hydrological","Flood","Flash flood","1","25000","21","","","80.049596255951"
"2018","Ireland","IRL","Natural","Meteorological","Storm","Severe weather","1","","2","","","80.049596255951"
"2018","Israel","ISR","Natural","Hydrological","Flood","Flash flood","1","","12","","","80.049596255951"
"2018","Italy","ITA","Natural","Geophysical","Volcanic activity","Volcanic activity (General)","1","328","","115000000","143660937","80.049596255951"
"2018","Italy","ITA","Natural","Hydrological","Flood","Flash flood","1","23","10","","","80.049596255951"
"2018","Italy","ITA","Natural","Meteorological","Extreme temperature","Cold wave","1","","1","","","80.049596255951"
"2018","Italy","ITA","Natural","Meteorological","Extreme temperature","Heat wave","1","","","","","80.049596255951"
"2018","Italy","ITA","Natural","Meteorological","Storm","Extra-tropical storm","1","2200","12","1100000000","1374148092","80.049596255951"
"2018","Japan","JPN","Natural","Geophysical","Earthquake","Ground movement","2","26995","46","4500000000","5621514924","80.049596255951"
"2018","Japan","JPN","Natural","Hydrological","Flood","Flood (General)","1","1500102","246","9500000000","11867642617","80.049596255951"
"2018","Japan","JPN","Natural","Meteorological","Extreme temperature","Heat wave","1","49000","119","","","80.049596255951"
"2018","Japan","JPN","Natural","Meteorological","Storm","Tropical cyclone","3","26300","24","17000000000","21236834157","80.049596255951"
"2018","Jordan","JOR","Natural","Hydrological","Flood","Flash flood","1","35","21","","","80.049596255951"
"2018","Jordan","JOR","Natural","Hydrological","Flood","Flood (General)","1","29","13","","","80.049596255951"
"2018","Kazakhstan","KAZ","Natural","Hydrological","Flood","Flood (General)","1","400","","","","80.049596255951"
"2018","Kenya","KEN","Natural","Hydrological","Flood","Flood (General)","3","211188","134","350000000","437228939","80.049596255951"
"2018","Kuwait","KWT","Natural","Hydrological","Flood","Flood (General)","1","","1","","","80.049596255951"
"2018","Lao People's Democratic Republic","LAO","Natural","Hydrological","Flood","Flood (General)","1","13100","136","","","80.049596255951"
"2018","Lao People's Democratic Republic","LAO","Natural","Meteorological","Storm","Tropical cyclone","2","735145","","225000000","281075746","80.049596255951"
"2018","Latvia","LVA","Natural","Climatological","Wildfire","Forest fire","1","","","","","80.049596255951"
"2018","Lebanon","LBN","Natural","Meteorological","Storm","Blizzard/Winter storm","1","","15","","","80.049596255951"
"2018","Lithuania","LTU","Natural","Climatological","Drought","Drought","1","","","","","80.049596255951"
"2018","Lithuania","LTU","Natural","Meteorological","Extreme temperature","Cold wave","1","","5","","","80.049596255951"
"2018","Madagascar","MDG","Natural","Meteorological","Storm","Tropical cyclone","2","212190","94","","","80.049596255951"
"2018","Malawi","MWI","Natural","Hydrological","Flood","Flash flood","1","200","","","","80.049596255951"
"2018","Malawi","MWI","Natural","Hydrological","Flood","Flood (General)","2","9413","5","","","80.049596255951"
"2018","Malaysia","MYS","Natural","Hydrological","Flood","Flash flood","1","4900","","","","80.049596255951"
"2018","Malaysia","MYS","Natural","Hydrological","Flood","Flood (General)","1","12000","2","","","80.049596255951"
"2018","Mali","MLI","Natural","Hydrological","Flood","Flood (General)","1","13150","","","","80.049596255951"
"2018","Mauritania","MRT","Natural","Climatological","Drought","Drought","1","350600","","","","80.049596255951"
"2018","Mauritius","MUS","Natural","Meteorological","Storm","Tropical cyclone","1","30000","","","","80.049596255951"
"2018","Mexico","MEX","Natural","Geophysical","Earthquake","Ground movement","1","3004","","","","80.049596255951"
"2018","Mexico","MEX","Natural","Hydrological","Flood","Flash flood","1","120","20","","","80.049596255951"
"2018","Mexico","MEX","Natural","Meteorological","Storm","Tropical cyclone","2","10000","20","543805000","679335094","80.049596255951"
"2018","Mongolia","MNG","Natural","Hydrological","Flood","Flash flood","1","8301","","","","80.049596255951"
"2018","Mongolia","MNG","Natural","Meteorological","Extreme temperature","Severe winter conditions","1","264000","","","","80.049596255951"
"2018","Mongolia","MNG","Natural","Meteorological","Storm","Blizzard/Winter storm","1","","","","","80.049596255951"
"2018","Morocco","MAR","Natural","Meteorological","Extreme temperature","Cold wave","1","70000","","","","80.049596255951"
"2018","Mozambique","MOZ","Natural","Hydrological","Flood","Flood (General)","1","77150","11","5100000","6371050","80.049596255951"
"2018","Mozambique","MOZ","Natural","Hydrological","Mass movement (wet)","Landslide (wet)","1","300","17","","","80.049596255951"
"2018","Myanmar","MMR","Natural","Geophysical","Mass movement (dry)","Landslide (dry)","1","","17","","","80.049596255951"
"2018","Myanmar","MMR","Natural","Hydrological","Flood","Flood (General)","3","173050","35","","","80.049596255951"
"2018","Myanmar","MMR","Natural","Hydrological","Mass movement (wet)","Landslide (wet)","1","45","15","","","80.049596255951"
"2018","Namibia","NAM","Natural","Climatological","Drought","Drought","1","556000","","","","80.049596255951"
"2018","Nepal","NPL","Natural","Hydrological","Flood","Flash flood","1","1406","15","","","80.049596255951"
"2018","Nepal","NPL","Natural","Meteorological","Extreme temperature","Cold wave","1","","50","","","80.049596255951"
"2018","Netherlands (Kingdom of the)","NLD","Natural","Meteorological","Extreme temperature","Heat wave","1","","100","","","80.049596255951"
"2018","Netherlands (Kingdom of the)","NLD","Natural","Meteorological","Storm","Extra-tropical storm","1","","3","110011000","137428551","80.049596255951"
"2018","New Zealand","NZL","Natural","Hydrological","Flood","Flood (General)","1","100","","25000000","31230638","80.049596255951"
"2018","Nicaragua","NIC","Natural","Climatological","Drought","Drought","1","300000","","","","80.049596255951"
"2018","Nicaragua","NIC","Natural","Hydrological","Flood","Flood (General)","1","13000","4","","","80.049596255951"
"2018","Niger","NER","Natural","Hydrological","Flood","Flood (General)","1","130468","36","","","80.049596255951"
"2018","Nigeria","NGA","Natural","Hydrological","Flood","Flood (General)","2","1938204","300","275000000","343537023","80.049596255951"
"2018","Northern Mariana Islands","MNP","Natural","Meteorological","Storm","Tropical cyclone","1","","2","","","80.049596255951"
"2018","Oman","OMN","Natural","Meteorological","Storm","Tropical cyclone","2","","6","","","80.049596255951"
"2018","Pakistan","PAK","Natural","Hydrological","Flood","Flood (General)","1","5000","60","","","80.049596255951"
"2018","Pakistan","PAK","Natural","Meteorological","Extreme temperature","Heat wave","1","","180","","","80.049596255951"
"2018","Panama","PAN","Natural","Climatological","Drought","Drought","1","","","72000000","89944239","80.049596255951"
"2018","Papua New Guinea","PNG","Natural","Geophysical","Earthquake","Ground movement","3","544300","181","61000000","76202758","80.049596255951"
"2018","Papua New Guinea","PNG","Natural","Geophysical","Volcanic activity","Volcanic activity (General)","1","736","","","","80.049596255951"
"2018","Paraguay","PRY","Natural","Hydrological","Flood","Flood (General)","1","41300","","","","80.049596255951"
"2018","Paraguay","PRY","Natural","Hydrological","Flood","Riverine flood","1","5000","","","","80.049596255951"
"2018","Peru","PER","Natural","Geophysical","Earthquake","Ground movement","1","9319","2","","","80.049596255951"
"2018","Philippines","PHL","Natural","Geophysical","Volcanic activity","Lava flow","1","86056","","3564000","4452240","80.049596255951"
"2018","Philippines","PHL","Natural","Hydrological","Flood","Flood (General)","1","180000","11","","","80.049596255951"
"2018","Philippines","PHL","Natural","Meteorological","Storm","Tropical cyclone","7","9348889","302","566148000","707246540","80.049596255951"
"2018","Poland","POL","Natural","Climatological","Drought","Drought","1","","","","","80.049596255951"
"2018","Poland","POL","Natural","Meteorological","Extreme temperature","Cold wave","1","","9","","","80.049596255951"
"2018","Poland","POL","Natural","Meteorological","Storm","Extra-tropical storm","1","","","","","80.049596255951"
"2018","Portugal","PRT","Natural","Climatological","Wildfire","Forest fire","1","329","","","","80.049596255951"
"2018","Portugal","PRT","Natural","Meteorological","Extreme temperature","Heat wave","1","","","","","80.049596255951"
"2018","Portugal","PRT","Natural","Meteorological","Storm","Tropical cyclone","1","88","2","115500000","144285550","80.049596255951"
"2018","Puerto Rico","PRI","Natural","Hydrological","Flood","Flood (General)","1","400","","","","80.049596255951"
"2018","Puerto Rico","PRI","Natural","Meteorological","Storm","Tropical cyclone","1","","","","","80.049596255951"
"2018","Qatar","QAT","Natural","Hydrological","Flood","Flash flood","1","1500","","10000000","12492255","80.049596255951"
"2018","Republic of Korea","KOR","Natural","Meteorological","Extreme temperature","Heat wave","1","","","","","80.049596255951"
"2018","Romania","ROU","Natural","Hydrological","Flood","Flash flood","1","1600","","","","80.049596255951"
"2018","Romania","ROU","Natural","Hydrological","Flood","Flood (General)","1","2300","","","","80.049596255951"
"2018","Romania","ROU","Natural","Meteorological","Extreme temperature","Cold wave","1","","2","","","80.049596255951"
"2018","Russian Federation","RUS","Natural","Hydrological","Flood","Flood (General)","2","14975","10","10000000","12492255","80.049596255951"
"2018","Rwanda","RWA","Natural","Hydrological","Flood","Flash flood","1","26051","24","22000000","27482962","80.049596255951"
"2018","Rwanda","RWA","Natural","Hydrological","Flood","Flood (General)","2","360","34","22000000","27482962","80.049596255951"
"2018","Rwanda","RWA","Natural","Hydrological","Mass movement (wet)","Landslide (wet)","1","12","18","28000000","34978315","80.049596255951"
"2018","Réunion","REU","Natural","Meteorological","Storm","Tropical cyclone","1","200","","","","80.049596255951"
"2018","Samoa","WSM","Natural","Meteorological","Storm","Tropical cyclone","1","","","","","80.049596255951"
"2018","Senegal","SEN","Natural","Climatological","Drought","Drought","1","320000","","","","80.049596255951"
"2018","Serbia","SRB","Natural","Hydrological","Flood","Flash flood","1","231","","","","80.049596255951"
"2018","Solomon Islands","SLB","Natural","Meteorological","Storm","Tropical cyclone","1","1000","","","","80.049596255951"
"2018","Somalia","SOM","Natural","Hydrological","Flood","Riverine flood","1","700000","5","80000000","99938043","80.049596255951"
"2018","Somalia","SOM","Natural","Meteorological","Storm","Tropical cyclone","1","228000","53","","","80.049596255951"
"2018","Spain","ESP","Natural","Climatological","Wildfire","Forest fire","1","","","","","80.049596255951"
"2018","Spain","ESP","Natural","Hydrological","Flood","Flood (General)","1","200","13","150000000","187383831","80.049596255951"
"2018","Spain","ESP","Natural","Meteorological","Extreme temperature","Heat wave","1","","9","","","80.049596255951"
"2018","Spain","ESP","Natural","Meteorological","Storm","Severe weather","1","","2","","","80.049596255951"
"2018","Sri Lanka","LKA","Natural","Hydrological","Flood","Flash flood","1","75000","2","","","80.049596255951"
"2018","Sri Lanka","LKA","Natural","Hydrological","Flood","Flood (General)","2","228712","32","","","80.049596255951"
"2018","Sudan","SDN","Natural","Hydrological","Flood","Flash flood","1","70060","23","","","80.049596255951"
"2018","Sudan","SDN","Natural","Hydrological","Flood","Flood (General)","2","57416","23","","","80.049596255951"
"2018","Sweden","SWE","Natural","Climatological","Wildfire","Forest fire","1","","","102000000","127421005","80.049596255951"
"2018","Switzerland","CHE","Natural","Meteorological","Storm","Extra-tropical storm","1","","","","","80.049596255951"
"2018","Switzerland","CHE","Natural","Meteorological","Storm","Severe weather","1","16","","","","80.049596255951"
"2018","Taiwan (Province of China)","TWN","Natural","Geophysical","Earthquake","Ground movement","1","285","84","100000000","124922554","80.049596255951"
"2018","Taiwan (Province of China)","TWN","Natural","Meteorological","Storm","Tropical cyclone","1","6140","7","34000000","42473668","80.049596255951"
"2018","Tajikistan","TJK","Natural","Hydrological","Flood","Flood (General)","1","5725","6","","","80.049596255951"
"2018","Tonga","TON","Natural","Meteorological","Storm","Tropical cyclone","1","87000","","","","80.049596255951"
"2018","Trinidad and Tobago","TTO","Natural","Hydrological","Flood","Flood (General)","1","150000","","3700000","4622134","80.049596255951"
"2018","Tunisia","TUN","Natural","Hydrological","Flood","Flash flood","1","30000","6","36000000","44972119","80.049596255951"
"2018","Türkiye","TUR","Natural","Hydrological","Mass movement (wet)","Landslide (wet)","1","100","24","","","80.049596255951"
"2018","Uganda","UGA","Natural","Hydrological","Mass movement (wet)","Mudslide","1","","51","","","80.049596255951"
"2018","Ukraine","UKR","Natural","Meteorological","Storm","Storm (General)","1","600","","","","80.049596255951"
"2018","United Kingdom of Great Britain and Northern Ireland","GBR","Natural","Meteorological","Extreme temperature","Heat wave","1","","820","","","80.049596255951"
"2018","United Kingdom of Great Britain and Northern Ireland","GBR","Natural","Meteorological","Storm","Severe weather","1","4","","","","80.049596255951"
"2018","United Kingdom of Great Britain and Northern Ireland","GBR","Natural","Meteorological","Storm","Storm (General)","1","780","2","10000000","12492255","80.049596255951"
"2018","United Republic of Tanzania","TZA","Natural","Hydrological","Flood","Flood (General)","1","15873","15","","","80.049596255951"
"2018","United States of America","USA","Natural","Climatological","Drought","Drought","1","","","3000000000","3747676616","80.049596255951"
"2018","United States of America","USA","Natural","Climatological","Wildfire","Forest fire","2","253237","102","17500000000","21861446926","80.049596255951"
"2018","United States of America","USA","Natural","Climatological","Wildfire","Wildfire (General)","1","3","2","5200000000","6495972801","80.049596255951"
"2018","United States of America","USA","Natural","Geophysical","Volcanic activity","Lava flow","1","2500","","500000000","624612769","80.049596255951"
"2018","United States of America","USA","Natural","Hydrological","Flood","Flash flood","1","","2","250000000","312306385","80.049596255951"
"2018","United States of America","USA","Natural","Hydrological","Flood","Flood (General)","1","1596","","125000000","156153192","80.049596255951"
"2018","United States of America","USA","Natural","Hydrological","Flood","Riverine flood","1","","5","400000000","499690215","80.049596255951"
"2018","United States of America","USA","Natural","Hydrological","Mass movement (wet)","Mudslide","1","1366","21","900000000","1124302985","80.049596255951"
"2018","United States of America","USA","Natural","Meteorological","Storm","Blizzard/Winter storm","4","","43","3500000000","4372289385","80.049596255951"
"2018","United States of America","USA","Natural","Meteorological","Storm","Lightning/Thunderstorms","1","18","","1000000000","1249225539","80.049596255951"
"2018","United States of America","USA","Natural","Meteorological","Storm","Storm (General)","2","75","8","2750000000","3435370231","80.049596255951"
"2018","United States of America","USA","Natural","Meteorological","Storm","Tornado","1","","","1500000000","1873838308","80.049596255951"
"2018","United States of America","USA","Natural","Meteorological","Storm","Tropical cyclone","3","1505000","107","30125000000","37632919351","80.049596255951"
"2018","Uruguay","URY","Natural","Climatological","Drought","Drought","1","75000","","500000000","624612769","80.049596255951"
"2018","Vanuatu","VUT","Natural","Geophysical","Volcanic activity","Ash fall","2","13586","","","","80.049596255951"
"2018","Venezuela (Bolivarian Republic of)","VEN","Natural","Hydrological","Flood","Flash flood","1","1000","2","","","80.049596255951"
"2018","Venezuela (Bolivarian Republic of)","VEN","Natural","Hydrological","Flood","Flood (General)","1","9700","","","","80.049596255951"
"2018","Viet Nam","VNM","Natural","Hydrological","Flood","Flash flood","2","121728","47","48000000","59962826","80.049596255951"
"2018","Viet Nam","VNM","Natural","Hydrological","Flood","Flood (General)","1","6000","20","","","80.049596255951"
"2018","Viet Nam","VNM","Natural","Meteorological","Storm","Tropical cyclone","4","156028","67","239200000","298814749","80.049596255951"
"2018","Yemen","YEM","Natural","Meteorological","Storm","Tropical cyclone","2","15874","49","","","80.049596255951"
"2019","Afghanistan","AFG","Natural","Hydrological","Flood","Flash flood","3","561","57","","","81.500309409915"
"2019","Afghanistan","AFG","Natural","Hydrological","Flood","Flood (General)","3","130381","114","","","81.500309409915"
"2019","Afghanistan","AFG","Natural","Hydrological","Mass movement (wet)","Landslide (wet)","1","","40","","","81.500309409915"
"2019","Albania","ALB","Natural","Geophysical","Earthquake","Ground movement","3","207825","51","745000000","914106959","81.500309409915"
"2019","Algeria","DZA","Natural","Meteorological","Extreme temperature","Cold wave","1","125025","8","","","81.500309409915"
"2019","Angola","AGO","Natural","Hydrological","Flood","Flash flood","2","15445","52","","","81.500309409915"
"2019","Angola","AGO","Natural","Hydrological","Flood","Flood (General)","1","1075","19","","","81.500309409915"
"2019","Argentina","ARG","Natural","Climatological","Drought","Drought","1","35032","8","","","81.500309409915"
"2019","Argentina","ARG","Natural","Hydrological","Flood","Flood (General)","3","35351","6","","","81.500309409915"
"2019","Armenia","ARM","Natural","Meteorological","Storm","Hail","1","11700","","","","81.500309409915"
"2019","Australia","AUS","Natural","Climatological","Wildfire","Land fire (Brush, Bush, Pasture)","2","9510","32","2000000000","2453978414","81.500309409915"
"2019","Australia","AUS","Natural","Hydrological","Flood","Riverine flood","1","9900","3","2000000000","2453978414","81.500309409915"
"2019","Austria","AUT","Natural","Meteorological","Extreme temperature","Heat wave","1","","1","","","81.500309409915"
"2019","Austria","AUT","Natural","Meteorological","Storm","Blizzard/Winter storm","1","","11","","","81.500309409915"
"2019","Bahamas","BHS","Natural","Meteorological","Storm","Tropical cyclone","1","14940","356","3400000000","4171763303","81.500309409915"
"2019","Bangladesh","BGD","Natural","Hydrological","Flood","Flood (General)","1","7600000","114","75000000","92024191","81.500309409915"
"2019","Bangladesh","BGD","Natural","Hydrological","Mass movement (wet)","Landslide (wet)","1","18016","2","","","81.500309409915"
"2019","Bangladesh","BGD","Natural","Meteorological","Extreme temperature","Cold wave","1","4500","50","","","81.500309409915"
"2019","Bangladesh","BGD","Natural","Meteorological","Storm","Lightning/Thunderstorms","1","","15","","","81.500309409915"
"2019","Bangladesh","BGD","Natural","Meteorological","Storm","Tropical cyclone","2","261551","79","5785000","7098133","81.500309409915"
"2019","Belgium","BEL","Natural","Meteorological","Extreme temperature","Heat wave","3","","716","","","81.500309409915"
"2019","Bolivia (Plurinational State of)","BOL","Natural","Climatological","Wildfire","Forest fire","1","36000","","","","81.500309409915"
"2019","Bolivia (Plurinational State of)","BOL","Natural","Geophysical","Volcanic activity","Ash fall","1","3000","","","","81.500309409915"
"2019","Bolivia (Plurinational State of)","BOL","Natural","Hydrological","Flood","Flood (General)","2","349540","60","","","81.500309409915"
"2019","Bolivia (Plurinational State of)","BOL","Natural","Hydrological","Mass movement (wet)","Mudslide","1","","23","","","81.500309409915"
"2019","Bosnia and Herzegovina","BIH","Natural","Hydrological","Flood","Flash flood","1","159","","","","81.500309409915"
"2019","Bosnia and Herzegovina","BIH","Natural","Hydrological","Flood","Riverine flood","1","600","1","","","81.500309409915"
"2019","Botswana","BWA","Natural","Climatological","Drought","Drought","1","38000","","","","81.500309409915"
"2019","Brazil","BRA","Natural","Climatological","Wildfire","Forest fire","1","10002195","","","","81.500309409915"
"2019","Brazil","BRA","Natural","Hydrological","Flood","Flash flood","1","30000","7","","","81.500309409915"
"2019","Brazil","BRA","Natural","Hydrological","Flood","Flood (General)","6","16778","40","","","81.500309409915"
"2019","Burundi","BDI","Natural","Hydrological","Flood","Flood (General)","2","3773","24","","","81.500309409915"
"2019","Burundi","BDI","Natural","Hydrological","Mass movement (wet)","Landslide (wet)","1","9942","37","","","81.500309409915"
"2019","Cambodia","KHM","Natural","Hydrological","Flood","Flood (General)","1","435000","12","","","81.500309409915"
"2019","Cameroon","CMR","Natural","Hydrological","Mass movement (wet)","Landslide (wet)","1","","54","","","81.500309409915"
"2019","Canada","CAN","Natural","Hydrological","Flood","Flood (General)","1","19500","1","800000000","981591365","81.500309409915"
"2019","Canada","CAN","Natural","Meteorological","Storm","Severe weather","1","","1","275000000","337422032","81.500309409915"
"2019","Central African Republic","CAF","Natural","Hydrological","Flood","Flood (General)","1","44918","","","","81.500309409915"
"2019","Chad","TCD","Natural","Hydrological","Flood","Flood (General)","1","423","","","","81.500309409915"
"2019","Chad","TCD","Natural","Hydrological","Mass movement (wet)","Landslide (wet)","1","37","52","","","81.500309409915"
"2019","Chile","CHL","Natural","Climatological","Wildfire","Land fire (Brush, Bush, Pasture)","1","747","","","","81.500309409915"
"2019","Chile","CHL","Natural","Geophysical","Earthquake","Ground movement","1","780","2","","","81.500309409915"
"2019","Chile","CHL","Natural","Hydrological","Flood","Flood (General)","1","600","6","","","81.500309409915"
"2019","China","CHN","Natural","Climatological","Wildfire","Forest fire","1","","30","","","81.500309409915"
"2019","China","CHN","Natural","Geophysical","Earthquake","Ground movement","3","292574","16","1302000000","1597539947","81.500309409915"
"2019","China","CHN","Natural","Hydrological","Flood","Flash flood","1","15861","13","","","81.500309409915"
"2019","China","CHN","Natural","Hydrological","Flood","Flood (General)","4","4860000","342","6290000000","7717762111","81.500309409915"
"2019","China","CHN","Natural","Hydrological","Flood","Riverine flood","1","11400","","315000000","386501600","81.500309409915"
"2019","China","CHN","Natural","Hydrological","Mass movement (wet)","Landslide (wet)","1","40","51","","","81.500309409915"
"2019","China","CHN","Natural","Hydrological","Mass movement (wet)","Mudslide","1","6606","38","200000000","245397841","81.500309409915"
"2019","China","CHN","Natural","Meteorological","Storm","Tornado","1","45120","6","145000000","177913435","81.500309409915"
"2019","China","CHN","Natural","Meteorological","Storm","Tropical cyclone","3","108000","75","10394000000","12753325816","81.500309409915"
"2019","Colombia","COL","Natural","Hydrological","Flood","Flood (General)","5","39897","52","","","81.500309409915"
"2019","Colombia","COL","Natural","Hydrological","Mass movement (wet)","Landslide (wet)","1","","32","","","81.500309409915"
"2019","Comoros","COM","Natural","Meteorological","Storm","Tropical cyclone","2","345311","8","","","81.500309409915"
"2019","Congo","COG","Natural","Hydrological","Flood","Flood (General)","1","213000","","","","81.500309409915"
"2019","Congo","COG","Natural","Hydrological","Flood","Riverine flood","1","40000","","","","81.500309409915"
"2019","Costa Rica","CRI","Natural","Climatological","Drought","Drought","1","","","","","81.500309409915"
"2019","Croatia","HRV","Natural","Hydrological","Flood","Riverine flood","1","65","1","","","81.500309409915"
"2019","Cuba","CUB","Natural","Meteorological","Storm","Tornado","1","10111","6","","","81.500309409915"
"2019","Côte d’Ivoire","CIV","Natural","Hydrological","Flood","Flood (General)","1","14646","12","","","81.500309409915"
"2019","Democratic People's Republic of Korea","PRK","Natural","Climatological","Drought","Drought","1","10100000","","","","81.500309409915"
"2019","Democratic People's Republic of Korea","PRK","Natural","Meteorological","Storm","Tropical cyclone","1","5300000","5","24000000","29447741","81.500309409915"
"2019","Democratic Republic of the Congo","COD","Natural","Hydrological","Flood","Riverine flood","1","399894","43","","","81.500309409915"
"2019","Democratic Republic of the Congo","COD","Natural","Hydrological","Mass movement (wet)","Landslide (wet)","2","450","37","","","81.500309409915"
"2019","Djibouti","DJI","Natural","Hydrological","Flood","Flash flood","1","250000","11","","","81.500309409915"
"2019","Ecuador","ECU","Natural","Geophysical","Earthquake","Ground movement","2","264","","","","81.500309409915"
"2019","Ecuador","ECU","Natural","Hydrological","Flood","Flood (General)","1","3000","14","","","81.500309409915"
"2019","Ecuador","ECU","Natural","Hydrological","Mass movement (wet)","Landslide (wet)","1","145","2","","","81.500309409915"
"2019","El Salvador","SLV","Natural","Geophysical","Earthquake","Ground movement","1","160","1","","","81.500309409915"
"2019","Eswatini","SWZ","Natural","Climatological","Drought","Drought","1","232000","","","","81.500309409915"
"2019","Ethiopia","ETH","Natural","Biological","Infestation","Locust infestation","1","","","","","81.500309409915"
"2019","Ethiopia","ETH","Natural","Hydrological","Flood","Flash flood","1","200000","","","","81.500309409915"
"2019","Ethiopia","ETH","Natural","Hydrological","Mass movement (wet)","Landslide (wet)","1","","23","","","81.500309409915"
"2019","Fiji","FJI","Natural","Meteorological","Storm","Tropical cyclone","1","7780","1","","","81.500309409915"
"2019","France","FRA","Natural","Geophysical","Earthquake","Ground movement","1","754","","","","81.500309409915"
"2019","France","FRA","Natural","Hydrological","Flood","Flash flood","1","1000","3","","","81.500309409915"
"2019","France","FRA","Natural","Hydrological","Flood","Flood (General)","1","102","5","","","81.500309409915"
"2019","France","FRA","Natural","Meteorological","Extreme temperature","Heat wave","2","","1435","","","81.500309409915"
"2019","France","FRA","Natural","Meteorological","Storm","Extra-tropical storm","2","58","1","","","81.500309409915"
"2019","France","FRA","Natural","Meteorological","Storm","Hail","1","70","1","","","81.500309409915"
"2019","France","FRA","Natural","Meteorological","Storm","Severe weather","1","625","5","315000000","386501600","81.500309409915"
"2019","France","FRA","Natural","Meteorological","Storm","Storm (General)","1","613","2","100000000","122698921","81.500309409915"
"2019","France","FRA","Natural","Meteorological","Storm","Tornado","1","90","","","","81.500309409915"
"2019","Gambia","GMB","Natural","Meteorological","Storm","Storm surge","1","15101","4","","","81.500309409915"
"2019","Georgia","GEO","Natural","Hydrological","Flood","Flood (General)","1","5088","","","","81.500309409915"
"2019","Germany","DEU","Natural","Meteorological","Extreme temperature","Heat wave","2","","4","","","81.500309409915"
"2019","Germany","DEU","Natural","Meteorological","Storm","Blizzard/Winter storm","1","","1","","","81.500309409915"
"2019","Ghana","GHA","Natural","Hydrological","Flood","Flash flood","1","","13","","","81.500309409915"
"2019","Ghana","GHA","Natural","Hydrological","Flood","Flood (General)","1","26102","19","","","81.500309409915"
"2019","Greece","GRC","Natural","Meteorological","Storm","Tornado","1","123","7","","","81.500309409915"
"2019","Guatemala","GTM","Natural","Meteorological","Storm","Severe weather","2","78453","4","","","81.500309409915"
"2019","Haiti","HTI","Natural","Hydrological","Flood","Flash flood","1","1325","6","","","81.500309409915"
"2019","Haiti","HTI","Natural","Hydrological","Flood","Flood (General)","1","3108","8","","","81.500309409915"
"2019","Hungary","HUN","Natural","Meteorological","Storm","Storm (General)","1","150000","","","","81.500309409915"
"2019","India","IND","Natural","Hydrological","Flood","Flood (General)","5","3070060","2023","10000000000","12269892068","81.500309409915"
"2019","India","IND","Natural","Meteorological","Extreme temperature","Heat wave","2","450","112","","","81.500309409915"
"2019","India","IND","Natural","Meteorological","Storm","Lightning/Thunderstorms","2","","60","","","81.500309409915"
"2019","India","IND","Natural","Meteorological","Storm","Storm (General)","1","","50","","","81.500309409915"
"2019","India","IND","Natural","Meteorological","Storm","Tropical cyclone","2","20130000","62","1810000000","2220850464","81.500309409915"
"2019","Indonesia","IDN","Natural","Climatological","Wildfire","Wildfire (General)","1","","","","","81.500309409915"
"2019","Indonesia","IDN","Natural","Geophysical","Earthquake","Ground movement","5","285551","51","","","81.500309409915"
"2019","Indonesia","IDN","Natural","Hydrological","Flood","Flash flood","3","565650","286","1303000000","1598766937","81.500309409915"
"2019","Indonesia","IDN","Natural","Hydrological","Flood","Flood (General)","8","363237","40","15000000","18404838","81.500309409915"
"2019","Indonesia","IDN","Natural","Hydrological","Mass movement (wet)","Landslide (wet)","2","7503","89","","","81.500309409915"
"2019","Iran (Islamic Republic of)","IRN","Natural","Geophysical","Earthquake","Ground movement","2","25184","7","90000000","110429029","81.500309409915"
"2019","Iran (Islamic Republic of)","IRN","Natural","Hydrological","Flood","Flood (General)","3","10001202","76","2580000000","3165632154","81.500309409915"
"2019","Iraq","IRQ","Natural","Hydrological","Flood","Flood (General)","1","5865","10","","","81.500309409915"
"2019","Italy","ITA","Natural","Hydrological","Flood","Flood (General)","1","1200","","","","81.500309409915"
"2019","Italy","ITA","Natural","Meteorological","Extreme temperature","Heat wave","1","","3","","","81.500309409915"
"2019","Italy","ITA","Natural","Meteorological","Storm","Extra-tropical storm","1","12","","","","81.500309409915"
"2019","Italy","ITA","Natural","Meteorological","Storm","Severe weather","3","530","4","","","81.500309409915"
"2019","Japan","JPN","Natural","Geophysical","Earthquake","Ground movement","1","460","","","","81.500309409915"
"2019","Japan","JPN","Natural","Hydrological","Flood","Flood (General)","3","1172","13","100000000","122698921","81.500309409915"
"2019","Japan","JPN","Natural","Meteorological","Extreme temperature","Heat wave","2","23947","173","","","81.500309409915"
"2019","Japan","JPN","Natural","Meteorological","Storm","Tropical cyclone","4","512641","102","26110000000","32036688191","81.500309409915"
"2019","Kenya","KEN","Natural","Climatological","Drought","Drought","1","2600000","","","","81.500309409915"
"2019","Kenya","KEN","Natural","Hydrological","Flood","Flash flood","1","233339","90","","","81.500309409915"
"2019","Kenya","KEN","Natural","Hydrological","Mass movement (wet)","Landslide (wet)","1","120","97","","","81.500309409915"
"2019","Lao People's Democratic Republic","LAO","Natural","Climatological","Drought","Drought","1","","","","","81.500309409915"
"2019","Lao People's Democratic Republic","LAO","Natural","Hydrological","Flood","Flood (General)","1","507500","19","","","81.500309409915"
"2019","Lebanon","LBN","Natural","Meteorological","Storm","Severe weather","1","11009","3","","","81.500309409915"
"2019","Lesotho","LSO","Natural","Climatological","Drought","Drought","1","433000","","","","81.500309409915"
"2019","Libya","LBY","Natural","Hydrological","Flood","Flood (General)","1","20030","4","7100000","8711623","81.500309409915"
"2019","Luxembourg","LUX","Natural","Meteorological","Storm","Tornado","1","1519","","","","81.500309409915"
"2019","Madagascar","MDG","Natural","Hydrological","Flood","Flood (General)","1","","9","","","81.500309409915"
"2019","Madagascar","MDG","Natural","Meteorological","Storm","Tropical cyclone","2","21393","8","25000000","30674730","81.500309409915"
"2019","Malawi","MWI","Natural","Hydrological","Flood","Flood (General)","2","991646","60","","","81.500309409915"
"2019","Malawi","MWI","Natural","Hydrological","Mass movement (wet)","Landslide (wet)","1","109","8","","","81.500309409915"
"2019","Malaysia","MYS","Natural","Hydrological","Flood","Flood (General)","4","22477","2","","","81.500309409915"
"2019","Maldives","MDV","Natural","Hydrological","Flood","Flood (General)","1","1800","","","","81.500309409915"
"2019","Mali","MLI","Natural","Hydrological","Flood","Flood (General)","2","6981","15","","","81.500309409915"
"2019","Marshall Islands","MHL","Natural","Meteorological","Storm","Tropical cyclone","1","","","","","81.500309409915"
"2019","Mauritania","MRT","Natural","Hydrological","Flood","Flood (General)","1","33600","3","","","81.500309409915"
"2019","Mexico","MEX","Natural","Hydrological","Flood","Flood (General)","3","3642","12","","","81.500309409915"
"2019","Mexico","MEX","Natural","Meteorological","Storm","Tropical cyclone","3","1200","4","383000000","469936866","81.500309409915"
"2019","Micronesia (Federated States of)","FSM","Natural","Meteorological","Storm","Tropical cyclone","1","10000","","","","81.500309409915"
"2019","Mongolia","MNG","Natural","Hydrological","Flood","Flood (General)","1","500","12","","","81.500309409915"
"2019","Mongolia","MNG","Natural","Meteorological","Extreme temperature","Severe winter conditions","1","2000","","","","81.500309409915"
"2019","Mongolia","MNG","Natural","Meteorological","Storm","Storm surge","1","500","","","","81.500309409915"
"2019","Morocco","MAR","Natural","Hydrological","Flood","Flash flood","1","200","7","","","81.500309409915"
"2019","Morocco","MAR","Natural","Hydrological","Flood","Flood (General)","1","29","17","","","81.500309409915"
"2019","Morocco","MAR","Natural","Hydrological","Mass movement (wet)","Landslide (wet)","1","","15","","","81.500309409915"
"2019","Mozambique","MOZ","Natural","Hydrological","Flood","Flood (General)","3","121066","56","","","81.500309409915"
"2019","Mozambique","MOZ","Natural","Meteorological","Storm","Tropical cyclone","2","1901594","648","2230000000","2736185931","81.500309409915"
"2019","Myanmar","MMR","Natural","Hydrological","Flood","Flood (General)","2","8075","115","","","81.500309409915"
"2019","Myanmar","MMR","Natural","Hydrological","Mass movement (wet)","Landslide (wet)","1","","13","","","81.500309409915"
"2019","Nepal","NPL","Natural","Hydrological","Flood","Flood (General)","1","82541","119","204000000","250305798","81.500309409915"
"2019","Nepal","NPL","Natural","Meteorological","Storm","Severe weather","1","14854","28","","","81.500309409915"
"2019","Netherlands (Kingdom of the)","NLD","Natural","Meteorological","Extreme temperature","Heat wave","1","","400","","","81.500309409915"
"2019","New Zealand","NZL","Natural","Geophysical","Volcanic activity","Ash fall","1","23","21","","","81.500309409915"
"2019","Niger","NER","Natural","Hydrological","Flood","Flood (General)","2","223000","52","","","81.500309409915"
"2019","Nigeria","NGA","Natural","Hydrological","Flood","Flood (General)","2","71140","24","","","81.500309409915"
"2019","Norway","NOR","Natural","Hydrological","Mass movement (wet)","Landslide (wet)","1","150","1","","","81.500309409915"
"2019","Oman","OMN","Natural","Hydrological","Flood","Flood (General)","1","","6","","","81.500309409915"
"2019","Pakistan","PAK","Natural","Climatological","Drought","Drought","1","4680912","77","","","81.500309409915"
"2019","Pakistan","PAK","Natural","Geophysical","Earthquake","Ground movement","1","130398","39","17000000","20858817","81.500309409915"
"2019","Pakistan","PAK","Natural","Hydrological","Flood","Flash flood","3","871","112","","","81.500309409915"
"2019","Pakistan","PAK","Natural","Hydrological","Flood","Flood (General)","5","26","94","","","81.500309409915"
"2019","Pakistan","PAK","Natural","Meteorological","Storm","Storm (General)","1","135","39","","","81.500309409915"
"2019","Papua New Guinea","PNG","Natural","Geophysical","Earthquake","Ground movement","1","651","","","","81.500309409915"
"2019","Papua New Guinea","PNG","Natural","Geophysical","Volcanic activity","Ash fall","1","15800","","","","81.500309409915"
"2019","Papua New Guinea","PNG","Natural","Hydrological","Flood","Flash flood","1","350","2","","","81.500309409915"
"2019","Papua New Guinea","PNG","Natural","Hydrological","Mass movement (wet)","Landslide (wet)","1","","10","","","81.500309409915"
"2019","Paraguay","PRY","Natural","Climatological","Wildfire","Forest fire","1","4000","","","","81.500309409915"
"2019","Paraguay","PRY","Natural","Hydrological","Flood","Flood (General)","1","310595","16","","","81.500309409915"
"2019","Paraguay","PRY","Natural","Hydrological","Flood","Riverine flood","2","210602","24","","","81.500309409915"
"2019","Peru","PER","Natural","Climatological","Wildfire","Forest fire","1","","","","","81.500309409915"
"2019","Peru","PER","Natural","Geophysical","Earthquake","Ground movement","1","4272","2","","","81.500309409915"
"2019","Peru","PER","Natural","Geophysical","Volcanic activity","Ash fall","1","30000","","","","81.500309409915"
"2019","Peru","PER","Natural","Hydrological","Flood","Flood (General)","3","9279","61","","","81.500309409915"
"2019","Peru","PER","Natural","Hydrological","Mass movement (wet)","Mudslide","1","28","15","","","81.500309409915"
"2019","Philippines","PHL","Natural","Climatological","Drought","Drought","1","16000","","25600000","31410924","81.500309409915"
"2019","Philippines","PHL","Natural","Geophysical","Earthquake","Ground movement","7","712735","88","55258000","67800970","81.500309409915"
"2019","Philippines","PHL","Natural","Hydrological","Flood","Flood (General)","1","45000","","","","81.500309409915"
"2019","Philippines","PHL","Natural","Meteorological","Storm","Tropical cyclone","7","6025139","92","538313000","660504241","81.500309409915"
"2019","Poland","POL","Natural","Meteorological","Storm","Severe weather","1","157","4","","","81.500309409915"
"2019","Portugal","PRT","Natural","Meteorological","Storm","Extra-tropical storm","1","51","3","","","81.500309409915"
"2019","Republic of Korea","KOR","Natural","Climatological","Wildfire","Forest fire","1","3035","1","","","81.500309409915"
"2019","Republic of Korea","KOR","Natural","Meteorological","Storm","Tropical cyclone","3","84852","20","553000000","678525031","81.500309409915"
"2019","Republic of Moldova","MDA","Natural","Meteorological","Extreme temperature","Severe winter conditions","1","5460","","","","81.500309409915"
"2019","Romania","ROU","Natural","Hydrological","Flood","Flood (General)","1","362","4","","","81.500309409915"
"2019","Russian Federation","RUS","Natural","Climatological","Wildfire","Forest fire","1","","","106000000","130060856","81.500309409915"
"2019","Russian Federation","RUS","Natural","Hydrological","Flood","Flood (General)","4","50204","59","486000000","596316755","81.500309409915"
"2019","Rwanda","RWA","Natural","Hydrological","Flood","Flood (General)","2","5958","28","","","81.500309409915"
"2019","Saudi Arabia","SAU","Natural","Hydrological","Flood","Flood (General)","3","1418","20","","","81.500309409915"
"2019","Senegal","SEN","Natural","Hydrological","Flood","Flood (General)","1","8968","6","","","81.500309409915"
"2019","Serbia","SRB","Natural","Hydrological","Flood","Riverine flood","1","11650","","","","81.500309409915"
"2019","Sierra Leone","SLE","Natural","Hydrological","Flood","Flash flood","1","5000","7","","","81.500309409915"
"2019","Sierra Leone","SLE","Natural","Hydrological","Flood","Flood (General)","1","5381","","","","81.500309409915"
"2019","Slovakia","SVK","Natural","Meteorological","Storm","Severe weather","1","","1","","","81.500309409915"
"2019","Somalia","SOM","Natural","Biological","Infestation","Locust infestation","1","","","","","81.500309409915"
"2019","Somalia","SOM","Natural","Climatological","Drought","Drought","1","1500000","","","","81.500309409915"
"2019","Somalia","SOM","Natural","Hydrological","Flood","Flash flood","1","500000","17","","","81.500309409915"
"2019","Somalia","SOM","Natural","Meteorological","Storm","Tropical cyclone","1","30000","6","","","81.500309409915"
"2019","South Africa","ZAF","Natural","Climatological","Drought","Drought","1","750000","","135000000","165643543","81.500309409915"
"2019","South Africa","ZAF","Natural","Hydrological","Flood","Flood (General)","4","4500","98","50000000","61349460","81.500309409915"
"2019","South Africa","ZAF","Natural","Meteorological","Storm","Severe weather","1","20","4","","","81.500309409915"
"2019","South Sudan","SSD","Natural","Climatological","Wildfire","Wildfire (General)","1","12","50","","","81.500309409915"
"2019","South Sudan","SSD","Natural","Hydrological","Flood","Flash flood","1","234800","3","","","81.500309409915"
"2019","South Sudan","SSD","Natural","Hydrological","Flood","Flood (General)","1","700000","","","","81.500309409915"
"2019","Spain","ESP","Natural","Hydrological","Flood","Flash flood","1","73","7","","","81.500309409915"
"2019","Spain","ESP","Natural","Hydrological","Flood","Riverine flood","1","3500","7","2500000000","3067473017","81.500309409915"
"2019","Spain","ESP","Natural","Meteorological","Extreme temperature","Heat wave","1","","2","","","81.500309409915"
"2019","Spain","ESP","Natural","Meteorological","Storm","Extra-tropical storm","2","","8","","","81.500309409915"
"2019","Spain","ESP","Natural","Meteorological","Storm","Severe weather","1","320","","","","81.500309409915"
"2019","Sri Lanka","LKA","Natural","Climatological","Drought","Drought","1","222091","","","","81.500309409915"
"2019","Sri Lanka","LKA","Natural","Hydrological","Flood","Flash flood","1","136607","1","","","81.500309409915"
"2019","Sri Lanka","LKA","Natural","Hydrological","Flood","Flood (General)","4","395967","29","","","81.500309409915"
"2019","Sudan","SDN","Natural","Hydrological","Flood","Flash flood","1","346300","78","","","81.500309409915"
"2019","Sudan","SDN","Natural","Hydrological","Flood","Flood (General)","1","6198","","","","81.500309409915"
"2019","Switzerland","CHE","Natural","Meteorological","Storm","Blizzard/Winter storm","1","","4","","","81.500309409915"
"2019","Switzerland","CHE","Natural","Meteorological","Storm","Hail","1","","1","","","81.500309409915"
"2019","Syrian Arab Republic","SYR","Natural","Hydrological","Flood","Flood (General)","1","235000","2","","","81.500309409915"
"2019","Taiwan (Province of China)","TWN","Natural","Meteorological","Storm","Tropical cyclone","1","","2","","","81.500309409915"
"2019","Tajikistan","TJK","Natural","Hydrological","Flood","Flash flood","1","6750","4","","","81.500309409915"
"2019","Thailand","THA","Natural","Climatological","Drought","Drought","1","","","","","81.500309409915"
"2019","Thailand","THA","Natural","Hydrological","Flood","Flood (General)","1","158000","19","","","81.500309409915"
"2019","Thailand","THA","Natural","Meteorological","Storm","Tropical cyclone","1","720885","7","","","81.500309409915"
"2019","Türkiye","TUR","Natural","Geophysical","Earthquake","Ground movement","1","1453","1","","","81.500309409915"
"2019","Türkiye","TUR","Natural","Hydrological","Flood","Flash flood","3","15290","18","","","81.500309409915"
"2019","Uganda","UGA","Natural","Hydrological","Flood","Flash flood","3","8600","59","","","81.500309409915"
"2019","Uganda","UGA","Natural","Hydrological","Flood","Flood (General)","2","70000","68","","","81.500309409915"
"2019","Uganda","UGA","Natural","Hydrological","Mass movement (wet)","Landslide (wet)","3","130953","88","","","81.500309409915"
"2019","United Kingdom of Great Britain and Northern Ireland","GBR","Natural","Hydrological","Flood","Flood (General)","1","4800","1","","","81.500309409915"
"2019","United Kingdom of Great Britain and Northern Ireland","GBR","Natural","Meteorological","Extreme temperature","Heat wave","2","","166","","","81.500309409915"
"2019","United Republic of Tanzania","TZA","Natural","Hydrological","Flood","Flood (General)","3","5000","37","","","81.500309409915"
"2019","United Republic of Tanzania","TZA","Natural","Hydrological","Flood","Riverine flood","1","","10","","","81.500309409915"
"2019","United Republic of Tanzania","TZA","Natural","Meteorological","Storm","Tropical cyclone","1","2000000","","","","81.500309409915"
"2019","United States of America","USA","Natural","Climatological","Wildfire","Forest fire","2","1265","3","1625000000","1993857461","81.500309409915"
"2019","United States of America","USA","Natural","Geophysical","Earthquake","Ground movement","1","150","","200000000","245397841","81.500309409915"
"2019","United States of America","USA","Natural","Hydrological","Flood","Flood (General)","3","14600","5","","","81.500309409915"
"2019","United States of America","USA","Natural","Hydrological","Flood","Riverine flood","1","2000","5","10000000000","12269892068","81.500309409915"
"2019","United States of America","USA","Natural","Meteorological","Storm","Blizzard/Winter storm","3","57","45","","","81.500309409915"
"2019","United States of America","USA","Natural","Meteorological","Storm","Lightning/Thunderstorms","2","12","7","1200000000","1472387048","81.500309409915"
"2019","United States of America","USA","Natural","Meteorological","Storm","Sand/Dust storm","1","","10","100000000","122698921","81.500309409915"
"2019","United States of America","USA","Natural","Meteorological","Storm","Severe weather","2","","22","2835000000","3478514401","81.500309409915"
"2019","United States of America","USA","Natural","Meteorological","Storm","Tornado","3","417","39","1490000000","1828213918","81.500309409915"
"2019","United States of America","USA","Natural","Meteorological","Storm","Tropical cyclone","3","1000","16","5700000000","6993838479","81.500309409915"
"2019","Uruguay","URY","Natural","Hydrological","Flood","Flood (General)","3","13103","","","","81.500309409915"
"2019","Venezuela (Bolivarian Republic of)","VEN","Natural","Hydrological","Flood","Flood (General)","1","2000","6","","","81.500309409915"
"2019","Viet Nam","VNM","Natural","Climatological","Drought","Drought","1","685558","","","","81.500309409915"
"2019","Viet Nam","VNM","Natural","Hydrological","Flood","Flash flood","1","1500","19","45000000","55214514","81.500309409915"
"2019","Viet Nam","VNM","Natural","Hydrological","Flood","Flood (General)","4","124510","28","13000000","15950860","81.500309409915"
"2019","Viet Nam","VNM","Natural","Meteorological","Storm","Tropical cyclone","2","22164","4","4000000","4907957","81.500309409915"
"2019","Yemen","YEM","Natural","Hydrological","Flood","Flash flood","1","80000","8","","","81.500309409915"
"2019","Yemen","YEM","Natural","Hydrological","Flood","Flood (General)","2","500","18","","","81.500309409915"
"2019","Zambia","ZMB","Natural","Climatological","Drought","Drought","1","1430000","","","","81.500309409915"
"2019","Zambia","ZMB","Natural","Hydrological","Flood","Flood (General)","1","","4","","","81.500309409915"
"2019","Zimbabwe","ZWE","Natural","Hydrological","Flood","Flash flood","1","300","26","","","81.500309409915"
"2019","Zimbabwe","ZWE","Natural","Meteorological","Storm","Tropical cyclone","1","270186","628","","","81.500309409915"
"2020","Afghanistan","AFG","Natural","Hydrological","Flood","Flash flood","4","44076","288","","","82.505683848802"
"2020","Afghanistan","AFG","Natural","Hydrological","Flood","Flood (General)","1","","5","","","82.505683848802"
"2020","Afghanistan","AFG","Natural","Hydrological","Mass movement (wet)","Avalanche (wet)","1","260","22","","","82.505683848802"
"2020","Afghanistan","AFG","Natural","Meteorological","Storm","Blizzard/Winter storm","1","7481","13","","","82.505683848802"
"2020","Algeria","DZA","Natural","Geophysical","Earthquake","Ground movement","1","15000","","","","82.505683848802"
"2020","Angola","AGO","Natural","Climatological","Drought","Drought","1","1643316","","","","82.505683848802"
"2020","Angola","AGO","Natural","Hydrological","Flood","Flash flood","1","10600","30","","","82.505683848802"
"2020","Angola","AGO","Natural","Hydrological","Flood","Flood (General)","1","10000","3","","","82.505683848802"
"2020","Argentina","ARG","Natural","Hydrological","Flood","Flood (General)","1","3000","3","10000000","12120377","82.505683848802"
"2020","Argentina","ARG","Natural","Meteorological","Storm","Storm (General)","1","250","","","","82.505683848802"
"2020","Armenia","ARM","Natural","Meteorological","Storm","Hail","1","2836","","","","82.505683848802"
"2020","Australia","AUS","Natural","Hydrological","Flood","Flood (General)","1","","1","1200000000","1454445250","82.505683848802"
"2020","Australia","AUS","Natural","Meteorological","Storm","Hail","1","","","1200000000","1454445250","82.505683848802"
"2020","Australia","AUS","Natural","Meteorological","Storm","Lightning/Thunderstorms","1","","","1500000000","1818056563","82.505683848802"
"2020","Austria","AUT","Natural","Meteorological","Storm","Extra-tropical storm","1","","","","","82.505683848802"
"2020","Bangladesh","BGD","Natural","Hydrological","Flood","Flood (General)","1","5448271","257","500000000","606018854","82.505683848802"
"2020","Bangladesh","BGD","Natural","Meteorological","Storm","Tropical cyclone","1","2600000","26","1500000000","1818056563","82.505683848802"
"2020","Belgium","BEL","Natural","Meteorological","Extreme temperature","Heat wave","1","","1687","","","82.505683848802"
"2020","Belgium","BEL","Natural","Meteorological","Storm","Extra-tropical storm","1","","","","","82.505683848802"
"2020","Belize","BLZ","Natural","Meteorological","Storm","Tropical cyclone","1","60000","","","","82.505683848802"
"2020","Benin","BEN","Natural","Hydrological","Flood","Riverine flood","1","7000","6","","","82.505683848802"
"2020","Bolivia (Plurinational State of)","BOL","Natural","Climatological","Wildfire","Forest fire","1","126000","5","","","82.505683848802"
"2020","Bolivia (Plurinational State of)","BOL","Natural","Hydrological","Flood","Flood (General)","2","37611","26","10000000","12120377","82.505683848802"
"2020","Bosnia and Herzegovina","BIH","Natural","Hydrological","Flood","Flash flood","1","15000","","","","82.505683848802"
"2020","Brazil","BRA","Natural","Climatological","Drought","Drought","1","","","3000000000","3636113126","82.505683848802"
"2020","Brazil","BRA","Natural","Hydrological","Flood","Flood (General)","5","17161","151","500000000","606018854","82.505683848802"
"2020","Brazil","BRA","Natural","Meteorological","Storm","Storm (General)","1","1119","12","100000000","121203771","82.505683848802"
"2020","Burkina Faso","BFA","Natural","Climatological","Drought","Drought","1","2900000","","","","82.505683848802"
"2020","Burkina Faso","BFA","Natural","Hydrological","Flood","Flood (General)","3","130452","13","","","82.505683848802"
"2020","Burundi","BDI","Natural","Hydrological","Flood","Flood (General)","2","36762","3","","","82.505683848802"
"2020","Burundi","BDI","Natural","Meteorological","Storm","Lightning/Thunderstorms","1","5000","2","","","82.505683848802"
"2020","Cabo Verde","CPV","Natural","Hydrological","Flood","Flood (General)","1","25000","1","","","82.505683848802"
"2020","Cambodia","KHM","Natural","Meteorological","Storm","Tropical cyclone","2","759360","44","100000000","121203771","82.505683848802"
"2020","Cameroon","CMR","Natural","Hydrological","Flood","Flood (General)","1","26402","","","","82.505683848802"
"2020","Canada","CAN","Natural","Hydrological","Flood","Riverine flood","1","12936","1","1300000000","1575649021","82.505683848802"
"2020","Canada","CAN","Natural","Meteorological","Storm","Severe weather","1","60000","","1200000000","1454445250","82.505683848802"
"2020","Chad","TCD","Natural","Hydrological","Flood","Flood (General)","2","36934","3","","","82.505683848802"
"2020","China","CHN","Natural","Climatological","Wildfire","Forest fire","1","1200","19","","","82.505683848802"
"2020","China","CHN","Natural","Geophysical","Earthquake","Ground movement","1","3324","4","17000000","20604641","82.505683848802"
"2020","China","CHN","Natural","Hydrological","Flood","Flood (General)","5","14274120","410","21800000000","26422422048","82.505683848802"
"2020","China","CHN","Natural","Hydrological","Mass movement (wet)","Landslide (wet)","1","20000","4","","","82.505683848802"
"2020","China","CHN","Natural","Meteorological","Storm","Severe weather","1","600000","20","1100000000","1333241479","82.505683848802"
"2020","China","CHN","Natural","Meteorological","Storm","Tropical cyclone","3","27335","6","175000000","212106599","82.505683848802"
"2020","Colombia","COL","Natural","Hydrological","Flood","Flash flood","1","157","14","","","82.505683848802"
"2020","Colombia","COL","Natural","Hydrological","Flood","Flood (General)","2","56460","11","35000000","42421320","82.505683848802"
"2020","Colombia","COL","Natural","Hydrological","Mass movement (wet)","Landslide (wet)","1","12","18","","","82.505683848802"
"2020","Colombia","COL","Natural","Meteorological","Storm","Tropical cyclone","2","277800","23","125000000","151504714","82.505683848802"
"2020","Congo","COG","Natural","Hydrological","Flood","Flood (General)","2","66000","20","","","82.505683848802"
"2020","Costa Rica","CRI","Natural","Meteorological","Storm","Tropical cyclone","1","25000","","","","82.505683848802"
"2020","Croatia","HRV","Natural","Geophysical","Earthquake","Ground movement","2","228349","9","13023400000","15784851894","82.505683848802"
"2020","Cuba","CUB","Natural","Meteorological","Storm","Storm (General)","1","3833","","","","82.505683848802"
"2020","Cuba","CUB","Natural","Meteorological","Storm","Tropical cyclone","1","500","","","","82.505683848802"
"2020","Czechia","CZE","Natural","Hydrological","Flood","Flash flood","1","24","2","32000000","38785207","82.505683848802"
"2020","Czechia","CZE","Natural","Meteorological","Storm","Extra-tropical storm","1","5","1","","","82.505683848802"
"2020","Côte d’Ivoire","CIV","Natural","Hydrological","Flood","Flood (General)","1","18657","24","","","82.505683848802"
"2020","Democratic People's Republic of Korea","PRK","Natural","Hydrological","Flood","Flood (General)","1","85000","22","","","82.505683848802"
"2020","Democratic Republic of the Congo","COD","Natural","Hydrological","Flood","Flood (General)","5","196084","70","","","82.505683848802"
"2020","Democratic Republic of the Congo","COD","Natural","Hydrological","Flood","Riverine flood","1","35422","13","","","82.505683848802"
"2020","Djibouti","DJI","Natural","Biological","Infestation","Locust infestation","1","","","","","82.505683848802"
"2020","Djibouti","DJI","Natural","Hydrological","Flood","Flood (General)","1","110000","8","","","82.505683848802"
"2020","Dominican Republic","DOM","Natural","Meteorological","Storm","Tropical cyclone","2","15595","6","165000000","199986222","82.505683848802"
"2020","Ecuador","ECU","Natural","Geophysical","Volcanic activity","Ash fall","1","18685","","","","82.505683848802"
"2020","Ecuador","ECU","Natural","Hydrological","Flood","Flood (General)","1","290","","","","82.505683848802"
"2020","Egypt","EGY","Natural","Hydrological","Flood","Flash flood","1","20400","40","76000000","92114866","82.505683848802"
"2020","El Salvador","SLV","Natural","Hydrological","Mass movement (wet)","Mudslide","1","525","42","","","82.505683848802"
"2020","El Salvador","SLV","Natural","Meteorological","Storm","Tropical cyclone","3","149840","33","220000000","266648296","82.505683848802"
"2020","Eritrea","ERI","Natural","Biological","Infestation","Locust infestation","1","","","","","82.505683848802"
"2020","Ethiopia","ETH","Natural","Hydrological","Flood","Flood (General)","2","1229854","12","","","82.505683848802"
"2020","Ethiopia","ETH","Natural","Hydrological","Mass movement (wet)","Landslide (wet)","2","","22","","","82.505683848802"
"2020","Fiji","FJI","Natural","Meteorological","Storm","Tropical cyclone","3","205115","8","14120000","17113972","82.505683848802"
"2020","France","FRA","Natural","Hydrological","Flood","Flash flood","2","621","2","53000000","64237999","82.505683848802"
"2020","France","FRA","Natural","Hydrological","Flood","Riverine flood","1","285","","","","82.505683848802"
"2020","France","FRA","Natural","Meteorological","Extreme temperature","Heat wave","1","","1924","","","82.505683848802"
"2020","France","FRA","Natural","Meteorological","Storm","Extra-tropical storm","3","31","","","","82.505683848802"
"2020","France","FRA","Natural","Meteorological","Storm","Storm (General)","1","12980","18","967000000","1172040464","82.505683848802"
"2020","French Guiana","GUF","Natural","Hydrological","Flood","Flood (General)","1","139","","","","82.505683848802"
"2020","Georgia","GEO","Natural","Hydrological","Flood","Flood (General)","1","5133","","","","82.505683848802"
"2020","Germany","DEU","Natural","Meteorological","Storm","Extra-tropical storm","1","33","9","1100000000","1333241479","82.505683848802"
"2020","Ghana","GHA","Natural","Hydrological","Flood","Flood (General)","2","200","7","","","82.505683848802"
"2020","Greece","GRC","Natural","Geophysical","Earthquake","Ground movement","1","919","2","","","82.505683848802"
"2020","Greece","GRC","Natural","Hydrological","Flood","Flash flood","2","2970","8","30000000","36361131","82.505683848802"
"2020","Greece","GRC","Natural","Meteorological","Storm","Severe weather","1","480","4","1000000000","1212037709","82.505683848802"
"2020","Guatemala","GTM","Natural","Hydrological","Flood","Flood (General)","2","20070","3","","","82.505683848802"
"2020","Guatemala","GTM","Natural","Meteorological","Storm","Tropical cyclone","3","2854072","164","386000000","467846556","82.505683848802"
"2020","Guinea","GIN","Natural","Hydrological","Flood","Flood (General)","1","49541","","","","82.505683848802"
"2020","Haiti","HTI","Natural","Meteorological","Storm","Tropical cyclone","1","44175","39","","","82.505683848802"
"2020","Honduras","HND","Natural","Hydrological","Flood","Flood (General)","1","17700","3","","","82.505683848802"
"2020","Honduras","HND","Natural","Meteorological","Storm","Tropical cyclone","3","5145784","129","","","82.505683848802"
"2020","India","IND","Natural","Hydrological","Flood","Flood (General)","5","1485002","2104","11510000000","13950554026","82.505683848802"
"2020","India","IND","Natural","Hydrological","Mass movement (wet)","Landslide (wet)","2","155850","91","","","82.505683848802"
"2020","India","IND","Natural","Meteorological","Storm","Blizzard/Winter storm","1","","11","","","82.505683848802"
"2020","India","IND","Natural","Meteorological","Storm","Tropical cyclone","3","18007500","110","14920000000","18083602613","82.505683848802"
"2020","Indonesia","IDN","Natural","Geophysical","Earthquake","Ground movement","1","1560","","","","82.505683848802"
"2020","Indonesia","IDN","Natural","Geophysical","Volcanic activity","Ash fall","1","19736","","","","82.505683848802"
"2020","Indonesia","IDN","Natural","Geophysical","Volcanic activity","Lava flow","1","550","","","","82.505683848802"
"2020","Indonesia","IDN","Natural","Hydrological","Flood","Flash flood","8","160601","27","9300000","11271951","82.505683848802"
"2020","Indonesia","IDN","Natural","Hydrological","Flood","Flood (General)","15","714606","170","20000000","24240754","82.505683848802"
"2020","Indonesia","IDN","Natural","Hydrological","Flood","Riverine flood","2","12757","2","","","82.505683848802"
"2020","Indonesia","IDN","Natural","Hydrological","Mass movement (wet)","Landslide (wet)","1","170","11","","","82.505683848802"
"2020","Iran (Islamic Republic of)","IRN","Natural","Biological","Infestation","Locust infestation","1","","","","","82.505683848802"
"2020","Iran (Islamic Republic of)","IRN","Natural","Geophysical","Earthquake","Ground movement","1","15075","","","","82.505683848802"
"2020","Iran (Islamic Republic of)","IRN","Natural","Hydrological","Flood","Flood (General)","6","228575","40","2358000000","2857984917","82.505683848802"
"2020","Iran (Islamic Republic of)","IRN","Natural","Hydrological","Mass movement (wet)","Avalanche (wet)","1","","12","","","82.505683848802"
"2020","Iraq","IRQ","Natural","Hydrological","Flood","Flood (General)","1","1500","8","100000000","121203771","82.505683848802"
"2020","Ireland","IRL","Natural","Meteorological","Storm","Extra-tropical storm","2","","","","","82.505683848802"
"2020","Israel","ISR","Natural","Climatological","Wildfire","Wildfire (General)","1","21","","","","82.505683848802"
"2020","Israel","ISR","Natural","Hydrological","Flood","Flash flood","1","","7","580000000","702981871","82.505683848802"
"2020","Italy","ITA","Natural","Hydrological","Flood","Flash flood","1","250","3","60000000","72722263","82.505683848802"
"2020","Italy","ITA","Natural","Hydrological","Flood","Riverine flood","2","710","1","10000000","12120377","82.505683848802"
"2020","Italy","ITA","Natural","Hydrological","Mass movement (wet)","Landslide (wet)","1","182","3","","","82.505683848802"
"2020","Italy","ITA","Natural","Meteorological","Storm","Extra-tropical storm","1","","1","","","82.505683848802"
"2020","Italy","ITA","Natural","Meteorological","Storm","Severe weather","1","920","3","60000000","72722263","82.505683848802"
"2020","Italy","ITA","Natural","Meteorological","Storm","Storm (General)","1","10002","7","","","82.505683848802"
"2020","Japan","JPN","Natural","Hydrological","Flood","Flood (General)","1","250114","82","5800000000","7029818710","82.505683848802"
"2020","Japan","JPN","Natural","Meteorological","Storm","Blizzard/Winter storm","1","","21","200000000","242407542","82.505683848802"
"2020","Japan","JPN","Natural","Meteorological","Storm","Tropical cyclone","2","60","2","","","82.505683848802"
"2020","Kazakhstan","KAZ","Natural","Hydrological","Flood","Flood (General)","1","33000","","","","82.505683848802"
"2020","Kenya","KEN","Natural","Biological","Infestation","Locust infestation","1","","","","","82.505683848802"
"2020","Kenya","KEN","Natural","Climatological","Drought","Drought","1","4500000","","250000000","303009427","82.505683848802"
"2020","Kenya","KEN","Natural","Hydrological","Flood","Flood (General)","1","810655","285","10000000","12120377","82.505683848802"
"2020","Lao People's Democratic Republic","LAO","Natural","Meteorological","Storm","Tropical cyclone","2","70764","2","","","82.505683848802"
"2020","Lebanon","LBN","Natural","Climatological","Wildfire","Wildfire (General)","1","","","","","82.505683848802"
"2020","Lesotho","LSO","Natural","Climatological","Drought","Drought","1","766000","","","","82.505683848802"
"2020","Madagascar","MDG","Natural","Climatological","Drought","Drought","1","1680000","","","","82.505683848802"
"2020","Madagascar","MDG","Natural","Hydrological","Flood","Flood (General)","1","106846","40","","","82.505683848802"
"2020","Madagascar","MDG","Natural","Meteorological","Storm","Tropical cyclone","1","3200","4","","","82.505683848802"
"2020","Malawi","MWI","Natural","Hydrological","Flood","Riverine flood","1","2250","1","","","82.505683848802"
"2020","Malaysia","MYS","Natural","Hydrological","Flood","Flood (General)","4","12610","","6800000","8241856","82.505683848802"
"2020","Malaysia","MYS","Natural","Hydrological","Flood","Riverine flood","1","9273","","","","82.505683848802"
"2020","Mali","MLI","Natural","Climatological","Drought","Drought","1","6800000","","","","82.505683848802"
"2020","Mauritania","MRT","Natural","Climatological","Drought","Drought","1","1400000","","","","82.505683848802"
"2020","Mauritania","MRT","Natural","Hydrological","Flood","Flood (General)","2","19982","9","","","82.505683848802"
"2020","Mexico","MEX","Natural","Geophysical","Earthquake","Ground movement","1","24393","10","75000000","90902828","82.505683848802"
"2020","Mexico","MEX","Natural","Hydrological","Flood","Flood (General)","2","95100","30","","","82.505683848802"
"2020","Mexico","MEX","Natural","Meteorological","Storm","Tropical cyclone","5","4106","42","335000000","406032632","82.505683848802"
"2020","Mongolia","MNG","Natural","Hydrological","Flood","Flash flood","2","25875","8","1700000","2060464","82.505683848802"
"2020","Mongolia","MNG","Natural","Hydrological","Flood","Flood (General)","1","1230","2","","","82.505683848802"
"2020","Mongolia","MNG","Natural","Meteorological","Storm","Blizzard/Winter storm","1","22000","","","","82.505683848802"
"2020","Mozambique","MOZ","Natural","Climatological","Drought","Drought","1","2700000","","","","82.505683848802"
"2020","Mozambique","MOZ","Natural","Hydrological","Flood","Flood (General)","2","153700","24","","","82.505683848802"
"2020","Myanmar","MMR","Natural","Hydrological","Flood","Flash flood","1","25000","","","","82.505683848802"
"2020","Myanmar","MMR","Natural","Hydrological","Mass movement (wet)","Landslide (wet)","1","1554","174","","","82.505683848802"
"2020","Namibia","NAM","Natural","Hydrological","Flood","Flood (General)","1","1000","","","","82.505683848802"
"2020","Nepal","NPL","Natural","Hydrological","Flood","Flood (General)","1","117677","448","100000000","121203771","82.505683848802"
"2020","Netherlands (Kingdom of the)","NLD","Natural","Meteorological","Extreme temperature","Heat wave","1","","400","","","82.505683848802"
"2020","New Zealand","NZL","Natural","Climatological","Wildfire","Forest fire","1","195","","10000000","12120377","82.505683848802"
"2020","New Zealand","NZL","Natural","Hydrological","Flood","Flood (General)","2","2700","","100000000","121203771","82.505683848802"
"2020","Nicaragua","NIC","Natural","Meteorological","Storm","Tropical cyclone","2","930000","20","919000000","1113862654","82.505683848802"
"2020","Niger","NER","Natural","Climatological","Drought","Drought","1","3700000","","","","82.505683848802"
"2020","Niger","NER","Natural","Hydrological","Flood","Flood (General)","2","682620","83","10000000","12120377","82.505683848802"
"2020","Nigeria","NGA","Natural","Hydrological","Flood","Flood (General)","3","193725","189","100000000","121203771","82.505683848802"
"2020","Norway","NOR","Natural","Hydrological","Mass movement (wet)","Landslide (wet)","1","1010","10","130000000","157564902","82.505683848802"
"2020","Oman","OMN","Natural","Hydrological","Flood","Flood (General)","1","100","3","","","82.505683848802"
"2020","Pakistan","PAK","Natural","Biological","Infestation","Locust infestation","1","","","","","82.505683848802"
"2020","Pakistan","PAK","Natural","Hydrological","Flood","Flash flood","1","4836","66","","","82.505683848802"
"2020","Pakistan","PAK","Natural","Hydrological","Flood","Flood (General)","3","1555349","441","1500000000","1818056563","82.505683848802"
"2020","Pakistan","PAK","Natural","Hydrological","Mass movement (wet)","Landslide (wet)","1","","16","","","82.505683848802"
"2020","Pakistan","PAK","Natural","Meteorological","Storm","Blizzard/Winter storm","1","1000104","107","","","82.505683848802"
"2020","Panama","PAN","Natural","Hydrological","Flood","Riverine flood","1","150","11","","","82.505683848802"
"2020","Panama","PAN","Natural","Meteorological","Storm","Tropical cyclone","2","5000","83","11000000","13332415","82.505683848802"
"2020","Papua New Guinea","PNG","Natural","Hydrological","Flood","Flash flood","1","200","7","","","82.505683848802"
"2020","Papua New Guinea","PNG","Natural","Hydrological","Flood","Flood (General)","1","700","12","","","82.505683848802"
"2020","Papua New Guinea","PNG","Natural","Hydrological","Flood","Riverine flood","1","60000","","","","82.505683848802"
"2020","Papua New Guinea","PNG","Natural","Hydrological","Mass movement (wet)","Landslide (wet)","2","100","23","","","82.505683848802"
"2020","Peru","PER","Natural","Hydrological","Flood","Flash flood","3","7251","15","10000000","12120377","82.505683848802"
"2020","Peru","PER","Natural","Hydrological","Mass movement (wet)","Mudslide","1","13","15","","","82.505683848802"
"2020","Philippines","PHL","Natural","Geophysical","Earthquake","Ground movement","1","4980","1","2500000","3030094","82.505683848802"
"2020","Philippines","PHL","Natural","Geophysical","Volcanic activity","Ash fall","1","736802","1","66000000","79994489","82.505683848802"
"2020","Philippines","PHL","Natural","Hydrological","Mass movement (wet)","Landslide (wet)","1","11","10","","","82.505683848802"
"2020","Philippines","PHL","Natural","Meteorological","Storm","Tropical cyclone","6","5374740","190","1044974000","1266547893","82.505683848802"
"2020","Poland","POL","Natural","Hydrological","Flood","Flood (General)","1","5200","","","","82.505683848802"
"2020","Poland","POL","Natural","Meteorological","Storm","Extra-tropical storm","1","6","3","","","82.505683848802"
"2020","Puerto Rico","PRI","Natural","Geophysical","Earthquake","Ground movement","2","5228","4","950000000","1151435823","82.505683848802"
"2020","Puerto Rico","PRI","Natural","Meteorological","Storm","Tropical cyclone","1","","1","59800000","72479855","82.505683848802"
"2020","Republic of Korea","KOR","Natural","Hydrological","Flood","Flood (General)","2","15000","52","420000000","509055838","82.505683848802"
"2020","Republic of Korea","KOR","Natural","Meteorological","Storm","Tropical cyclone","3","3407","29","1200000000","1454445250","82.505683848802"
"2020","Romania","ROU","Natural","Hydrological","Flood","Riverine flood","1","1550","3","85000000","103023205","82.505683848802"
"2020","Rwanda","RWA","Natural","Hydrological","Flood","Flash flood","1","16210","72","","","82.505683848802"
"2020","Rwanda","RWA","Natural","Hydrological","Flood","Flood (General)","4","6245","39","","","82.505683848802"
"2020","Saudi Arabia","SAU","Natural","Hydrological","Flood","Flood (General)","1","600","3","","","82.505683848802"
"2020","Senegal","SEN","Natural","Hydrological","Flood","Flood (General)","1","17000","11","18000000","21816679","82.505683848802"
"2020","Serbia","SRB","Natural","Hydrological","Flood","Flash flood","1","3600","","28000000","33937056","82.505683848802"
"2020","Slovakia","SVK","Natural","Hydrological","Flood","Riverine flood","1","250","1","","","82.505683848802"
"2020","Slovenia","SVN","Natural","Meteorological","Storm","Extra-tropical storm","1","","1","","","82.505683848802"
"2020","Solomon Islands","SLB","Natural","Meteorological","Storm","Tropical cyclone","1","150000","48","","","82.505683848802"
"2020","Somalia","SOM","Natural","Hydrological","Flood","Flood (General)","1","1000020","26","","","82.505683848802"
"2020","Somalia","SOM","Natural","Hydrological","Flood","Riverine flood","1","191000","6","","","82.505683848802"
"2020","Somalia","SOM","Natural","Meteorological","Storm","Tropical cyclone","1","120000","9","","","82.505683848802"
"2020","South Africa","ZAF","Natural","Hydrological","Flood","Flash flood","1","200","3","","","82.505683848802"
"2020","South Africa","ZAF","Natural","Meteorological","Storm","Severe weather","1","210","10","","","82.505683848802"
"2020","South Sudan","SSD","Natural","Hydrological","Flood","Flood (General)","1","1042000","","","","82.505683848802"
"2020","Spain","ESP","Natural","Meteorological","Storm","Extra-tropical storm","1","2000","17","315000000","381791878","82.505683848802"
"2020","Sri Lanka","LKA","Natural","Hydrological","Flood","Flood (General)","2","151665","6","","","82.505683848802"
"2020","Sri Lanka","LKA","Natural","Meteorological","Storm","Tropical cyclone","1","1100","4","","","82.505683848802"
"2020","State of Palestine","PSE","Natural","Meteorological","Extreme temperature","Cold wave","1","30000","3","","","82.505683848802"
"2020","Sudan","SDN","Natural","Biological","Infestation","Locust infestation","1","","","","","82.505683848802"
"2020","Sudan","SDN","Natural","Hydrological","Flood","Flood (General)","1","875013","155","250000000","303009427","82.505683848802"
"2020","Sweden","SWE","Natural","Meteorological","Storm","Extra-tropical storm","1","","1","","","82.505683848802"
"2020","Switzerland","CHE","Natural","Meteorological","Storm","Extra-tropical storm","1","","1","","","82.505683848802"
"2020","Switzerland","CHE","Natural","Meteorological","Storm","Storm (General)","1","13","","","","82.505683848802"
"2020","Syrian Arab Republic","SYR","Natural","Climatological","Wildfire","Wildfire (General)","1","140079","3","","","82.505683848802"
"2020","Taiwan (Province of China)","TWN","Natural","Meteorological","Storm","Tropical cyclone","1","1","1","","","82.505683848802"
"2020","Tajikistan","TJK","Natural","Hydrological","Flood","Flood (General)","1","2690","2","","","82.505683848802"
"2020","Thailand","THA","Natural","Hydrological","Flood","Flash flood","2","731659","30","50000000","60601885","82.505683848802"
"2020","Thailand","THA","Natural","Hydrological","Flood","Flood (General)","1","139000","1","","","82.505683848802"
"2020","Thailand","THA","Natural","Meteorological","Storm","Severe weather","1","50502","2","10000000","12120377","82.505683848802"
"2020","Thailand","THA","Natural","Meteorological","Storm","Tropical cyclone","3","274923","11","","","82.505683848802"
"2020","Timor-Leste","TLS","Natural","Hydrological","Flood","Riverine flood","1","9131","3","20000000","24240754","82.505683848802"
"2020","Togo","TGO","Natural","Hydrological","Flood","Flood (General)","1","57000","11","","","82.505683848802"
"2020","Tonga","TON","Natural","Meteorological","Storm","Tropical cyclone","1","25000","","111000000","134536186","82.505683848802"
"2020","Tunisia","TUN","Natural","Hydrological","Flood","Flash flood","1","40000","6","","","82.505683848802"
"2020","Tuvalu","TUV","Natural","Meteorological","Storm","Tropical cyclone","1","5500","","","","82.505683848802"
"2020","Türkiye","TUR","Natural","Geophysical","Earthquake","Ground movement","5","86604","166","790000000","957509790","82.505683848802"
"2020","Türkiye","TUR","Natural","Hydrological","Flood","Flash flood","2","822","8","35000000","42421320","82.505683848802"
"2020","Türkiye","TUR","Natural","Hydrological","Flood","Flood (General)","1","","16","250000000","303009427","82.505683848802"
"2020","Türkiye","TUR","Natural","Hydrological","Mass movement (wet)","Avalanche (wet)","1","84","41","","","82.505683848802"
"2020","Türkiye","TUR","Natural","Meteorological","Storm","Severe weather","1","300","2","","","82.505683848802"
"2020","Uganda","UGA","Natural","Biological","Infestation","Locust infestation","1","","","","","82.505683848802"
"2020","Uganda","UGA","Natural","Hydrological","Flood","Flash flood","1","100000","3","","","82.505683848802"
"2020","Uganda","UGA","Natural","Hydrological","Flood","Flood (General)","3","6500","13","","","82.505683848802"
"2020","Uganda","UGA","Natural","Hydrological","Flood","Riverine flood","1","25000","11","","","82.505683848802"
"2020","Uganda","UGA","Natural","Meteorological","Storm","Severe weather","1","8700","8","","","82.505683848802"
"2020","Ukraine","UKR","Natural","Climatological","Wildfire","Forest fire","2","1968","16","162000000","196350109","82.505683848802"
"2020","Ukraine","UKR","Natural","Hydrological","Flood","Flood (General)","1","55000","3","153861000","186485334","82.505683848802"
"2020","United Kingdom of Great Britain and Northern Ireland","GBR","Natural","Hydrological","Flood","Riverine flood","1","480","","","","82.505683848802"
"2020","United Kingdom of Great Britain and Northern Ireland","GBR","Natural","Meteorological","Extreme temperature","Heat wave","1","","2556","","","82.505683848802"
"2020","United Kingdom of Great Britain and Northern Ireland","GBR","Natural","Meteorological","Storm","Extra-tropical storm","2","6400","4","","","82.505683848802"
"2020","United Republic of Tanzania","TZA","Natural","Biological","Infestation","Locust infestation","1","","","","","82.505683848802"
"2020","United Republic of Tanzania","TZA","Natural","Hydrological","Flood","Flash flood","2","28258","41","","","82.505683848802"
"2020","United Republic of Tanzania","TZA","Natural","Hydrological","Flood","Flood (General)","2","36823","2","","","82.505683848802"
"2020","United States of America","USA","Natural","Climatological","Drought","Drought","1","","45","4500000000","5454169689","82.505683848802"
"2020","United States of America","USA","Natural","Climatological","Wildfire","Forest fire","1","","32","11000000000","13332414795","82.505683848802"
"2020","United States of America","USA","Natural","Hydrological","Flood","Flood (General)","1","10000","1","2100000000","2545279188","82.505683848802"
"2020","United States of America","USA","Natural","Hydrological","Flood","Riverine flood","1","3000","","175000000","212106599","82.505683848802"
"2020","United States of America","USA","Natural","Meteorological","Storm","Derecho","1","","4","6800000000","8241856419","82.505683848802"
"2020","United States of America","USA","Natural","Meteorological","Storm","Hail","1","","","1400000000","1696852792","82.505683848802"
"2020","United States of America","USA","Natural","Meteorological","Storm","Lightning/Thunderstorms","1","","11","350000000","424213198","82.505683848802"
"2020","United States of America","USA","Natural","Meteorological","Storm","Severe weather","4","","14","7800000000","9453894127","82.505683848802"
"2020","United States of America","USA","Natural","Meteorological","Storm","Tornado","4","12531","66","10300000000","12483988399","82.505683848802"
"2020","United States of America","USA","Natural","Meteorological","Storm","Tropical cyclone","8","15900","80","33425000000","40512360411","82.505683848802"
"2020","Uruguay","URY","Natural","Hydrological","Flood","Flash flood","1","360","","","","82.505683848802"
"2020","Uruguay","URY","Natural","Meteorological","Storm","Severe weather","1","360","","","","82.505683848802"
"2020","Uzbekistan","UZB","Natural","Hydrological","Flood","Flood (General)","1","70060","4","","","82.505683848802"
"2020","Vanuatu","VUT","Natural","Meteorological","Storm","Tropical cyclone","1","130120","3","","","82.505683848802"
"2020","Venezuela (Bolivarian Republic of)","VEN","Natural","Hydrological","Flood","Flood (General)","1","3690","3","30000000","36361131","82.505683848802"
"2020","Viet Nam","VNM","Natural","Hydrological","Flood","Flash flood","1","2621","5","22000000","26664830","82.505683848802"
"2020","Viet Nam","VNM","Natural","Meteorological","Storm","Extra-tropical storm","1","4652","5","1500000","1818057","82.505683848802"
"2020","Viet Nam","VNM","Natural","Meteorological","Storm","Lightning/Thunderstorms","1","30013","3","","","82.505683848802"
"2020","Viet Nam","VNM","Natural","Meteorological","Storm","Tropical cyclone","8","2160784","297","1428492000","1731386170","82.505683848802"
"2020","Yemen","YEM","Natural","Hydrological","Flood","Flash flood","2","173159","12","20000000","24240754","82.505683848802"
"2020","Yemen","YEM","Natural","Hydrological","Flood","Flood (General)","2","215","190","","","82.505683848802"
"2020","Zambia","ZMB","Natural","Hydrological","Flood","Flood (General)","3","705772","3","","","82.505683848802"
"2021","Afghanistan","AFG","Natural","Climatological","Drought","Drought","1","11000000","","","","86.381656941096"
"2021","Afghanistan","AFG","Natural","Hydrological","Flood","Flash flood","2","35033","376","","","86.381656941096"
"2021","Afghanistan","AFG","Natural","Hydrological","Mass movement (wet)","Avalanche (wet)","1","","20","","","86.381656941096"
"2021","Albania","ALB","Natural","Hydrological","Flood","Flood (General)","1","84","","","","86.381656941096"
"2021","Algeria","DZA","Natural","Climatological","Wildfire","Wildfire (General)","1","42503","90","","","86.381656941096"
"2021","Algeria","DZA","Natural","Hydrological","Flood","Flash flood","1","2500","10","","","86.381656941096"
"2021","Algeria","DZA","Natural","Hydrological","Flood","Flood (General)","1","420","3","","","86.381656941096"
"2021","Angola","AGO","Natural","Hydrological","Flood","Flash flood","2","9937","22","","","86.381656941096"
"2021","Argentina","ARG","Natural","Climatological","Wildfire","Forest fire","1","1207","15","","","86.381656941096"
"2021","Argentina","ARG","Natural","Geophysical","Earthquake","Ground movement","1","1814","","","","86.381656941096"
"2021","Argentina","ARG","Natural","Hydrological","Flood","Flash flood","1","90","","","","86.381656941096"
"2021","Australia","AUS","Natural","Climatological","Wildfire","Land fire (Brush, Bush, Pasture)","1","243","","120000000","138918382","86.381656941096"
"2021","Australia","AUS","Natural","Hydrological","Flood","Flash flood","1","600","2","330000000","382025550","86.381656941096"
"2021","Australia","AUS","Natural","Hydrological","Flood","Flood (General)","3","19250","4","2200000000","2546837000","86.381656941096"
"2021","Australia","AUS","Natural","Meteorological","Storm","Tropical cyclone","2","8625","1","685000000","792992429","86.381656941096"
"2021","Austria","AUT","Natural","Hydrological","Flood","Flood (General)","1","","1","","","86.381656941096"
"2021","Bangladesh","BGD","Natural","Hydrological","Flood","Flood (General)","1","268744","21","","","86.381656941096"
"2021","Bangladesh","BGD","Natural","Meteorological","Storm","Tropical cyclone","1","1300000","3","","","86.381656941096"
"2021","Barbados","BRB","Natural","Meteorological","Storm","Tropical cyclone","1","3300","","","","86.381656941096"
"2021","Belgium","BEL","Natural","Hydrological","Flood","Flood (General)","1","101950","39","2000000000","2315306363","86.381656941096"
"2021","Belgium","BEL","Natural","Meteorological","Storm","Severe weather","1","","","","","86.381656941096"
"2021","Belgium","BEL","Natural","Meteorological","Storm","Storm (General)","1","","","","","86.381656941096"
"2021","Benin","BEN","Natural","Hydrological","Flood","Flood (General)","1","35850","13","","","86.381656941096"
"2021","Bhutan","BTN","Natural","Geophysical","Earthquake","Ground movement","1","502","","","","86.381656941096"
"2021","Bhutan","BTN","Natural","Hydrological","Flood","Flash flood","1","","10","","","86.381656941096"
"2021","Bolivia (Plurinational State of)","BOL","Natural","Hydrological","Flood","Flash flood","1","7","10","","","86.381656941096"
"2021","Bolivia (Plurinational State of)","BOL","Natural","Hydrological","Flood","Flood (General)","6","303590","40","","","86.381656941096"
"2021","Bosnia and Herzegovina","BIH","Natural","Hydrological","Flood","Flash flood","1","250000","","","","86.381656941096"
"2021","Brazil","BRA","Natural","Climatological","Drought","Drought","1","","","3000000000","3472959545","86.381656941096"
"2021","Brazil","BRA","Natural","Hydrological","Flood","Flash flood","2","2643","3","13000000","15049491","86.381656941096"
"2021","Brazil","BRA","Natural","Hydrological","Flood","Flood (General)","6","1605407","59","530000000","613556186","86.381656941096"
"2021","Bulgaria","BGR","Natural","Climatological","Wildfire","Wildfire (General)","1","500","","","","86.381656941096"
"2021","Bulgaria","BGR","Natural","Hydrological","Flood","Flood (General)","1","25","","","","86.381656941096"
"2021","Burundi","BDI","Natural","Hydrological","Flood","Flood (General)","1","52182","","","","86.381656941096"
"2021","Cambodia","KHM","Natural","Hydrological","Flood","Flood (General)","3","13225","","","","86.381656941096"
"2021","Cambodia","KHM","Natural","Meteorological","Storm","Severe weather","1","501","1","","","86.381656941096"
"2021","Canada","CAN","Natural","Climatological","Wildfire","Wildfire (General)","1","250","2","80912000","93668034","86.381656941096"
"2021","Canada","CAN","Natural","Hydrological","Flood","Flood (General)","1","15000","4","2000000000","2315306363","86.381656941096"
"2021","Canada","CAN","Natural","Meteorological","Extreme temperature","Heat wave","1","","815","","","86.381656941096"
"2021","Canada","CAN","Natural","Meteorological","Storm","Tornado","1","302","1","25000000","28941330","86.381656941096"
"2021","Canary Islands","SPI","Natural","Geophysical","Volcanic activity","Lava flow","1","6888","1","1000000000","1157653182","86.381656941096"
"2021","Central African Republic","CAF","Natural","Hydrological","Flood","Flood (General)","1","3957","","","","86.381656941096"
"2021","Chad","TCD","Natural","Hydrological","Flood","Flood (General)","1","269180","32","","","86.381656941096"
"2021","Chile","CHL","Natural","Hydrological","Flood","Flood (General)","1","610","","","","86.381656941096"
"2021","Chile","CHL","Natural","Meteorological","Storm","Severe weather","1","521","","175000000","202589307","86.381656941096"
"2021","China","CHN","Natural","Climatological","Drought","Drought","1","","","3100000000","3588724863","86.381656941096"
"2021","China","CHN","Natural","Geophysical","Earthquake","Ground movement","5","90840","9","962000000","1113662361","86.381656941096"
"2021","China","CHN","Natural","Hydrological","Flood","Flash flood","1","1760000","18","1800000000","2083775727","86.381656941096"
"2021","China","CHN","Natural","Hydrological","Flood","Flood (General)","3","15866100","373","16661000000","19287659661","86.381656941096"
"2021","China","CHN","Natural","Meteorological","Storm","Blizzard/Winter storm","1","5600","1","935000000","1082405725","86.381656941096"
"2021","China","CHN","Natural","Meteorological","Storm","Lightning/Thunderstorms","1","13666","11","2500000","2894133","86.381656941096"
"2021","China","CHN","Natural","Meteorological","Storm","Sand/Dust storm","1","","","","","86.381656941096"
"2021","China","CHN","Natural","Meteorological","Storm","Severe weather","2","467","26","","","86.381656941096"
"2021","China","CHN","Natural","Meteorological","Storm","Tornado","1","80301","12","96000000","111134705","86.381656941096"
"2021","China","CHN","Natural","Meteorological","Storm","Tropical cyclone","1","72000","5","2000000000","2315306363","86.381656941096"
"2021","China, Hong Kong Special Administrative Region","HKG","Natural","Meteorological","Storm","Tropical cyclone","2","175","2","","","86.381656941096"
"2021","Colombia","COL","Natural","Hydrological","Flood","Flash flood","2","3575","","","","86.381656941096"
"2021","Colombia","COL","Natural","Hydrological","Flood","Flood (General)","6","40082","22","","","86.381656941096"
"2021","Colombia","COL","Natural","Hydrological","Flood","Riverine flood","2","6800","","","","86.381656941096"
"2021","Colombia","COL","Natural","Hydrological","Mass movement (wet)","Landslide (wet)","1","10","20","","","86.381656941096"
"2021","Congo","COG","Natural","Hydrological","Flood","Flood (General)","1","46652","24","","","86.381656941096"
"2021","Costa Rica","CRI","Natural","Hydrological","Flood","Flood (General)","1","200000","3","","","86.381656941096"
"2021","Cuba","CUB","Natural","Meteorological","Storm","Tropical cyclone","2","","","100000000","115765318","86.381656941096"
"2021","Cyprus","CYP","Natural","Climatological","Wildfire","Forest fire","1","150","4","47000000","54409700","86.381656941096"
"2021","Czechia","CZE","Natural","Hydrological","Flood","Flood (General)","1","","","","","86.381656941096"
"2021","Czechia","CZE","Natural","Meteorological","Storm","Severe weather","1","3813","6","701000000","811514880","86.381656941096"
"2021","Czechia","CZE","Natural","Meteorological","Storm","Storm (General)","1","2","","","","86.381656941096"
"2021","Democratic People's Republic of Korea","PRK","Natural","Hydrological","Flood","Flood (General)","1","5000","","","","86.381656941096"
"2021","Democratic Republic of the Congo","COD","Natural","Geophysical","Volcanic activity","Lava flow","1","288404","32","","","86.381656941096"
"2021","Dominican Republic","DOM","Natural","Meteorological","Storm","Tropical cyclone","2","4178","2","","","86.381656941096"
"2021","Ecuador","ECU","Natural","Geophysical","Earthquake","Ground movement","1","39","","","","86.381656941096"
"2021","Ecuador","ECU","Natural","Geophysical","Volcanic activity","Ash fall","1","133306","","","","86.381656941096"
"2021","Ecuador","ECU","Natural","Hydrological","Flood","Flood (General)","1","18003","6","","","86.381656941096"
"2021","Ecuador","ECU","Natural","Hydrological","Flood","Riverine flood","1","461","","","","86.381656941096"
"2021","Egypt","EGY","Natural","Hydrological","Flood","Flood (General)","1","6235","3","","","86.381656941096"
"2021","El Salvador","SLV","Natural","Hydrological","Flood","Flood (General)","1","300","5","","","86.381656941096"
"2021","Eswatini","SWZ","Natural","Meteorological","Storm","Tropical cyclone","1","","","","","86.381656941096"
"2021","Ethiopia","ETH","Natural","Climatological","Drought","Drought","1","6800000","","","","86.381656941096"
"2021","Ethiopia","ETH","Natural","Hydrological","Flood","Riverine flood","1","","16","","","86.381656941096"
"2021","Fiji","FJI","Natural","Meteorological","Storm","Tropical cyclone","1","82751","6","10000000","11576532","86.381656941096"
"2021","France","FRA","Natural","Hydrological","Flood","Flash flood","1","600","1","","","86.381656941096"
"2021","France","FRA","Natural","Hydrological","Flood","Flood (General)","5","1547","1","33000000","38202555","86.381656941096"
"2021","France","FRA","Natural","Meteorological","Extreme temperature","Cold wave","1","","","5600000000","6482857818","86.381656941096"
"2021","France","FRA","Natural","Meteorological","Storm","Severe weather","1","255","","","","86.381656941096"
"2021","France","FRA","Natural","Meteorological","Storm","Storm (General)","1","","","","","86.381656941096"
"2021","Gambia","GMB","Natural","Meteorological","Storm","Severe weather","1","16949","10","","","86.381656941096"
"2021","Georgia","GEO","Natural","Hydrological","Flood","Flood (General)","1","1780","","","","86.381656941096"
"2021","Germany","DEU","Natural","Hydrological","Flood","Flood (General)","1","1000","226","40000000000","46306127269","86.381656941096"
"2021","Germany","DEU","Natural","Meteorological","Storm","Lightning/Thunderstorms","1","600","","","","86.381656941096"
"2021","Germany","DEU","Natural","Meteorological","Storm","Storm (General)","1","4","1","","","86.381656941096"
"2021","Ghana","GHA","Natural","Hydrological","Flood","Flood (General)","2","326","9","","","86.381656941096"
"2021","Greece","GRC","Natural","Climatological","Wildfire","Forest fire","1","7500","2","580000000","671438845","86.381656941096"
"2021","Greece","GRC","Natural","Geophysical","Earthquake","Ground movement","2","5047","1","40000000","46306127","86.381656941096"
"2021","Guatemala","GTM","Natural","Hydrological","Flood","Flood (General)","3","24616","2","","","86.381656941096"
"2021","Guinea","GIN","Natural","Hydrological","Flood","Flood (General)","1","71664","5","","","86.381656941096"
"2021","Guyana","GUY","Natural","Hydrological","Flood","Flood (General)","1","34500","","","","86.381656941096"
"2021","Haiti","HTI","Natural","Geophysical","Earthquake","Ground movement","1","702763","2575","1620071000","1875480348","86.381656941096"
"2021","Haiti","HTI","Natural","Hydrological","Flood","Flash flood","1","13380","7","","","86.381656941096"
"2021","Haiti","HTI","Natural","Meteorological","Storm","Tropical cyclone","2","3","","","","86.381656941096"
"2021","Honduras","HND","Natural","Climatological","Wildfire","Wildfire (General)","1","2503","","","","86.381656941096"
"2021","India","IND","Natural","Climatological","Glacial lake outburst flood","Glacial lake outburst flood","2","24","250","210000000","243107168","86.381656941096"
"2021","India","IND","Natural","Geophysical","Earthquake","Ground movement","1","3010","2","","","86.381656941096"
"2021","India","IND","Natural","Hydrological","Flood","Flash flood","1","122","37","","","86.381656941096"
"2021","India","IND","Natural","Hydrological","Flood","Flood (General)","8","1324439","1520","3200000000","3704490182","86.381656941096"
"2021","India","IND","Natural","Hydrological","Mass movement (wet)","Landslide (wet)","2","13","68","","","86.381656941096"
"2021","India","IND","Natural","Meteorological","Storm","Tropical cyclone","5","2506203","249","4400000000","5093674000","86.381656941096"
"2021","Indonesia","IDN","Natural","Geophysical","Earthquake","Ground movement","5","113651","122","58700000","67954242","86.381656941096"
"2021","Indonesia","IDN","Natural","Geophysical","Volcanic activity","Lava flow","1","1329","","","","86.381656941096"
"2021","Indonesia","IDN","Natural","Geophysical","Volcanic activity","Pyroclastic flow","1","10992","71","20000000","23153064","86.381656941096"
"2021","Indonesia","IDN","Natural","Hydrological","Flood","Flash flood","1","1275","9","","","86.381656941096"
"2021","Indonesia","IDN","Natural","Hydrological","Flood","Flood (General)","16","930679","48","50000000","57882659","86.381656941096"
"2021","Indonesia","IDN","Natural","Hydrological","Flood","Riverine flood","1","10000","3","","","86.381656941096"
"2021","Indonesia","IDN","Natural","Hydrological","Mass movement (wet)","Landslide (wet)","2","1661","32","","","86.381656941096"
"2021","Indonesia","IDN","Natural","Meteorological","Storm","Tropical cyclone","1","509625","226","800000000","926122545","86.381656941096"
"2021","Iran (Islamic Republic of)","IRN","Natural","Climatological","Drought","Drought","1","4900000","","","","86.381656941096"
"2021","Iran (Islamic Republic of)","IRN","Natural","Geophysical","Earthquake","Ground movement","3","297855","3","175000000","202589307","86.381656941096"
"2021","Iran (Islamic Republic of)","IRN","Natural","Hydrological","Flood","Flash flood","1","1810","11","","","86.381656941096"
"2021","Iran (Islamic Republic of)","IRN","Natural","Meteorological","Storm","Severe weather","1","2600","10","","","86.381656941096"
"2021","Iran (Islamic Republic of)","IRN","Natural","Meteorological","Storm","Tropical cyclone","1","122","2","","","86.381656941096"
"2021","Iraq","IRQ","Natural","Climatological","Drought","Drought","1","7000000","","","","86.381656941096"
"2021","Iraq","IRQ","Natural","Hydrological","Flood","Flash flood","1","7500","14","14000000","16207145","86.381656941096"
"2021","Iraq","IRQ","Natural","Hydrological","Flood","Flood (General)","1","3203","2","","","86.381656941096"
"2021","Italy","ITA","Natural","Climatological","Wildfire","Wildfire (General)","1","11600","","59000000","68301538","86.381656941096"
"2021","Italy","ITA","Natural","Hydrological","Flood","Flood (General)","1","","1","","","86.381656941096"
"2021","Japan","JPN","Natural","Geophysical","Earthquake","Ground movement","2","8503","1","8250000000","9550638749","86.381656941096"
"2021","Japan","JPN","Natural","Hydrological","Flood","Flood (General)","2","30300","12","100000000","115765318","86.381656941096"
"2021","Japan","JPN","Natural","Hydrological","Mass movement (wet)","Mudslide","1","900","26","250000000","289413295","86.381656941096"
"2021","Japan","JPN","Natural","Meteorological","Storm","Blizzard/Winter storm","1","394","23","2000000000","2315306363","86.381656941096"
"2021","Kazakhstan","KAZ","Natural","Climatological","Drought","Drought","1","71000","","","","86.381656941096"
"2021","Kenya","KEN","Natural","Hydrological","Flood","Flood (General)","1","300000","9","","","86.381656941096"
"2021","Kyrgyzstan","KGZ","Natural","Hydrological","Mass movement (wet)","Mudslide","1","","15","","","86.381656941096"
"2021","Lao People's Democratic Republic","LAO","Natural","Geophysical","Earthquake","Ground movement","1","","","120000","138918","86.381656941096"
"2021","Lao People's Democratic Republic","LAO","Natural","Meteorological","Storm","Tropical cyclone","1","26000","","","","86.381656941096"
"2021","Lesotho","LSO","Natural","Meteorological","Storm","Storm (General)","1","2550","","","","86.381656941096"
"2021","Luxembourg","LUX","Natural","Hydrological","Flood","Flood (General)","1","","","","","86.381656941096"
"2021","Madagascar","MDG","Natural","Hydrological","Flood","Flood (General)","1","1400","1","","","86.381656941096"
"2021","Madagascar","MDG","Natural","Meteorological","Storm","Tropical cyclone","1","1000","2","","","86.381656941096"
"2021","Malawi","MWI","Natural","Meteorological","Storm","Storm (General)","1","55551","13","","","86.381656941096"
"2021","Malaysia","MYS","Natural","Hydrological","Flood","Flash flood","3","125828","63","1460000000","1690173645","86.381656941096"
"2021","Malaysia","MYS","Natural","Hydrological","Flood","Flood (General)","5","38813","16","","","86.381656941096"
"2021","Maldives","MDV","Natural","Meteorological","Storm","Tropical cyclone","1","1320","","","","86.381656941096"
"2021","Mexico","MEX","Natural","Geophysical","Earthquake","Ground movement","1","21951","3","200000000","231530636","86.381656941096"
"2021","Mexico","MEX","Natural","Hydrological","Flood","Flash flood","2","2020","24","50000000","57882659","86.381656941096"
"2021","Mexico","MEX","Natural","Hydrological","Flood","Flood (General)","1","10500","6","10000000","11576532","86.381656941096"
"2021","Mexico","MEX","Natural","Meteorological","Storm","Blizzard/Winter storm","1","","12","100000000","115765318","86.381656941096"
"2021","Mexico","MEX","Natural","Meteorological","Storm","Tropical cyclone","5","2874","20","710000000","821933759","86.381656941096"
"2021","Mongolia","MNG","Natural","Hydrological","Flood","Flash flood","1","6356","","","","86.381656941096"
"2021","Mongolia","MNG","Natural","Meteorological","Storm","Sand/Dust storm","1","8124","12","","","86.381656941096"
"2021","Morocco","MAR","Natural","Hydrological","Flood","Flash flood","1","1375","","","","86.381656941096"
"2021","Morocco","MAR","Natural","Hydrological","Flood","Flood (General)","1","10","24","","","86.381656941096"
"2021","Mozambique","MOZ","Natural","Climatological","Drought","Drought","1","1562771","","","","86.381656941096"
"2021","Mozambique","MOZ","Natural","Hydrological","Flood","Flood (General)","1","11410","","","","86.381656941096"
"2021","Mozambique","MOZ","Natural","Meteorological","Storm","Tropical cyclone","1","481901","11","","","86.381656941096"
"2021","Myanmar","MMR","Natural","Hydrological","Flood","Flood (General)","1","125000","","","","86.381656941096"
"2021","Namibia","NAM","Natural","Hydrological","Flood","Flash flood","1","401","","","","86.381656941096"
"2021","Nepal","NPL","Natural","Hydrological","Flood","Flash flood","1","820","46","","","86.381656941096"
"2021","Nepal","NPL","Natural","Hydrological","Flood","Flood (General)","3","3121","205","","","86.381656941096"
"2021","Netherlands (Kingdom of the)","NLD","Natural","Hydrological","Flood","Flood (General)","1","","","","","86.381656941096"
"2021","Netherlands (Kingdom of the)","NLD","Natural","Meteorological","Storm","Storm (General)","1","4","","","","86.381656941096"
"2021","New Caledonia","NCL","Natural","Meteorological","Storm","Tropical cyclone","1","","","","","86.381656941096"
"2021","New Zealand","NZL","Natural","Hydrological","Flood","Flood (General)","3","1130","","247000000","285940336","86.381656941096"
"2021","New Zealand","NZL","Natural","Meteorological","Storm","Tornado","1","750","1","30000000","34729595","86.381656941096"
"2021","Niger","NER","Natural","Hydrological","Flood","Flood (General)","1","105750","62","","","86.381656941096"
"2021","Nigeria","NGA","Natural","Hydrological","Flood","Flash flood","1","830","4","","","86.381656941096"
"2021","Nigeria","NGA","Natural","Hydrological","Flood","Flood (General)","1","7500","","","","86.381656941096"
"2021","North Macedonia","MKD","Natural","Climatological","Wildfire","Forest fire","1","80000","1","","","86.381656941096"
"2021","Oman","OMN","Natural","Meteorological","Storm","Lightning/Thunderstorms","1","90","7","80000000","92612255","86.381656941096"
"2021","Oman","OMN","Natural","Meteorological","Storm","Tropical cyclone","1","","13","","","86.381656941096"
"2021","Pakistan","PAK","Natural","Geophysical","Earthquake","Ground movement","1","64100","21","","","86.381656941096"
"2021","Pakistan","PAK","Natural","Hydrological","Flood","Flash flood","1","97","5","","","86.381656941096"
"2021","Pakistan","PAK","Natural","Hydrological","Flood","Flood (General)","3","260","215","10000000","11576532","86.381656941096"
"2021","Pakistan","PAK","Natural","Meteorological","Storm","Severe weather","2","28","23","","","86.381656941096"
"2021","Palau","PLW","Natural","Meteorological","Storm","Tropical cyclone","1","7288","","","","86.381656941096"
"2021","Panama","PAN","Natural","Hydrological","Flood","Flood (General)","2","30190","1","","","86.381656941096"
"2021","Paraguay","PRY","Natural","Hydrological","Flood","Flood (General)","2","6000","10","","","86.381656941096"
"2021","Peru","PER","Natural","Geophysical","Earthquake","Ground movement","2","19333","","","","86.381656941096"
"2021","Peru","PER","Natural","Hydrological","Flood","Flash flood","1","1875","1","","","86.381656941096"
"2021","Peru","PER","Natural","Hydrological","Flood","Flood (General)","5","14768","12","","","86.381656941096"
"2021","Peru","PER","Natural","Hydrological","Flood","Riverine flood","2","12561","10","25000000","28941330","86.381656941096"
"2021","Philippines","PHL","Natural","Geophysical","Volcanic activity","Volcanic activity (General)","1","22433","","","","86.381656941096"
"2021","Philippines","PHL","Natural","Hydrological","Flood","Flash flood","1","38160","2","25000000","28941330","86.381656941096"
"2021","Philippines","PHL","Natural","Hydrological","Flood","Flood (General)","4","307196","3","","","86.381656941096"
"2021","Philippines","PHL","Natural","Meteorological","Storm","Severe weather","1","37830","6","","","86.381656941096"
"2021","Philippines","PHL","Natural","Meteorological","Storm","Tropical cyclone","7","12379433","561","1025235000","1186866560","86.381656941096"
"2021","Poland","POL","Natural","Hydrological","Flood","Flood (General)","1","","","","","86.381656941096"
"2021","Poland","POL","Natural","Meteorological","Storm","Severe weather","1","2002","","","","86.381656941096"
"2021","Poland","POL","Natural","Meteorological","Storm","Storm (General)","1","13","4","","","86.381656941096"
"2021","Republic of Korea","KOR","Natural","Meteorological","Storm","Tropical cyclone","1","600","","13000000","15049491","86.381656941096"
"2021","Romania","ROU","Natural","Hydrological","Flood","Riverine flood","1","100","1","","","86.381656941096"
"2021","Russian Federation","RUS","Natural","Climatological","Wildfire","Forest fire","1","120","","","","86.381656941096"
"2021","Russian Federation","RUS","Natural","Hydrological","Flood","Flood (General)","3","28638","8","200000000","231530636","86.381656941096"
"2021","Russian Federation","RUS","Natural","Hydrological","Mass movement (wet)","Mudslide","1","3003","6","","","86.381656941096"
"2021","Rwanda","RWA","Natural","Geophysical","Volcanic activity","Lava flow","1","13365","","","","86.381656941096"
"2021","Rwanda","RWA","Natural","Hydrological","Flood","Flood (General)","1","6500","","","","86.381656941096"
"2021","Saint Lucia","LCA","Natural","Meteorological","Storm","Tropical cyclone","1","","1","34000000","39360208","86.381656941096"
"2021","Saint Vincent and the Grenadines","VCT","Natural","Geophysical","Volcanic activity","Pyroclastic flow","1","13300","","325000000","376237284","86.381656941096"
"2021","Saint Vincent and the Grenadines","VCT","Natural","Meteorological","Storm","Tropical cyclone","1","129","","","","86.381656941096"
"2021","Sao Tome and Principe","STP","Natural","Hydrological","Flood","Flood (General)","1","219668","8","","","86.381656941096"
"2021","Serbia","SRB","Natural","Hydrological","Flood","Flood (General)","1","22","","","","86.381656941096"
"2021","Slovakia","SVK","Natural","Hydrological","Flood","Flash flood","1","","1","","","86.381656941096"
"2021","Slovenia","SVN","Natural","Hydrological","Flood","Flood (General)","1","1500","","","","86.381656941096"
"2021","Somalia","SOM","Natural","Climatological","Drought","Drought","1","7100000","","993000000","1149549609","86.381656941096"
"2021","Somalia","SOM","Natural","Hydrological","Flood","Flood (General)","1","400000","25","","","86.381656941096"
"2021","South Africa","ZAF","Natural","Climatological","Drought","Drought","1","12000000","","","","86.381656941096"
"2021","South Africa","ZAF","Natural","Hydrological","Flood","Flood (General)","1","400","31","75000000","86823989","86.381656941096"
"2021","South Africa","ZAF","Natural","Meteorological","Storm","Lightning/Thunderstorms","1","8837","23","","","86.381656941096"
"2021","South Africa","ZAF","Natural","Meteorological","Storm","Tropical cyclone","1","3200","4","","","86.381656941096"
"2021","South Sudan","SSD","Natural","Climatological","Drought","Drought","1","7723670","","","","86.381656941096"
"2021","South Sudan","SSD","Natural","Hydrological","Flood","Flood (General)","1","835000","7","","","86.381656941096"
"2021","Spain","ESP","Natural","Hydrological","Flood","Flash flood","1","150","2","105000000","121553584","86.381656941096"
"2021","Spain","ESP","Natural","Hydrological","Flood","Flood (General)","1","100","1","36000000","41675515","86.381656941096"
"2021","Spain","ESP","Natural","Meteorological","Storm","Blizzard/Winter storm","1","","5","1900000000","2199541045","86.381656941096"
"2021","Sri Lanka","LKA","Natural","Hydrological","Flood","Flood (General)","4","329898","35","","","86.381656941096"
"2021","Sri Lanka","LKA","Natural","Meteorological","Storm","Tropical cyclone","1","879","","","","86.381656941096"
"2021","Sudan","SDN","Natural","Hydrological","Flood","Flood (General)","1","303045","52","","","86.381656941096"
"2021","Sudan","SDN","Natural","Meteorological","Storm","Severe weather","1","16000","","","","86.381656941096"
"2021","Suriname","SUR","Natural","Hydrological","Flood","Flood (General)","1","10100","","","","86.381656941096"
"2021","Sweden","SWE","Natural","Hydrological","Flood","Flash flood","1","13500","","70000000","81035723","86.381656941096"
"2021","Switzerland","CHE","Natural","Hydrological","Flood","Flood (General)","1","","","","","86.381656941096"
"2021","Switzerland","CHE","Natural","Hydrological","Mass movement (wet)","Avalanche (wet)","1","","17","","","86.381656941096"
"2021","Switzerland","CHE","Natural","Meteorological","Storm","Lightning/Thunderstorms","1","5","","","","86.381656941096"
"2021","Syrian Arab Republic","SYR","Natural","Climatological","Drought","Drought","1","5500000","","","","86.381656941096"
"2021","Syrian Arab Republic","SYR","Natural","Hydrological","Flood","Flood (General)","1","142003","1","","","86.381656941096"
"2021","Taiwan (Province of China)","TWN","Natural","Meteorological","Storm","Blizzard/Winter storm","1","","18","","","86.381656941096"
"2021","Taiwan (Province of China)","TWN","Natural","Meteorological","Storm","Tropical cyclone","1","","","","","86.381656941096"
"2021","Tajikistan","TJK","Natural","Geophysical","Earthquake","Ground movement","1","100","5","","","86.381656941096"
"2021","Tajikistan","TJK","Natural","Hydrological","Flood","Flood (General)","1","25010","7","9000000","10418879","86.381656941096"
"2021","Tajikistan","TJK","Natural","Hydrological","Mass movement (wet)","Mudslide","1","","12","","","86.381656941096"
"2021","Thailand","THA","Natural","Hydrological","Flood","Flood (General)","5","957694","14","591000000","684173030","86.381656941096"
"2021","Thailand","THA","Natural","Meteorological","Storm","Severe weather","1","900","2","","","86.381656941096"
"2021","Timor-Leste","TLS","Natural","Meteorological","Storm","Tropical cyclone","1","143670","41","","","86.381656941096"
"2021","Tunisia","TUN","Natural","Climatological","Wildfire","Forest fire","1","1000","","","","86.381656941096"
"2021","Tunisia","TUN","Natural","Hydrological","Flood","Flood (General)","1","","3","","","86.381656941096"
"2021","Tuvalu","TUV","Natural","Climatological","Drought","Drought","1","10204","","","","86.381656941096"
"2021","Türkiye","TUR","Natural","Climatological","Wildfire","Forest fire","1","561088","9","232000000","268575538","86.381656941096"
"2021","Türkiye","TUR","Natural","Hydrological","Flood","Flood (General)","2","7160","73","313000000","362345446","86.381656941096"
"2021","Uganda","UGA","Natural","Hydrological","Flood","Flood (General)","3","117464","5","","","86.381656941096"
"2021","Ukraine","UKR","Natural","Meteorological","Storm","Extra-tropical storm","1","1700","1","170000000","196801041","86.381656941096"
"2021","United Kingdom of Great Britain and Northern Ireland","GBR","Natural","Meteorological","Storm","Storm (General)","1","","1","","","86.381656941096"
"2021","United Republic of Tanzania","TZA","Natural","Climatological","Drought","Drought","1","2100000","","","","86.381656941096"
"2021","United Republic of Tanzania","TZA","Natural","Hydrological","Flood","Flash flood","1","2000","1","","","86.381656941096"
"2021","United Republic of Tanzania","TZA","Natural","Meteorological","Storm","Storm (General)","1","30001","","","","86.381656941096"
"2021","United States of America","USA","Natural","Climatological","Drought","Drought","1","","","9000000000","10418878635","86.381656941096"
"2021","United States of America","USA","Natural","Climatological","Wildfire","Forest fire","2","57164","3","4500000000","5209439318","86.381656941096"
"2021","United States of America","USA","Natural","Climatological","Wildfire","Wildfire (General)","4","4693","2","3635000000","4208069316","86.381656941096"
"2021","United States of America","USA","Natural","Hydrological","Flood","Flash flood","5","1325","36","1750000000","2025893068","86.381656941096"
"2021","United States of America","USA","Natural","Hydrological","Flood","Flood (General)","6","500","21","1900000000","2199541045","86.381656941096"
"2021","United States of America","USA","Natural","Hydrological","Flood","Riverine flood","1","51","1","150000000","173647977","86.381656941096"
"2021","United States of America","USA","Natural","Meteorological","Extreme temperature","Heat wave","1","","229","","","86.381656941096"
"2021","United States of America","USA","Natural","Meteorological","Storm","Blizzard/Winter storm","2","10","239","30100000000","34845360770","86.381656941096"
"2021","United States of America","USA","Natural","Meteorological","Storm","Lightning/Thunderstorms","1","","","1300000000","1504949136","86.381656941096"
"2021","United States of America","USA","Natural","Meteorological","Storm","Severe weather","9","452","33","11935000000","13816590724","86.381656941096"
"2021","United States of America","USA","Natural","Meteorological","Storm","Storm (General)","1","344","14","375000000","434119943","86.381656941096"
"2021","United States of America","USA","Natural","Meteorological","Storm","Tornado","5","230","104","8820000000","10210501063","86.381656941096"
"2021","United States of America","USA","Natural","Meteorological","Storm","Tropical cyclone","5","14200","104","69050000000","79935952198","86.381656941096"
"2021","Uzbekistan","UZB","Natural","Hydrological","Mass movement (wet)","Mudslide","1","6","8","","","86.381656941096"
"2021","Vanuatu","VUT","Natural","Geophysical","Volcanic activity","Ash fall","1","3383","","","","86.381656941096"
"2021","Venezuela (Bolivarian Republic of)","VEN","Natural","Hydrological","Flood","Flood (General)","2","1401300","46","","","86.381656941096"
"2021","Viet Nam","VNM","Natural","Hydrological","Flood","Flash flood","1","180","3","","","86.381656941096"
"2021","Viet Nam","VNM","Natural","Hydrological","Flood","Flood (General)","2","313603","21","","","86.381656941096"
"2021","Viet Nam","VNM","Natural","Meteorological","Storm","Severe weather","1","1000","","","","86.381656941096"
"2021","Viet Nam","VNM","Natural","Meteorological","Storm","Tropical cyclone","4","83560","11","26500000","30677809","86.381656941096"
"2021","Yemen","YEM","Natural","Hydrological","Flood","Flash flood","1","22380","13","","","86.381656941096"
"2021","Yemen","YEM","Natural","Hydrological","Flood","Flood (General)","1","205828","33","","","86.381656941096"
"2021","Zambia","ZMB","Natural","Climatological","Drought","Drought","1","1580000","","","","86.381656941096"
"2021","Zimbabwe","ZWE","Natural","Climatological","Drought","Drought","1","167500","","","","86.381656941096"
"2021","Zimbabwe","ZWE","Natural","Meteorological","Storm","Tropical cyclone","1","2400","3","","","86.381656941096"
"2022","Afghanistan","AFG","Natural","Geophysical","Earthquake","Ground movement","2","368627","1191","","","93.29460735164"
"2022","Afghanistan","AFG","Natural","Hydrological","Flood","Flash flood","5","266787","252","","","93.29460735164"
"2022","Afghanistan","AFG","Natural","Hydrological","Mass movement (wet)","Avalanche (wet)","1","","19","","","93.29460735164"
"2022","Albania","ALB","Natural","Meteorological","Extreme temperature","Heat wave","1","","352","","","93.29460735164"
"2022","Algeria","DZA","Natural","Climatological","Wildfire","Forest fire","1","6768","44","","","93.29460735164"
"2022","Argentina","ARG","Natural","Climatological","Wildfire","Wildfire (General)","1","124085","","770000000","825342452","93.29460735164"
"2022","Australia","AUS","Natural","Hydrological","Flood","Flood (General)","5","247212","31","8446000000","9053042014","93.29460735164"
"2022","Austria","AUT","Natural","Meteorological","Extreme temperature","Heat wave","1","","419","","","93.29460735164"
"2022","Austria","AUT","Natural","Meteorological","Storm","Severe weather","1","13","5","","","93.29460735164"
"2022","Bangladesh","BGD","Natural","Hydrological","Flood","Flood (General)","1","7200000","141","462500000","495741408","93.29460735164"
"2022","Bangladesh","BGD","Natural","Meteorological","Storm","Tropical cyclone","1","1000000","35","","","93.29460735164"
"2022","Belgium","BEL","Natural","Meteorological","Extreme temperature","Heat wave","1","","434","","","93.29460735164"
"2022","Belgium","BEL","Natural","Meteorological","Storm","Extra-tropical storm","1","","2","","","93.29460735164"
"2022","Belize","BLZ","Natural","Meteorological","Storm","Tropical cyclone","1","172150","","100000000","107187331","93.29460735164"
"2022","Benin","BEN","Natural","Hydrological","Flood","Flood (General)","1","73000","44","","","93.29460735164"
"2022","Bolivia (Plurinational State of)","BOL","Natural","Hydrological","Flood","Flood (General)","1","375000","60","","","93.29460735164"
"2022","Bosnia and Herzegovina","BIH","Natural","Geophysical","Earthquake","Ground movement","1","1052","1","26000000","27868706","93.29460735164"
"2022","Bosnia and Herzegovina","BIH","Natural","Hydrological","Flood","Flood (General)","1","3000","1","","","93.29460735164"
"2022","Brazil","BRA","Natural","Climatological","Drought","Drought","1","","","4000000000","4287493258","93.29460735164"
"2022","Brazil","BRA","Natural","Hydrological","Flood","Flood (General)","11","224081","528","1141000000","1223007452","93.29460735164"
"2022","Bulgaria","BGR","Natural","Hydrological","Flood","Flash flood","1","10937","","47000000","50378046","93.29460735164"
"2022","Bulgaria","BGR","Natural","Meteorological","Extreme temperature","Heat wave","1","","1277","","","93.29460735164"
"2022","Burkina Faso","BFA","Natural","Climatological","Drought","Drought","1","3500928","","","","93.29460735164"
"2022","Cabo Verde","CPV","Natural","Climatological","Drought","Drought","1","46093","","","","93.29460735164"
"2022","Cambodia","KHM","Natural","Hydrological","Flood","Flood (General)","1","167770","15","","","93.29460735164"
"2022","Cambodia","KHM","Natural","Meteorological","Storm","Storm surge","1","","16","","","93.29460735164"
"2022","Cameroon","CMR","Natural","Climatological","Drought","Drought","1","2389127","","","","93.29460735164"
"2022","Cameroon","CMR","Natural","Hydrological","Flood","Flash flood","1","153095","2","15000000","16078100","93.29460735164"
"2022","Cameroon","CMR","Natural","Hydrological","Mass movement (wet)","Landslide (wet)","2","250","19","","","93.29460735164"
"2022","Canada","CAN","Natural","Hydrological","Flood","Flood (General)","2","2000","","36000000","38587439","93.29460735164"
"2022","Canada","CAN","Natural","Meteorological","Storm","Blizzard/Winter storm","1","","4","179000000","191865323","93.29460735164"
"2022","Canada","CAN","Natural","Meteorological","Storm","Derecho","1","","12","","","93.29460735164"
"2022","Canada","CAN","Natural","Meteorological","Storm","Storm (General)","1","","","","","93.29460735164"
"2022","Canada","CAN","Natural","Meteorological","Storm","Tropical cyclone","1","4000","1","","","93.29460735164"
"2022","Central African Republic","CAF","Natural","Climatological","Drought","Drought","1","2221692","","","","93.29460735164"
"2022","Central African Republic","CAF","Natural","Climatological","Wildfire","Wildfire (General)","1","30000","","","","93.29460735164"
"2022","Central African Republic","CAF","Natural","Hydrological","Flood","Flood (General)","1","118003","16","","","93.29460735164"
"2022","Chad","TCD","Natural","Climatological","Drought","Drought","1","2135362","","","","93.29460735164"
"2022","Chad","TCD","Natural","Hydrological","Flood","Flood (General)","1","1100229","22","","","93.29460735164"
"2022","Chile","CHL","Natural","Climatological","Wildfire","Forest fire","1","12867","2","","","93.29460735164"
"2022","Chile","CHL","Natural","Climatological","Wildfire","Wildfire (General)","1","184","1","","","93.29460735164"
"2022","China","CHN","Natural","Climatological","Drought","Drought","1","6100000","","7600000000","8146237190","93.29460735164"
"2022","China","CHN","Natural","Geophysical","Earthquake","Ground movement","5","200254","122","2937000000","3148091924","93.29460735164"
"2022","China","CHN","Natural","Hydrological","Flood","Flash flood","1","6200","52","","","93.29460735164"
"2022","China","CHN","Natural","Hydrological","Flood","Flood (General)","3","3000","72","5000000000","5359366572","93.29460735164"
"2022","China","CHN","Natural","Hydrological","Mass movement (wet)","Landslide (wet)","1","3","13","","","93.29460735164"
"2022","China","CHN","Natural","Meteorological","Storm","Tropical cyclone","1","","24","463000000","496277345","93.29460735164"
"2022","Colombia","COL","Natural","Hydrological","Flood","Flood (General)","9","231810","81","11000000","11790606","93.29460735164"
"2022","Colombia","COL","Natural","Hydrological","Mass movement (wet)","Landslide (wet)","4","32696","75","","","93.29460735164"
"2022","Colombia","COL","Natural","Meteorological","Storm","Tropical cyclone","1","5002","","","","93.29460735164"
"2022","Congo","COG","Natural","Hydrological","Flood","Flood (General)","1","164679","","","","93.29460735164"
"2022","Costa Rica","CRI","Natural","Meteorological","Storm","Tropical cyclone","1","300000","","","","93.29460735164"
"2022","Croatia","HRV","Natural","Hydrological","Flood","Flood (General)","1","","","","","93.29460735164"
"2022","Croatia","HRV","Natural","Meteorological","Extreme temperature","Heat wave","1","","731","","","93.29460735164"
"2022","Cuba","CUB","Natural","Hydrological","Flood","Flood (General)","1","2300","3","25000000","26796833","93.29460735164"
"2022","Cuba","CUB","Natural","Meteorological","Storm","Tropical cyclone","2","3206780","6","25000000","26796833","93.29460735164"
"2022","Cyprus","CYP","Natural","Meteorological","Extreme temperature","Heat wave","1","","101","","","93.29460735164"
"2022","Czechia","CZE","Natural","Meteorological","Extreme temperature","Heat wave","1","","279","","","93.29460735164"
"2022","Czechia","CZE","Natural","Meteorological","Storm","Extra-tropical storm","2","3","1","","","93.29460735164"
"2022","Côte d’Ivoire","CIV","Natural","Hydrological","Flood","Flood (General)","1","11592","13","","","93.29460735164"
"2022","Democratic Republic of the Congo","COD","Natural","Climatological","Drought","Drought","1","25972806","","","","93.29460735164"
"2022","Democratic Republic of the Congo","COD","Natural","Hydrological","Flood","Flood (General)","4","260711","223","","","93.29460735164"
"2022","Denmark","DNK","Natural","Meteorological","Extreme temperature","Heat wave","1","","252","","","93.29460735164"
"2022","Denmark","DNK","Natural","Meteorological","Storm","Extra-tropical storm","1","3","1","","","93.29460735164"
"2022","Djibouti","DJI","Natural","Climatological","Drought","Drought","1","192168","","","","93.29460735164"
"2022","Dominican Republic","DOM","Natural","Hydrological","Flood","Flash flood","1","210","","","","93.29460735164"
"2022","Dominican Republic","DOM","Natural","Hydrological","Flood","Flood (General)","1","257","","","","93.29460735164"
"2022","Dominican Republic","DOM","Natural","Meteorological","Storm","Tropical cyclone","1","1434802","2","","","93.29460735164"
"2022","Ecuador","ECU","Natural","Geophysical","Earthquake","Ground movement","1","7804","1","","","93.29460735164"
"2022","Ecuador","ECU","Natural","Hydrological","Flood","Flood (General)","4","34779","73","53000000","56809286","93.29460735164"
"2022","Ecuador","ECU","Natural","Hydrological","Flood","Riverine flood","1","600","3","","","93.29460735164"
"2022","El Salvador","SLV","Natural","Meteorological","Storm","Tropical cyclone","2","9373","11","17000000","18221846","93.29460735164"
"2022","Estonia","EST","Natural","Meteorological","Extreme temperature","Heat wave","1","","167","","","93.29460735164"
"2022","Eswatini","SWZ","Natural","Meteorological","Storm","Hail","1","1058","","","","93.29460735164"
"2022","Ethiopia","ETH","Natural","Climatological","Drought","Drought","1","24100000","","640000000","685998921","93.29460735164"
"2022","Ethiopia","ETH","Natural","Hydrological","Flood","Flood (General)","1","264831","","","","93.29460735164"
"2022","Fiji","FJI","Natural","Meteorological","Storm","Tropical cyclone","1","69564","1","25000000","26796833","93.29460735164"
"2022","Finland","FIN","Natural","Meteorological","Extreme temperature","Heat wave","1","","225","","","93.29460735164"
"2022","France","FRA","Natural","Climatological","Drought","Drought","1","","","","","93.29460735164"
"2022","France","FRA","Natural","Meteorological","Extreme temperature","Heat wave","1","","4807","","","93.29460735164"
"2022","France","FRA","Natural","Meteorological","Storm","Extra-tropical storm","1","28","","","","93.29460735164"
"2022","France","FRA","Natural","Meteorological","Storm","Severe weather","3","60350","6","","","93.29460735164"
"2022","Gambia","GMB","Natural","Hydrological","Flood","Flood (General)","1","17201","6","","","93.29460735164"
"2022","Georgia","GEO","Natural","Hydrological","Flood","Flood (General)","1","5200","","","","93.29460735164"
"2022","Germany","DEU","Natural","Meteorological","Extreme temperature","Heat wave","1","","8173","","","93.29460735164"
"2022","Germany","DEU","Natural","Meteorological","Storm","Extra-tropical storm","3","2","7","1023156000","1096693613","93.29460735164"
"2022","Ghana","GHA","Natural","Hydrological","Flood","Flood (General)","1","5000","","","","93.29460735164"
"2022","Greece","GRC","Natural","Climatological","Wildfire","Wildfire (General)","1","55000","","","","93.29460735164"
"2022","Greece","GRC","Natural","Meteorological","Extreme temperature","Heat wave","1","","3092","","","93.29460735164"
"2022","Guadeloupe","GLP","Natural","Meteorological","Storm","Tropical cyclone","1","","1","","","93.29460735164"
"2022","Guatemala","GTM","Natural","Geophysical","Earthquake","Ground movement","1","31302","3","","","93.29460735164"
"2022","Guatemala","GTM","Natural","Hydrological","Flood","Flood (General)","1","2890023","48","204000000","218662156","93.29460735164"
"2022","Guatemala","GTM","Natural","Meteorological","Storm","Tropical cyclone","1","457311","4","","","93.29460735164"
"2022","Guinea","GIN","Natural","Hydrological","Flood","Flood (General)","1","49536","","","","93.29460735164"
"2022","Guyana","GUY","Natural","Hydrological","Flood","Flood (General)","1","500","","","","93.29460735164"
"2022","Haiti","HTI","Natural","Geophysical","Earthquake","Ground movement","1","1017","2","","","93.29460735164"
"2022","Haiti","HTI","Natural","Hydrological","Flood","Flash flood","1","500","2","","","93.29460735164"
"2022","Haiti","HTI","Natural","Hydrological","Flood","Flood (General)","1","12500","5","","","93.29460735164"
"2022","Honduras","HND","Natural","Hydrological","Flood","Flood (General)","2","78457","9","","","93.29460735164"
"2022","Honduras","HND","Natural","Meteorological","Storm","Tropical cyclone","1","144000","5","","","93.29460735164"
"2022","Hungary","HUN","Natural","Meteorological","Extreme temperature","Heat wave","1","","513","","","93.29460735164"
"2022","India","IND","Natural","Hydrological","Flood","Flood (General)","3","2101260","2098","4200000000","4501867921","93.29460735164"
"2022","India","IND","Natural","Hydrological","Mass movement (wet)","Landslide (wet)","1","","67","","","93.29460735164"
"2022","India","IND","Natural","Meteorological","Extreme temperature","Heat wave","1","","25","","","93.29460735164"
"2022","India","IND","Natural","Meteorological","Storm","Severe weather","1","95000","20","","","93.29460735164"
"2022","India","IND","Natural","Meteorological","Storm","Tropical cyclone","1","","","","","93.29460735164"
"2022","Indonesia","IDN","Natural","Geophysical","Earthquake","Ground movement","5","2251243","349","62000000","66456145","93.29460735164"
"2022","Indonesia","IDN","Natural","Geophysical","Volcanic activity","Ash fall","1","2489","","","","93.29460735164"
"2022","Indonesia","IDN","Natural","Geophysical","Volcanic activity","Pyroclastic flow","1","253","","","","93.29460735164"
"2022","Indonesia","IDN","Natural","Hydrological","Flood","Flash flood","1","40002","10","","","93.29460735164"
"2022","Indonesia","IDN","Natural","Hydrological","Flood","Flood (General)","12","313568","45","74000000","79318625","93.29460735164"
"2022","Iran (Islamic Republic of)","IRN","Natural","Geophysical","Earthquake","Ground movement","2","34865","5","143000000","153277884","93.29460735164"
"2022","Iran (Islamic Republic of)","IRN","Natural","Hydrological","Flood","Flash flood","1","126775","92","201000000","215446536","93.29460735164"
"2022","Iran (Islamic Republic of)","IRN","Natural","Hydrological","Flood","Flood (General)","2","38015","6","","","93.29460735164"
"2022","Iraq","IRQ","Natural","Meteorological","Storm","Sand/Dust storm","1","5000","1","","","93.29460735164"
"2022","Ireland","IRL","Natural","Meteorological","Extreme temperature","Heat wave","1","","26","","","93.29460735164"
"2022","Ireland","IRL","Natural","Meteorological","Storm","Extra-tropical storm","1","","1","","","93.29460735164"
"2022","Italy","ITA","Natural","Climatological","Drought","Drought","1","","","","","93.29460735164"
"2022","Italy","ITA","Natural","Climatological","Glacial lake outburst flood","Glacial lake outburst flood","1","","11","","","93.29460735164"
"2022","Italy","ITA","Natural","Hydrological","Flood","Flood (General)","1","33","12","","","93.29460735164"
"2022","Italy","ITA","Natural","Hydrological","Mass movement (wet)","Mudslide","1","235","12","","","93.29460735164"
"2022","Italy","ITA","Natural","Meteorological","Extreme temperature","Heat wave","1","","18010","","","93.29460735164"
"2022","Italy","ITA","Natural","Meteorological","Storm","Severe weather","1","65","2","","","93.29460735164"
"2022","Japan","JPN","Natural","Geophysical","Earthquake","Ground movement","1","741","3","8800000000","9432485167","93.29460735164"
"2022","Japan","JPN","Natural","Hydrological","Flood","Flood (General)","1","11108","2","141000000","151134137","93.29460735164"
"2022","Japan","JPN","Natural","Meteorological","Extreme temperature","Heat wave","1","14300","80","","","93.29460735164"
"2022","Japan","JPN","Natural","Meteorological","Storm","Blizzard/Winter storm","1","130","19","","","93.29460735164"
"2022","Japan","JPN","Natural","Meteorological","Storm","Tropical cyclone","3","15055","8","2752000000","2949795361","93.29460735164"
"2022","Kyrgyzstan","KGZ","Natural","Meteorological","Extreme temperature","Heat wave","1","13850","","","","93.29460735164"
"2022","Lao People's Democratic Republic","LAO","Natural","Hydrological","Flood","Flood (General)","1","42552","1","","","93.29460735164"
"2022","Latvia","LVA","Natural","Meteorological","Extreme temperature","Heat wave","1","","105","","","93.29460735164"
"2022","Lithuania","LTU","Natural","Meteorological","Extreme temperature","Heat wave","1","","381","","","93.29460735164"
"2022","Luxembourg","LUX","Natural","Meteorological","Extreme temperature","Heat wave","1","","44","","","93.29460735164"
"2022","Madagascar","MDG","Natural","Hydrological","Flood","Flood (General)","1","62114","34","","","93.29460735164"
"2022","Madagascar","MDG","Natural","Meteorological","Storm","Tropical cyclone","6","428270","190","16000000","17149973","93.29460735164"
"2022","Malawi","MWI","Natural","Climatological","Drought","Drought","1","2678193","","","","93.29460735164"
"2022","Malawi","MWI","Natural","Hydrological","Flood","Flood (General)","1","94185","62","","","93.29460735164"
"2022","Malawi","MWI","Natural","Meteorological","Storm","Tropical cyclone","2","945934","71","","","93.29460735164"
"2022","Malaysia","MYS","Natural","Hydrological","Flood","Flood (General)","5","90625","17","240000","257250","93.29460735164"
"2022","Malaysia","MYS","Natural","Hydrological","Mass movement (wet)","Landslide (wet)","1","94","33","","","93.29460735164"
"2022","Mali","MLI","Natural","Climatological","Drought","Drought","1","1735753","","","","93.29460735164"
"2022","Mali","MLI","Natural","Hydrological","Flood","Flood (General)","1","79012","10","","","93.29460735164"
"2022","Malta","MLT","Natural","Meteorological","Extreme temperature","Heat wave","1","","76","","","93.29460735164"
"2022","Marshall Islands","MHL","Natural","Climatological","Drought","Drought","1","4480","","","","93.29460735164"
"2022","Mauritania","MRT","Natural","Hydrological","Flood","Flood (General)","1","28926","14","","","93.29460735164"
"2022","Mauritius","MUS","Natural","Meteorological","Storm","Tropical cyclone","1","139","1","","","93.29460735164"
"2022","Mexico","MEX","Natural","Geophysical","Earthquake","Ground movement","2","35891","5","25000000","26796833","93.29460735164"
"2022","Mexico","MEX","Natural","Hydrological","Flood","Flash flood","1","1050","5","","","93.29460735164"
"2022","Mexico","MEX","Natural","Hydrological","Flood","Flood (General)","1","2100","8","","","93.29460735164"
"2022","Mexico","MEX","Natural","Meteorological","Storm","Tropical cyclone","3","16000","38","51000000","54665539","93.29460735164"
"2022","Mongolia","MNG","Natural","Hydrological","Flood","Flash flood","1","4269","","","","93.29460735164"
"2022","Mongolia","MNG","Natural","Meteorological","Extreme temperature","Cold wave","1","29662","","","","93.29460735164"
"2022","Montenegro","MNE","Natural","Meteorological","Extreme temperature","Heat wave","1","","50","","","93.29460735164"
"2022","Mozambique","MOZ","Natural","Hydrological","Flood","Flood (General)","1","78271","88","","","93.29460735164"
"2022","Mozambique","MOZ","Natural","Meteorological","Storm","Tropical cyclone","3","945492","115","","","93.29460735164"
"2022","Nepal","NPL","Natural","Geophysical","Earthquake","Ground movement","1","30008","6","","","93.29460735164"
"2022","Nepal","NPL","Natural","Hydrological","Flood","Flood (General)","2","6011","147","","","93.29460735164"
"2022","Nepal","NPL","Natural","Hydrological","Mass movement (wet)","Landslide (wet)","1","550","22","","","93.29460735164"
"2022","Nepal","NPL","Natural","Meteorological","Storm","Severe weather","1","544","21","","","93.29460735164"
"2022","Netherlands (Kingdom of the)","NLD","Natural","Meteorological","Extreme temperature","Heat wave","1","","469","","","93.29460735164"
"2022","Netherlands (Kingdom of the)","NLD","Natural","Meteorological","Storm","Extra-tropical storm","1","","4","568420000","609274229","93.29460735164"
"2022","New Zealand","NZL","Natural","Meteorological","Storm","Severe weather","1","690","","","","93.29460735164"
"2022","Nicaragua","NIC","Natural","Meteorological","Storm","Tropical cyclone","2","50112","5","180000000","192937197","93.29460735164"
"2022","Niger","NER","Natural","Climatological","Drought","Drought","1","4400000","","","","93.29460735164"
"2022","Niger","NER","Natural","Hydrological","Flood","Flood (General)","1","322185","195","","","93.29460735164"
"2022","Nigeria","NGA","Natural","Climatological","Drought","Drought","1","19110398","","","","93.29460735164"
"2022","Nigeria","NGA","Natural","Hydrological","Flood","Flood (General)","1","2802500","603","4200000000","4501867921","93.29460735164"
"2022","Nigeria","NGA","Natural","Meteorological","Storm","Severe weather","1","1500","7","","","93.29460735164"
"2022","Norway","NOR","Natural","Meteorological","Extreme temperature","Heat wave","1","","30","","","93.29460735164"
"2022","Norway","NOR","Natural","Meteorological","Storm","Extra-tropical storm","1","","","","","93.29460735164"
"2022","Pakistan","PAK","Natural","Climatological","Wildfire","Forest fire","1","4004","4","","","93.29460735164"
"2022","Pakistan","PAK","Natural","Geophysical","Earthquake","Ground movement","1","","43","","","93.29460735164"
"2022","Pakistan","PAK","Natural","Hydrological","Flood","Flood (General)","1","33012865","1739","15000000000","16078099716","93.29460735164"
"2022","Pakistan","PAK","Natural","Meteorological","Extreme temperature","Heat wave","1","","","","","93.29460735164"
"2022","Pakistan","PAK","Natural","Meteorological","Storm","Blizzard/Winter storm","1","","22","","","93.29460735164"
"2022","Panama","PAN","Natural","Hydrological","Flood","Flood (General)","1","150","","","","93.29460735164"
"2022","Papua New Guinea","PNG","Natural","Geophysical","Earthquake","Ground movement","1","1969","7","","","93.29460735164"
"2022","Peru","PER","Natural","Geophysical","Earthquake","Ground movement","2","602","","","","93.29460735164"
"2022","Peru","PER","Natural","Geophysical","Volcanic activity","Ash fall","1","","2","","","93.29460735164"
"2022","Peru","PER","Natural","Hydrological","Flood","Flash flood","1","500","1","","","93.29460735164"
"2022","Peru","PER","Natural","Hydrological","Mass movement (wet)","Landslide (wet)","1","3113","10","","","93.29460735164"
"2022","Philippines","PHL","Natural","Geophysical","Earthquake","Ground movement","2","650278","10","152400000","163353493","93.29460735164"
"2022","Philippines","PHL","Natural","Geophysical","Volcanic activity","Volcanic activity (General)","1","10415","","","","93.29460735164"
"2022","Philippines","PHL","Natural","Hydrological","Flood","Flash flood","1","1955","3","","","93.29460735164"
"2022","Philippines","PHL","Natural","Hydrological","Flood","Flood (General)","1","600016","70","11000000","11790606","93.29460735164"
"2022","Philippines","PHL","Natural","Hydrological","Mass movement (wet)","Landslide (wet)","1","11712","5","","","93.29460735164"
"2022","Philippines","PHL","Natural","Meteorological","Storm","Storm surge","1","913945","17","56946000","61038898","93.29460735164"
"2022","Philippines","PHL","Natural","Meteorological","Storm","Tropical cyclone","5","5740297","504","105125000","112680682","93.29460735164"
"2022","Poland","POL","Natural","Meteorological","Extreme temperature","Heat wave","1","","763","","","93.29460735164"
"2022","Poland","POL","Natural","Meteorological","Storm","Extra-tropical storm","3","1512","7","","","93.29460735164"
"2022","Portugal","PRT","Natural","Climatological","Drought","Drought","1","","","","","93.29460735164"
"2022","Portugal","PRT","Natural","Climatological","Wildfire","Wildfire (General)","1","187","3","","","93.29460735164"
"2022","Portugal","PRT","Natural","Meteorological","Extreme temperature","Heat wave","1","","2212","","","93.29460735164"
"2022","Puerto Rico","PRI","Natural","Hydrological","Flood","Flood (General)","1","","","17000000","18221846","93.29460735164"
"2022","Puerto Rico","PRI","Natural","Meteorological","Storm","Tropical cyclone","1","","25","2500000000","2679683286","93.29460735164"
"2022","Republic of Korea","KOR","Natural","Climatological","Wildfire","Wildfire (General)","1","8080","","","","93.29460735164"
"2022","Republic of Korea","KOR","Natural","Hydrological","Flood","Flood (General)","1","11418","14","423000000","453402412","93.29460735164"
"2022","Republic of Korea","KOR","Natural","Meteorological","Extreme temperature","Heat wave","1","355","2","","","93.29460735164"
"2022","Republic of Korea","KOR","Natural","Meteorological","Storm","Tropical cyclone","1","36003","12","","","93.29460735164"
"2022","Romania","ROU","Natural","Meteorological","Extreme temperature","Heat wave","1","","2455","","","93.29460735164"
"2022","Russian Federation","RUS","Natural","Climatological","Wildfire","Forest fire","1","2202","16","","","93.29460735164"
"2022","Russian Federation","RUS","Natural","Hydrological","Flood","Flood (General)","1","750","1","","","93.29460735164"
"2022","Russian Federation","RUS","Natural","Meteorological","Storm","Severe weather","1","300","6","","","93.29460735164"
"2022","Rwanda","RWA","Natural","Hydrological","Flood","Flood (General)","3","1300","29","","","93.29460735164"
"2022","Réunion","REU","Natural","Meteorological","Storm","Tropical cyclone","1","13","","","","93.29460735164"
"2022","Saint Lucia","LCA","Natural","Hydrological","Flood","Flash flood","1","5500","","","","93.29460735164"
"2022","Senegal","SEN","Natural","Hydrological","Flood","Flash flood","1","20010","","","","93.29460735164"
"2022","Serbia","SRB","Natural","Meteorological","Extreme temperature","Heat wave","1","","574","","","93.29460735164"
"2022","Sierra Leone","SLE","Natural","Hydrological","Flood","Flood (General)","1","12982","12","","","93.29460735164"
"2022","Slovakia","SVK","Natural","Meteorological","Extreme temperature","Heat wave","1","","365","","","93.29460735164"
"2022","Slovenia","SVN","Natural","Meteorological","Extreme temperature","Heat wave","1","","154","","","93.29460735164"
"2022","Somalia","SOM","Natural","Hydrological","Flood","Flood (General)","1","4416","","","","93.29460735164"
"2022","South Africa","ZAF","Natural","Hydrological","Flood","Flash flood","1","56177","17","","","93.29460735164"
"2022","South Africa","ZAF","Natural","Hydrological","Flood","Flood (General)","7","143119","562","3675000000","3939134431","93.29460735164"
"2022","South Sudan","SSD","Natural","Hydrological","Flood","Flood (General)","1","1000000","","","","93.29460735164"
"2022","Spain","ESP","Natural","Climatological","Wildfire","Forest fire","1","3500","","","","93.29460735164"
"2022","Spain","ESP","Natural","Meteorological","Extreme temperature","Heat wave","1","","11324","","","93.29460735164"
"2022","Sri Lanka","LKA","Natural","Hydrological","Flood","Flash flood","1","82391","8","","","93.29460735164"
"2022","Sri Lanka","LKA","Natural","Hydrological","Flood","Flood (General)","2","66947","4","","","93.29460735164"
"2022","Sri Lanka","LKA","Natural","Meteorological","Storm","Severe weather","1","22338","1","","","93.29460735164"
"2022","Sri Lanka","LKA","Natural","Meteorological","Storm","Tropical cyclone","1","6500","2","","","93.29460735164"
"2022","State of Palestine","PSE","Natural","Meteorological","Extreme temperature","Severe winter conditions","1","3500","4","","","93.29460735164"
"2022","Sudan","SDN","Natural","Climatological","Drought","Drought","1","11839300","","","","93.29460735164"
"2022","Sudan","SDN","Natural","Hydrological","Flood","Flash flood","1","349122","146","10000000","10718733","93.29460735164"
"2022","Suriname","SUR","Natural","Hydrological","Flood","Flood (General)","1","9000","","21000000","22509340","93.29460735164"
"2022","Sweden","SWE","Natural","Meteorological","Extreme temperature","Heat wave","1","","40","","","93.29460735164"
"2022","Switzerland","CHE","Natural","Meteorological","Extreme temperature","Heat wave","1","","302","","","93.29460735164"
"2022","Syrian Arab Republic","SYR","Natural","Meteorological","Storm","Blizzard/Winter storm","1","362700","2","","","93.29460735164"
"2022","Taiwan (Province of China)","TWN","Natural","Geophysical","Earthquake","Ground movement","1","140","1","50000000","53593666","93.29460735164"
"2022","Taiwan (Province of China)","TWN","Natural","Meteorological","Storm","Tropical cyclone","1","100","","400000","428749","93.29460735164"
"2022","Thailand","THA","Natural","Hydrological","Flood","Flood (General)","9","1380693","19","13000000","13934353","93.29460735164"
"2022","Thailand","THA","Natural","Meteorological","Storm","Severe weather","1","1050","1","","","93.29460735164"
"2022","Thailand","THA","Natural","Meteorological","Storm","Storm surge","1","2","1","","","93.29460735164"
"2022","Togo","TGO","Natural","Hydrological","Flood","Flood (General)","1","18596","","","","93.29460735164"
"2022","Tonga","TON","Natural","Geophysical","Volcanic activity","Ash fall","1","84176","4","118000000","126481051","93.29460735164"
"2022","Trinidad and Tobago","TTO","Natural","Hydrological","Flood","Riverine flood","1","100000","","","","93.29460735164"
"2022","Tunisia","TUN","Natural","Hydrological","Flood","Flash flood","1","4000","1","","","93.29460735164"
"2022","Türkiye","TUR","Natural","Geophysical","Earthquake","Ground movement","1","306","2","50000000","53593666","93.29460735164"
"2022","Türkiye","TUR","Natural","Hydrological","Flood","Flash flood","1","3000","","","","93.29460735164"
"2022","Türkiye","TUR","Natural","Hydrological","Flood","Flood (General)","1","115","3","","","93.29460735164"
"2022","Uganda","UGA","Natural","Climatological","Drought","Drought","1","518000","2465","","","93.29460735164"
"2022","Uganda","UGA","Natural","Hydrological","Flood","Flash flood","1","1500","9","","","93.29460735164"
"2022","Uganda","UGA","Natural","Hydrological","Flood","Flood (General)","2","78468","48","","","93.29460735164"
"2022","Uganda","UGA","Natural","Hydrological","Mass movement (wet)","Landslide (wet)","1","1196","19","","","93.29460735164"
"2022","United Kingdom of Great Britain and Northern Ireland","GBR","Natural","Climatological","Drought","Drought","1","","","","","93.29460735164"
"2022","United Kingdom of Great Britain and Northern Ireland","GBR","Natural","Meteorological","Extreme temperature","Heat wave","1","","3469","","","93.29460735164"
"2022","United Kingdom of Great Britain and Northern Ireland","GBR","Natural","Meteorological","Storm","Extra-tropical storm","3","","6","491342000","526656378","93.29460735164"
"2022","United Republic of Tanzania","TZA","Natural","Hydrological","Flood","Flood (General)","1","3500","10","","","93.29460735164"
"2022","United States of America","USA","Natural","Climatological","Drought","Drought","1","","136","22000000000","23581212917","93.29460735164"
"2022","United States of America","USA","Natural","Climatological","Wildfire","Wildfire (General)","4","2402","6","306000000","327993234","93.29460735164"
"2022","United States of America","USA","Natural","Geophysical","Earthquake","Ground movement","1","12","2","250000000","267968329","93.29460735164"
"2022","United States of America","USA","Natural","Hydrological","Flood","Flood (General)","3","1075","42","1500000000","1607809972","93.29460735164"
"2022","United States of America","USA","Natural","Meteorological","Storm","Blizzard/Winter storm","2","","103","3225000000","3456791439","93.29460735164"
"2022","United States of America","USA","Natural","Meteorological","Storm","Derecho","1","12","2","2500000000","2679683286","93.29460735164"
"2022","United States of America","USA","Natural","Meteorological","Storm","Severe weather","2","690","4","1675000000","1795387802","93.29460735164"
"2022","United States of America","USA","Natural","Meteorological","Storm","Storm (General)","5","754","26","4051000000","4342158797","93.29460735164"
"2022","United States of America","USA","Natural","Meteorological","Storm","Tornado","6","489","30","10929000000","11714503453","93.29460735164"
"2022","United States of America","USA","Natural","Meteorological","Storm","Tropical cyclone","2","1500","157","101000000000","108259204757","93.29460735164"
"2022","Uruguay","URY","Natural","Climatological","Drought","Drought","1","409115","","","","93.29460735164"
"2022","Uruguay","URY","Natural","Hydrological","Flood","Flood (General)","1","160","","","","93.29460735164"
"2022","Uzbekistan","UZB","Natural","Hydrological","Flood","Flood (General)","1","165","5","","","93.29460735164"
"2022","Venezuela (Bolivarian Republic of)","VEN","Natural","Hydrological","Flood","Flood (General)","5","91700","33","","","93.29460735164"
"2022","Venezuela (Bolivarian Republic of)","VEN","Natural","Hydrological","Mass movement (wet)","Landslide (wet)","2","65101","109","","","93.29460735164"
"2022","Venezuela (Bolivarian Republic of)","VEN","Natural","Meteorological","Storm","Severe weather","1","30000","","","","93.29460735164"
"2022","Viet Nam","VNM","Natural","Hydrological","Flood","Flood (General)","5","23275","30","1500000","1607810","93.29460735164"
"2022","Viet Nam","VNM","Natural","Meteorological","Storm","Storm (General)","1","500","9","","","93.29460735164"
"2022","Viet Nam","VNM","Natural","Meteorological","Storm","Storm surge","1","54412","2","","","93.29460735164"
"2022","Viet Nam","VNM","Natural","Meteorological","Storm","Tropical cyclone","1","436978","19","65000000","69671765","93.29460735164"
"2022","Yemen","YEM","Natural","Hydrological","Flood","Flash flood","1","3400","13","","","93.29460735164"
"2022","Yemen","YEM","Natural","Hydrological","Flood","Flood (General)","2","216000","77","","","93.29460735164"
"2022","Zambia","ZMB","Natural","Hydrological","Flood","Flash flood","1","21582","3","","","93.29460735164"
"2022","Zimbabwe","ZWE","Natural","Hydrological","Flood","Flash flood","1","","","","","93.29460735164"
"2022","Zimbabwe","ZWE","Natural","Meteorological","Storm","Tropical cyclone","1","3000","","","","93.29460735164"
"2023","Afghanistan","AFG","Natural","Geophysical","Earthquake","Ground movement","3","280435","1486","217000000","223400439","97.134992636875"
"2023","Afghanistan","AFG","Natural","Hydrological","Flood","Flash flood","2","127549","71","","","97.134992636875"
"2023","Afghanistan","AFG","Natural","Meteorological","Extreme temperature","Cold wave","1","","166","","","97.134992636875"
"2023","Albania","ALB","Natural","Meteorological","Extreme temperature","Heat wave","1","","363","","","97.134992636875"
"2023","Algeria","DZA","Natural","Climatological","Wildfire","Wildfire (General)","1","30026","34","","","97.134992636875"
"2023","Algeria","DZA","Natural","Hydrological","Flood","Flood (General)","1","1668","8","","","97.134992636875"
"2023","Angola","AGO","Natural","Hydrological","Flood","Flood (General)","2","160725","84","","","97.134992636875"
"2023","Argentina","ARG","Natural","Climatological","Wildfire","Wildfire (General)","1","800","","","","97.134992636875"
"2023","Argentina","ARG","Natural","Hydrological","Flood","Flood (General)","1","38000","","","","97.134992636875"
"2023","Argentina","ARG","Natural","Meteorological","Storm","Severe weather","1","8020","13","125000000","128686889","97.134992636875"
"2023","Argentina","ARG","Natural","Meteorological","Storm","Tropical cyclone","1","6000","","","","97.134992636875"
"2023","Armenia","ARM","Natural","Meteorological","Storm","Hail","1","18000","","","","97.134992636875"
"2023","Australia","AUS","Natural","Hydrological","Flood","Flood (General)","4","1737","","","","97.134992636875"
"2023","Australia","AUS","Natural","Meteorological","Storm","Storm (General)","1","2100","10","","","97.134992636875"
"2023","Australia","AUS","Natural","Meteorological","Storm","Tropical cyclone","1","300","","","","97.134992636875"
"2023","Austria","AUT","Natural","Hydrological","Mass movement (wet)","Avalanche (wet)","1","","8","","","97.134992636875"
"2023","Austria","AUT","Natural","Meteorological","Extreme temperature","Heat wave","1","","486","","","97.134992636875"
"2023","Bangladesh","BGD","Natural","Hydrological","Flood","Flash flood","1","1000006","4","","","97.134992636875"
"2023","Bangladesh","BGD","Natural","Meteorological","Storm","Storm (General)","1","","10","","","97.134992636875"
"2023","Bangladesh","BGD","Natural","Meteorological","Storm","Tropical cyclone","2","2250012","6","251000000","258403273","97.134992636875"
"2023","Barbados","BRB","Natural","Meteorological","Storm","Tropical cyclone","1","179","","","","97.134992636875"
"2023","Belarus","BLR","Natural","Hydrological","Flood","Flood (General)","1","420","","","","97.134992636875"
"2023","Belgium","BEL","Natural","Hydrological","Flood","Flood (General)","1","3000","","","","97.134992636875"
"2023","Belgium","BEL","Natural","Meteorological","Extreme temperature","Heat wave","1","","324","","","97.134992636875"
"2023","Belgium","BEL","Natural","Meteorological","Storm","Extra-tropical storm","1","","2","","","97.134992636875"
"2023","Bolivia (Plurinational State of)","BOL","Natural","Climatological","Drought","Drought","1","2050000","10","","","97.134992636875"
"2023","Bolivia (Plurinational State of)","BOL","Natural","Climatological","Wildfire","Wildfire (General)","1","","12","","","97.134992636875"
"2023","Bolivia (Plurinational State of)","BOL","Natural","Hydrological","Flood","Flood (General)","4","208970","22","","","97.134992636875"
"2023","Bosnia and Herzegovina","BIH","Natural","Hydrological","Flood","Flood (General)","1","10000","","","","97.134992636875"
"2023","Bosnia and Herzegovina","BIH","Natural","Meteorological","Storm","Storm (General)","1","20","1","","","97.134992636875"
"2023","Botswana","BWA","Natural","Climatological","Drought","Drought","1","37000","","","","97.134992636875"
"2023","Brazil","BRA","Natural","Climatological","Drought","Drought","1","608000","","2500000000","2573737777","97.134992636875"
"2023","Brazil","BRA","Natural","Hydrological","Flood","Flood (General)","12","288246","124","411200000","423328390","97.134992636875"
"2023","Brazil","BRA","Natural","Meteorological","Storm","Severe weather","2","1350","1","235000000","241931351","97.134992636875"
"2023","Brazil","BRA","Natural","Meteorological","Storm","Tropical cyclone","1","341924","46","705000000","725794053","97.134992636875"
"2023","Bulgaria","BGR","Natural","Hydrological","Flood","Flood (General)","1","4000","4","","","97.134992636875"
"2023","Bulgaria","BGR","Natural","Meteorological","Extreme temperature","Heat wave","1","","1670","","","97.134992636875"
"2023","Bulgaria","BGR","Natural","Meteorological","Storm","Blizzard/Winter storm","1","36","2","","","97.134992636875"
"2023","Bulgaria","BGR","Natural","Meteorological","Storm","Extra-tropical storm","1","","2","","","97.134992636875"
"2023","Burundi","BDI","Natural","Hydrological","Flood","Flood (General)","2","9585","21","","","97.134992636875"
"2023","Cambodia","KHM","Natural","Meteorological","Storm","Lightning/Thunderstorms","1","14100","","","","97.134992636875"
"2023","Cameroon","CMR","Natural","Hydrological","Flood","Flood (General)","1","93260","2","","","97.134992636875"
"2023","Cameroon","CMR","Natural","Hydrological","Mass movement (wet)","Landslide (wet)","1","2000","27","","","97.134992636875"
"2023","Canada","CAN","Natural","Climatological","Wildfire","Forest fire","1","30000","2","200000000","205899022","97.134992636875"
"2023","Canada","CAN","Natural","Hydrological","Flood","Flood (General)","2","1450","6","","","97.134992636875"
"2023","Canada","CAN","Natural","Meteorological","Extreme temperature","Severe winter conditions","1","","2","165000000","169866693","97.134992636875"
"2023","Central African Republic","CAF","Natural","Meteorological","Storm","Storm (General)","1","6066","","","","97.134992636875"
"2023","Chile","CHL","Natural","Climatological","Wildfire","Wildfire (General)","2","10916","26","900000000","926545600","97.134992636875"
"2023","Chile","CHL","Natural","Hydrological","Flood","Flood (General)","2","53673","7","1865000000","1920008382","97.134992636875"
"2023","China","CHN","Natural","Climatological","Drought","Drought","1","","","2700000000","2779636799","97.134992636875"
"2023","China","CHN","Natural","Geophysical","Earthquake","Ground movement","3","609789","151","1065000000","1096412293","97.134992636875"
"2023","China","CHN","Natural","Hydrological","Flood","Flash flood","2","","27","","","97.134992636875"
"2023","China","CHN","Natural","Hydrological","Flood","Flood (General)","5","1373000","111","95000000","97802036","97.134992636875"
"2023","China","CHN","Natural","Hydrological","Mass movement (wet)","Avalanche (wet)","1","58","28","","","97.134992636875"
"2023","China","CHN","Natural","Hydrological","Mass movement (wet)","Landslide (wet)","1","900","7","","","97.134992636875"
"2023","China","CHN","Natural","Meteorological","Storm","Storm (General)","1","867","5","","","97.134992636875"
"2023","China","CHN","Natural","Meteorological","Storm","Tropical cyclone","3","880041","57","25690000000","26447729395","97.134992636875"
"2023","China, Hong Kong Special Administrative Region","HKG","Natural","Hydrological","Flood","Flash flood","1","119","","","","97.134992636875"
"2023","China, Hong Kong Special Administrative Region","HKG","Natural","Meteorological","Storm","Tropical cyclone","2","86","","","","97.134992636875"
"2023","Colombia","COL","Natural","Hydrological","Flood","Flood (General)","2","45588","1","","","97.134992636875"
"2023","Colombia","COL","Natural","Hydrological","Mass movement (wet)","Landslide (wet)","2","806","29","","","97.134992636875"
"2023","Congo","COG","Natural","Hydrological","Flood","Flood (General)","1","1800000","23","","","97.134992636875"
"2023","Croatia","HRV","Natural","Hydrological","Flood","Flood (General)","1","177","","","","97.134992636875"
"2023","Croatia","HRV","Natural","Meteorological","Extreme temperature","Heat wave","1","","561","","","97.134992636875"
"2023","Croatia","HRV","Natural","Meteorological","Storm","Storm (General)","1","6100","1","","","97.134992636875"
"2023","Cuba","CUB","Natural","Hydrological","Flood","Flood (General)","1","18500","6","","","97.134992636875"
"2023","Cuba","CUB","Natural","Meteorological","Storm","Tropical cyclone","1","","","","","97.134992636875"
"2023","Cyprus","CYP","Natural","Meteorological","Extreme temperature","Heat wave","1","","151","","","97.134992636875"
"2023","Czechia","CZE","Natural","Hydrological","Flood","Flood (General)","1","","","","","97.134992636875"
"2023","Czechia","CZE","Natural","Meteorological","Extreme temperature","Heat wave","1","","361","","","97.134992636875"
"2023","Democratic Republic of the Congo","COD","Natural","Hydrological","Flood","Flash flood","1","50220","2830","10000000","10294951","97.134992636875"
"2023","Democratic Republic of the Congo","COD","Natural","Hydrological","Flood","Flood (General)","2","3625","44","","","97.134992636875"
"2023","Democratic Republic of the Congo","COD","Natural","Hydrological","Mass movement (wet)","Landslide (wet)","4","","72","","","97.134992636875"
"2023","Denmark","DNK","Natural","Meteorological","Extreme temperature","Heat wave","1","","189","","","97.134992636875"
"2023","Dominican Republic","DOM","Natural","Hydrological","Flood","Flood (General)","2","311319","35","17500000","18016164","97.134992636875"
"2023","Dominican Republic","DOM","Natural","Meteorological","Storm","Tropical cyclone","1","289083","3","","","97.134992636875"
"2023","Ecuador","ECU","Natural","Geophysical","Earthquake","Ground movement","1","127416","14","","","97.134992636875"
"2023","Ecuador","ECU","Natural","Hydrological","Flood","Flood (General)","2","80950","30","205000000","211046498","97.134992636875"
"2023","Ecuador","ECU","Natural","Hydrological","Mass movement (wet)","Landslide (wet)","1","8444","75","","","97.134992636875"
"2023","El Salvador","SLV","Natural","Meteorological","Storm","Tropical cyclone","1","500","3","","","97.134992636875"
"2023","Estonia","EST","Natural","Meteorological","Extreme temperature","Heat wave","1","","103","","","97.134992636875"
"2023","Ethiopia","ETH","Natural","Hydrological","Flood","Flash flood","1","1500000","60","","","97.134992636875"
"2023","Ethiopia","ETH","Natural","Hydrological","Flood","Flood (General)","1","240000","91","","","97.134992636875"
"2023","Fiji","FJI","Natural","Meteorological","Storm","Tropical cyclone","1","230000","","","","97.134992636875"
"2023","Finland","FIN","Natural","Meteorological","Extreme temperature","Heat wave","1","","138","","","97.134992636875"
"2023","France","FRA","Natural","Climatological","Wildfire","Wildfire (General)","1","141","","","","97.134992636875"
"2023","France","FRA","Natural","Geophysical","Earthquake","Ground movement","1","752","","445000000","458125324","97.134992636875"
"2023","France","FRA","Natural","Hydrological","Flood","Flood (General)","2","9550","1","1650000000","1698666933","97.134992636875"
"2023","France","FRA","Natural","Meteorological","Extreme temperature","Heat wave","1","","2734","","","97.134992636875"
"2023","France","FRA","Natural","Meteorological","Storm","Extra-tropical storm","3","517066","2","40000000","41179804","97.134992636875"
"2023","Gabon","GAB","Natural","Meteorological","Storm","Storm (General)","1","3000","","","","97.134992636875"
"2023","Georgia","GEO","Natural","Hydrological","Flood","Flash flood","1","350000","","","","97.134992636875"
"2023","Georgia","GEO","Natural","Hydrological","Mass movement (wet)","Landslide (wet)","1","","18","","","97.134992636875"
"2023","Germany","DEU","Natural","Meteorological","Extreme temperature","Heat wave","1","","6376","","","97.134992636875"
"2023","Germany","DEU","Natural","Meteorological","Storm","Blizzard/Winter storm","1","","2","","","97.134992636875"
"2023","Germany","DEU","Natural","Meteorological","Storm","Extra-tropical storm","1","","1","","","97.134992636875"
"2023","Germany","DEU","Natural","Meteorological","Storm","Severe weather","1","","1","","","97.134992636875"
"2023","Ghana","GHA","Natural","Hydrological","Flood","Flood (General)","2","41114","8","","","97.134992636875"
"2023","Greece","GRC","Natural","Climatological","Wildfire","Forest fire","2","19011","23","200000000","205899022","97.134992636875"
"2023","Greece","GRC","Natural","Hydrological","Flood","Flood (General)","1","5260","17","","","97.134992636875"
"2023","Greece","GRC","Natural","Meteorological","Extreme temperature","Heat wave","1","","4339","","","97.134992636875"
"2023","Greece","GRC","Natural","Meteorological","Storm","Storm (General)","1","250","","","","97.134992636875"
"2023","Guam","GUM","Natural","Meteorological","Storm","Tropical cyclone","1","100000","2","4300000000","4426828976","97.134992636875"
"2023","Guatemala","GTM","Natural","Geophysical","Volcanic activity","Ash fall","1","1054","","","","97.134992636875"
"2023","Guatemala","GTM","Natural","Hydrological","Flood","Flood (General)","1","4400005","78","","","97.134992636875"
"2023","Guatemala","GTM","Natural","Hydrological","Mass movement (wet)","Landslide (wet)","1","123325","86","","","97.134992636875"
"2023","Guinea","GIN","Natural","Hydrological","Flood","Flood (General)","1","25072","8","","","97.134992636875"
"2023","Haiti","HTI","Natural","Hydrological","Flood","Flood (General)","2","225143","80","420000000","432387947","97.134992636875"
"2023","Honduras","HND","Natural","Climatological","Drought","Drought","1","10300","","","","97.134992636875"
"2023","Honduras","HND","Natural","Meteorological","Storm","Severe weather","1","46658","4","","","97.134992636875"
"2023","Honduras","HND","Natural","Meteorological","Storm","Tropical cyclone","1","","1","","","97.134992636875"
"2023","Hungary","HUN","Natural","Meteorological","Extreme temperature","Heat wave","1","","294","","","97.134992636875"
"2023","Iceland","ISL","Natural","Geophysical","Earthquake","Ground movement","1","3665","","75000000","77212133","97.134992636875"
"2023","Iceland","ISL","Natural","Meteorological","Extreme temperature","Heat wave","1","","","","","97.134992636875"
"2023","India","IND","Natural","Climatological","Glacial lake outburst flood","Glacial lake outburst flood","1","88400","178","","","97.134992636875"
"2023","India","IND","Natural","Hydrological","Flood","Flash flood","1","5","62","3000000","3088485","97.134992636875"
"2023","India","IND","Natural","Hydrological","Flood","Flood (General)","4","10750000","1562","","","97.134992636875"
"2023","India","IND","Natural","Hydrological","Mass movement (wet)","Landslide (wet)","3","807","64","","","97.134992636875"
"2023","India","IND","Natural","Meteorological","Extreme temperature","Heat wave","2","790","190","","","97.134992636875"
"2023","India","IND","Natural","Meteorological","Storm","Lightning/Thunderstorms","1","1074","12","","","97.134992636875"
"2023","India","IND","Natural","Meteorological","Storm","Severe weather","2","39","40","","","97.134992636875"
"2023","India","IND","Natural","Meteorological","Storm","Tropical cyclone","3","4401000","27","125000000","128686889","97.134992636875"
"2023","Indonesia","IDN","Natural","Climatological","Drought","Drought","1","18750000","","","","97.134992636875"
"2023","Indonesia","IDN","Natural","Geophysical","Earthquake","Ground movement","3","7677","6","","","97.134992636875"
"2023","Indonesia","IDN","Natural","Geophysical","Volcanic activity","Ash fall","2","2316","23","","","97.134992636875"
"2023","Indonesia","IDN","Natural","Hydrological","Flood","Flood (General)","5","149467","6","","","97.134992636875"
"2023","Indonesia","IDN","Natural","Hydrological","Mass movement (wet)","Landslide (wet)","2","1338","60","","","97.134992636875"
"2023","Indonesia","IDN","Natural","Meteorological","Storm","Severe weather","2","990","1","","","97.134992636875"
"2023","Iran (Islamic Republic of)","IRN","Natural","Geophysical","Earthquake","Ground movement","3","304321","3","305000000","313996009","97.134992636875"
"2023","Iran (Islamic Republic of)","IRN","Natural","Meteorological","Storm","Sand/Dust storm","3","3467","6","","","97.134992636875"
"2023","Iraq","IRQ","Natural","Meteorological","Storm","Sand/Dust storm","1","","3","","","97.134992636875"
"2023","Ireland","IRL","Natural","Meteorological","Extreme temperature","Heat wave","1","","60","","","97.134992636875"
"2023","Italy","ITA","Natural","Climatological","Drought","Drought","1","","","","","97.134992636875"
"2023","Italy","ITA","Natural","Hydrological","Flood","Flood (General)","2","46500","17","9750000000","10037577330","97.134992636875"
"2023","Italy","ITA","Natural","Hydrological","Mass movement (wet)","Avalanche (wet)","1","","1","","","97.134992636875"
"2023","Italy","ITA","Natural","Meteorological","Extreme temperature","Heat wave","1","","12743","","","97.134992636875"
"2023","Italy","ITA","Natural","Meteorological","Storm","Extra-tropical storm","1","1200","8","","","97.134992636875"
"2023","Italy","ITA","Natural","Meteorological","Storm","Hail","1","110","","","","97.134992636875"
"2023","Italy","ITA","Natural","Meteorological","Storm","Severe weather","1","","2","100000000","102949511","97.134992636875"
"2023","Japan","JPN","Natural","Geophysical","Earthquake","Ground movement","1","2254","1","","","97.134992636875"
"2023","Japan","JPN","Natural","Hydrological","Flood","Flash flood","1","4218","6","","","97.134992636875"
"2023","Japan","JPN","Natural","Meteorological","Storm","Tropical cyclone","4","4342","8","","","97.134992636875"
"2023","Jordan","JOR","Natural","Meteorological","Extreme temperature","Cold wave","1","2000","","","","97.134992636875"
"2023","Kazakhstan","KAZ","Natural","Climatological","Wildfire","Wildfire (General)","1","300","14","","","97.134992636875"
"2023","Kenya","KEN","Natural","Hydrological","Flood","Flash flood","1","22500","","","","97.134992636875"
"2023","Kenya","KEN","Natural","Hydrological","Flood","Flood (General)","2","834661","214","","","97.134992636875"
"2023","Lao People's Democratic Republic","LAO","Natural","Hydrological","Flood","Flood (General)","1","110129","7","7719000","7946673","97.134992636875"
"2023","Latvia","LVA","Natural","Hydrological","Flood","Flood (General)","1","200","","","","97.134992636875"
"2023","Latvia","LVA","Natural","Meteorological","Extreme temperature","Heat wave","1","","58","","","97.134992636875"
"2023","Lebanon","LBN","Natural","Meteorological","Extreme temperature","Cold wave","1","1024200","","","","97.134992636875"
"2023","Lesotho","LSO","Natural","Climatological","Drought","Drought","1","699049","","","","97.134992636875"
"2023","Lesotho","LSO","Natural","Meteorological","Storm","Storm surge","1","968","2","","","97.134992636875"
"2023","Libya","LBY","Natural","Meteorological","Storm","Storm (General)","1","1600000","13200","6200000000","6382869686","97.134992636875"
"2023","Liechtenstein","LIE","Natural","Meteorological","Extreme temperature","Heat wave","1","","1","","","97.134992636875"
"2023","Lithuania","LTU","Natural","Meteorological","Extreme temperature","Heat wave","1","","247","","","97.134992636875"
"2023","Luxembourg","LUX","Natural","Meteorological","Extreme temperature","Heat wave","1","","33","","","97.134992636875"
"2023","Madagascar","MDG","Natural","Meteorological","Storm","Tropical cyclone","2","389870","70","20000000","20589902","97.134992636875"
"2023","Malawi","MWI","Natural","Meteorological","Storm","Tropical cyclone","1","2269644","1209","506710000","521655468","97.134992636875"
"2023","Malaysia","MYS","Natural","Hydrological","Flood","Flood (General)","4","84187","6","","","97.134992636875"
"2023","Malta","MLT","Natural","Meteorological","Extreme temperature","Heat wave","1","","70","","","97.134992636875"
"2023","Mauritania","MRT","Natural","Hydrological","Flood","Flood (General)","1","7200","1","","","97.134992636875"
"2023","Mauritius","MUS","Natural","Meteorological","Storm","Tropical cyclone","1","2500","1","","","97.134992636875"
"2023","Mexico","MEX","Natural","Hydrological","Flood","Flash flood","1","","11","","","97.134992636875"
"2023","Mexico","MEX","Natural","Meteorological","Storm","Tropical cyclone","1","988000","84","12000000000","12353941329","97.134992636875"
"2023","Micronesia (Federated States of)","FSM","Natural","Climatological","Drought","Drought","1","113401","","","","97.134992636875"
"2023","Mongolia","MNG","Natural","Hydrological","Flood","Flash flood","1","1230","4","","","97.134992636875"
"2023","Mongolia","MNG","Natural","Hydrological","Flood","Flood (General)","1","288738","","","","97.134992636875"
"2023","Mongolia","MNG","Natural","Meteorological","Extreme temperature","Cold wave","1","5100","2","","","97.134992636875"
"2023","Mongolia","MNG","Natural","Meteorological","Storm","Blizzard/Winter storm","1","669367","8","","","97.134992636875"
"2023","Montenegro","MNE","Natural","Meteorological","Extreme temperature","Heat wave","1","","41","","","97.134992636875"
"2023","Morocco","MAR","Natural","Geophysical","Earthquake","Ground movement","1","845674","2946","7000000000","7206465775","97.134992636875"
"2023","Mozambique","MOZ","Natural","Climatological","Drought","Drought","1","3300000","","","","97.134992636875"
"2023","Mozambique","MOZ","Natural","Hydrological","Flood","Flood (General)","1","89093","14","","","97.134992636875"
"2023","Mozambique","MOZ","Natural","Meteorological","Storm","Tropical cyclone","1","1231389","183","","","97.134992636875"
"2023","Myanmar","MMR","Natural","Hydrological","Flood","Flood (General)","2","75335","10","","","97.134992636875"
"2023","Myanmar","MMR","Natural","Hydrological","Mass movement (wet)","Landslide (wet)","1","","39","","","97.134992636875"
"2023","Myanmar","MMR","Natural","Meteorological","Storm","Tornado","1","1280","8","","","97.134992636875"
"2023","Myanmar","MMR","Natural","Meteorological","Storm","Tropical cyclone","1","1200132","148","2240000000","2306069048","97.134992636875"
"2023","Namibia","NAM","Natural","Hydrological","Flood","Flood (General)","1","2190","","","","97.134992636875"
"2023","Nepal","NPL","Natural","Geophysical","Earthquake","Ground movement","2","336639","155","100000000","102949511","97.134992636875"
"2023","Nepal","NPL","Natural","Hydrological","Flood","Flood (General)","1","1506","36","","","97.134992636875"
"2023","Netherlands (Kingdom of the)","NLD","Natural","Meteorological","Extreme temperature","Heat wave","1","","368","","","97.134992636875"
"2023","Netherlands (Kingdom of the)","NLD","Natural","Meteorological","Storm","Extra-tropical storm","1","","1","","","97.134992636875"
"2023","New Zealand","NZL","Natural","Hydrological","Flood","Flood (General)","1","5400","4","1900000000","1956040710","97.134992636875"
"2023","New Zealand","NZL","Natural","Meteorological","Storm","Tornado","1","303","","","","97.134992636875"
"2023","New Zealand","NZL","Natural","Meteorological","Storm","Tropical cyclone","1","10500","11","2800000000","2882586310","97.134992636875"
"2023","Niger","NER","Natural","Hydrological","Flood","Flood (General)","1","169651","41","","","97.134992636875"
"2023","Nigeria","NGA","Natural","Hydrological","Flood","Flood (General)","2","31336","275","","","97.134992636875"
"2023","Norway","NOR","Natural","Meteorological","Extreme temperature","Heat wave","1","","29","","","97.134992636875"
"2023","Pakistan","PAK","Natural","Geophysical","Earthquake","Ground movement","1","939","11","","","97.134992636875"
"2023","Pakistan","PAK","Natural","Hydrological","Flood","Flash flood","3","3","35","","","97.134992636875"
"2023","Pakistan","PAK","Natural","Hydrological","Flood","Flood (General)","6","119801","300","","","97.134992636875"
"2023","Pakistan","PAK","Natural","Hydrological","Mass movement (wet)","Avalanche (wet)","1","25","11","","","97.134992636875"
"2023","Pakistan","PAK","Natural","Meteorological","Extreme temperature","Heat wave","1","","22","","","97.134992636875"
"2023","Pakistan","PAK","Natural","Meteorological","Storm","Tropical cyclone","1","","1","","","97.134992636875"
"2023","Papua New Guinea","PNG","Natural","Geophysical","Earthquake","Ground movement","1","16274","8","","","97.134992636875"
"2023","Paraguay","PRY","Natural","Hydrological","Flood","Flash flood","1","39000","","","","97.134992636875"
"2023","Paraguay","PRY","Natural","Hydrological","Flood","Flood (General)","1","7675","6","","","97.134992636875"
"2023","Peru","PER","Natural","Geophysical","Earthquake","Ground movement","1","141","1","","","97.134992636875"
"2023","Peru","PER","Natural","Hydrological","Flood","Flood (General)","3","534494","96","305000000","313996009","97.134992636875"
"2023","Peru","PER","Natural","Hydrological","Mass movement (wet)","Landslide (wet)","1","6327","38","","","97.134992636875"
"2023","Peru","PER","Natural","Meteorological","Storm","Tropical cyclone","1","45000","8","705000000","725794053","97.134992636875"
"2023","Philippines","PHL","Natural","Geophysical","Earthquake","Ground movement","3","820834","14","48105000","49523862","97.134992636875"
"2023","Philippines","PHL","Natural","Geophysical","Volcanic activity","Lava flow","1","39024","","","","97.134992636875"
"2023","Philippines","PHL","Natural","Hydrological","Flood","Flood (General)","4","3548610","71","42531000","43785457","97.134992636875"
"2023","Philippines","PHL","Natural","Meteorological","Storm","Tropical cyclone","7","6878482","47","317520000","326885288","97.134992636875"
"2023","Poland","POL","Natural","Meteorological","Extreme temperature","Heat wave","1","","616","","","97.134992636875"
"2023","Portugal","PRT","Natural","Climatological","Wildfire","Wildfire (General)","1","1435","","","","97.134992636875"
"2023","Portugal","PRT","Natural","Meteorological","Extreme temperature","Heat wave","1","","1432","","","97.134992636875"
"2023","Republic of Korea","KOR","Natural","Climatological","Wildfire","Wildfire (General)","1","500","1","","","97.134992636875"
"2023","Republic of Korea","KOR","Natural","Hydrological","Flood","Flood (General)","1","10534","58","","","97.134992636875"
"2023","Republic of Korea","KOR","Natural","Meteorological","Storm","Tropical cyclone","1","","2","","","97.134992636875"
"2023","Republic of Moldova","MDA","Natural","Meteorological","Storm","Blizzard/Winter storm","1","10","4","","","97.134992636875"
"2023","Romania","ROU","Natural","Meteorological","Extreme temperature","Heat wave","1","","2585","","","97.134992636875"
"2023","Romania","ROU","Natural","Meteorological","Storm","Blizzard/Winter storm","1","","","","","97.134992636875"
"2023","Romania","ROU","Natural","Meteorological","Storm","Severe weather","1","","2","","","97.134992636875"
"2023","Russian Federation","RUS","Natural","Climatological","Wildfire","Forest fire","1","15000","21","50000000","51474756","97.134992636875"
"2023","Russian Federation","RUS","Natural","Meteorological","Storm","Blizzard/Winter storm","1","","2","","","97.134992636875"
"2023","Russian Federation","RUS","Natural","Meteorological","Storm","Storm (General)","1","76","10","","","97.134992636875"
"2023","Russian Federation","RUS","Natural","Meteorological","Storm","Tropical cyclone","1","13200","3","","","97.134992636875"
"2023","Rwanda","RWA","Natural","Hydrological","Flood","Flood (General)","1","51982","131","","","97.134992636875"
"2023","Réunion","REU","Natural","Meteorological","Storm","Tropical cyclone","1","25000","","","","97.134992636875"
"2023","Saint Vincent and the Grenadines","VCT","Natural","Meteorological","Storm","Tropical cyclone","1","150","","","","97.134992636875"
"2023","Serbia","SRB","Natural","Hydrological","Flood","Flood (General)","1","15432","","","","97.134992636875"
"2023","Serbia","SRB","Natural","Hydrological","Flood","Riverine flood","1","210","2","","","97.134992636875"
"2023","Serbia","SRB","Natural","Meteorological","Extreme temperature","Heat wave","1","","464","","","97.134992636875"
"2023","Serbia","SRB","Natural","Meteorological","Storm","Severe weather","1","","1","","","97.134992636875"
"2023","Serbia","SRB","Natural","Meteorological","Storm","Storm (General)","1","20","","","","97.134992636875"
"2023","Sierra Leone","SLE","Natural","Meteorological","Storm","Storm (General)","1","17","15","","","97.134992636875"
"2023","Slovakia","SVK","Natural","Meteorological","Extreme temperature","Heat wave","1","","247","","","97.134992636875"
"2023","Slovakia","SVK","Natural","Meteorological","Storm","Storm (General)","1","","","","","97.134992636875"
"2023","Slovenia","SVN","Natural","Hydrological","Flood","Flood (General)","1","1500120","6","500000000","514747555","97.134992636875"
"2023","Slovenia","SVN","Natural","Meteorological","Extreme temperature","Heat wave","1","","95","","","97.134992636875"
"2023","Slovenia","SVN","Natural","Meteorological","Storm","Storm (General)","1","3003","1","","","97.134992636875"
"2023","Solomon Islands","SLB","Natural","Meteorological","Storm","Tropical cyclone","1","22319","","","","97.134992636875"
"2023","Somalia","SOM","Natural","Hydrological","Flood","Flash flood","2","568003","43","","","97.134992636875"
"2023","Somalia","SOM","Natural","Hydrological","Flood","Flood (General)","2","2758000","122","","","97.134992636875"
"2023","South Africa","ZAF","Natural","Hydrological","Flood","Flood (General)","4","8300","65","","","97.134992636875"
"2023","South Africa","ZAF","Natural","Meteorological","Storm","Severe weather","2","1367","6","","","97.134992636875"
"2023","Spain","ESP","Natural","Climatological","Drought","Drought","1","26000","","2400000000","2470788266","97.134992636875"
"2023","Spain","ESP","Natural","Climatological","Wildfire","Wildfire (General)","1","800","","","","97.134992636875"
"2023","Spain","ESP","Natural","Hydrological","Flood","Flood (General)","1","6000","3","370000000","380913191","97.134992636875"
"2023","Spain","ESP","Natural","Meteorological","Extreme temperature","Heat wave","1","","8352","","","97.134992636875"
"2023","Spain","ESP","Natural","Meteorological","Storm","Extra-tropical storm","2","","1","","","97.134992636875"
"2023","Sri Lanka","LKA","Natural","Hydrological","Flood","Flood (General)","1","244504","","","","97.134992636875"
"2023","Sri Lanka","LKA","Natural","Meteorological","Storm","Lightning/Thunderstorms","1","910","","","","97.134992636875"
"2023","Sri Lanka","LKA","Natural","Meteorological","Storm","Severe weather","2","36803","9","","","97.134992636875"
"2023","Sri Lanka","LKA","Natural","Meteorological","Storm","Storm (General)","1","6631","","","","97.134992636875"
"2023","Sweden","SWE","Natural","Meteorological","Extreme temperature","Heat wave","1","","13","","","97.134992636875"
"2023","Switzerland","CHE","Natural","Hydrological","Mass movement (wet)","Avalanche (wet)","1","","2","","","97.134992636875"
"2023","Switzerland","CHE","Natural","Meteorological","Extreme temperature","Heat wave","1","","294","","","97.134992636875"
"2023","Switzerland","CHE","Natural","Meteorological","Storm","Severe weather","1","15040","2","","","97.134992636875"
"2023","Syrian Arab Republic","SYR","Natural","Climatological","Drought","Drought","1","650000","","","","97.134992636875"
"2023","Syrian Arab Republic","SYR","Natural","Climatological","Wildfire","Wildfire (General)","1","50005","","","","97.134992636875"
"2023","Syrian Arab Republic","SYR","Natural","Geophysical","Earthquake","Ground movement","3","8012394","5670","8900000000","9162506485","97.134992636875"
"2023","Syrian Arab Republic","SYR","Natural","Hydrological","Flood","Flood (General)","1","2851","","","","97.134992636875"
"2023","Taiwan (Province of China)","TWN","Natural","Meteorological","Storm","Tropical cyclone","3","258","3","10000000","10294951","97.134992636875"
"2023","Tajikistan","TJK","Natural","Geophysical","Earthquake","Ground movement","1","2205","","","","97.134992636875"
"2023","Tajikistan","TJK","Natural","Hydrological","Flood","Flood (General)","1","","21","","","97.134992636875"
"2023","Thailand","THA","Natural","Hydrological","Flood","Flood (General)","2","249123","6","","","97.134992636875"
"2023","Thailand","THA","Natural","Meteorological","Storm","Lightning/Thunderstorms","1","22200","","","","97.134992636875"
"2023","Türkiye","TUR","Natural","Geophysical","Earthquake","Ground movement","3","16107494","53007","34000000000","35002833765","97.134992636875"
"2023","Türkiye","TUR","Natural","Hydrological","Flood","Flood (General)","2","31","27","25000000","25737378","97.134992636875"
"2023","Türkiye","TUR","Natural","Meteorological","Storm","Blizzard/Winter storm","1","","2","","","97.134992636875"
"2023","Türkiye","TUR","Natural","Meteorological","Storm","Extra-tropical storm","1","","20","","","97.134992636875"
"2023","Türkiye","TUR","Natural","Meteorological","Storm","Tornado","1","554","1","","","97.134992636875"
"2023","Uganda","UGA","Natural","Hydrological","Flood","Flood (General)","1","1016","23","","","97.134992636875"
"2023","Ukraine","UKR","Natural","Hydrological","Flood","Flood (General)","1","2850","","","","97.134992636875"
"2023","Ukraine","UKR","Natural","Meteorological","Storm","Blizzard/Winter storm","1","23","12","","","97.134992636875"
"2023","United Kingdom of Great Britain and Northern Ireland","GBR","Natural","Meteorological","Extreme temperature","Heat wave","1","","1851","","","97.134992636875"
"2023","United Kingdom of Great Britain and Northern Ireland","GBR","Natural","Meteorological","Storm","Extra-tropical storm","1","","","","","97.134992636875"
"2023","United Republic of Tanzania","TZA","Natural","Hydrological","Flood","Flood (General)","3","2898500","51","","","97.134992636875"
"2023","United Republic of Tanzania","TZA","Natural","Hydrological","Mass movement (wet)","Landslide (wet)","1","6341","89","","","97.134992636875"
"2023","United States of America","USA","Natural","Climatological","Drought","Drought","1","","247","14500000000","14927679106","97.134992636875"
"2023","United States of America","USA","Natural","Climatological","Wildfire","Wildfire (General)","2","8497","130","5500000000","5662223109","97.134992636875"
"2023","United States of America","USA","Natural","Hydrological","Flood","Flash flood","1","2000","","1100000000","1132444622","97.134992636875"
"2023","United States of America","USA","Natural","Hydrological","Flood","Flood (General)","3","126","13","2200000000","2264889244","97.134992636875"
"2023","United States of America","USA","Natural","Meteorological","Extreme temperature","Heat wave","1","","14","","","97.134992636875"
"2023","United States of America","USA","Natural","Meteorological","Extreme temperature","Severe winter conditions","1","25","10","385000000","396355618","97.134992636875"
"2023","United States of America","USA","Natural","Meteorological","Storm","Severe weather","4","2661","18","3255000000","3351006585","97.134992636875"
"2023","United States of America","USA","Natural","Meteorological","Storm","Storm (General)","6","307","28","21550000000","22185619636","97.134992636875"
"2023","United States of America","USA","Natural","Meteorological","Storm","Tornado","5","14417","75","16170000000","16646935940","97.134992636875"
"2023","United States of America","USA","Natural","Meteorological","Storm","Tropical cyclone","1","","5","3500000000","3603232888","97.134992636875"
"2023","Uruguay","URY","Natural","Climatological","Drought","Drought","1","409115","","","","97.134992636875"
"2023","Uruguay","URY","Natural","Hydrological","Flood","Flood (General)","1","3472","","","","97.134992636875"
"2023","Uruguay","URY","Natural","Meteorological","Storm","Severe weather","1","","2","","","97.134992636875"
"2023","Vanuatu","VUT","Natural","Meteorological","Storm","Tropical cyclone","3","593702","","","","97.134992636875"
"2023","Venezuela (Bolivarian Republic of)","VEN","Natural","Hydrological","Flood","Flood (General)","1","112","12","","","97.134992636875"
"2023","Viet Nam","VNM","Natural","Hydrological","Flood","Flash flood","1","214535","15","","","97.134992636875"
"2023","Viet Nam","VNM","Natural","Hydrological","Flood","Flood (General)","3","10615","9","","","97.134992636875"
"2023","Viet Nam","VNM","Natural","Meteorological","Storm","Severe weather","1","80000","5","","","97.134992636875"
"2023","Viet Nam","VNM","Natural","Meteorological","Storm","Tropical cyclone","1","3","1","","","97.134992636875"
"2023","Yemen","YEM","Natural","Hydrological","Flood","Flood (General)","1","308183","248","","","97.134992636875"
"2023","Yemen","YEM","Natural","Meteorological","Storm","Tropical cyclone","1","150","7","","","97.134992636875"
"2023","Zambia","ZMB","Natural","Hydrological","Flood","Flash flood","1","154608","","","","97.134992636875"
"2023","Zambia","ZMB","Natural","Hydrological","Flood","Flood (General)","1","22000","","","","97.134992636875"
"2023","Zimbabwe","ZWE","Natural","Meteorological","Storm","Tropical cyclone","1","","2","","","97.134992636875"
"2024","Afghanistan","AFG","Natural","Hydrological","Flood","Flash flood","3","50930","215","","","100"
"2024","Afghanistan","AFG","Natural","Hydrological","Flood","Flood (General)","2","261574","396","","","100"
"2024","Afghanistan","AFG","Natural","Hydrological","Mass movement (wet)","Avalanche (wet)","1","158","25","","","100"
"2024","Afghanistan","AFG","Natural","Hydrological","Mass movement (wet)","Landslide (wet)","1","","12","","","100"
"2024","Afghanistan","AFG","Natural","Meteorological","Extreme temperature","Severe winter conditions","1","327422","1197","","","100"
"2024","Algeria","DZA","Natural","Hydrological","Flood","Flood (General)","2","12000","5","","","100"
"2024","Angola","AGO","Natural","Climatological","Drought","Drought","1","2800000","","","","100"
"2024","Argentina","ARG","Natural","Hydrological","Flood","Flood (General)","2","402400","","","","100"
"2024","Argentina","ARG","Natural","Meteorological","Storm","Lightning/Thunderstorms","1","400006","1","250000000","250000000","100"
"2024","Armenia","ARM","Natural","Hydrological","Flood","Flash flood","1","429","4","50000000","50000000","100"
"2024","Australia","AUS","Natural","Hydrological","Flood","Flash flood","1","206","","260000000","260000000","100"
"2024","Australia","AUS","Natural","Hydrological","Flood","Flood (General)","1","6000","2","310000000","310000000","100"
"2024","Australia","AUS","Natural","Meteorological","Storm","Severe weather","1","4402","1","","","100"
"2024","Austria","AUT","Natural","Meteorological","Extreme temperature","Heat wave","1","","1055","","","100"
"2024","Austria","AUT","Natural","Meteorological","Storm","Storm (General)","1","2220","5","","","100"
"2024","Bangladesh","BGD","Natural","Hydrological","Flood","Flash flood","2","10950000","86","189600000","189600000","100"
"2024","Bangladesh","BGD","Natural","Hydrological","Flood","Flood (General)","1","238931","10","","","100"
"2024","Bangladesh","BGD","Natural","Meteorological","Extreme temperature","Heat wave","1","33000000","10","","","100"
"2024","Bangladesh","BGD","Natural","Meteorological","Storm","Tropical cyclone","2","4590013","18","90700000","90700000","100"
"2024","Barbados","BRB","Natural","Meteorological","Storm","Tropical cyclone","1","2500","","","","100"
"2024","Belgium","BEL","Natural","Meteorological","Extreme temperature","Heat wave","1","","249","","","100"
"2024","Belize","BLZ","Natural","Climatological","Wildfire","Wildfire (General)","1","800","","","","100"
"2024","Belize","BLZ","Natural","Meteorological","Storm","Tropical cyclone","1","162","","","","100"
"2024","Benin","BEN","Natural","Hydrological","Flood","Flood (General)","1","34052","","","","100"
"2024","Bolivia (Plurinational State of)","BOL","Natural","Climatological","Wildfire","Wildfire (General)","1","25335","2","100000000","100000000","100"
"2024","Bolivia (Plurinational State of)","BOL","Natural","Hydrological","Flood","Flash flood","1","2506","2","","","100"
"2024","Bolivia (Plurinational State of)","BOL","Natural","Hydrological","Flood","Flood (General)","3","4516","2","","","100"
"2024","Bosnia and Herzegovina","BIH","Natural","Hydrological","Flood","Flood (General)","1","5000","27","10000000","10000000","100"
"2024","Bosnia and Herzegovina","BIH","Natural","Meteorological","Extreme temperature","Heat wave","1","","909","","","100"
"2024","Botswana","BWA","Natural","Meteorological","Storm","Storm (General)","1","105000","","","","100"
"2024","Brazil","BRA","Natural","Climatological","Drought","Drought","1","","","6050000000","6050000000","100"
"2024","Brazil","BRA","Natural","Hydrological","Flood","Flash flood","2","62550","22","120000000","120000000","100"
"2024","Brazil","BRA","Natural","Hydrological","Flood","Flood (General)","5","2526383","249","7440000000","7440000000","100"
"2024","Brazil","BRA","Natural","Meteorological","Storm","Severe weather","2","29455","4","","","100"
"2024","Brazil","BRA","Natural","Meteorological","Storm","Storm (General)","1","200","","","","100"
"2024","Bulgaria","BGR","Natural","Meteorological","Extreme temperature","Heat wave","1","","3414","","","100"
"2024","Burkina Faso","BFA","Natural","Hydrological","Flood","Flood (General)","1","7684","","","","100"
"2024","Burundi","BDI","Natural","Hydrological","Flood","Flood (General)","1","237175","29","","","100"
"2024","Burundi","BDI","Natural","Meteorological","Storm","Storm (General)","1","655","","","","100"
"2024","Cambodia","KHM","Natural","Meteorological","Extreme temperature","Heat wave","1","","","","","100"
"2024","Cameroon","CMR","Natural","Hydrological","Flood","Flood (General)","1","500008","38","","","100"
"2024","Cameroon","CMR","Natural","Hydrological","Mass movement (wet)","Landslide (wet)","1","","12","","","100"
"2024","Canada","CAN","Natural","Climatological","Wildfire","Forest fire","1","3500","","","","100"
"2024","Canada","CAN","Natural","Climatological","Wildfire","Wildfire (General)","2","","1","1000000000","1000000000","100"
"2024","Canada","CAN","Natural","Meteorological","Storm","Hail","1","","","2700000000","2700000000","100"
"2024","Canada","CAN","Natural","Meteorological","Storm","Storm (General)","1","20","","2250000000","2250000000","100"
"2024","Canada","CAN","Natural","Meteorological","Storm","Tropical cyclone","2","","2","3000000000","3000000000","100"
"2024","Canary Islands","SPI","Natural","Meteorological","Storm","Extra-tropical storm","1","","2","","","100"
"2024","Central African Republic","CAF","Natural","Hydrological","Flood","Flood (General)","1","2700","","145000000","145000000","100"
"2024","Chad","TCD","Natural","Hydrological","Flood","Flood (General)","2","1945674","577","380000000","380000000","100"
"2024","Chile","CHL","Natural","Climatological","Wildfire","Wildfire (General)","2","40904","135","1000000000","1000000000","100"
"2024","Chile","CHL","Natural","Hydrological","Flood","Flood (General)","1","6393","1","540000000","540000000","100"
"2024","Chile","CHL","Natural","Meteorological","Storm","Severe weather","1","26820","1","540000000","540000000","100"
"2024","China","CHN","Natural","Climatological","Drought","Drought","1","","","970000000","970000000","100"
"2024","China","CHN","Natural","Climatological","Wildfire","Wildfire (General)","1","4900","4","","","100"
"2024","China","CHN","Natural","Geophysical","Earthquake","Ground movement","1","12572","6","430000000","430000000","100"
"2024","China","CHN","Natural","Hydrological","Flood","Flood (General)","5","120645","168","1650000000","1650000000","100"
"2024","China","CHN","Natural","Hydrological","Mass movement (wet)","Landslide (wet)","3","536","107","","","100"
"2024","China","CHN","Natural","Meteorological","Storm","Tornado","2","9539","10","70000000","70000000","100"
"2024","China","CHN","Natural","Meteorological","Storm","Tropical cyclone","5","95","143","4152200000","4152200000","100"
"2024","Colombia","COL","Natural","Climatological","Drought","Drought","1","1143043","","","","100"
"2024","Colombia","COL","Natural","Geophysical","Volcanic activity","Volcanic activity (General)","1","335","","","","100"
"2024","Colombia","COL","Natural","Hydrological","Mass movement (wet)","Landslide (wet)","1","19","34","","","100"
"2024","Colombia","COL","Natural","Meteorological","Storm","Severe weather","2","262059","","","","100"
"2024","Colombia","COL","Natural","Meteorological","Storm","Tropical cyclone","1","","1","150000000","150000000","100"
"2024","Comoros","COM","Natural","Meteorological","Storm","Tropical cyclone","1","64155","","","","100"
"2024","Costa Rica","CRI","Natural","Hydrological","Flood","Flood (General)","1","1098668","8","","","100"
"2024","Costa Rica","CRI","Natural","Meteorological","Storm","Tropical cyclone","2","3418","","980000","980000","100"
"2024","Croatia","HRV","Natural","Meteorological","Extreme temperature","Heat wave","1","","1255","","","100"
"2024","Cuba","CUB","Natural","Geophysical","Earthquake","Ground movement","1","6007","","","","100"
"2024","Cuba","CUB","Natural","Meteorological","Storm","Severe weather","1","270000","","","","100"
"2024","Cuba","CUB","Natural","Meteorological","Storm","Tropical cyclone","3","4320000","10","1130000000","1130000000","100"
"2024","Cyprus","CYP","Natural","Hydrological","Flood","Flood (General)","1","469","","","","100"
"2024","Cyprus","CYP","Natural","Meteorological","Extreme temperature","Heat wave","1","","218","","","100"
"2024","Czechia","CZE","Natural","Meteorological","Extreme temperature","Heat wave","1","","544","","","100"
"2024","Czechia","CZE","Natural","Meteorological","Storm","Storm (General)","1","250000","13","3000000000","3000000000","100"
"2024","Côte d’Ivoire","CIV","Natural","Hydrological","Flood","Flood (General)","1","227","26","","","100"
"2024","Democratic People's Republic of Korea","PRK","Natural","Hydrological","Flood","Flood (General)","1","4200","","","","100"
"2024","Democratic Republic of the Congo","COD","Natural","Hydrological","Flood","Flood (General)","2","2479430","311","","","100"
"2024","Democratic Republic of the Congo","COD","Natural","Hydrological","Mass movement (wet)","Landslide (wet)","2","193","86","","","100"
"2024","Democratic Republic of the Congo","COD","Natural","Meteorological","Storm","Severe weather","1","527","2","","","100"
"2024","Denmark","DNK","Natural","Meteorological","Extreme temperature","Heat wave","1","","174","","","100"
"2024","Dominican Republic","DOM","Natural","Hydrological","Flood","Flood (General)","1","15000","","","","100"
"2024","Dominican Republic","DOM","Natural","Meteorological","Storm","Tropical cyclone","1","15000","2","","","100"
"2024","Ecuador","ECU","Natural","Hydrological","Flood","Flood (General)","1","117498","6","100000000","100000000","100"
"2024","Ecuador","ECU","Natural","Hydrological","Mass movement (wet)","Landslide (wet)","1","3629","19","10000000","10000000","100"
"2024","El Salvador","SLV","Natural","Meteorological","Storm","Severe weather","1","8570","19","","","100"
"2024","El Salvador","SLV","Natural","Meteorological","Storm","Tropical cyclone","1","480","","","","100"
"2024","Estonia","EST","Natural","Meteorological","Extreme temperature","Heat wave","1","","85","","","100"
"2024","Ethiopia","ETH","Natural","Hydrological","Flood","Flood (General)","1","181548","5","","","100"
"2024","Ethiopia","ETH","Natural","Hydrological","Mass movement (wet)","Landslide (wet)","2","15527","270","","","100"
"2024","Finland","FIN","Natural","Meteorological","Extreme temperature","Heat wave","1","","152","","","100"
"2024","France","FRA","Natural","Hydrological","Flood","Flood (General)","2","3235","1","","","100"
"2024","France","FRA","Natural","Meteorological","Extreme temperature","Heat wave","1","","2451","","","100"
"2024","France","FRA","Natural","Meteorological","Storm","Extra-tropical storm","1","1","8","","","100"
"2024","France","FRA","Natural","Meteorological","Storm","Storm (General)","1","26","","","","100"
"2024","Gabon","GAB","Natural","Hydrological","Flood","Flood (General)","1","13400","","","","100"
"2024","Germany","DEU","Natural","Hydrological","Flood","Flood (General)","1","3407","12","4500000000","4500000000","100"
"2024","Germany","DEU","Natural","Meteorological","Extreme temperature","Heat wave","1","","6282","","","100"
"2024","Greece","GRC","Natural","Climatological","Wildfire","Wildfire (General)","1","900","1","60000000","60000000","100"
"2024","Greece","GRC","Natural","Hydrological","Flood","Flood (General)","1","","","","","100"
"2024","Greece","GRC","Natural","Meteorological","Extreme temperature","Heat wave","1","","5980","","","100"
"2024","Grenada","GRD","Natural","Climatological","Drought","Drought","1","100000","","","","100"
"2024","Grenada","GRD","Natural","Meteorological","Storm","Tropical cyclone","1","12027","8","218000000","218000000","100"
"2024","Guatemala","GTM","Natural","Climatological","Wildfire","Wildfire (General)","2","200","","","","100"
"2024","Guatemala","GTM","Natural","Hydrological","Flood","Flood (General)","1","606115","18","","","100"
"2024","Guatemala","GTM","Natural","Meteorological","Storm","Tropical cyclone","2","64640","10","","","100"
"2024","Guinea","GIN","Natural","Hydrological","Flood","Flood (General)","1","176000","5","","","100"
"2024","Haiti","HTI","Natural","Hydrological","Flood","Flood (General)","3","173830","30","","","100"
"2024","Haiti","HTI","Natural","Hydrological","Mass movement (wet)","Landslide (wet)","1","11200","13","","","100"
"2024","Haiti","HTI","Natural","Meteorological","Storm","Tropical cyclone","1","","1","","","100"
"2024","Honduras","HND","Natural","Meteorological","Storm","Tropical cyclone","2","129216","3","","","100"
"2024","Hungary","HUN","Natural","Meteorological","Extreme temperature","Heat wave","1","","1443","","","100"
"2024","India","IND","Natural","Hydrological","Flood","Flash flood","2","3800000","74","","","100"
"2024","India","IND","Natural","Hydrological","Flood","Flood (General)","4","9007193","211","","","100"
"2024","India","IND","Natural","Hydrological","Mass movement (wet)","Landslide (wet)","2","3181","388","140000000","140000000","100"
"2024","India","IND","Natural","Meteorological","Extreme temperature","Heat wave","1","25000","733","","","100"
"2024","India","IND","Natural","Meteorological","Storm","Hail","1","77000","1","","","100"
"2024","India","IND","Natural","Meteorological","Storm","Severe weather","2","23007","20","","","100"
"2024","India","IND","Natural","Meteorological","Storm","Tropical cyclone","3","5919655","80","73300000","73300000","100"
"2024","Indonesia","IDN","Natural","Geophysical","Earthquake","Ground movement","3","150209","2","70000000","70000000","100"
"2024","Indonesia","IDN","Natural","Geophysical","Volcanic activity","Ash fall","1","11511","10","","","100"
"2024","Indonesia","IDN","Natural","Geophysical","Volcanic activity","Lava flow","1","8500","","","","100"
"2024","Indonesia","IDN","Natural","Geophysical","Volcanic activity","Volcanic activity (General)","1","2011","","","","100"
"2024","Indonesia","IDN","Natural","Hydrological","Flood","Flash flood","2","1615","41","","","100"
"2024","Indonesia","IDN","Natural","Hydrological","Flood","Flood (General)","6","109343","113","","","100"
"2024","Indonesia","IDN","Natural","Hydrological","Mass movement (wet)","Landslide (wet)","6","519201","124","20000000","20000000","100"
"2024","Iran (Islamic Republic of)","IRN","Natural","Geophysical","Earthquake","Ground movement","1","120","4","","","100"
"2024","Iran (Islamic Republic of)","IRN","Natural","Hydrological","Flood","Flash flood","2","450","34","","","100"
"2024","Iran (Islamic Republic of)","IRN","Natural","Hydrological","Flood","Flood (General)","2","304387","10","","","100"
"2024","Iraq","IRQ","Natural","Hydrological","Flood","Flash flood","1","18017","3","","","100"
"2024","Ireland","IRL","Natural","Meteorological","Extreme temperature","Heat wave","1","","37","","","100"
"2024","Ireland","IRL","Natural","Meteorological","Storm","Storm (General)","1","","","","","100"
"2024","Italy","ITA","Natural","Meteorological","Extreme temperature","Heat wave","1","","19038","","","100"
"2024","Italy","ITA","Natural","Meteorological","Storm","Extra-tropical storm","1","3","1","","","100"
"2024","Italy","ITA","Natural","Meteorological","Storm","Storm (General)","1","1000","3","","","100"
"2024","Jamaica","JAM","Natural","Meteorological","Storm","Tropical cyclone","2","160060","5","1008000000","1008000000","100"
"2024","Japan","JPN","Natural","Geophysical","Earthquake","Ground movement","1","492555","551","15000000000","15000000000","100"
"2024","Japan","JPN","Natural","Hydrological","Flood","Flood (General)","1","13","6","800000000","800000000","100"
"2024","Japan","JPN","Natural","Meteorological","Extreme temperature","Heat wave","1","37000","123","","","100"
"2024","Japan","JPN","Natural","Meteorological","Storm","Severe weather","1","240","","","","100"
"2024","Japan","JPN","Natural","Meteorological","Storm","Tropical cyclone","2","7339","18","500000000","500000000","100"
"2024","Kazakhstan","KAZ","Natural","Geophysical","Earthquake","Ground movement","1","67","","","","100"
"2024","Kazakhstan","KAZ","Natural","Hydrological","Flood","Flood (General)","1","120000","2","","","100"
"2024","Kenya","KEN","Natural","Hydrological","Flood","Flash flood","1","306708","353","","","100"
"2024","Kenya","KEN","Natural","Hydrological","Flood","Flood (General)","3","18972","36","","","100"
"2024","Kyrgyzstan","KGZ","Natural","Hydrological","Flood","Flash flood","1","500","","","","100"
"2024","Kyrgyzstan","KGZ","Natural","Hydrological","Flood","Flood (General)","2","106901","6","","","100"
"2024","Lao People's Democratic Republic","LAO","Natural","Hydrological","Flood","Flood (General)","1","185843","","2261000","2261000","100"
"2024","Lao People's Democratic Republic","LAO","Natural","Meteorological","Extreme temperature","Heat wave","1","","","","","100"
"2024","Lao People's Democratic Republic","LAO","Natural","Meteorological","Storm","Tropical cyclone","1","51440","5","300000000","300000000","100"
"2024","Latvia","LVA","Natural","Meteorological","Extreme temperature","Heat wave","1","","71","","","100"
"2024","Lebanon","LBN","Natural","Meteorological","Extreme temperature","Cold wave","1","2975000","","","","100"
"2024","Liberia","LBR","Natural","Hydrological","Flood","Flood (General)","1","51000","2","","","100"
"2024","Libya","LBY","Natural","Hydrological","Flood","Flood (General)","1","3335","5","","","100"
"2024","Lithuania","LTU","Natural","Meteorological","Extreme temperature","Heat wave","1","","329","","","100"
"2024","Luxembourg","LUX","Natural","Meteorological","Extreme temperature","Heat wave","1","","15","","","100"
"2024","Madagascar","MDG","Natural","Geophysical","Mass movement (dry)","Rockfall (dry)","1","10","16","","","100"
"2024","Madagascar","MDG","Natural","Meteorological","Storm","Tropical cyclone","3","251144","32","50000000","50000000","100"
"2024","Malawi","MWI","Natural","Climatological","Drought","Drought","1","6100000","","400000000","400000000","100"
"2024","Malawi","MWI","Natural","Hydrological","Flood","Flood (General)","2","62832","17","","","100"
"2024","Malawi","MWI","Natural","Meteorological","Storm","Tropical cyclone","1","45191","13","","","100"
"2024","Mali","MLI","Natural","Hydrological","Flood","Flood (General)","1","380154","92","165000000","165000000","100"
"2024","Marshall Islands","MHL","Natural","Climatological","Drought","Drought","1","13924","","","","100"
"2024","Marshall Islands","MHL","Natural","Meteorological","Storm","Storm surge","1","19532","","","","100"
"2024","Mauritius","MUS","Natural","Meteorological","Storm","Tropical cyclone","1","100000","2","","","100"
"2024","Mayotte","MYT","Natural","Meteorological","Storm","Tropical cyclone","1","231373","35","752000000","752000000","100"
"2024","Mexico","MEX","Natural","Hydrological","Mass movement (wet)","Landslide (wet)","1","132","15","","","100"
"2024","Mexico","MEX","Natural","Meteorological","Extreme temperature","Heat wave","1","2567","155","","","100"
"2024","Mexico","MEX","Natural","Meteorological","Storm","Tropical cyclone","6","27050","46","2590000000","2590000000","100"
"2024","Montenegro","MNE","Natural","Meteorological","Extreme temperature","Heat wave","1","","135","","","100"
"2024","Morocco","MAR","Natural","Hydrological","Flood","Flood (General)","1","168","22","","","100"
"2024","Morocco","MAR","Natural","Meteorological","Extreme temperature","Heat wave","1","","21","","","100"
"2024","Mozambique","MOZ","Natural","Meteorological","Storm","Tropical cyclone","2","548164","122","","","100"
"2024","Myanmar","MMR","Natural","Hydrological","Flood","Flood (General)","1","106792","","","","100"
"2024","Myanmar","MMR","Natural","Meteorological","Extreme temperature","Heat wave","1","100","50","","","100"
"2024","Myanmar","MMR","Natural","Meteorological","Storm","Tropical cyclone","1","1000048","460","222000000","222000000","100"
"2024","Namibia","NAM","Natural","Climatological","Drought","Drought","1","1655000","","","","100"
"2024","Nepal","NPL","Natural","Climatological","Glacial lake outburst flood","Glacial lake outburst flood","1","135","","","","100"
"2024","Nepal","NPL","Natural","Hydrological","Flood","Flood (General)","2","2592912","292","338043000","338043000","100"
"2024","Nepal","NPL","Natural","Hydrological","Mass movement (wet)","Landslide (wet)","2","13","87","","","100"
"2024","Netherlands (Kingdom of the)","NLD","Natural","Meteorological","Extreme temperature","Heat wave","1","","234","","","100"
"2024","Netherlands (Kingdom of the)","NLD","Natural","Meteorological","Storm","Storm (General)","1","","1","50000000","50000000","100"
"2024","New Zealand","NZL","Natural","Meteorological","Storm","Severe weather","1","1200","","","","100"
"2024","Nicaragua","NIC","Natural","Meteorological","Storm","Severe weather","1","","","","","100"
"2024","Nicaragua","NIC","Natural","Meteorological","Storm","Tropical cyclone","1","","2","","","100"
"2024","Niger","NER","Natural","Hydrological","Flood","Flood (General)","1","1527058","396","225000000","225000000","100"
"2024","Nigeria","NGA","Natural","Hydrological","Flood","Flood (General)","2","1791469","358","225000000","225000000","100"
"2024","Nigeria","NGA","Natural","Meteorological","Storm","Storm (General)","1","507","1","","","100"
"2024","Norway","NOR","Natural","Meteorological","Extreme temperature","Heat wave","1","","18","","","100"
"2024","Oman","OMN","Natural","Hydrological","Flood","Flash flood","1","1200","20","","","100"
"2024","Oman","OMN","Natural","Hydrological","Flood","Flood (General)","1","191","7","","","100"
"2024","Pakistan","PAK","Natural","Hydrological","Flood","Flood (General)","2","555000","408","","","100"
"2024","Pakistan","PAK","Natural","Meteorological","Extreme temperature","Heat wave","2","7905","568","","","100"
"2024","Pakistan","PAK","Natural","Meteorological","Storm","Severe weather","2","17903","106","","","100"
"2024","Panama","PAN","Natural","Meteorological","Storm","Severe weather","1","3895","7","110000000","110000000","100"
"2024","Papua New Guinea","PNG","Natural","Geophysical","Earthquake","Ground movement","1","5002","5","","","100"
"2024","Papua New Guinea","PNG","Natural","Hydrological","Mass movement (wet)","Landslide (wet)","2","7849","693","60000000","60000000","100"
"2024","Peru","PER","Natural","Climatological","Wildfire","Wildfire (General)","1","1885","14","190000000","190000000","100"
"2024","Peru","PER","Natural","Geophysical","Earthquake","Ground movement","1","9063","","","","100"
"2024","Peru","PER","Natural","Hydrological","Flood","Flood (General)","2","549","","","","100"
"2024","Peru","PER","Natural","Meteorological","Storm","Severe weather","1","149","","","","100"
"2024","Philippines","PHL","Natural","Geophysical","Earthquake","Ground movement","1","24000","","","","100"
"2024","Philippines","PHL","Natural","Geophysical","Volcanic activity","Ash fall","1","44053","","","","100"
"2024","Philippines","PHL","Natural","Geophysical","Volcanic activity","Lahar","1","29137","","","","100"
"2024","Philippines","PHL","Natural","Hydrological","Flood","Flood (General)","1","1228014","21","30000000","30000000","100"
"2024","Philippines","PHL","Natural","Hydrological","Mass movement (wet)","Landslide (wet)","2","2967382","150","115110000","115110000","100"
"2024","Philippines","PHL","Natural","Meteorological","Extreme temperature","Heat wave","1","34","","","","100"
"2024","Philippines","PHL","Natural","Meteorological","Storm","Tropical cyclone","11","24372752","353","768000000","768000000","100"
"2024","Poland","POL","Natural","Meteorological","Extreme temperature","Heat wave","1","","1780","","","100"
"2024","Poland","POL","Natural","Meteorological","Storm","Storm (General)","1","57000","9","156762000","156762000","100"
"2024","Portugal","PRT","Natural","Climatological","Wildfire","Wildfire (General)","1","41499","9","520000000","520000000","100"
"2024","Portugal","PRT","Natural","Meteorological","Extreme temperature","Heat wave","1","","938","","","100"
"2024","Republic of Korea","KOR","Natural","Hydrological","Flood","Flash flood","1","3500","4","250000000","250000000","100"
"2024","Republic of Korea","KOR","Natural","Meteorological","Extreme temperature","Heat wave","1","2570","22","","","100"
"2024","Republic of Korea","KOR","Natural","Meteorological","Storm","Tropical cyclone","1","","1","","","100"
"2024","Romania","ROU","Natural","Meteorological","Extreme temperature","Heat wave","1","","4943","","","100"
"2024","Romania","ROU","Natural","Meteorological","Storm","Storm (General)","1","15000","7","","","100"
"2024","Russian Federation","RUS","Natural","Hydrological","Flood","Flood (General)","1","38400","3","227000000","227000000","100"
"2024","Rwanda","RWA","Natural","Hydrological","Flood","Flood (General)","1","27","14","","","100"
"2024","Réunion","REU","Natural","Meteorological","Storm","Tropical cyclone","1","700","4","","","100"
"2024","Saint Vincent and the Grenadines","VCT","Natural","Meteorological","Storm","Tropical cyclone","1","40028","8","230600000","230600000","100"
"2024","Saudi Arabia","SAU","Natural","Meteorological","Extreme temperature","Heat wave","1","2764","1301","","","100"
"2024","Senegal","SEN","Natural","Hydrological","Flood","Flood (General)","1","55600","","","","100"
"2024","Serbia","SRB","Natural","Meteorological","Extreme temperature","Heat wave","1","","2515","","","100"
"2024","Sierra Leone","SLE","Natural","Hydrological","Flood","Flood (General)","1","23596","","","","100"
"2024","Slovakia","SVK","Natural","Meteorological","Extreme temperature","Heat wave","1","","522","","","100"
"2024","Slovakia","SVK","Natural","Meteorological","Storm","Storm (General)","1","","1","16700000","16700000","100"
"2024","Slovenia","SVN","Natural","Meteorological","Extreme temperature","Heat wave","1","","280","","","100"
"2024","Somalia","SOM","Natural","Hydrological","Flood","Flash flood","1","226000","9","","","100"
"2024","South Africa","ZAF","Natural","Climatological","Wildfire","Wildfire (General)","1","250","","","","100"
"2024","South Africa","ZAF","Natural","Hydrological","Flood","Flash flood","1","756","13","10000000","10000000","100"
"2024","South Africa","ZAF","Natural","Hydrological","Flood","Flood (General)","2","49710","31","50000000","50000000","100"
"2024","South Africa","ZAF","Natural","Meteorological","Storm","Storm (General)","1","13895","1","","","100"
"2024","South Africa","ZAF","Natural","Meteorological","Storm","Storm surge","1","7813","46","","","100"
"2024","South Sudan","SSD","Natural","Hydrological","Flood","Flood (General)","1","1400000","","","","100"
"2024","Spain","ESP","Natural","Hydrological","Flood","Flood (General)","2","36615","232","11050000000","11050000000","100"
"2024","Spain","ESP","Natural","Meteorological","Extreme temperature","Heat wave","1","","6743","","","100"
"2024","Spain","ESP","Natural","Meteorological","Storm","Extra-tropical storm","1","","1","","","100"
"2024","Sri Lanka","LKA","Natural","Hydrological","Flood","Flood (General)","2","410902","42","","","100"
"2024","Sri Lanka","LKA","Natural","Meteorological","Storm","Severe weather","1","155761","3","","","100"
"2024","Sri Lanka","LKA","Natural","Meteorological","Storm","Tropical cyclone","1","441392","17","","","100"
"2024","Sudan","SDN","Natural","Hydrological","Flood","Flash flood","1","317107","132","","","100"
"2024","Sweden","SWE","Natural","Meteorological","Extreme temperature","Heat wave","1","","30","","","100"
"2024","Switzerland","CHE","Natural","Meteorological","Extreme temperature","Heat wave","1","","363","","","100"
"2024","Switzerland","CHE","Natural","Meteorological","Storm","Extra-tropical storm","1","","6","","","100"
"2024","Syrian Arab Republic","SYR","Natural","Climatological","Wildfire","Wildfire (General)","1","15000","","","","100"
"2024","Syrian Arab Republic","SYR","Natural","Hydrological","Flood","Flood (General)","1","9700","","","","100"
"2024","Taiwan (Province of China)","TWN","Natural","Geophysical","Earthquake","Ground movement","1","2369","20","2530000000","2530000000","100"
"2024","Taiwan (Province of China)","TWN","Natural","Meteorological","Storm","Tropical cyclone","3","2092","18","286000000","286000000","100"
"2024","Tajikistan","TJK","Natural","Hydrological","Flood","Flash flood","1","40","3","","","100"
"2024","Thailand","THA","Natural","Hydrological","Flood","Flood (General)","2","775350","57","210000000","210000000","100"
"2024","Thailand","THA","Natural","Meteorological","Extreme temperature","Heat wave","1","","61","","","100"
"2024","Thailand","THA","Natural","Meteorological","Storm","Severe weather","3","6118","2","","","100"
"2024","Thailand","THA","Natural","Meteorological","Storm","Tropical cyclone","1","100","45","904000000","904000000","100"
"2024","Togo","TGO","Natural","Hydrological","Flood","Flood (General)","1","12700","","","","100"
"2024","Türkiye","TUR","Natural","Climatological","Wildfire","Wildfire (General)","1","","","","","100"
"2024","Türkiye","TUR","Natural","Geophysical","Earthquake","Ground movement","1","1717","","","","100"
"2024","Türkiye","TUR","Natural","Hydrological","Flood","Flood (General)","1","900","10","","","100"
"2024","Uganda","UGA","Natural","Hydrological","Flood","Flood (General)","1","57804","77","","","100"
"2024","Uganda","UGA","Natural","Hydrological","Mass movement (wet)","Landslide (wet)","2","31036","175","","","100"
"2024","Uganda","UGA","Natural","Meteorological","Storm","Lightning/Thunderstorms","1","34","14","","","100"
"2024","United Arab Emirates","ARE","Natural","Hydrological","Flood","Flash flood","1","","4","","","100"
"2024","United Arab Emirates","ARE","Natural","Hydrological","Flood","Flood (General)","1","346","","","","100"
"2024","United Kingdom of Great Britain and Northern Ireland","GBR","Natural","Meteorological","Extreme temperature","Heat wave","1","","573","","","100"
"2024","United Kingdom of Great Britain and Northern Ireland","GBR","Natural","Meteorological","Storm","Storm (General)","1","750","5","","","100"
"2024","United Republic of Tanzania","TZA","Natural","Hydrological","Flood","Flash flood","1","200236","155","","","100"
"2024","United Republic of Tanzania","TZA","Natural","Hydrological","Flood","Flood (General)","1","140","9","","","100"
"2024","United Republic of Tanzania","TZA","Natural","Hydrological","Mass movement (wet)","Landslide (wet)","1","","22","","","100"
"2024","United Republic of Tanzania","TZA","Natural","Meteorological","Storm","Tropical cyclone","1","7775","5","185000000","185000000","100"
"2024","United States of America","USA","Natural","Climatological","Drought","Drought","1","","","5400000000","5400000000","100"
"2024","United States of America","USA","Natural","Climatological","Wildfire","Forest fire","1","1502","2","1200000000","1200000000","100"
"2024","United States of America","USA","Natural","Climatological","Wildfire","Wildfire (General)","4","1737","2","710000000","710000000","100"
"2024","United States of America","USA","Natural","Hydrological","Flood","Flash flood","1","338","2","","","100"
"2024","United States of America","USA","Natural","Hydrological","Flood","Flood (General)","2","6226","5","3800000000","3800000000","100"
"2024","United States of America","USA","Natural","Meteorological","Extreme temperature","Heat wave","1","","1006","","","100"
"2024","United States of America","USA","Natural","Meteorological","Storm","Blizzard/Winter storm","1","","61","3800000000","3800000000","100"
"2024","United States of America","USA","Natural","Meteorological","Storm","Severe weather","8","818","55","19400000000","19400000000","100"
"2024","United States of America","USA","Natural","Meteorological","Storm","Storm (General)","1","","2","2400000000","2400000000","100"
"2024","United States of America","USA","Natural","Meteorological","Storm","Tornado","4","1695","15","14225000000","14225000000","100"
"2024","United States of America","USA","Natural","Meteorological","Storm","Tropical cyclone","5","1220","314","105000000000","105000000000","100"
"2024","Uruguay","URY","Natural","Hydrological","Flood","Flash flood","1","100000","","","","100"
"2024","Uruguay","URY","Natural","Hydrological","Flood","Flood (General)","1","3588","","","","100"
"2024","Vanuatu","VUT","Natural","Geophysical","Earthquake","Ground movement","1","80265","14","100000000","100000000","100"
"2024","Venezuela (Bolivarian Republic of)","VEN","Natural","Meteorological","Storm","Tropical cyclone","1","29000","9","","","100"
"2024","Viet Nam","VNM","Natural","Climatological","Drought","Drought","1","266000","","10000000","10000000","100"
"2024","Viet Nam","VNM","Natural","Hydrological","Flood","Flood (General)","1","9628","3","","","100"
"2024","Viet Nam","VNM","Natural","Hydrological","Mass movement (wet)","Landslide (wet)","1","234","11","","","100"
"2024","Viet Nam","VNM","Natural","Meteorological","Extreme temperature","Heat wave","1","","","","","100"
"2024","Viet Nam","VNM","Natural","Meteorological","Storm","Severe weather","3","10849","11","10000000","10000000","100"
"2024","Viet Nam","VNM","Natural","Meteorological","Storm","Tropical cyclone","3","3747257","354","2020600000","2020600000","100"
"2024","Yemen","YEM","Natural","Hydrological","Flood","Flash flood","1","1075","40","","","100"
"2024","Yemen","YEM","Natural","Hydrological","Flood","Flood (General)","3","866085","302","","","100"
"2024","Zambia","ZMB","Natural","Climatological","Drought","Drought","1","9800000","","2261000","2261000","100"
"2024","Zimbabwe","ZWE","Natural","Climatological","Drought","Drought","1","7600000","","500000000","500000000","100"
"2025","Afghanistan","AFG","Natural","Geophysical","Earthquake","Ground movement","2","2716872","2226","190000000","",""
"2025","Afghanistan","AFG","Natural","Hydrological","Flood","Flash flood","1","44","39","","",""
"2025","Afghanistan","AFG","Natural","Hydrological","Flood","Flood (General)","1","2004","4","","",""
"2025","Albania","ALB","Natural","Meteorological","Storm","Severe weather","1","420","1","","",""
"2025","Albania","ALB","Natural","Meteorological","Storm","Storm (General)","1","420","1","","",""
"2025","Algeria","DZA","Natural","Hydrological","Flood","Flood (General)","1","1350","5","","",""
"2025","Argentina","ARG","Natural","Climatological","Wildfire","Wildfire (General)","1","1500","1","","",""
"2025","Argentina","ARG","Natural","Hydrological","Flood","Flood (General)","1","236700","125","375000000","",""
"2025","Argentina","ARG","Natural","Meteorological","Storm","Blizzard/Winter storm","1","","9","","",""
"2025","Argentina","ARG","Natural","Meteorological","Storm","Severe weather","1","1800","","","",""
"2025","Armenia","ARM","Natural","Meteorological","Storm","Tornado","1","20000","4","","",""
"2025","Australia","AUS","Natural","Climatological","Wildfire","Wildfire (General)","2","419","1","","",""
"2025","Australia","AUS","Natural","Meteorological","Storm","Severe weather","1","50000","5","270000000","",""
"2025","Australia","AUS","Natural","Meteorological","Storm","Tropical cyclone","1","13","1","3500000000","",""
"2025","Azores Islands","AZO","Natural","Meteorological","Storm","Storm (General)","1","600","","","",""
"2025","Bahamas","BHS","Natural","Meteorological","Storm","Tropical cyclone","2","2600","","","",""
"2025","Bangladesh","BGD","Natural","Geophysical","Earthquake","Ground movement","1","507","10","","",""
"2025","Bangladesh","BGD","Natural","Hydrological","Flood","Flood (General)","2","15350","5","","",""
"2025","Bangladesh","BGD","Natural","Meteorological","Storm","Severe weather","2","10104","13","50000000","",""
"2025","Benin","BEN","Natural","Meteorological","Storm","Severe weather","1","1368","","","",""
"2025","Bermuda","BMU","Natural","Meteorological","Storm","Tropical cyclone","1","","","","",""
"2025","Bolivia (Plurinational State of)","BOL","Natural","Climatological","Wildfire","Wildfire (General)","1","14000","","","",""
"2025","Bolivia (Plurinational State of)","BOL","Natural","Hydrological","Flood","Flood (General)","1","3005000","68","","",""
"2025","Bolivia (Plurinational State of)","BOL","Natural","Hydrological","Flood","Riverine flood","1","10642","30","36000000","",""
"2025","Bolivia (Plurinational State of)","BOL","Natural","Meteorological","Storm","Severe weather","1","80000","23","","",""
"2025","Bosnia and Herzegovina","BIH","Natural","Hydrological","Flood","Flood (General)","1","3000","","","",""
"2025","Botswana","BWA","Natural","Hydrological","Flood","Flash flood","1","190343","9","","",""
"2025","Brazil","BRA","Natural","Hydrological","Flood","Flash flood","1","400","","","",""
"2025","Brazil","BRA","Natural","Hydrological","Flood","Flood (General)","1","380","","","",""
"2025","Brazil","BRA","Natural","Hydrological","Mass movement (wet)","Landslide (wet)","1","3700","27","","",""
"2025","Brazil","BRA","Natural","Meteorological","Storm","Severe weather","4","16670","9","","",""
"2025","Brazil","BRA","Natural","Meteorological","Storm","Storm (General)","1","180","","","",""
"2025","Brazil","BRA","Natural","Meteorological","Storm","Tornado","1","750","7","22000000","",""
"2025","Bulgaria","BGR","Natural","Hydrological","Flood","Flood (General)","1","100","4","","",""
"2025","Cabo Verde","CPV","Natural","Hydrological","Flood","Flash flood","1","119000","17","","",""
"2025","Cambodia","KHM","Natural","Hydrological","Flood","Flash flood","1","67000","","","",""
"2025","Canada","CAN","Natural","Meteorological","Storm","Severe weather","1","396","","","",""
"2025","Canary Islands","SPI","Natural","Meteorological","Storm","Storm (General)","1","","","","",""
"2025","Central African Republic","CAF","Natural","Hydrological","Flood","Flood (General)","1","2500","","","",""
"2025","Chad","TCD","Natural","Hydrological","Flood","Flood (General)","1","123019","22","","",""
"2025","Chile","CHL","Natural","Climatological","Wildfire","Forest fire","1","22033","23","","",""
"2025","Chile","CHL","Natural","Climatological","Wildfire","Wildfire (General)","2","37165","1","","",""
"2025","Chile","CHL","Natural","Meteorological","Storm","Blizzard/Winter storm","1","","","","",""
"2025","China","CHN","Natural","Climatological","Glacial lake outburst flood","Glacial lake outburst flood","1","","20","","",""
"2025","China","CHN","Natural","Geophysical","Earthquake","Ground movement","3","62525","126","1250000000","",""
"2025","China","CHN","Natural","Hydrological","Flood","Flash flood","2","181","66","","",""
"2025","China","CHN","Natural","Hydrological","Flood","Flood (General)","1","300000","91","5800000000","",""
"2025","China","CHN","Natural","Hydrological","Mass movement (wet)","Landslide (wet)","2","3","39","","",""
"2025","China","CHN","Natural","Hydrological","Mass movement (wet)","Mudslide","1","","21","","",""
"2025","China","CHN","Natural","Meteorological","Storm","Severe weather","1","450","","","",""
"2025","China","CHN","Natural","Meteorological","Storm","Tropical cyclone","4","100057","12","","",""
"2025","China, Hong Kong Special Administrative Region","HKG","Natural","Hydrological","Flood","Flood (General)","1","","","","",""
"2025","China, Hong Kong Special Administrative Region","HKG","Natural","Meteorological","Storm","Tropical cyclone","2","116","","255000000","",""
"2025","China, Macao Special Administrative Region","MAC","Natural","Meteorological","Storm","Tropical cyclone","1","5","","","",""
"2025","Colombia","COL","Natural","Geophysical","Earthquake","Ground movement","1","1651","","","",""
"2025","Colombia","COL","Natural","Hydrological","Flood","Flood (General)","1","407957","130","","",""
"2025","Colombia","COL","Natural","Hydrological","Mass movement (wet)","Landslide (wet)","2","1715","30","","",""
"2025","Colombia","COL","Natural","Meteorological","Storm","Severe weather","1","20000","2","","",""
"2025","Congo","COG","Natural","Meteorological","Storm","Severe weather","1","61555","","","",""
"2025","Costa Rica","CRI","Natural","Geophysical","Volcanic activity","Volcanic activity (General)","1","518948","","","",""
"2025","Costa Rica","CRI","Natural","Hydrological","Flood","Flood (General)","1","400000","","","",""
"2025","Croatia","HRV","Natural","Hydrological","Flood","Flood (General)","1","","","","",""
"2025","Cuba","CUB","Natural","Meteorological","Storm","Tropical cyclone","2","2200017","3","","",""
"2025","Cyprus","CYP","Natural","Climatological","Wildfire","Wildfire (General)","1","599","2","","",""
"2025","Côte d’Ivoire","CIV","Natural","Hydrological","Mass movement (wet)","Landslide (wet)","1","7","12","","",""
"2025","Democratic Republic of the Congo","COD","Natural","Hydrological","Flood","Flash flood","1","80579","30","","",""
"2025","Democratic Republic of the Congo","COD","Natural","Hydrological","Flood","Flood (General)","5","202885","344","","",""
"2025","Dominican Republic","DOM","Natural","Meteorological","Storm","Tropical cyclone","2","1277237","6","","",""
"2025","Ecuador","ECU","Natural","Geophysical","Earthquake","Ground movement","1","3081","","","",""
"2025","Ecuador","ECU","Natural","Meteorological","Storm","Severe weather","1","189298","55","","",""
"2025","Egypt","EGY","Natural","Hydrological","Flood","Flood (General)","1","4000","","","",""
"2025","Equatorial Guinea","GNQ","Natural","Hydrological","Flood","Flood (General)","1","23155","","","",""
"2025","Ethiopia","ETH","Natural","Geophysical","Earthquake","Ground movement","2","142961","3","","",""
"2025","Ethiopia","ETH","Natural","Meteorological","Storm","Severe weather","1","38624","1","","",""
"2025","France","FRA","Natural","Climatological","Wildfire","Wildfire (General)","1","240","","10000000","",""
"2025","France","FRA","Natural","Meteorological","Storm","Storm (General)","1","1902","","","",""
"2025","Gambia","GMB","Natural","Hydrological","Flood","Flash flood","2","21377","9","","",""
"2025","Georgia","GEO","Natural","Hydrological","Flood","Flood (General)","1","20000","","","",""
"2025","Georgia","GEO","Natural","Meteorological","Storm","Blizzard/Winter storm","1","28870","3","","",""
"2025","Greece","GRC","Natural","Meteorological","Storm","Storm (General)","1","","","","",""
"2025","Guatemala","GTM","Natural","Geophysical","Earthquake","Ground movement","2","29100","18","","",""
"2025","Guatemala","GTM","Natural","Meteorological","Storm","Tropical cyclone","1","4726","16","","",""
"2025","Guinea","GIN","Natural","Meteorological","Storm","Severe weather","1","10","15","","",""
"2025","Guinea-Bissau","GNB","Natural","Meteorological","Storm","Storm (General)","1","3032","","","",""
"2025","Haiti","HTI","Natural","Hydrological","Flood","Flash flood","1","4116","1","","",""
"2025","Haiti","HTI","Natural","Meteorological","Storm","Tropical cyclone","1","2300021","56","","",""
"2025","Honduras","HND","Natural","Hydrological","Flood","Flood (General)","1","34073","16","","",""
"2025","Honduras","HND","Natural","Meteorological","Storm","Tropical cyclone","1","25000","1","","",""
"2025","India","IND","Natural","Hydrological","Flood","Flash flood","3","81274","234","","",""
"2025","India","IND","Natural","Hydrological","Flood","Flood (General)","3","1843760","134","2200000","",""
"2025","India","IND","Natural","Hydrological","Mass movement (wet)","Avalanche (wet)","1","219","8","","",""
"2025","India","IND","Natural","Hydrological","Mass movement (wet)","Landslide (wet)","1","3500","41","","",""
"2025","India","IND","Natural","Hydrological","Mass movement (wet)","Mudslide","1","","105","","",""
"2025","India","IND","Natural","Meteorological","Storm","Severe weather","4","39204","45","2900000","",""
"2025","India","IND","Natural","Meteorological","Storm","Tropical cyclone","2","1800000","11","640000000","",""
"2025","Indonesia","IDN","Natural","Geophysical","Earthquake","Ground movement","3","908","2","","",""
"2025","Indonesia","IDN","Natural","Geophysical","Volcanic activity","Ash fall","1","2341","","","",""
"2025","Indonesia","IDN","Natural","Geophysical","Volcanic activity","Pyroclastic flow","1","531","","","",""
"2025","Indonesia","IDN","Natural","Hydrological","Flood","Flash flood","1","23","23","","",""
"2025","Indonesia","IDN","Natural","Hydrological","Flood","Flood (General)","11","146206","62","","",""
"2025","Indonesia","IDN","Natural","Hydrological","Mass movement (wet)","Landslide (wet)","2","591","77","","",""
"2025","Indonesia","IDN","Natural","Meteorological","Storm","Tropical cyclone","1","3205037","1109","4000000000","",""
"2025","Iran (Islamic Republic of)","IRN","Natural","Hydrological","Flood","Flood (General)","1","42131","7","","",""
"2025","Iran (Islamic Republic of)","IRN","Natural","Meteorological","Storm","Sand/Dust storm","1","1544","","","",""
"2025","Iraq","IRQ","Natural","Hydrological","Flood","Flood (General)","2","46249","6","","",""
"2025","Iraq","IRQ","Natural","Meteorological","Storm","Sand/Dust storm","1","2751","","","",""
"2025","Israel","ISR","Natural","Climatological","Wildfire","Wildfire (General)","1","23","","","",""
"2025","Israel","ISR","Natural","Meteorological","Storm","Severe weather","1","","","","",""
"2025","Italy","ITA","Natural","Hydrological","Flood","Flood (General)","1","250","","","",""
"2025","Italy","ITA","Natural","Meteorological","Storm","Storm (General)","2","300","2","","",""
"2025","Jamaica","JAM","Natural","Meteorological","Storm","Tropical cyclone","1","1900340","62","10000000000","",""
"2025","Japan","JPN","Natural","Climatological","Wildfire","Forest fire","1","252","1","70000000","",""
"2025","Japan","JPN","Natural","Climatological","Wildfire","Wildfire (General)","1","2802","","","",""
"2025","Japan","JPN","Natural","Geophysical","Earthquake","Tsunami","1","11","1","","",""
"2025","Japan","JPN","Natural","Hydrological","Flood","Flood (General)","1","2108","5","100000000","",""
"2025","Japan","JPN","Natural","Meteorological","Storm","Severe weather","1","5677","1","","",""
"2025","Kenya","KEN","Natural","Climatological","Drought","Drought","1","2150000","","","",""
"2025","Kenya","KEN","Natural","Hydrological","Mass movement (wet)","Landslide (wet)","1","6327","51","","",""
"2025","Lao People's Democratic Republic","LAO","Natural","Hydrological","Flood","Flood (General)","1","172010","13","13060000","",""
"2025","Lao People's Democratic Republic","LAO","Natural","Meteorological","Storm","Tropical cyclone","1","10124","2","","",""
"2025","Lebanon","LBN","Natural","Meteorological","Storm","Severe weather","1","","","","",""
"2025","Madagascar","MDG","Natural","Hydrological","Flood","Flood (General)","2","3688","11","","",""
"2025","Madagascar","MDG","Natural","Meteorological","Storm","Tropical cyclone","4","72648","8","10000000","",""
"2025","Malawi","MWI","Natural","Hydrological","Flood","Flood (General)","1","181270","39","","",""
"2025","Malawi","MWI","Natural","Meteorological","Storm","Severe weather","1","160168","38","","",""
"2025","Malawi","MWI","Natural","Meteorological","Storm","Tropical cyclone","1","20652","3","","",""
"2025","Malaysia","MYS","Natural","Hydrological","Flood","Flash flood","2","21834","16","","",""
"2025","Malaysia","MYS","Natural","Hydrological","Flood","Flood (General)","4","19409","5","","",""
"2025","Mexico","MEX","Natural","Hydrological","Flood","Flood (General)","2","211779","108","","",""
"2025","Mexico","MEX","Natural","Meteorological","Storm","Tropical cyclone","1","150","1","213000000","",""
"2025","Morocco","MAR","Natural","Hydrological","Flood","Flash flood","1","2838","52","","",""
"2025","Mozambique","MOZ","Natural","Meteorological","Storm","Severe weather","1","800078","97","","",""
"2025","Mozambique","MOZ","Natural","Meteorological","Storm","Tropical cyclone","2","283473","22","","",""
"2025","Myanmar","MMR","Natural","Geophysical","Earthquake","Ground movement","1","1355104","3820","11000000000","",""
"2025","Myanmar","MMR","Natural","Hydrological","Flood","Flash flood","1","580","6","","",""
"2025","Myanmar","MMR","Natural","Hydrological","Flood","Flood (General)","1","35000","","","",""
"2025","Myanmar","MMR","Natural","Meteorological","Storm","Tropical cyclone","2","131430","16","","",""
"2025","Namibia","NAM","Natural","Hydrological","Flood","Flood (General)","1","","16","","",""
"2025","Nepal","NPL","Natural","Climatological","Drought","Drought","1","1200000","","","",""
"2025","Nepal","NPL","Natural","Climatological","Glacial lake outburst flood","Glacial lake outburst flood","1","5585","18","","",""
"2025","Nepal","NPL","Natural","Geophysical","Earthquake","Ground movement","1","83","","","",""
"2025","Nepal","NPL","Natural","Hydrological","Flood","Flood (General)","1","20342","57","","",""
"2025","Nepal","NPL","Natural","Meteorological","Storm","Severe weather","2","687","14","","",""
"2025","Nigeria","NGA","Natural","Hydrological","Flood","Flash flood","1","5580","36","","",""
"2025","Nigeria","NGA","Natural","Hydrological","Flood","Flood (General)","2","8921","223","","",""
"2025","Pakistan","PAK","Natural","Hydrological","Flood","Flash flood","1","6901067","1037","3000000000","",""
"2025","Pakistan","PAK","Natural","Hydrological","Flood","Flood (General)","1","20847","355","","",""
"2025","Pakistan","PAK","Natural","Meteorological","Storm","Severe weather","1","150","20","","",""
"2025","Pakistan","PAK","Natural","Meteorological","Storm","Storm (General)","1","21","10","","",""
"2025","Panama","PAN","Natural","Meteorological","Storm","Tropical cyclone","1","800","3","","",""
"2025","Papua New Guinea","PNG","Natural","Hydrological","Mass movement (wet)","Landslide (wet)","1","","21","","",""
"2025","Paraguay","PRY","Natural","Meteorological","Storm","Severe weather","1","1800","","","",""
"2025","Peru","PER","Natural","Geophysical","Earthquake","Ground movement","1","639","2","","",""
"2025","Peru","PER","Natural","Hydrological","Flood","Flood (General)","3","65116","7","","",""
"2025","Peru","PER","Natural","Hydrological","Mass movement (wet)","Landslide (wet)","1","25","41","","",""
"2025","Philippines","PHL","Natural","Geophysical","Earthquake","Ground movement","2","1601319","89","100000000","",""
"2025","Philippines","PHL","Natural","Geophysical","Volcanic activity","Ash fall","1","110000","","","",""
"2025","Philippines","PHL","Natural","Hydrological","Flood","Flood (General)","2","123192","7","","",""
"2025","Philippines","PHL","Natural","Meteorological","Storm","Severe weather","1","233945","","","",""
"2025","Philippines","PHL","Natural","Meteorological","Storm","Storm (General)","1","7660051","34","","",""
"2025","Philippines","PHL","Natural","Meteorological","Storm","Tropical cyclone","8","17657569","491","552000000","",""
"2025","Portugal","PRT","Natural","Climatological","Wildfire","Wildfire (General)","1","246","3","","",""
"2025","Puerto Rico","PRI","Natural","Meteorological","Storm","Tropical cyclone","2","","1","","",""
"2025","Republic of Korea","KOR","Natural","Climatological","Wildfire","Forest fire","1","12089","31","800000000","",""
"2025","Republic of Korea","KOR","Natural","Hydrological","Flood","Flood (General)","2","15575","31","760000000","",""
"2025","Romania","ROU","Natural","Hydrological","Flood","Flood (General)","1","2500","3","","",""
"2025","Russian Federation","RUS","Natural","Geophysical","Earthquake","Tsunami","1","169","","","",""
"2025","Réunion","REU","Natural","Meteorological","Storm","Tropical cyclone","1","606","5","900000000","",""
"2025","Sierra Leone","SLE","Natural","Climatological","Wildfire","Wildfire (General)","1","4180","","","",""
"2025","Sierra Leone","SLE","Natural","Hydrological","Flood","Flash flood","1","11080","","","",""
"2025","Slovenia","SVN","Natural","Meteorological","Storm","Storm (General)","1","","","","",""
"2025","Somalia","SOM","Natural","Climatological","Drought","Drought","1","4400482","27","","",""
"2025","Somalia","SOM","Natural","Hydrological","Flood","Flash flood","1","45000","4","","",""
"2025","Somalia","SOM","Natural","Hydrological","Flood","Flood (General)","1","84010","14","","",""
"2025","South Africa","ZAF","Natural","Hydrological","Flood","Flood (General)","1","1000","88","","",""
"2025","South Africa","ZAF","Natural","Meteorological","Storm","Severe weather","1","19705","39","","",""
"2025","South Sudan","SSD","Natural","Hydrological","Flood","Flood (General)","1","960000","20","","",""
"2025","Spain","ESP","Natural","Meteorological","Storm","Severe weather","1","1018","","100000000","",""
"2025","Spain","ESP","Natural","Meteorological","Storm","Storm (General)","2","","1","","",""
"2025","Sri Lanka","LKA","Natural","Hydrological","Mass movement (wet)","Landslide (wet)","1","3007","31","","",""
"2025","Sri Lanka","LKA","Natural","Meteorological","Storm","Tropical cyclone","1","1702737","826","4100000000","",""
"2025","State of Palestine","PSE","Natural","Meteorological","Storm","Severe weather","1","235020","18","","",""
"2025","Sudan","SDN","Natural","Hydrological","Flood","Flood (General)","1","10000","32","","",""
"2025","Sudan","SDN","Natural","Hydrological","Mass movement (wet)","Landslide (wet)","1","","400","","",""
"2025","Switzerland","CHE","Natural","Climatological","Glacial lake outburst flood","Glacial lake outburst flood","1","","1","500000000","",""
"2025","Syrian Arab Republic","SYR","Natural","Climatological","Drought","Drought","1","14500000","","50000000","",""
"2025","Syrian Arab Republic","SYR","Natural","Climatological","Wildfire","Forest fire","1","55000","","","",""
"2025","Syrian Arab Republic","SYR","Natural","Meteorological","Storm","Blizzard/Winter storm","1","158000","2","","",""
"2025","Taiwan (Province of China)","TWN","Natural","Geophysical","Earthquake","Ground movement","1","27","","1300000000","",""
"2025","Taiwan (Province of China)","TWN","Natural","Hydrological","Flood","Flood (General)","1","5977","7","","",""
"2025","Taiwan (Province of China)","TWN","Natural","Meteorological","Storm","Tropical cyclone","3","484","39","82000000","",""
"2025","Tajikistan","TJK","Natural","Geophysical","Earthquake","Ground movement","1","4020","1","","",""
"2025","Thailand","THA","Natural","Geophysical","Earthquake","Ground movement","1","2351","54","","",""
"2025","Thailand","THA","Natural","Hydrological","Flood","Flood (General)","5","4621573","303","15600000000","",""
"2025","Thailand","THA","Natural","Meteorological","Storm","Severe weather","4","407118","14","","",""
"2025","Thailand","THA","Natural","Meteorological","Storm","Tropical cyclone","4","547441","24","","",""
"2025","Türkiye","TUR","Natural","Climatological","Wildfire","Wildfire (General)","2","1208","12","","",""
"2025","Türkiye","TUR","Natural","Geophysical","Earthquake","Ground movement","2","1749","1","110000000","",""
"2025","Türkiye","TUR","Natural","Meteorological","Extreme temperature","Severe winter conditions","1","","","2000000000","",""
"2025","Uganda","UGA","Natural","Hydrological","Flood","Flood (General)","1","15050","5","","",""
"2025","Uganda","UGA","Natural","Hydrological","Mass movement (wet)","Landslide (wet)","1","235","40","","",""
"2025","Ukraine","UKR","Natural","Hydrological","Flood","Flood (General)","1","2010","9","","",""
"2025","United Kingdom of Great Britain and Northern Ireland","GBR","Natural","Meteorological","Storm","Severe weather","1","2055","","","",""
"2025","United Republic of Tanzania","TZA","Natural","Hydrological","Flood","Flood (General)","1","3150","26","","",""
"2025","United Republic of Tanzania","TZA","Natural","Meteorological","Storm","Severe weather","1","7851","","","",""
"2025","United States of America","USA","Natural","Climatological","Wildfire","Wildfire (General)","3","523","30","53010000000","",""
"2025","United States of America","USA","Natural","Geophysical","Earthquake","Tsunami","1","","","1000000","",""
"2025","United States of America","USA","Natural","Hydrological","Flood","Flash flood","4","1527","154","2430000000","",""
"2025","United States of America","USA","Natural","Hydrological","Flood","Flood (General)","1","","4","100000000","",""
"2025","United States of America","USA","Natural","Meteorological","Storm","Blizzard/Winter storm","1","31","12","50000000","",""
"2025","United States of America","USA","Natural","Meteorological","Storm","Severe weather","8","4788","69","14130000000","",""
"2025","United States of America","USA","Natural","Meteorological","Storm","Tornado","3","18182","78","14600000000","",""
"2025","United States of America","USA","Natural","Meteorological","Storm","Tropical cyclone","2","225","8","425000000","",""
"2025","Uruguay","URY","Natural","Meteorological","Storm","Blizzard/Winter storm","1","3000","7","","",""
"2025","Venezuela (Bolivarian Republic of)","VEN","Natural","Geophysical","Earthquake","Ground movement","1","210","","","",""
"2025","Venezuela (Bolivarian Republic of)","VEN","Natural","Hydrological","Mass movement (wet)","Landslide (wet)","1","","14","","",""
"2025","Venezuela (Bolivarian Republic of)","VEN","Natural","Meteorological","Storm","Severe weather","1","24095","","","",""
"2025","Viet Nam","VNM","Natural","Hydrological","Flood","Flood (General)","1","690","3","","",""
"2025","Viet Nam","VNM","Natural","Meteorological","Storm","Severe weather","5","1228034","125","345351000","",""
"2025","Viet Nam","VNM","Natural","Meteorological","Storm","Tropical cyclone","7","2276544","116","951900000","",""
"2025","Yemen","YEM","Natural","Hydrological","Flood","Flash flood","1","455095","82","","",""
"2026","Algeria","DZA","Natural","Hydrological","Flood","Flood (General)","1","6000","1","","",""
"2026","Argentina","ARG","Natural","Hydrological","Mass movement (wet)","Landslide (wet)","1","10500","","","",""
"2026","Australia","AUS","Natural","Climatological","Wildfire","Wildfire (General)","1","780","1","","",""
"2026","Brazil","BRA","Natural","Meteorological","Storm","Severe weather","1","1202","","","",""
"2026","Democratic Republic of the Congo","COD","Natural","Hydrological","Mass movement (wet)","Landslide (wet)","1","54","30","","",""
"2026","Pakistan","PAK","Natural","Geophysical","Earthquake","Ground movement","1","152","1","","",""
"2026","Tunisia","TUN","Natural","Hydrological","Flood","Flood (General)","1","25000","5","","",""
"2026","Zimbabwe","ZWE","Natural","Hydrological","Flood","Flood (General)","1","6500","83","","",""
