[2026-02-25T22:42:33.926+0000] {manager.py:469} INFO - Processing files using up to 2 processes at a time 
[2026-02-25T22:42:33.930+0000] {manager.py:470} INFO - Process each file at most once every 30 seconds
[2026-02-25T22:42:33.944+0000] {manager.py:471} INFO - Checking for new files in /opt/airflow/dags every 300 seconds
[2026-02-25T22:42:33.953+0000] {manager.py:738} INFO - Searching for files in /opt/airflow/dags
[2026-02-25T22:42:34.103+0000] {manager.py:741} INFO - There are 1 files in /opt/airflow/dags
[2026-02-25T22:42:34.543+0000] {manager.py:879} INFO - 
================================================================================
DAG File Processing Stats

File Path                        PID  Runtime      # DAGs    # Errors  Last Runtime    Last Run
-----------------------------  -----  ---------  --------  ----------  --------------  ----------
/opt/airflow/dags/pipeline.py     65  0.16s             0           0
================================================================================
[2026-02-25T22:43:05.140+0000] {manager.py:879} INFO - 
================================================================================
DAG File Processing Stats

File Path                      PID    Runtime      # DAGs    # Errors  Last Runtime    Last Run
-----------------------------  -----  ---------  --------  ----------  --------------  -------------------
/opt/airflow/dags/pipeline.py                           1           0  9.44s           2026-02-25T22:42:43
================================================================================
[2026-02-25T22:43:35.699+0000] {manager.py:879} INFO - 
================================================================================
DAG File Processing Stats

File Path                      PID    Runtime      # DAGs    # Errors  Last Runtime    Last Run
-----------------------------  -----  ---------  --------  ----------  --------------  -------------------
/opt/airflow/dags/pipeline.py                           1           0  5.22s           2026-02-25T22:43:19
================================================================================
[2026-02-25T22:44:06.376+0000] {manager.py:879} INFO - 
================================================================================
DAG File Processing Stats

File Path                      PID    Runtime      # DAGs    # Errors  Last Runtime    Last Run
-----------------------------  -----  ---------  --------  ----------  --------------  -------------------
/opt/airflow/dags/pipeline.py                           1           0  2.09s           2026-02-25T22:43:52
================================================================================
[2026-02-25T22:44:36.766+0000] {manager.py:879} INFO - 
================================================================================
DAG File Processing Stats

File Path                      PID    Runtime      # DAGs    # Errors  Last Runtime    Last Run
-----------------------------  -----  ---------  --------  ----------  --------------  -------------------
/opt/airflow/dags/pipeline.py                           1           0  2.47s           2026-02-25T22:44:25
================================================================================
[2026-02-25T22:45:07.139+0000] {manager.py:879} INFO - 
================================================================================
DAG File Processing Stats

File Path                      PID    Runtime      # DAGs    # Errors  Last Runtime    Last Run
-----------------------------  -----  ---------  --------  ----------  --------------  -------------------
/opt/airflow/dags/pipeline.py                           1           0  3.78s           2026-02-25T22:44:59
================================================================================
[2026-02-25T22:45:37.206+0000] {manager.py:879} INFO - 
================================================================================
DAG File Processing Stats

File Path                      PID    Runtime      # DAGs    # Errors  Last Runtime    Last Run
-----------------------------  -----  ---------  --------  ----------  --------------  -------------------
/opt/airflow/dags/pipeline.py                           1           0  6.13s           2026-02-25T22:45:36
================================================================================
[2026-02-25T22:46:07.342+0000] {manager.py:879} INFO - 
================================================================================
DAG File Processing Stats

File Path                        PID  Runtime      # DAGs    # Errors  Last Runtime    Last Run
-----------------------------  -----  ---------  --------  ----------  --------------  -------------------
/opt/airflow/dags/pipeline.py    203  0.22s             1           0  6.13s           2026-02-25T22:45:36
================================================================================
[2026-02-25T22:46:37.743+0000] {manager.py:879} INFO - 
================================================================================
DAG File Processing Stats

File Path                      PID    Runtime      # DAGs    # Errors  Last Runtime    Last Run
-----------------------------  -----  ---------  --------  ----------  --------------  -------------------
/opt/airflow/dags/pipeline.py                           1           0  9.03s           2026-02-25T22:46:16
================================================================================
[2026-02-25T22:47:08.290+0000] {manager.py:879} INFO - 
================================================================================
DAG File Processing Stats

File Path                      PID    Runtime      # DAGs    # Errors  Last Runtime    Last Run
-----------------------------  -----  ---------  --------  ----------  --------------  -------------------
/opt/airflow/dags/pipeline.py                           1           0  5.78s           2026-02-25T22:46:52
================================================================================
[2026-02-25T22:47:33.987+0000] {manager.py:738} INFO - Searching for files in /opt/airflow/dags
[2026-02-25T22:47:34.074+0000] {manager.py:741} INFO - There are 1 files in /opt/airflow/dags
[2026-02-25T22:47:39.202+0000] {manager.py:879} INFO - 
================================================================================
DAG File Processing Stats

File Path                      PID    Runtime      # DAGs    # Errors  Last Runtime    Last Run
-----------------------------  -----  ---------  --------  ----------  --------------  -------------------
/opt/airflow/dags/pipeline.py                           1           0  7.32s           2026-02-25T22:47:30
================================================================================
[2026-02-25T22:48:10.008+0000] {manager.py:879} INFO - 
================================================================================
DAG File Processing Stats

File Path                        PID  Runtime      # DAGs    # Errors  Last Runtime    Last Run
-----------------------------  -----  ---------  --------  ----------  --------------  -------------------
/opt/airflow/dags/pipeline.py    272  9.50s             1           0  7.32s           2026-02-25T22:47:30
================================================================================
[2026-02-25T22:48:40.051+0000] {manager.py:879} INFO - 
================================================================================
DAG File Processing Stats

File Path                      PID    Runtime      # DAGs    # Errors  Last Runtime    Last Run
-----------------------------  -----  ---------  --------  ----------  --------------  -------------------
/opt/airflow/dags/pipeline.py                           1           0  9.94s           2026-02-25T22:48:10
================================================================================
[2026-02-25T22:49:10.499+0000] {manager.py:879} INFO - 
================================================================================
DAG File Processing Stats

File Path                      PID    Runtime      # DAGs    # Errors  Last Runtime    Last Run
-----------------------------  -----  ---------  --------  ----------  --------------  -------------------
/opt/airflow/dags/pipeline.py                           1           0  3.83s           2026-02-25T22:48:44
================================================================================
[2026-02-25T22:49:40.000+0000] {manager.py:451} INFO - Exiting gracefully upon receiving signal 15
[2026-02-25T22:52:55.338+0000] {manager.py:469} INFO - Processing files using up to 2 processes at a time 
[2026-02-25T22:52:55.341+0000] {manager.py:470} INFO - Process each file at most once every 30 seconds
[2026-02-25T22:52:55.344+0000] {manager.py:471} INFO - Checking for new files in /opt/airflow/dags every 300 seconds
[2026-02-25T22:52:55.346+0000] {manager.py:738} INFO - Searching for files in /opt/airflow/dags
[2026-02-25T22:52:55.414+0000] {manager.py:741} INFO - There are 1 files in /opt/airflow/dags
[2026-02-25T22:52:55.833+0000] {manager.py:879} INFO - 
================================================================================
DAG File Processing Stats

File Path                        PID  Runtime      # DAGs    # Errors  Last Runtime    Last Run
-----------------------------  -----  ---------  --------  ----------  --------------  ----------
/opt/airflow/dags/pipeline.py     64  0.22s             0           0
================================================================================
[2026-02-25T22:53:09.821+0000] {manager.py:451} INFO - Exiting gracefully upon receiving signal 15
[2026-02-25T22:56:11.595+0000] {manager.py:469} INFO - Processing files using up to 2 processes at a time 
[2026-02-25T22:56:11.596+0000] {manager.py:470} INFO - Process each file at most once every 30 seconds
[2026-02-25T22:56:11.597+0000] {manager.py:471} INFO - Checking for new files in /opt/airflow/dags every 300 seconds
[2026-02-25T22:56:11.597+0000] {manager.py:738} INFO - Searching for files in /opt/airflow/dags
[2026-02-25T22:56:11.624+0000] {manager.py:741} INFO - There are 1 files in /opt/airflow/dags
[2026-02-25T22:56:11.759+0000] {manager.py:879} INFO - 
================================================================================
DAG File Processing Stats

File Path                        PID  Runtime      # DAGs    # Errors  Last Runtime    Last Run
-----------------------------  -----  ---------  --------  ----------  --------------  ----------
/opt/airflow/dags/pipeline.py     65  0.06s             0           0
================================================================================
[2026-02-25T22:56:42.060+0000] {manager.py:879} INFO - 
================================================================================
DAG File Processing Stats

File Path                      PID    Runtime      # DAGs    # Errors  Last Runtime    Last Run
-----------------------------  -----  ---------  --------  ----------  --------------  -------------------
/opt/airflow/dags/pipeline.py                           1           0  3.34s           2026-02-25T22:56:15
================================================================================
[2026-02-25T22:57:12.303+0000] {manager.py:879} INFO - 
================================================================================
DAG File Processing Stats

File Path                      PID    Runtime      # DAGs    # Errors  Last Runtime    Last Run
-----------------------------  -----  ---------  --------  ----------  --------------  -------------------
/opt/airflow/dags/pipeline.py                           1           0  2.13s           2026-02-25T22:56:47
================================================================================
[2026-02-25T22:57:42.653+0000] {manager.py:879} INFO - 
================================================================================
DAG File Processing Stats

File Path                      PID    Runtime      # DAGs    # Errors  Last Runtime    Last Run
-----------------------------  -----  ---------  --------  ----------  --------------  -------------------
/opt/airflow/dags/pipeline.py                           1           0  4.13s           2026-02-25T22:57:21
================================================================================
[2026-02-25T22:58:12.787+0000] {manager.py:879} INFO - 
================================================================================
DAG File Processing Stats

File Path                      PID    Runtime      # DAGs    # Errors  Last Runtime    Last Run
-----------------------------  -----  ---------  --------  ----------  --------------  -------------------
/opt/airflow/dags/pipeline.py                           1           0  1.89s           2026-02-25T22:57:53
================================================================================
[2026-02-25T22:58:30.881+0000] {manager.py:451} INFO - Exiting gracefully upon receiving signal 15
[2026-02-26T01:02:34.934+0000] {manager.py:469} INFO - Processing files using up to 2 processes at a time 
[2026-02-26T01:02:34.937+0000] {manager.py:470} INFO - Process each file at most once every 30 seconds
[2026-02-26T01:02:34.938+0000] {manager.py:471} INFO - Checking for new files in /opt/airflow/dags every 300 seconds
[2026-02-26T01:02:34.939+0000] {manager.py:738} INFO - Searching for files in /opt/airflow/dags
[2026-02-26T01:02:34.999+0000] {manager.py:741} INFO - There are 1 files in /opt/airflow/dags
[2026-02-26T01:02:35.183+0000] {manager.py:879} INFO - 
================================================================================
DAG File Processing Stats

File Path                        PID  Runtime      # DAGs    # Errors  Last Runtime    Last Run
-----------------------------  -----  ---------  --------  ----------  --------------  ----------
/opt/airflow/dags/pipeline.py     65  0.09s             0           0
================================================================================
[2026-02-26T01:03:05.461+0000] {manager.py:879} INFO - 
================================================================================
DAG File Processing Stats

File Path                      PID    Runtime      # DAGs    # Errors  Last Runtime    Last Run
-----------------------------  -----  ---------  --------  ----------  --------------  -------------------
/opt/airflow/dags/pipeline.py                           1           0  6.21s           2026-02-26T01:02:41
================================================================================
[2026-02-26T01:03:35.744+0000] {manager.py:879} INFO - 
================================================================================
DAG File Processing Stats

File Path                      PID    Runtime      # DAGs    # Errors  Last Runtime    Last Run
-----------------------------  -----  ---------  --------  ----------  --------------  -------------------
/opt/airflow/dags/pipeline.py                           1           0  2.01s           2026-02-26T01:03:13
================================================================================
[2026-02-26T01:04:06.082+0000] {manager.py:879} INFO - 
================================================================================
DAG File Processing Stats

File Path                      PID    Runtime      # DAGs    # Errors  Last Runtime    Last Run
-----------------------------  -----  ---------  --------  ----------  --------------  -------------------
/opt/airflow/dags/pipeline.py                           1           0  1.97s           2026-02-26T01:03:45
================================================================================
[2026-02-26T01:04:36.118+0000] {manager.py:879} INFO - 
================================================================================
DAG File Processing Stats

File Path                      PID    Runtime      # DAGs    # Errors  Last Runtime    Last Run
-----------------------------  -----  ---------  --------  ----------  --------------  -------------------
/opt/airflow/dags/pipeline.py                           1           0  2.77s           2026-02-26T01:04:18
================================================================================
[2026-02-26T01:05:06.359+0000] {manager.py:879} INFO - 
================================================================================
DAG File Processing Stats

File Path                      PID    Runtime      # DAGs    # Errors  Last Runtime    Last Run
-----------------------------  -----  ---------  --------  ----------  --------------  -------------------
/opt/airflow/dags/pipeline.py                           1           0  1.96s           2026-02-26T01:04:51
================================================================================
[2026-02-26T01:05:36.661+0000] {manager.py:879} INFO - 
================================================================================
DAG File Processing Stats

File Path                      PID    Runtime      # DAGs    # Errors  Last Runtime    Last Run
-----------------------------  -----  ---------  --------  ----------  --------------  -------------------
/opt/airflow/dags/pipeline.py                           1           0  2.20s           2026-02-26T01:05:23
================================================================================
[2026-02-26T01:06:06.878+0000] {manager.py:879} INFO - 
================================================================================
DAG File Processing Stats

File Path                      PID    Runtime      # DAGs    # Errors  Last Runtime    Last Run
-----------------------------  -----  ---------  --------  ----------  --------------  -------------------
/opt/airflow/dags/pipeline.py                           1           0  1.92s           2026-02-26T01:05:55
================================================================================
[2026-02-26T01:06:36.986+0000] {manager.py:879} INFO - 
================================================================================
DAG File Processing Stats

File Path                      PID    Runtime      # DAGs    # Errors  Last Runtime    Last Run
-----------------------------  -----  ---------  --------  ----------  --------------  -------------------
/opt/airflow/dags/pipeline.py                           1           0  1.83s           2026-02-26T01:06:27
================================================================================
[2026-02-26T01:07:07.061+0000] {manager.py:879} INFO - 
================================================================================
DAG File Processing Stats

File Path                      PID    Runtime      # DAGs    # Errors  Last Runtime    Last Run
-----------------------------  -----  ---------  --------  ----------  --------------  -------------------
/opt/airflow/dags/pipeline.py                           1           0  1.79s           2026-02-26T01:06:59
================================================================================
[2026-02-26T01:07:35.107+0000] {manager.py:738} INFO - Searching for files in /opt/airflow/dags
[2026-02-26T01:07:35.142+0000] {manager.py:741} INFO - There are 1 files in /opt/airflow/dags
[2026-02-26T01:07:37.186+0000] {manager.py:879} INFO - 
================================================================================
DAG File Processing Stats

File Path                      PID    Runtime      # DAGs    # Errors  Last Runtime    Last Run
-----------------------------  -----  ---------  --------  ----------  --------------  -------------------
/opt/airflow/dags/pipeline.py                           1           0  1.78s           2026-02-26T01:07:32
================================================================================
[2026-02-26T01:08:07.469+0000] {manager.py:879} INFO - 
================================================================================
DAG File Processing Stats

File Path                      PID    Runtime      # DAGs    # Errors  Last Runtime    Last Run
-----------------------------  -----  ---------  --------  ----------  --------------  -------------------
/opt/airflow/dags/pipeline.py                           1           0  1.87s           2026-02-26T01:08:04
================================================================================
[2026-02-26T01:08:37.750+0000] {manager.py:879} INFO - 
================================================================================
DAG File Processing Stats

File Path                      PID    Runtime      # DAGs    # Errors  Last Runtime    Last Run
-----------------------------  -----  ---------  --------  ----------  --------------  -------------------
/opt/airflow/dags/pipeline.py                           1           0  1.90s           2026-02-26T01:08:36
================================================================================
[2026-02-26T01:09:08.050+0000] {manager.py:879} INFO - 
================================================================================
DAG File Processing Stats

File Path                        PID  Runtime      # DAGs    # Errors  Last Runtime    Last Run
-----------------------------  -----  ---------  --------  ----------  --------------  -------------------
/opt/airflow/dags/pipeline.py    527  1.53s             1           0  1.90s           2026-02-26T01:08:36
================================================================================
[2026-02-26T01:09:38.354+0000] {manager.py:879} INFO - 
================================================================================
DAG File Processing Stats

File Path                      PID    Runtime      # DAGs    # Errors  Last Runtime    Last Run
-----------------------------  -----  ---------  --------  ----------  --------------  -------------------
/opt/airflow/dags/pipeline.py                           1           0  1.98s           2026-02-26T01:09:08
================================================================================
[2026-02-26T01:10:08.671+0000] {manager.py:879} INFO - 
================================================================================
DAG File Processing Stats

File Path                      PID    Runtime      # DAGs    # Errors  Last Runtime    Last Run
-----------------------------  -----  ---------  --------  ----------  --------------  -------------------
/opt/airflow/dags/pipeline.py                           1           0  1.84s           2026-02-26T01:09:40
================================================================================
[2026-02-26T01:10:38.968+0000] {manager.py:879} INFO - 
================================================================================
DAG File Processing Stats

File Path                      PID    Runtime      # DAGs    # Errors  Last Runtime    Last Run
-----------------------------  -----  ---------  --------  ----------  --------------  -------------------
/opt/airflow/dags/pipeline.py                           1           0  2.00s           2026-02-26T01:10:12
================================================================================
[2026-02-26T01:11:09.162+0000] {manager.py:879} INFO - 
================================================================================
DAG File Processing Stats

File Path                      PID    Runtime      # DAGs    # Errors  Last Runtime    Last Run
-----------------------------  -----  ---------  --------  ----------  --------------  -------------------
/opt/airflow/dags/pipeline.py                           1           0  1.91s           2026-02-26T01:10:44
================================================================================
[2026-02-26T01:11:39.380+0000] {manager.py:879} INFO - 
================================================================================
DAG File Processing Stats

File Path                      PID    Runtime      # DAGs    # Errors  Last Runtime    Last Run
-----------------------------  -----  ---------  --------  ----------  --------------  -------------------
/opt/airflow/dags/pipeline.py                           1           0  1.95s           2026-02-26T01:11:17
================================================================================
[2026-02-26T01:12:09.672+0000] {manager.py:879} INFO - 
================================================================================
DAG File Processing Stats

File Path                      PID    Runtime      # DAGs    # Errors  Last Runtime    Last Run
-----------------------------  -----  ---------  --------  ----------  --------------  -------------------
/opt/airflow/dags/pipeline.py                           1           0  2.00s           2026-02-26T01:11:49
================================================================================
[2026-02-26T01:12:35.136+0000] {manager.py:738} INFO - Searching for files in /opt/airflow/dags
[2026-02-26T01:12:35.167+0000] {manager.py:741} INFO - There are 1 files in /opt/airflow/dags
[2026-02-26T01:12:39.970+0000] {manager.py:879} INFO - 
================================================================================
DAG File Processing Stats

File Path                      PID    Runtime      # DAGs    # Errors  Last Runtime    Last Run
-----------------------------  -----  ---------  --------  ----------  --------------  -------------------
/opt/airflow/dags/pipeline.py                           1           0  2.02s           2026-02-26T01:12:21
================================================================================
[2026-02-26T01:13:10.023+0000] {manager.py:879} INFO - 
================================================================================
DAG File Processing Stats

File Path                      PID    Runtime      # DAGs    # Errors  Last Runtime    Last Run
-----------------------------  -----  ---------  --------  ----------  --------------  -------------------
/opt/airflow/dags/pipeline.py                           1           0  1.77s           2026-02-26T01:12:53
================================================================================
[2026-02-26T01:13:40.118+0000] {manager.py:879} INFO - 
================================================================================
DAG File Processing Stats

File Path                      PID    Runtime      # DAGs    # Errors  Last Runtime    Last Run
-----------------------------  -----  ---------  --------  ----------  --------------  -------------------
/opt/airflow/dags/pipeline.py                           1           0  1.80s           2026-02-26T01:13:25
================================================================================
[2026-02-26T01:14:10.328+0000] {manager.py:879} INFO - 
================================================================================
DAG File Processing Stats

File Path                      PID    Runtime      # DAGs    # Errors  Last Runtime    Last Run
-----------------------------  -----  ---------  --------  ----------  --------------  -------------------
/opt/airflow/dags/pipeline.py                           1           0  1.93s           2026-02-26T01:13:58
================================================================================
[2026-02-26T01:14:40.681+0000] {manager.py:879} INFO - 
================================================================================
DAG File Processing Stats

File Path                      PID    Runtime      # DAGs    # Errors  Last Runtime    Last Run
-----------------------------  -----  ---------  --------  ----------  --------------  -------------------
/opt/airflow/dags/pipeline.py                           1           0  1.83s           2026-02-26T01:14:30
================================================================================
[2026-02-26T01:15:11.548+0000] {manager.py:879} INFO - 
================================================================================
DAG File Processing Stats

File Path                      PID    Runtime      # DAGs    # Errors  Last Runtime    Last Run
-----------------------------  -----  ---------  --------  ----------  --------------  -------------------
/opt/airflow/dags/pipeline.py                           1           0  2.14s           2026-02-26T01:15:02
================================================================================
[2026-02-26T01:15:41.815+0000] {manager.py:879} INFO - 
================================================================================
DAG File Processing Stats

File Path                      PID    Runtime      # DAGs    # Errors  Last Runtime    Last Run
-----------------------------  -----  ---------  --------  ----------  --------------  -------------------
/opt/airflow/dags/pipeline.py                           1           0  1.93s           2026-02-26T01:15:34
================================================================================
[2026-02-26T01:16:05.891+0000] {manager.py:451} INFO - Exiting gracefully upon receiving signal 15
[2026-02-26T01:16:05.891+0000] {manager.py:451} INFO - Exiting gracefully upon receiving signal 15
[2026-02-26T01:16:06.639+0000] {manager.py:451} INFO - Exiting gracefully upon receiving signal 15
[2026-02-26T01:19:29.393+0000] {manager.py:469} INFO - Processing files using up to 2 processes at a time 
[2026-02-26T01:19:29.395+0000] {manager.py:470} INFO - Process each file at most once every 30 seconds
[2026-02-26T01:19:29.397+0000] {manager.py:471} INFO - Checking for new files in /opt/airflow/dags every 300 seconds
[2026-02-26T01:19:29.397+0000] {manager.py:738} INFO - Searching for files in /opt/airflow/dags
[2026-02-26T01:19:29.429+0000] {manager.py:741} INFO - There are 1 files in /opt/airflow/dags
[2026-02-26T01:19:29.594+0000] {manager.py:879} INFO - 
================================================================================
DAG File Processing Stats

File Path                        PID  Runtime      # DAGs    # Errors  Last Runtime    Last Run
-----------------------------  -----  ---------  --------  ----------  --------------  ----------
/opt/airflow/dags/pipeline.py     65  0.08s             0           0
================================================================================
[2026-02-26T01:19:59.841+0000] {manager.py:879} INFO - 
================================================================================
DAG File Processing Stats

File Path                      PID    Runtime      # DAGs    # Errors  Last Runtime    Last Run
-----------------------------  -----  ---------  --------  ----------  --------------  -------------------
/opt/airflow/dags/pipeline.py                           1           0  4.20s           2026-02-26T01:19:33
================================================================================
[2026-02-26T01:20:30.250+0000] {manager.py:879} INFO - 
================================================================================
DAG File Processing Stats

File Path                      PID    Runtime      # DAGs    # Errors  Last Runtime    Last Run
-----------------------------  -----  ---------  --------  ----------  --------------  -------------------
/opt/airflow/dags/pipeline.py                           1           0  2.42s           2026-02-26T01:20:06
================================================================================
[2026-02-26T01:21:00.781+0000] {manager.py:879} INFO - 
================================================================================
DAG File Processing Stats

File Path                      PID    Runtime      # DAGs    # Errors  Last Runtime    Last Run
-----------------------------  -----  ---------  --------  ----------  --------------  -------------------
/opt/airflow/dags/pipeline.py                           1           0  2.32s           2026-02-26T01:20:38
================================================================================
[2026-02-26T01:21:30.823+0000] {manager.py:879} INFO - 
================================================================================
DAG File Processing Stats

File Path                      PID    Runtime      # DAGs    # Errors  Last Runtime    Last Run
-----------------------------  -----  ---------  --------  ----------  --------------  -------------------
/opt/airflow/dags/pipeline.py                           1           0  1.77s           2026-02-26T01:21:10
================================================================================
[2026-02-26T01:22:01.060+0000] {manager.py:879} INFO - 
================================================================================
DAG File Processing Stats

File Path                      PID    Runtime      # DAGs    # Errors  Last Runtime    Last Run
-----------------------------  -----  ---------  --------  ----------  --------------  -------------------
/opt/airflow/dags/pipeline.py                           1           0  1.94s           2026-02-26T01:21:42
================================================================================
[2026-02-26T01:22:31.234+0000] {manager.py:879} INFO - 
================================================================================
DAG File Processing Stats

File Path                      PID    Runtime      # DAGs    # Errors  Last Runtime    Last Run
-----------------------------  -----  ---------  --------  ----------  --------------  -------------------
/opt/airflow/dags/pipeline.py                           1           0  1.90s           2026-02-26T01:22:15
================================================================================
[2026-02-26T01:23:01.396+0000] {manager.py:879} INFO - 
================================================================================
DAG File Processing Stats

File Path                      PID    Runtime      # DAGs    # Errors  Last Runtime    Last Run
-----------------------------  -----  ---------  --------  ----------  --------------  -------------------
/opt/airflow/dags/pipeline.py                           1           0  1.90s           2026-02-26T01:22:47
================================================================================
[2026-02-26T01:23:32.316+0000] {manager.py:879} INFO - 
================================================================================
DAG File Processing Stats

File Path                      PID    Runtime      # DAGs    # Errors  Last Runtime    Last Run
-----------------------------  -----  ---------  --------  ----------  --------------  -------------------
/opt/airflow/dags/pipeline.py                           1           0  1.71s           2026-02-26T01:23:19
================================================================================
[2026-02-26T01:24:02.440+0000] {manager.py:879} INFO - 
================================================================================
DAG File Processing Stats

File Path                      PID    Runtime      # DAGs    # Errors  Last Runtime    Last Run
-----------------------------  -----  ---------  --------  ----------  --------------  -------------------
/opt/airflow/dags/pipeline.py                           1           0  1.82s           2026-02-26T01:23:51
================================================================================
[2026-02-26T01:24:29.598+0000] {manager.py:738} INFO - Searching for files in /opt/airflow/dags
[2026-02-26T01:24:29.634+0000] {manager.py:741} INFO - There are 1 files in /opt/airflow/dags
[2026-02-26T01:24:32.688+0000] {manager.py:879} INFO - 
================================================================================
DAG File Processing Stats

File Path                      PID    Runtime      # DAGs    # Errors  Last Runtime    Last Run
-----------------------------  -----  ---------  --------  ----------  --------------  -------------------
/opt/airflow/dags/pipeline.py                           1           0  1.90s           2026-02-26T01:24:23
================================================================================
[2026-02-26T01:25:02.927+0000] {manager.py:879} INFO - 
================================================================================
DAG File Processing Stats

File Path                      PID    Runtime      # DAGs    # Errors  Last Runtime    Last Run
-----------------------------  -----  ---------  --------  ----------  --------------  -------------------
/opt/airflow/dags/pipeline.py                           1           0  1.93s           2026-02-26T01:24:55
================================================================================
[2026-02-26T01:25:14.839+0000] {manager.py:451} INFO - Exiting gracefully upon receiving signal 15
[2026-02-26T01:26:53.985+0000] {manager.py:469} INFO - Processing files using up to 2 processes at a time 
[2026-02-26T01:26:53.987+0000] {manager.py:470} INFO - Process each file at most once every 30 seconds
[2026-02-26T01:26:53.989+0000] {manager.py:471} INFO - Checking for new files in /opt/airflow/dags every 300 seconds
[2026-02-26T01:26:53.990+0000] {manager.py:738} INFO - Searching for files in /opt/airflow/dags
[2026-02-26T01:26:54.022+0000] {manager.py:741} INFO - There are 1 files in /opt/airflow/dags
[2026-02-26T01:26:54.177+0000] {manager.py:879} INFO - 
================================================================================
DAG File Processing Stats

File Path                        PID  Runtime      # DAGs    # Errors  Last Runtime    Last Run
-----------------------------  -----  ---------  --------  ----------  --------------  ----------
/opt/airflow/dags/pipeline.py     64  0.06s             0           0
================================================================================
[2026-02-26T01:27:24.439+0000] {manager.py:879} INFO - 
================================================================================
DAG File Processing Stats

File Path                      PID    Runtime      # DAGs    # Errors  Last Runtime    Last Run
-----------------------------  -----  ---------  --------  ----------  --------------  -------------------
/opt/airflow/dags/pipeline.py                           1           0  3.54s           2026-02-26T01:26:57
================================================================================
[2026-02-26T01:27:54.742+0000] {manager.py:879} INFO - 
================================================================================
DAG File Processing Stats

File Path                      PID    Runtime      # DAGs    # Errors  Last Runtime    Last Run
-----------------------------  -----  ---------  --------  ----------  --------------  -------------------
/opt/airflow/dags/pipeline.py                           1           0  1.82s           2026-02-26T01:27:29
================================================================================
[2026-02-26T01:28:24.930+0000] {manager.py:879} INFO - 
================================================================================
DAG File Processing Stats

File Path                      PID    Runtime      # DAGs    # Errors  Last Runtime    Last Run
-----------------------------  -----  ---------  --------  ----------  --------------  -------------------
/opt/airflow/dags/pipeline.py                           1           0  1.88s           2026-02-26T01:28:01
================================================================================
[2026-02-26T01:28:55.154+0000] {manager.py:879} INFO - 
================================================================================
DAG File Processing Stats

File Path                      PID    Runtime      # DAGs    # Errors  Last Runtime    Last Run
-----------------------------  -----  ---------  --------  ----------  --------------  -------------------
/opt/airflow/dags/pipeline.py                           1           0  1.93s           2026-02-26T01:28:33
================================================================================
[2026-02-26T01:29:25.235+0000] {manager.py:879} INFO - 
================================================================================
DAG File Processing Stats

File Path                      PID    Runtime      # DAGs    # Errors  Last Runtime    Last Run
-----------------------------  -----  ---------  --------  ----------  --------------  -------------------
/opt/airflow/dags/pipeline.py                           1           0  1.78s           2026-02-26T01:29:06
================================================================================
[2026-02-26T01:29:55.358+0000] {manager.py:879} INFO - 
================================================================================
DAG File Processing Stats

File Path                      PID    Runtime      # DAGs    # Errors  Last Runtime    Last Run
-----------------------------  -----  ---------  --------  ----------  --------------  -------------------
/opt/airflow/dags/pipeline.py                           1           0  1.83s           2026-02-26T01:29:38
================================================================================
[2026-02-26T01:30:25.618+0000] {manager.py:879} INFO - 
================================================================================
DAG File Processing Stats

File Path                      PID    Runtime      # DAGs    # Errors  Last Runtime    Last Run
-----------------------------  -----  ---------  --------  ----------  --------------  -------------------
/opt/airflow/dags/pipeline.py                           1           0  1.83s           2026-02-26T01:30:10
================================================================================
[2026-02-26T01:30:55.888+0000] {manager.py:879} INFO - 
================================================================================
DAG File Processing Stats

File Path                      PID    Runtime      # DAGs    # Errors  Last Runtime    Last Run
-----------------------------  -----  ---------  --------  ----------  --------------  -------------------
/opt/airflow/dags/pipeline.py                           1           0  1.71s           2026-02-26T01:30:42
================================================================================
[2026-02-26T01:31:26.167+0000] {manager.py:879} INFO - 
================================================================================
DAG File Processing Stats

File Path                      PID    Runtime      # DAGs    # Errors  Last Runtime    Last Run
-----------------------------  -----  ---------  --------  ----------  --------------  -------------------
/opt/airflow/dags/pipeline.py                           1           0  1.72s           2026-02-26T01:31:14
================================================================================
[2026-02-26T01:31:54.215+0000] {manager.py:738} INFO - Searching for files in /opt/airflow/dags
[2026-02-26T01:31:54.266+0000] {manager.py:741} INFO - There are 1 files in /opt/airflow/dags
[2026-02-26T01:31:56.322+0000] {manager.py:879} INFO - 
================================================================================
DAG File Processing Stats

File Path                      PID    Runtime      # DAGs    # Errors  Last Runtime    Last Run
-----------------------------  -----  ---------  --------  ----------  --------------  -------------------
/opt/airflow/dags/pipeline.py                           1           0  1.75s           2026-02-26T01:31:46
================================================================================
[2026-02-26T01:32:26.351+0000] {manager.py:879} INFO - 
================================================================================
DAG File Processing Stats

File Path                      PID    Runtime      # DAGs    # Errors  Last Runtime    Last Run
-----------------------------  -----  ---------  --------  ----------  --------------  -------------------
/opt/airflow/dags/pipeline.py                           1           0  1.72s           2026-02-26T01:32:18
================================================================================
[2026-02-26T01:32:56.464+0000] {manager.py:879} INFO - 
================================================================================
DAG File Processing Stats

File Path                      PID    Runtime      # DAGs    # Errors  Last Runtime    Last Run
-----------------------------  -----  ---------  --------  ----------  --------------  -------------------
/opt/airflow/dags/pipeline.py                           1           0  1.79s           2026-02-26T01:32:50
================================================================================
[2026-02-26T01:33:26.485+0000] {manager.py:879} INFO - 
================================================================================
DAG File Processing Stats

File Path                      PID    Runtime      # DAGs    # Errors  Last Runtime    Last Run
-----------------------------  -----  ---------  --------  ----------  --------------  -------------------
/opt/airflow/dags/pipeline.py                           1           0  1.75s           2026-02-26T01:33:22
================================================================================
[2026-02-26T01:33:56.759+0000] {manager.py:879} INFO - 
================================================================================
DAG File Processing Stats

File Path                      PID    Runtime      # DAGs    # Errors  Last Runtime    Last Run
-----------------------------  -----  ---------  --------  ----------  --------------  -------------------
/opt/airflow/dags/pipeline.py                           1           0  1.78s           2026-02-26T01:33:54
================================================================================
[2026-02-26T01:34:27.028+0000] {manager.py:879} INFO - 
================================================================================
DAG File Processing Stats

File Path                      PID    Runtime      # DAGs    # Errors  Last Runtime    Last Run
-----------------------------  -----  ---------  --------  ----------  --------------  -------------------
/opt/airflow/dags/pipeline.py                           1           0  1.68s           2026-02-26T01:34:26
================================================================================
[2026-02-26T01:34:57.331+0000] {manager.py:879} INFO - 
================================================================================
DAG File Processing Stats

File Path                        PID  Runtime      # DAGs    # Errors  Last Runtime    Last Run
-----------------------------  -----  ---------  --------  ----------  --------------  -------------------
/opt/airflow/dags/pipeline.py    595  0.65s             1           0  1.68s           2026-02-26T01:34:26
================================================================================
[2026-02-26T01:35:27.642+0000] {manager.py:879} INFO - 
================================================================================
DAG File Processing Stats

File Path                      PID    Runtime      # DAGs    # Errors  Last Runtime    Last Run
-----------------------------  -----  ---------  --------  ----------  --------------  -------------------
/opt/airflow/dags/pipeline.py                           1           0  1.73s           2026-02-26T01:34:58
================================================================================
[2026-02-26T01:35:57.674+0000] {manager.py:879} INFO - 
================================================================================
DAG File Processing Stats

File Path                      PID    Runtime      # DAGs    # Errors  Last Runtime    Last Run
-----------------------------  -----  ---------  --------  ----------  --------------  -------------------
/opt/airflow/dags/pipeline.py                           1           0  1.74s           2026-02-26T01:35:30
================================================================================
[2026-02-26T01:36:17.832+0000] {manager.py:451} INFO - Exiting gracefully upon receiving signal 15
[2026-02-26T01:46:07.365+0000] {manager.py:469} INFO - Processing files using up to 2 processes at a time 
[2026-02-26T01:46:07.367+0000] {manager.py:470} INFO - Process each file at most once every 30 seconds
[2026-02-26T01:46:07.368+0000] {manager.py:471} INFO - Checking for new files in /opt/airflow/dags every 300 seconds
[2026-02-26T01:46:07.369+0000] {manager.py:738} INFO - Searching for files in /opt/airflow/dags
[2026-02-26T01:46:07.394+0000] {manager.py:741} INFO - There are 1 files in /opt/airflow/dags
[2026-02-26T01:46:07.552+0000] {manager.py:879} INFO - 
================================================================================
DAG File Processing Stats

File Path                        PID  Runtime      # DAGs    # Errors  Last Runtime    Last Run
-----------------------------  -----  ---------  --------  ----------  --------------  ----------
/opt/airflow/dags/pipeline.py     65  0.08s             0           0
================================================================================
[2026-02-26T01:46:37.813+0000] {manager.py:879} INFO - 
================================================================================
DAG File Processing Stats

File Path                      PID    Runtime      # DAGs    # Errors  Last Runtime    Last Run
-----------------------------  -----  ---------  --------  ----------  --------------  -------------------
/opt/airflow/dags/pipeline.py                           1           0  4.72s           2026-02-26T01:46:12
================================================================================
[2026-02-26T01:46:49.080+0000] {manager.py:451} INFO - Exiting gracefully upon receiving signal 15
[2026-02-26T01:48:57.994+0000] {manager.py:469} INFO - Processing files using up to 2 processes at a time 
[2026-02-26T01:48:57.996+0000] {manager.py:470} INFO - Process each file at most once every 30 seconds
[2026-02-26T01:48:57.997+0000] {manager.py:471} INFO - Checking for new files in /opt/airflow/dags every 300 seconds
[2026-02-26T01:48:57.998+0000] {manager.py:738} INFO - Searching for files in /opt/airflow/dags
[2026-02-26T01:48:58.040+0000] {manager.py:741} INFO - There are 1 files in /opt/airflow/dags
[2026-02-26T01:48:58.202+0000] {manager.py:879} INFO - 
================================================================================
DAG File Processing Stats

File Path                        PID  Runtime      # DAGs    # Errors  Last Runtime    Last Run
-----------------------------  -----  ---------  --------  ----------  --------------  ----------
/opt/airflow/dags/pipeline.py     64  0.08s             0           0
================================================================================
[2026-02-26T01:49:28.465+0000] {manager.py:879} INFO - 
================================================================================
DAG File Processing Stats

File Path                      PID    Runtime      # DAGs    # Errors  Last Runtime    Last Run
-----------------------------  -----  ---------  --------  ----------  --------------  -------------------
/opt/airflow/dags/pipeline.py                           1           0  3.34s           2026-02-26T01:49:01
================================================================================
[2026-02-26T01:49:58.553+0000] {manager.py:879} INFO - 
================================================================================
DAG File Processing Stats

File Path                      PID    Runtime      # DAGs    # Errors  Last Runtime    Last Run
-----------------------------  -----  ---------  --------  ----------  --------------  -------------------
/opt/airflow/dags/pipeline.py                           1           0  1.77s           2026-02-26T01:49:33
================================================================================
[2026-02-26T01:50:28.738+0000] {manager.py:879} INFO - 
================================================================================
DAG File Processing Stats

File Path                      PID    Runtime      # DAGs    # Errors  Last Runtime    Last Run
-----------------------------  -----  ---------  --------  ----------  --------------  -------------------
/opt/airflow/dags/pipeline.py                           1           0  1.88s           2026-02-26T01:50:05
================================================================================
[2026-02-26T01:50:58.879+0000] {manager.py:879} INFO - 
================================================================================
DAG File Processing Stats

File Path                      PID    Runtime      # DAGs    # Errors  Last Runtime    Last Run
-----------------------------  -----  ---------  --------  ----------  --------------  -------------------
/opt/airflow/dags/pipeline.py                           1           0  1.84s           2026-02-26T01:50:37
================================================================================
[2026-02-26T01:51:29.036+0000] {manager.py:879} INFO - 
================================================================================
DAG File Processing Stats

File Path                      PID    Runtime      # DAGs    # Errors  Last Runtime    Last Run
-----------------------------  -----  ---------  --------  ----------  --------------  -------------------
/opt/airflow/dags/pipeline.py                           1           0  1.87s           2026-02-26T01:51:09
================================================================================
[2026-02-26T01:51:59.313+0000] {manager.py:879} INFO - 
================================================================================
DAG File Processing Stats

File Path                      PID    Runtime      # DAGs    # Errors  Last Runtime    Last Run
-----------------------------  -----  ---------  --------  ----------  --------------  -------------------
/opt/airflow/dags/pipeline.py                           1           0  1.85s           2026-02-26T01:51:41
================================================================================
[2026-02-26T01:52:29.628+0000] {manager.py:879} INFO - 
================================================================================
DAG File Processing Stats

File Path                      PID    Runtime      # DAGs    # Errors  Last Runtime    Last Run
-----------------------------  -----  ---------  --------  ----------  --------------  -------------------
/opt/airflow/dags/pipeline.py                           1           0  1.77s           2026-02-26T01:52:13
================================================================================
[2026-02-26T01:52:59.939+0000] {manager.py:879} INFO - 
================================================================================
DAG File Processing Stats

File Path                      PID    Runtime      # DAGs    # Errors  Last Runtime    Last Run
-----------------------------  -----  ---------  --------  ----------  --------------  -------------------
/opt/airflow/dags/pipeline.py                           1           0  1.79s           2026-02-26T01:52:45
================================================================================
[2026-02-26T01:53:30.161+0000] {manager.py:879} INFO - 
================================================================================
DAG File Processing Stats

File Path                      PID    Runtime      # DAGs    # Errors  Last Runtime    Last Run
-----------------------------  -----  ---------  --------  ----------  --------------  -------------------
/opt/airflow/dags/pipeline.py                           1           0  1.88s           2026-02-26T01:53:18
================================================================================
[2026-02-26T01:53:58.173+0000] {manager.py:738} INFO - Searching for files in /opt/airflow/dags
[2026-02-26T01:53:58.223+0000] {manager.py:741} INFO - There are 1 files in /opt/airflow/dags
[2026-02-26T01:54:00.265+0000] {manager.py:879} INFO - 
================================================================================
DAG File Processing Stats

File Path                      PID    Runtime      # DAGs    # Errors  Last Runtime    Last Run
-----------------------------  -----  ---------  --------  ----------  --------------  -------------------
/opt/airflow/dags/pipeline.py                           1           0  1.73s           2026-02-26T01:53:50
================================================================================
[2026-02-26T01:54:30.328+0000] {manager.py:879} INFO - 
================================================================================
DAG File Processing Stats

File Path                      PID    Runtime      # DAGs    # Errors  Last Runtime    Last Run
-----------------------------  -----  ---------  --------  ----------  --------------  -------------------
/opt/airflow/dags/pipeline.py                           1           0  1.78s           2026-02-26T01:54:22
================================================================================
[2026-02-26T01:55:00.575+0000] {manager.py:879} INFO - 
================================================================================
DAG File Processing Stats

File Path                      PID    Runtime      # DAGs    # Errors  Last Runtime    Last Run
-----------------------------  -----  ---------  --------  ----------  --------------  -------------------
/opt/airflow/dags/pipeline.py                           1           0  1.84s           2026-02-26T01:54:54
================================================================================
[2026-02-26T01:55:30.618+0000] {manager.py:879} INFO - 
================================================================================
DAG File Processing Stats

File Path                      PID    Runtime      # DAGs    # Errors  Last Runtime    Last Run
-----------------------------  -----  ---------  --------  ----------  --------------  -------------------
/opt/airflow/dags/pipeline.py                           1           0  1.75s           2026-02-26T01:55:26
================================================================================
[2026-02-26T01:56:00.774+0000] {manager.py:879} INFO - 
================================================================================
DAG File Processing Stats

File Path                      PID    Runtime      # DAGs    # Errors  Last Runtime    Last Run
-----------------------------  -----  ---------  --------  ----------  --------------  -------------------
/opt/airflow/dags/pipeline.py                           1           0  1.97s           2026-02-26T01:55:58
================================================================================
[2026-02-26T01:56:30.783+0000] {manager.py:879} INFO - 
================================================================================
DAG File Processing Stats

File Path                      PID    Runtime      # DAGs    # Errors  Last Runtime    Last Run
-----------------------------  -----  ---------  --------  ----------  --------------  -------------------
/opt/airflow/dags/pipeline.py                           1           0  1.70s           2026-02-26T01:56:30
================================================================================
[2026-02-26T01:57:01.131+0000] {manager.py:879} INFO - 
================================================================================
DAG File Processing Stats

File Path                        PID  Runtime      # DAGs    # Errors  Last Runtime    Last Run
-----------------------------  -----  ---------  --------  ----------  --------------  -------------------
/opt/airflow/dags/pipeline.py    781  0.01s             1           0  1.70s           2026-02-26T01:56:30
================================================================================
[2026-02-26T01:57:31.334+0000] {manager.py:879} INFO - 
================================================================================
DAG File Processing Stats

File Path                      PID    Runtime      # DAGs    # Errors  Last Runtime    Last Run
-----------------------------  -----  ---------  --------  ----------  --------------  -------------------
/opt/airflow/dags/pipeline.py                           1           0  1.93s           2026-02-26T01:57:03
================================================================================
[2026-02-26T01:58:01.438+0000] {manager.py:879} INFO - 
================================================================================
DAG File Processing Stats

File Path                      PID    Runtime      # DAGs    # Errors  Last Runtime    Last Run
-----------------------------  -----  ---------  --------  ----------  --------------  -------------------
/opt/airflow/dags/pipeline.py                           1           0  1.80s           2026-02-26T01:57:35
================================================================================
[2026-02-26T01:58:31.595+0000] {manager.py:879} INFO - 
================================================================================
DAG File Processing Stats

File Path                      PID    Runtime      # DAGs    # Errors  Last Runtime    Last Run
-----------------------------  -----  ---------  --------  ----------  --------------  -------------------
/opt/airflow/dags/pipeline.py                           1           0  1.88s           2026-02-26T01:58:07
================================================================================
[2026-02-26T01:58:58.521+0000] {manager.py:738} INFO - Searching for files in /opt/airflow/dags
[2026-02-26T01:58:58.571+0000] {manager.py:741} INFO - There are 1 files in /opt/airflow/dags
[2026-02-26T01:59:01.631+0000] {manager.py:879} INFO - 
================================================================================
DAG File Processing Stats

File Path                      PID    Runtime      # DAGs    # Errors  Last Runtime    Last Run
-----------------------------  -----  ---------  --------  ----------  --------------  -------------------
/opt/airflow/dags/pipeline.py                           1           0  1.92s           2026-02-26T01:58:39
================================================================================
[2026-02-26T01:59:31.970+0000] {manager.py:879} INFO - 
================================================================================
DAG File Processing Stats

File Path                      PID    Runtime      # DAGs    # Errors  Last Runtime    Last Run
-----------------------------  -----  ---------  --------  ----------  --------------  -------------------
/opt/airflow/dags/pipeline.py                           1           0  2.15s           2026-02-26T01:59:11
================================================================================
[2026-02-26T02:00:02.190+0000] {manager.py:879} INFO - 
================================================================================
DAG File Processing Stats

File Path                      PID    Runtime      # DAGs    # Errors  Last Runtime    Last Run
-----------------------------  -----  ---------  --------  ----------  --------------  -------------------
/opt/airflow/dags/pipeline.py                           1           0  1.90s           2026-02-26T01:59:43
================================================================================
[2026-02-26T02:00:32.235+0000] {manager.py:879} INFO - 
================================================================================
DAG File Processing Stats

File Path                      PID    Runtime      # DAGs    # Errors  Last Runtime    Last Run
-----------------------------  -----  ---------  --------  ----------  --------------  -------------------
/opt/airflow/dags/pipeline.py                           1           0  1.74s           2026-02-26T02:00:16
================================================================================
[2026-02-26T02:01:02.355+0000] {manager.py:879} INFO - 
================================================================================
DAG File Processing Stats

File Path                      PID    Runtime      # DAGs    # Errors  Last Runtime    Last Run
-----------------------------  -----  ---------  --------  ----------  --------------  -------------------
/opt/airflow/dags/pipeline.py                           1           0  1.81s           2026-02-26T02:00:48
================================================================================
[2026-02-26T02:01:32.672+0000] {manager.py:879} INFO - 
================================================================================
DAG File Processing Stats

File Path                      PID    Runtime      # DAGs    # Errors  Last Runtime    Last Run
-----------------------------  -----  ---------  --------  ----------  --------------  -------------------
/opt/airflow/dags/pipeline.py                           1           0  1.94s           2026-02-26T02:01:20
================================================================================
[2026-02-26T02:02:02.776+0000] {manager.py:879} INFO - 
================================================================================
DAG File Processing Stats

File Path                      PID    Runtime      # DAGs    # Errors  Last Runtime    Last Run
-----------------------------  -----  ---------  --------  ----------  --------------  -------------------
/opt/airflow/dags/pipeline.py                           1           0  1.79s           2026-02-26T02:01:52
================================================================================
[2026-02-26T02:02:33.050+0000] {manager.py:879} INFO - 
================================================================================
DAG File Processing Stats

File Path                      PID    Runtime      # DAGs    # Errors  Last Runtime    Last Run
-----------------------------  -----  ---------  --------  ----------  --------------  -------------------
/opt/airflow/dags/pipeline.py                           1           0  1.79s           2026-02-26T02:02:24
================================================================================
[2026-02-26T02:03:03.348+0000] {manager.py:879} INFO - 
================================================================================
DAG File Processing Stats

File Path                      PID    Runtime      # DAGs    # Errors  Last Runtime    Last Run
-----------------------------  -----  ---------  --------  ----------  --------------  -------------------
/opt/airflow/dags/pipeline.py                           1           0  1.75s           2026-02-26T02:02:56
================================================================================
[2026-02-26T02:03:33.705+0000] {manager.py:879} INFO - 
================================================================================
DAG File Processing Stats

File Path                      PID    Runtime      # DAGs    # Errors  Last Runtime    Last Run
-----------------------------  -----  ---------  --------  ----------  --------------  -------------------
/opt/airflow/dags/pipeline.py                           1           0  1.80s           2026-02-26T02:03:28
================================================================================
[2026-02-26T02:03:58.975+0000] {manager.py:738} INFO - Searching for files in /opt/airflow/dags
[2026-02-26T02:03:59.013+0000] {manager.py:741} INFO - There are 1 files in /opt/airflow/dags
[2026-02-26T02:04:03.967+0000] {manager.py:879} INFO - 
================================================================================
DAG File Processing Stats

File Path                      PID    Runtime      # DAGs    # Errors  Last Runtime    Last Run
-----------------------------  -----  ---------  --------  ----------  --------------  -------------------
/opt/airflow/dags/pipeline.py                           1           0  1.87s           2026-02-26T02:04:00
================================================================================
[2026-02-26T02:04:34.234+0000] {manager.py:879} INFO - 
================================================================================
DAG File Processing Stats

File Path                      PID    Runtime      # DAGs    # Errors  Last Runtime    Last Run
-----------------------------  -----  ---------  --------  ----------  --------------  -------------------
/opt/airflow/dags/pipeline.py                           1           0  1.96s           2026-02-26T02:04:33
================================================================================
[2026-02-26T02:05:04.563+0000] {manager.py:879} INFO - 
================================================================================
DAG File Processing Stats

File Path                        PID  Runtime      # DAGs    # Errors  Last Runtime    Last Run
-----------------------------  -----  ---------  --------  ----------  --------------  -------------------
/opt/airflow/dags/pipeline.py   1126  1.02s             1           0  1.96s           2026-02-26T02:04:33
================================================================================
[2026-02-26T02:05:34.813+0000] {manager.py:879} INFO - 
================================================================================
DAG File Processing Stats

File Path                      PID    Runtime      # DAGs    # Errors  Last Runtime    Last Run
-----------------------------  -----  ---------  --------  ----------  --------------  -------------------
/opt/airflow/dags/pipeline.py                           1           0  1.97s           2026-02-26T02:05:05
================================================================================
[2026-02-26T02:05:35.165+0000] {manager.py:451} INFO - Exiting gracefully upon receiving signal 15
[2026-02-26T02:08:19.280+0000] {manager.py:469} INFO - Processing files using up to 2 processes at a time 
[2026-02-26T02:08:19.281+0000] {manager.py:470} INFO - Process each file at most once every 30 seconds
[2026-02-26T02:08:19.281+0000] {manager.py:471} INFO - Checking for new files in /opt/airflow/dags every 300 seconds
[2026-02-26T02:08:19.282+0000] {manager.py:738} INFO - Searching for files in /opt/airflow/dags
[2026-02-26T02:08:19.298+0000] {manager.py:741} INFO - There are 1 files in /opt/airflow/dags
[2026-02-26T02:08:19.409+0000] {manager.py:879} INFO - 
================================================================================
DAG File Processing Stats

File Path                        PID  Runtime      # DAGs    # Errors  Last Runtime    Last Run
-----------------------------  -----  ---------  --------  ----------  --------------  ----------
/opt/airflow/dags/pipeline.py     65  0.04s             0           0
================================================================================
[2026-02-26T02:08:49.658+0000] {manager.py:879} INFO - 
================================================================================
DAG File Processing Stats

File Path                      PID    Runtime      # DAGs    # Errors  Last Runtime    Last Run
-----------------------------  -----  ---------  --------  ----------  --------------  -------------------
/opt/airflow/dags/pipeline.py                           1           0  2.23s           2026-02-26T02:08:21
================================================================================
[2026-02-26T02:09:19.996+0000] {manager.py:879} INFO - 
================================================================================
DAG File Processing Stats

File Path                      PID    Runtime      # DAGs    # Errors  Last Runtime    Last Run
-----------------------------  -----  ---------  --------  ----------  --------------  -------------------
/opt/airflow/dags/pipeline.py                           1           0  2.14s           2026-02-26T02:08:53
================================================================================
[2026-02-26T02:09:50.129+0000] {manager.py:879} INFO - 
================================================================================
DAG File Processing Stats

File Path                      PID    Runtime      # DAGs    # Errors  Last Runtime    Last Run
-----------------------------  -----  ---------  --------  ----------  --------------  -------------------
/opt/airflow/dags/pipeline.py                           1           0  1.81s           2026-02-26T02:09:25
================================================================================
[2026-02-26T02:10:20.266+0000] {manager.py:879} INFO - 
================================================================================
DAG File Processing Stats

File Path                      PID    Runtime      # DAGs    # Errors  Last Runtime    Last Run
-----------------------------  -----  ---------  --------  ----------  --------------  -------------------
/opt/airflow/dags/pipeline.py                           1           0  1.83s           2026-02-26T02:09:58
================================================================================
[2026-02-26T02:10:50.356+0000] {manager.py:879} INFO - 
================================================================================
DAG File Processing Stats

File Path                      PID    Runtime      # DAGs    # Errors  Last Runtime    Last Run
-----------------------------  -----  ---------  --------  ----------  --------------  -------------------
/opt/airflow/dags/pipeline.py                           1           0  1.78s           2026-02-26T02:10:30
================================================================================
[2026-02-26T02:11:20.452+0000] {manager.py:879} INFO - 
================================================================================
DAG File Processing Stats

File Path                      PID    Runtime      # DAGs    # Errors  Last Runtime    Last Run
-----------------------------  -----  ---------  --------  ----------  --------------  -------------------
/opt/airflow/dags/pipeline.py                           1           0  1.80s           2026-02-26T02:11:02
================================================================================
[2026-02-26T02:11:50.777+0000] {manager.py:879} INFO - 
================================================================================
DAG File Processing Stats

File Path                      PID    Runtime      # DAGs    # Errors  Last Runtime    Last Run
-----------------------------  -----  ---------  --------  ----------  --------------  -------------------
/opt/airflow/dags/pipeline.py                           1           0  1.69s           2026-02-26T02:11:34
================================================================================
[2026-02-26T02:12:21.110+0000] {manager.py:879} INFO - 
================================================================================
DAG File Processing Stats

File Path                      PID    Runtime      # DAGs    # Errors  Last Runtime    Last Run
-----------------------------  -----  ---------  --------  ----------  --------------  -------------------
/opt/airflow/dags/pipeline.py                           1           0  1.88s           2026-02-26T02:12:06
================================================================================
[2026-02-26T02:12:51.399+0000] {manager.py:879} INFO - 
================================================================================
DAG File Processing Stats

File Path                      PID    Runtime      # DAGs    # Errors  Last Runtime    Last Run
-----------------------------  -----  ---------  --------  ----------  --------------  -------------------
/opt/airflow/dags/pipeline.py                           1           0  1.76s           2026-02-26T02:12:38
================================================================================
[2026-02-26T02:13:19.438+0000] {manager.py:738} INFO - Searching for files in /opt/airflow/dags
[2026-02-26T02:13:19.494+0000] {manager.py:741} INFO - There are 1 files in /opt/airflow/dags
[2026-02-26T02:13:21.540+0000] {manager.py:879} INFO - 
================================================================================
DAG File Processing Stats

File Path                      PID    Runtime      # DAGs    # Errors  Last Runtime    Last Run
-----------------------------  -----  ---------  --------  ----------  --------------  -------------------
/opt/airflow/dags/pipeline.py                           1           0  1.75s           2026-02-26T02:13:10
================================================================================
[2026-02-26T02:13:51.547+0000] {manager.py:879} INFO - 
================================================================================
DAG File Processing Stats

File Path                      PID    Runtime      # DAGs    # Errors  Last Runtime    Last Run
-----------------------------  -----  ---------  --------  ----------  --------------  -------------------
/opt/airflow/dags/pipeline.py                           1           0  1.69s           2026-02-26T02:13:42
================================================================================
[2026-02-26T02:14:21.748+0000] {manager.py:879} INFO - 
================================================================================
DAG File Processing Stats

File Path                      PID    Runtime      # DAGs    # Errors  Last Runtime    Last Run
-----------------------------  -----  ---------  --------  ----------  --------------  -------------------
/opt/airflow/dags/pipeline.py                           1           0  1.89s           2026-02-26T02:14:14
================================================================================
[2026-02-26T02:14:52.060+0000] {manager.py:879} INFO - 
================================================================================
DAG File Processing Stats

File Path                      PID    Runtime      # DAGs    # Errors  Last Runtime    Last Run
-----------------------------  -----  ---------  --------  ----------  --------------  -------------------
/opt/airflow/dags/pipeline.py                           1           0  2.00s           2026-02-26T02:14:47
================================================================================
[2026-02-26T02:15:19.890+0000] {manager.py:451} INFO - Exiting gracefully upon receiving signal 15
[2026-02-26T02:16:19.847+0000] {manager.py:469} INFO - Processing files using up to 2 processes at a time 
[2026-02-26T02:16:19.848+0000] {manager.py:470} INFO - Process each file at most once every 30 seconds
[2026-02-26T02:16:19.849+0000] {manager.py:471} INFO - Checking for new files in /opt/airflow/dags every 300 seconds
[2026-02-26T02:16:19.850+0000] {manager.py:738} INFO - Searching for files in /opt/airflow/dags
[2026-02-26T02:16:19.886+0000] {manager.py:741} INFO - There are 1 files in /opt/airflow/dags
[2026-02-26T02:16:20.061+0000] {manager.py:879} INFO - 
================================================================================
DAG File Processing Stats

File Path                        PID  Runtime      # DAGs    # Errors  Last Runtime    Last Run
-----------------------------  -----  ---------  --------  ----------  --------------  ----------
/opt/airflow/dags/pipeline.py     65  0.08s             0           0
================================================================================
[2026-02-26T02:16:50.356+0000] {manager.py:879} INFO - 
================================================================================
DAG File Processing Stats

File Path                      PID    Runtime      # DAGs    # Errors  Last Runtime    Last Run
-----------------------------  -----  ---------  --------  ----------  --------------  -------------------
/opt/airflow/dags/pipeline.py                           1           0  3.62s           2026-02-26T02:16:23
================================================================================
[2026-02-26T02:17:20.623+0000] {manager.py:879} INFO - 
================================================================================
DAG File Processing Stats

File Path                      PID    Runtime      # DAGs    # Errors  Last Runtime    Last Run
-----------------------------  -----  ---------  --------  ----------  --------------  -------------------
/opt/airflow/dags/pipeline.py                           1           0  1.78s           2026-02-26T02:16:55
================================================================================
[2026-02-26T02:17:51.220+0000] {manager.py:879} INFO - 
================================================================================
DAG File Processing Stats

File Path                      PID    Runtime      # DAGs    # Errors  Last Runtime    Last Run
-----------------------------  -----  ---------  --------  ----------  --------------  -------------------
/opt/airflow/dags/pipeline.py                           1           0  2.28s           2026-02-26T02:17:28
================================================================================
[2026-02-26T02:18:21.497+0000] {manager.py:879} INFO - 
================================================================================
DAG File Processing Stats

File Path                      PID    Runtime      # DAGs    # Errors  Last Runtime    Last Run
-----------------------------  -----  ---------  --------  ----------  --------------  -------------------
/opt/airflow/dags/pipeline.py                           1           0  1.96s           2026-02-26T02:18:00
================================================================================
[2026-02-26T02:18:51.722+0000] {manager.py:879} INFO - 
================================================================================
DAG File Processing Stats

File Path                      PID    Runtime      # DAGs    # Errors  Last Runtime    Last Run
-----------------------------  -----  ---------  --------  ----------  --------------  -------------------
/opt/airflow/dags/pipeline.py                           1           0  1.90s           2026-02-26T02:18:32
================================================================================
[2026-02-26T02:19:21.828+0000] {manager.py:879} INFO - 
================================================================================
DAG File Processing Stats

File Path                      PID    Runtime      # DAGs    # Errors  Last Runtime    Last Run
-----------------------------  -----  ---------  --------  ----------  --------------  -------------------
/opt/airflow/dags/pipeline.py                           1           0  1.78s           2026-02-26T02:19:04
================================================================================
[2026-02-26T02:19:51.987+0000] {manager.py:879} INFO - 
================================================================================
DAG File Processing Stats

File Path                      PID    Runtime      # DAGs    # Errors  Last Runtime    Last Run
-----------------------------  -----  ---------  --------  ----------  --------------  -------------------
/opt/airflow/dags/pipeline.py                           1           0  1.84s           2026-02-26T02:19:36
================================================================================
[2026-02-26T02:20:22.116+0000] {manager.py:879} INFO - 
================================================================================
DAG File Processing Stats

File Path                      PID    Runtime      # DAGs    # Errors  Last Runtime    Last Run
-----------------------------  -----  ---------  --------  ----------  --------------  -------------------
/opt/airflow/dags/pipeline.py                           1           0  1.84s           2026-02-26T02:20:08
================================================================================
[2026-02-26T02:20:52.433+0000] {manager.py:879} INFO - 
================================================================================
DAG File Processing Stats

File Path                      PID    Runtime      # DAGs    # Errors  Last Runtime    Last Run
-----------------------------  -----  ---------  --------  ----------  --------------  -------------------
/opt/airflow/dags/pipeline.py                           1           0  2.02s           2026-02-26T02:20:41
================================================================================
[2026-02-26T02:21:20.362+0000] {manager.py:738} INFO - Searching for files in /opt/airflow/dags
[2026-02-26T02:21:20.394+0000] {manager.py:741} INFO - There are 1 files in /opt/airflow/dags
[2026-02-26T02:21:22.433+0000] {manager.py:879} INFO - 
================================================================================
DAG File Processing Stats

File Path                      PID    Runtime      # DAGs    # Errors  Last Runtime    Last Run
-----------------------------  -----  ---------  --------  ----------  --------------  -------------------
/opt/airflow/dags/pipeline.py                           1           0  1.79s           2026-02-26T02:21:13
================================================================================
[2026-02-26T02:21:52.525+0000] {manager.py:879} INFO - 
================================================================================
DAG File Processing Stats

File Path                      PID    Runtime      # DAGs    # Errors  Last Runtime    Last Run
-----------------------------  -----  ---------  --------  ----------  --------------  -------------------
/opt/airflow/dags/pipeline.py                           1           0  1.79s           2026-02-26T02:21:45
================================================================================
[2026-02-26T02:22:22.678+0000] {manager.py:879} INFO - 
================================================================================
DAG File Processing Stats

File Path                      PID    Runtime      # DAGs    # Errors  Last Runtime    Last Run
-----------------------------  -----  ---------  --------  ----------  --------------  -------------------
/opt/airflow/dags/pipeline.py                           1           0  1.83s           2026-02-26T02:22:17
================================================================================
[2026-02-26T02:22:52.976+0000] {manager.py:879} INFO - 
================================================================================
DAG File Processing Stats

File Path                      PID    Runtime      # DAGs    # Errors  Last Runtime    Last Run
-----------------------------  -----  ---------  --------  ----------  --------------  -------------------
/opt/airflow/dags/pipeline.py                           1           0  2.00s           2026-02-26T02:22:49
================================================================================
[2026-02-26T02:23:23.856+0000] {manager.py:879} INFO - 
================================================================================
DAG File Processing Stats

File Path                      PID    Runtime      # DAGs    # Errors  Last Runtime    Last Run
-----------------------------  -----  ---------  --------  ----------  --------------  -------------------
/opt/airflow/dags/pipeline.py                           1           0  1.96s           2026-02-26T02:23:22
================================================================================
[2026-02-26T02:23:54.205+0000] {manager.py:879} INFO - 
================================================================================
DAG File Processing Stats

File Path                        PID  Runtime      # DAGs    # Errors  Last Runtime    Last Run
-----------------------------  -----  ---------  --------  ----------  --------------  -------------------
/opt/airflow/dags/pipeline.py    573  1.02s             1           0  1.96s           2026-02-26T02:23:22
================================================================================
[2026-02-26T02:24:24.349+0000] {manager.py:879} INFO - 
================================================================================
DAG File Processing Stats

File Path                      PID    Runtime      # DAGs    # Errors  Last Runtime    Last Run
-----------------------------  -----  ---------  --------  ----------  --------------  -------------------
/opt/airflow/dags/pipeline.py                           1           0  1.89s           2026-02-26T02:23:55
================================================================================
[2026-02-26T02:24:54.556+0000] {manager.py:879} INFO - 
================================================================================
DAG File Processing Stats

File Path                      PID    Runtime      # DAGs    # Errors  Last Runtime    Last Run
-----------------------------  -----  ---------  --------  ----------  --------------  -------------------
/opt/airflow/dags/pipeline.py                           1           0  1.88s           2026-02-26T02:24:27
================================================================================
[2026-02-26T02:25:24.805+0000] {manager.py:879} INFO - 
================================================================================
DAG File Processing Stats

File Path                      PID    Runtime      # DAGs    # Errors  Last Runtime    Last Run
-----------------------------  -----  ---------  --------  ----------  --------------  -------------------
/opt/airflow/dags/pipeline.py                           1           0  1.91s           2026-02-26T02:24:59
================================================================================
[2026-02-26T02:25:55.001+0000] {manager.py:879} INFO - 
================================================================================
DAG File Processing Stats

File Path                      PID    Runtime      # DAGs    # Errors  Last Runtime    Last Run
-----------------------------  -----  ---------  --------  ----------  --------------  -------------------
/opt/airflow/dags/pipeline.py                           1           0  1.91s           2026-02-26T02:25:31
================================================================================
[2026-02-26T02:26:20.580+0000] {manager.py:738} INFO - Searching for files in /opt/airflow/dags
[2026-02-26T02:26:20.621+0000] {manager.py:741} INFO - There are 1 files in /opt/airflow/dags
[2026-02-26T02:26:25.142+0000] {manager.py:879} INFO - 
================================================================================
DAG File Processing Stats

File Path                      PID    Runtime      # DAGs    # Errors  Last Runtime    Last Run
-----------------------------  -----  ---------  --------  ----------  --------------  -------------------
/opt/airflow/dags/pipeline.py                           1           0  1.85s           2026-02-26T02:26:03
================================================================================
[2026-02-26T02:26:55.216+0000] {manager.py:879} INFO - 
================================================================================
DAG File Processing Stats

File Path                      PID    Runtime      # DAGs    # Errors  Last Runtime    Last Run
-----------------------------  -----  ---------  --------  ----------  --------------  -------------------
/opt/airflow/dags/pipeline.py                           1           0  1.80s           2026-02-26T02:26:36
================================================================================
[2026-02-26T02:27:25.512+0000] {manager.py:879} INFO - 
================================================================================
DAG File Processing Stats

File Path                      PID    Runtime      # DAGs    # Errors  Last Runtime    Last Run
-----------------------------  -----  ---------  --------  ----------  --------------  -------------------
/opt/airflow/dags/pipeline.py                           1           0  1.70s           2026-02-26T02:27:07
================================================================================
[2026-02-26T02:27:55.807+0000] {manager.py:879} INFO - 
================================================================================
DAG File Processing Stats

File Path                      PID    Runtime      # DAGs    # Errors  Last Runtime    Last Run
-----------------------------  -----  ---------  --------  ----------  --------------  -------------------
/opt/airflow/dags/pipeline.py                           1           0  1.96s           2026-02-26T02:27:40
================================================================================
[2026-02-26T02:28:26.655+0000] {manager.py:879} INFO - 
================================================================================
DAG File Processing Stats

File Path                      PID    Runtime      # DAGs    # Errors  Last Runtime    Last Run
-----------------------------  -----  ---------  --------  ----------  --------------  -------------------
/opt/airflow/dags/pipeline.py                           1           0  2.08s           2026-02-26T02:28:12
================================================================================
[2026-02-26T02:28:56.877+0000] {manager.py:879} INFO - 
================================================================================
DAG File Processing Stats

File Path                      PID    Runtime      # DAGs    # Errors  Last Runtime    Last Run
-----------------------------  -----  ---------  --------  ----------  --------------  -------------------
/opt/airflow/dags/pipeline.py                           1           0  1.91s           2026-02-26T02:28:44
================================================================================
[2026-02-26T02:29:27.072+0000] {manager.py:879} INFO - 
================================================================================
DAG File Processing Stats

File Path                      PID    Runtime      # DAGs    # Errors  Last Runtime    Last Run
-----------------------------  -----  ---------  --------  ----------  --------------  -------------------
/opt/airflow/dags/pipeline.py                           1           0  1.89s           2026-02-26T02:29:16
================================================================================
[2026-02-26T02:29:57.298+0000] {manager.py:879} INFO - 
================================================================================
DAG File Processing Stats

File Path                      PID    Runtime      # DAGs    # Errors  Last Runtime    Last Run
-----------------------------  -----  ---------  --------  ----------  --------------  -------------------
/opt/airflow/dags/pipeline.py                           1           0  1.91s           2026-02-26T02:29:49
================================================================================
[2026-02-26T02:30:27.436+0000] {manager.py:879} INFO - 
================================================================================
DAG File Processing Stats

File Path                      PID    Runtime      # DAGs    # Errors  Last Runtime    Last Run
-----------------------------  -----  ---------  --------  ----------  --------------  -------------------
/opt/airflow/dags/pipeline.py                           1           0  1.82s           2026-02-26T02:30:21
================================================================================
[2026-02-26T02:30:57.522+0000] {manager.py:879} INFO - 
================================================================================
DAG File Processing Stats

File Path                      PID    Runtime      # DAGs    # Errors  Last Runtime    Last Run
-----------------------------  -----  ---------  --------  ----------  --------------  -------------------
/opt/airflow/dags/pipeline.py                           1           0  1.79s           2026-02-26T02:30:53
================================================================================
[2026-02-26T02:31:20.749+0000] {manager.py:738} INFO - Searching for files in /opt/airflow/dags
[2026-02-26T02:31:20.807+0000] {manager.py:741} INFO - There are 1 files in /opt/airflow/dags
[2026-02-26T02:31:27.779+0000] {manager.py:879} INFO - 
================================================================================
DAG File Processing Stats

File Path                      PID    Runtime      # DAGs    # Errors  Last Runtime    Last Run
-----------------------------  -----  ---------  --------  ----------  --------------  -------------------
/opt/airflow/dags/pipeline.py                           1           0  1.87s           2026-02-26T02:31:25
================================================================================
[2026-02-26T02:31:57.941+0000] {manager.py:879} INFO - 
================================================================================
DAG File Processing Stats

File Path                      PID    Runtime      # DAGs    # Errors  Last Runtime    Last Run
-----------------------------  -----  ---------  --------  ----------  --------------  -------------------
/opt/airflow/dags/pipeline.py                           1           0  1.83s           2026-02-26T02:31:57
================================================================================
[2026-02-26T02:32:28.085+0000] {manager.py:879} INFO - 
================================================================================
DAG File Processing Stats

File Path                        PID  Runtime      # DAGs    # Errors  Last Runtime    Last Run
-----------------------------  -----  ---------  --------  ----------  --------------  -------------------
/opt/airflow/dags/pipeline.py    941  0.01s             1           0  1.83s           2026-02-26T02:31:57
================================================================================
[2026-02-26T02:32:58.283+0000] {manager.py:879} INFO - 
================================================================================
DAG File Processing Stats

File Path                      PID    Runtime      # DAGs    # Errors  Last Runtime    Last Run
-----------------------------  -----  ---------  --------  ----------  --------------  -------------------
/opt/airflow/dags/pipeline.py                           1           0  1.88s           2026-02-26T02:32:29
================================================================================
[2026-02-26T02:33:28.477+0000] {manager.py:879} INFO - 
================================================================================
DAG File Processing Stats

File Path                      PID    Runtime      # DAGs    # Errors  Last Runtime    Last Run
-----------------------------  -----  ---------  --------  ----------  --------------  -------------------
/opt/airflow/dags/pipeline.py                           1           0  1.89s           2026-02-26T02:33:02
================================================================================
[2026-02-26T02:33:58.696+0000] {manager.py:879} INFO - 
================================================================================
DAG File Processing Stats

File Path                      PID    Runtime      # DAGs    # Errors  Last Runtime    Last Run
-----------------------------  -----  ---------  --------  ----------  --------------  -------------------
/opt/airflow/dags/pipeline.py                           1           0  1.91s           2026-02-26T02:33:34
================================================================================
[2026-02-26T02:34:28.808+0000] {manager.py:879} INFO - 
================================================================================
DAG File Processing Stats

File Path                      PID    Runtime      # DAGs    # Errors  Last Runtime    Last Run
-----------------------------  -----  ---------  --------  ----------  --------------  -------------------
/opt/airflow/dags/pipeline.py                           1           0  1.80s           2026-02-26T02:34:06
================================================================================
[2026-02-26T02:34:58.855+0000] {manager.py:879} INFO - 
================================================================================
DAG File Processing Stats

File Path                      PID    Runtime      # DAGs    # Errors  Last Runtime    Last Run
-----------------------------  -----  ---------  --------  ----------  --------------  -------------------
/opt/airflow/dags/pipeline.py                           1           0  1.76s           2026-02-26T02:34:38
================================================================================
[2026-02-26T02:35:29.181+0000] {manager.py:879} INFO - 
================================================================================
DAG File Processing Stats

File Path                      PID    Runtime      # DAGs    # Errors  Last Runtime    Last Run
-----------------------------  -----  ---------  --------  ----------  --------------  -------------------
/opt/airflow/dags/pipeline.py                           1           0  1.67s           2026-02-26T02:35:10
================================================================================
[2026-02-26T02:35:59.490+0000] {manager.py:879} INFO - 
================================================================================
DAG File Processing Stats

File Path                      PID    Runtime      # DAGs    # Errors  Last Runtime    Last Run
-----------------------------  -----  ---------  --------  ----------  --------------  -------------------
/opt/airflow/dags/pipeline.py                           1           0  1.85s           2026-02-26T02:35:42
================================================================================
[2026-02-26T02:36:21.045+0000] {manager.py:738} INFO - Searching for files in /opt/airflow/dags
[2026-02-26T02:36:21.100+0000] {manager.py:741} INFO - There are 1 files in /opt/airflow/dags
[2026-02-26T02:36:29.799+0000] {manager.py:879} INFO - 
================================================================================
DAG File Processing Stats

File Path                      PID    Runtime      # DAGs    # Errors  Last Runtime    Last Run
-----------------------------  -----  ---------  --------  ----------  --------------  -------------------
/opt/airflow/dags/pipeline.py                           1           0  1.91s           2026-02-26T02:36:14
================================================================================
[2026-02-26T02:37:00.129+0000] {manager.py:879} INFO - 
================================================================================
DAG File Processing Stats

File Path                      PID    Runtime      # DAGs    # Errors  Last Runtime    Last Run
-----------------------------  -----  ---------  --------  ----------  --------------  -------------------
/opt/airflow/dags/pipeline.py                           1           0  1.87s           2026-02-26T02:36:47
================================================================================
[2026-02-26T02:37:30.309+0000] {manager.py:879} INFO - 
================================================================================
DAG File Processing Stats

File Path                      PID    Runtime      # DAGs    # Errors  Last Runtime    Last Run
-----------------------------  -----  ---------  --------  ----------  --------------  -------------------
/opt/airflow/dags/pipeline.py                           1           0  1.86s           2026-02-26T02:37:19
================================================================================
[2026-02-26T02:38:00.567+0000] {manager.py:879} INFO - 
================================================================================
DAG File Processing Stats

File Path                      PID    Runtime      # DAGs    # Errors  Last Runtime    Last Run
-----------------------------  -----  ---------  --------  ----------  --------------  -------------------
/opt/airflow/dags/pipeline.py                           1           0  1.93s           2026-02-26T02:37:51
================================================================================
[2026-02-26T02:38:30.745+0000] {manager.py:879} INFO - 
================================================================================
DAG File Processing Stats

File Path                      PID    Runtime      # DAGs    # Errors  Last Runtime    Last Run
-----------------------------  -----  ---------  --------  ----------  --------------  -------------------
/opt/airflow/dags/pipeline.py                           1           0  1.87s           2026-02-26T02:38:23
================================================================================
[2026-02-26T02:39:01.028+0000] {manager.py:879} INFO - 
================================================================================
DAG File Processing Stats

File Path                      PID    Runtime      # DAGs    # Errors  Last Runtime    Last Run
-----------------------------  -----  ---------  --------  ----------  --------------  -------------------
/opt/airflow/dags/pipeline.py                           1           0  1.94s           2026-02-26T02:38:55
================================================================================
[2026-02-26T02:39:31.075+0000] {manager.py:879} INFO - 
================================================================================
DAG File Processing Stats

File Path                      PID    Runtime      # DAGs    # Errors  Last Runtime    Last Run
-----------------------------  -----  ---------  --------  ----------  --------------  -------------------
/opt/airflow/dags/pipeline.py                           1           0  1.73s           2026-02-26T02:39:28
================================================================================
[2026-02-26T02:40:01.117+0000] {manager.py:879} INFO - 
================================================================================
DAG File Processing Stats

File Path                      PID    Runtime      # DAGs    # Errors  Last Runtime    Last Run
-----------------------------  -----  ---------  --------  ----------  --------------  -------------------
/opt/airflow/dags/pipeline.py                           1           0  1.92s           2026-02-26T02:40:00
================================================================================
[2026-02-26T02:40:31.474+0000] {manager.py:879} INFO - 
================================================================================
DAG File Processing Stats

File Path                        PID  Runtime      # DAGs    # Errors  Last Runtime    Last Run
-----------------------------  -----  ---------  --------  ----------  --------------  -------------------
/opt/airflow/dags/pipeline.py   1286  1.02s             1           0  1.92s           2026-02-26T02:40:00
================================================================================
[2026-02-26T02:41:01.680+0000] {manager.py:879} INFO - 
================================================================================
DAG File Processing Stats

File Path                      PID    Runtime      # DAGs    # Errors  Last Runtime    Last Run
-----------------------------  -----  ---------  --------  ----------  --------------  -------------------
/opt/airflow/dags/pipeline.py                           1           0  1.92s           2026-02-26T02:40:32
================================================================================
[2026-02-26T02:41:06.037+0000] {manager.py:451} INFO - Exiting gracefully upon receiving signal 15
[2026-02-26T02:55:16.886+0000] {manager.py:469} INFO - Processing files using up to 2 processes at a time 
[2026-02-26T02:55:16.889+0000] {manager.py:470} INFO - Process each file at most once every 30 seconds
[2026-02-26T02:55:16.891+0000] {manager.py:471} INFO - Checking for new files in /opt/airflow/dags every 300 seconds
[2026-02-26T02:55:16.892+0000] {manager.py:738} INFO - Searching for files in /opt/airflow/dags
[2026-02-26T02:55:16.924+0000] {manager.py:741} INFO - There are 1 files in /opt/airflow/dags
[2026-02-26T02:55:17.102+0000] {manager.py:879} INFO - 
================================================================================
DAG File Processing Stats

File Path                        PID  Runtime      # DAGs    # Errors  Last Runtime    Last Run
-----------------------------  -----  ---------  --------  ----------  --------------  ----------
/opt/airflow/dags/pipeline.py     65  0.08s             0           0
================================================================================
[2026-02-26T02:55:47.345+0000] {manager.py:879} INFO - 
================================================================================
DAG File Processing Stats

File Path                      PID    Runtime      # DAGs    # Errors  Last Runtime    Last Run
-----------------------------  -----  ---------  --------  ----------  --------------  -------------------
/opt/airflow/dags/pipeline.py                           1           0  5.71s           2026-02-26T02:55:22
================================================================================
[2026-02-26T02:56:17.435+0000] {manager.py:879} INFO - 
================================================================================
DAG File Processing Stats

File Path                      PID    Runtime      # DAGs    # Errors  Last Runtime    Last Run
-----------------------------  -----  ---------  --------  ----------  --------------  -------------------
/opt/airflow/dags/pipeline.py                           1           0  2.19s           2026-02-26T02:55:55
================================================================================
[2026-02-26T02:56:47.608+0000] {manager.py:879} INFO - 
================================================================================
DAG File Processing Stats

File Path                      PID    Runtime      # DAGs    # Errors  Last Runtime    Last Run
-----------------------------  -----  ---------  --------  ----------  --------------  -------------------
/opt/airflow/dags/pipeline.py                           1           0  1.84s           2026-02-26T02:56:27
================================================================================
[2026-02-26T02:57:17.776+0000] {manager.py:879} INFO - 
================================================================================
DAG File Processing Stats

File Path                      PID    Runtime      # DAGs    # Errors  Last Runtime    Last Run
-----------------------------  -----  ---------  --------  ----------  --------------  -------------------
/opt/airflow/dags/pipeline.py                           1           0  1.84s           2026-02-26T02:56:59
================================================================================
[2026-02-26T02:57:47.815+0000] {manager.py:879} INFO - 
================================================================================
DAG File Processing Stats

File Path                      PID    Runtime      # DAGs    # Errors  Last Runtime    Last Run
-----------------------------  -----  ---------  --------  ----------  --------------  -------------------
/opt/airflow/dags/pipeline.py                           1           0  1.74s           2026-02-26T02:57:31
================================================================================
[2026-02-26T02:58:17.899+0000] {manager.py:879} INFO - 
================================================================================
DAG File Processing Stats

File Path                      PID    Runtime      # DAGs    # Errors  Last Runtime    Last Run
-----------------------------  -----  ---------  --------  ----------  --------------  -------------------
/opt/airflow/dags/pipeline.py                           1           0  1.78s           2026-02-26T02:58:03
================================================================================
[2026-02-26T02:58:47.986+0000] {manager.py:879} INFO - 
================================================================================
DAG File Processing Stats

File Path                      PID    Runtime      # DAGs    # Errors  Last Runtime    Last Run
-----------------------------  -----  ---------  --------  ----------  --------------  -------------------
/opt/airflow/dags/pipeline.py                           1           0  2.04s           2026-02-26T02:58:35
================================================================================
[2026-02-26T02:59:18.067+0000] {manager.py:879} INFO - 
================================================================================
DAG File Processing Stats

File Path                      PID    Runtime      # DAGs    # Errors  Last Runtime    Last Run
-----------------------------  -----  ---------  --------  ----------  --------------  -------------------
/opt/airflow/dags/pipeline.py                           1           0  1.78s           2026-02-26T02:59:07
================================================================================
[2026-02-26T02:59:48.175+0000] {manager.py:879} INFO - 
================================================================================
DAG File Processing Stats

File Path                      PID    Runtime      # DAGs    # Errors  Last Runtime    Last Run
-----------------------------  -----  ---------  --------  ----------  --------------  -------------------
/opt/airflow/dags/pipeline.py                           1           0  1.80s           2026-02-26T02:59:40
================================================================================
[2026-02-26T03:00:17.206+0000] {manager.py:738} INFO - Searching for files in /opt/airflow/dags
[2026-02-26T03:00:17.260+0000] {manager.py:741} INFO - There are 1 files in /opt/airflow/dags
[2026-02-26T03:00:18.296+0000] {manager.py:879} INFO - 
================================================================================
DAG File Processing Stats

File Path                      PID    Runtime      # DAGs    # Errors  Last Runtime    Last Run
-----------------------------  -----  ---------  --------  ----------  --------------  -------------------
/opt/airflow/dags/pipeline.py                           1           0  1.74s           2026-02-26T03:00:12
================================================================================
[2026-02-26T03:00:48.341+0000] {manager.py:879} INFO - 
================================================================================
DAG File Processing Stats

File Path                      PID    Runtime      # DAGs    # Errors  Last Runtime    Last Run
-----------------------------  -----  ---------  --------  ----------  --------------  -------------------
/opt/airflow/dags/pipeline.py                           1           0  1.75s           2026-02-26T03:00:44
================================================================================
[2026-02-26T03:01:18.394+0000] {manager.py:879} INFO - 
================================================================================
DAG File Processing Stats

File Path                      PID    Runtime      # DAGs    # Errors  Last Runtime    Last Run
-----------------------------  -----  ---------  --------  ----------  --------------  -------------------
/opt/airflow/dags/pipeline.py                           1           0  1.85s           2026-02-26T03:01:16
================================================================================
[2026-02-26T03:01:48.602+0000] {manager.py:879} INFO - 
================================================================================
DAG File Processing Stats

File Path                      PID    Runtime      # DAGs    # Errors  Last Runtime    Last Run
-----------------------------  -----  ---------  --------  ----------  --------------  -------------------
/opt/airflow/dags/pipeline.py                           1           0  1.84s           2026-02-26T03:01:48
================================================================================
[2026-02-26T03:02:18.947+0000] {manager.py:879} INFO - 
================================================================================
DAG File Processing Stats

File Path                        PID  Runtime      # DAGs    # Errors  Last Runtime    Last Run
-----------------------------  -----  ---------  --------  ----------  --------------  -------------------
/opt/airflow/dags/pipeline.py    551  0.01s             1           0  1.84s           2026-02-26T03:01:48
================================================================================
[2026-02-26T03:02:49.141+0000] {manager.py:879} INFO - 
================================================================================
DAG File Processing Stats

File Path                      PID    Runtime      # DAGs    # Errors  Last Runtime    Last Run
-----------------------------  -----  ---------  --------  ----------  --------------  -------------------
/opt/airflow/dags/pipeline.py                           1           0  1.91s           2026-02-26T03:02:20
================================================================================
[2026-02-26T03:03:19.327+0000] {manager.py:879} INFO - 
================================================================================
DAG File Processing Stats

File Path                      PID    Runtime      # DAGs    # Errors  Last Runtime    Last Run
-----------------------------  -----  ---------  --------  ----------  --------------  -------------------
/opt/airflow/dags/pipeline.py                           1           0  1.90s           2026-02-26T03:02:53
================================================================================
[2026-02-26T03:03:49.640+0000] {manager.py:879} INFO - 
================================================================================
DAG File Processing Stats

File Path                      PID    Runtime      # DAGs    # Errors  Last Runtime    Last Run
-----------------------------  -----  ---------  --------  ----------  --------------  -------------------
/opt/airflow/dags/pipeline.py                           1           0  2.00s           2026-02-26T03:03:25
================================================================================
[2026-02-26T03:04:19.895+0000] {manager.py:879} INFO - 
================================================================================
DAG File Processing Stats

File Path                      PID    Runtime      # DAGs    # Errors  Last Runtime    Last Run
-----------------------------  -----  ---------  --------  ----------  --------------  -------------------
/opt/airflow/dags/pipeline.py                           1           0  1.97s           2026-02-26T03:03:57
================================================================================
[2026-02-26T03:04:45.841+0000] {manager.py:451} INFO - Exiting gracefully upon receiving signal 15
[2026-02-26T03:05:42.276+0000] {manager.py:469} INFO - Processing files using up to 2 processes at a time 
[2026-02-26T03:05:42.277+0000] {manager.py:470} INFO - Process each file at most once every 30 seconds
[2026-02-26T03:05:42.278+0000] {manager.py:471} INFO - Checking for new files in /opt/airflow/dags every 300 seconds
[2026-02-26T03:05:42.279+0000] {manager.py:738} INFO - Searching for files in /opt/airflow/dags
[2026-02-26T03:05:42.304+0000] {manager.py:741} INFO - There are 1 files in /opt/airflow/dags
[2026-02-26T03:05:42.439+0000] {manager.py:879} INFO - 
================================================================================
DAG File Processing Stats

File Path                        PID  Runtime      # DAGs    # Errors  Last Runtime    Last Run
-----------------------------  -----  ---------  --------  ----------  --------------  ----------
/opt/airflow/dags/pipeline.py     64  0.06s             0           0
================================================================================
[2026-02-26T03:06:12.716+0000] {manager.py:879} INFO - 
================================================================================
DAG File Processing Stats

File Path                      PID    Runtime      # DAGs    # Errors  Last Runtime    Last Run
-----------------------------  -----  ---------  --------  ----------  --------------  -------------------
/opt/airflow/dags/pipeline.py                           1           0  3.49s           2026-02-26T03:05:45
================================================================================
[2026-02-26T03:06:43.087+0000] {manager.py:879} INFO - 
================================================================================
DAG File Processing Stats

File Path                      PID    Runtime      # DAGs    # Errors  Last Runtime    Last Run
-----------------------------  -----  ---------  --------  ----------  --------------  -------------------
/opt/airflow/dags/pipeline.py                           1           0  1.71s           2026-02-26T03:06:17
================================================================================
[2026-02-26T03:07:13.596+0000] {manager.py:879} INFO - 
================================================================================
DAG File Processing Stats

File Path                      PID    Runtime      # DAGs    # Errors  Last Runtime    Last Run
-----------------------------  -----  ---------  --------  ----------  --------------  -------------------
/opt/airflow/dags/pipeline.py                           1           0  2.12s           2026-02-26T03:06:50
================================================================================
[2026-02-26T03:07:43.805+0000] {manager.py:879} INFO - 
================================================================================
DAG File Processing Stats

File Path                      PID    Runtime      # DAGs    # Errors  Last Runtime    Last Run
-----------------------------  -----  ---------  --------  ----------  --------------  -------------------
/opt/airflow/dags/pipeline.py                           1           0  1.84s           2026-02-26T03:07:22
================================================================================
[2026-02-26T03:08:13.859+0000] {manager.py:879} INFO - 
================================================================================
DAG File Processing Stats

File Path                      PID    Runtime      # DAGs    # Errors  Last Runtime    Last Run
-----------------------------  -----  ---------  --------  ----------  --------------  -------------------
/opt/airflow/dags/pipeline.py                           1           0  1.75s           2026-02-26T03:07:54
================================================================================
[2026-02-26T03:08:44.024+0000] {manager.py:879} INFO - 
================================================================================
DAG File Processing Stats

File Path                      PID    Runtime      # DAGs    # Errors  Last Runtime    Last Run
-----------------------------  -----  ---------  --------  ----------  --------------  -------------------
/opt/airflow/dags/pipeline.py                           1           0  1.84s           2026-02-26T03:08:26
================================================================================
[2026-02-26T03:09:14.041+0000] {manager.py:879} INFO - 
================================================================================
DAG File Processing Stats

File Path                      PID    Runtime      # DAGs    # Errors  Last Runtime    Last Run
-----------------------------  -----  ---------  --------  ----------  --------------  -------------------
/opt/airflow/dags/pipeline.py                           1           0  1.73s           2026-02-26T03:08:58
================================================================================
[2026-02-26T03:09:44.338+0000] {manager.py:879} INFO - 
================================================================================
DAG File Processing Stats

File Path                      PID    Runtime      # DAGs    # Errors  Last Runtime    Last Run
-----------------------------  -----  ---------  --------  ----------  --------------  -------------------
/opt/airflow/dags/pipeline.py                           1           0  1.74s           2026-02-26T03:09:30
================================================================================
[2026-02-26T03:10:14.357+0000] {manager.py:879} INFO - 
================================================================================
DAG File Processing Stats

File Path                      PID    Runtime      # DAGs    # Errors  Last Runtime    Last Run
-----------------------------  -----  ---------  --------  ----------  --------------  -------------------
/opt/airflow/dags/pipeline.py                           1           0  2.09s           2026-02-26T03:10:03
================================================================================
[2026-02-26T03:10:42.315+0000] {manager.py:738} INFO - Searching for files in /opt/airflow/dags
[2026-02-26T03:10:42.378+0000] {manager.py:741} INFO - There are 1 files in /opt/airflow/dags
[2026-02-26T03:10:44.419+0000] {manager.py:879} INFO - 
================================================================================
DAG File Processing Stats

File Path                      PID    Runtime      # DAGs    # Errors  Last Runtime    Last Run
-----------------------------  -----  ---------  --------  ----------  --------------  -------------------
/opt/airflow/dags/pipeline.py                           1           0  1.75s           2026-02-26T03:10:35
================================================================================
[2026-02-26T03:11:14.700+0000] {manager.py:879} INFO - 
================================================================================
DAG File Processing Stats

File Path                      PID    Runtime      # DAGs    # Errors  Last Runtime    Last Run
-----------------------------  -----  ---------  --------  ----------  --------------  -------------------
/opt/airflow/dags/pipeline.py                           1           0  1.94s           2026-02-26T03:11:07
================================================================================
[2026-02-26T03:11:44.743+0000] {manager.py:879} INFO - 
================================================================================
DAG File Processing Stats

File Path                      PID    Runtime      # DAGs    # Errors  Last Runtime    Last Run
-----------------------------  -----  ---------  --------  ----------  --------------  -------------------
/opt/airflow/dags/pipeline.py                           1           0  1.71s           2026-02-26T03:11:39
================================================================================
[2026-02-26T03:12:14.850+0000] {manager.py:879} INFO - 
================================================================================
DAG File Processing Stats

File Path                      PID    Runtime      # DAGs    # Errors  Last Runtime    Last Run
-----------------------------  -----  ---------  --------  ----------  --------------  -------------------
/opt/airflow/dags/pipeline.py                           1           0  1.79s           2026-02-26T03:12:11
================================================================================
[2026-02-26T03:12:45.149+0000] {manager.py:879} INFO - 
================================================================================
DAG File Processing Stats

File Path                      PID    Runtime      # DAGs    # Errors  Last Runtime    Last Run
-----------------------------  -----  ---------  --------  ----------  --------------  -------------------
/opt/airflow/dags/pipeline.py                           1           0  1.65s           2026-02-26T03:12:43
================================================================================
[2026-02-26T03:13:15.460+0000] {manager.py:879} INFO - 
================================================================================
DAG File Processing Stats

File Path                        PID  Runtime      # DAGs    # Errors  Last Runtime    Last Run
-----------------------------  -----  ---------  --------  ----------  --------------  -------------------
/opt/airflow/dags/pipeline.py    574  1.65s             1           0  1.65s           2026-02-26T03:12:43
================================================================================
[2026-02-26T03:13:45.824+0000] {manager.py:879} INFO - 
================================================================================
DAG File Processing Stats

File Path                        PID  Runtime      # DAGs    # Errors  Last Runtime    Last Run
-----------------------------  -----  ---------  --------  ----------  --------------  -------------------
/opt/airflow/dags/pipeline.py    597  0.01s             1           0  1.69s           2026-02-26T03:13:15
================================================================================
[2026-02-26T03:14:16.128+0000] {manager.py:879} INFO - 
================================================================================
DAG File Processing Stats

File Path                      PID    Runtime      # DAGs    # Errors  Last Runtime    Last Run
-----------------------------  -----  ---------  --------  ----------  --------------  -------------------
/opt/airflow/dags/pipeline.py                           1           0  1.63s           2026-02-26T03:13:47
================================================================================
[2026-02-26T03:14:46.444+0000] {manager.py:879} INFO - 
================================================================================
DAG File Processing Stats

File Path                      PID    Runtime      # DAGs    # Errors  Last Runtime    Last Run
-----------------------------  -----  ---------  --------  ----------  --------------  -------------------
/opt/airflow/dags/pipeline.py                           1           0  1.83s           2026-02-26T03:14:19
================================================================================
[2026-02-26T03:15:16.757+0000] {manager.py:879} INFO - 
================================================================================
DAG File Processing Stats

File Path                      PID    Runtime      # DAGs    # Errors  Last Runtime    Last Run
-----------------------------  -----  ---------  --------  ----------  --------------  -------------------
/opt/airflow/dags/pipeline.py                           1           0  1.75s           2026-02-26T03:14:51
================================================================================
[2026-02-26T03:15:42.745+0000] {manager.py:738} INFO - Searching for files in /opt/airflow/dags
[2026-02-26T03:15:42.795+0000] {manager.py:741} INFO - There are 1 files in /opt/airflow/dags
[2026-02-26T03:15:46.861+0000] {manager.py:879} INFO - 
================================================================================
DAG File Processing Stats

File Path                      PID    Runtime      # DAGs    # Errors  Last Runtime    Last Run
-----------------------------  -----  ---------  --------  ----------  --------------  -------------------
/opt/airflow/dags/pipeline.py                           1           0  1.72s           2026-02-26T03:15:23
================================================================================
[2026-02-26T03:16:16.875+0000] {manager.py:879} INFO - 
================================================================================
DAG File Processing Stats

File Path                      PID    Runtime      # DAGs    # Errors  Last Runtime    Last Run
-----------------------------  -----  ---------  --------  ----------  --------------  -------------------
/opt/airflow/dags/pipeline.py                           1           0  1.72s           2026-02-26T03:15:55
================================================================================
[2026-02-26T03:16:46.900+0000] {manager.py:879} INFO - 
================================================================================
DAG File Processing Stats

File Path                      PID    Runtime      # DAGs    # Errors  Last Runtime    Last Run
-----------------------------  -----  ---------  --------  ----------  --------------  -------------------
/opt/airflow/dags/pipeline.py                           1           0  1.70s           2026-02-26T03:16:27
================================================================================
[2026-02-26T03:17:17.117+0000] {manager.py:879} INFO - 
================================================================================
DAG File Processing Stats

File Path                      PID    Runtime      # DAGs    # Errors  Last Runtime    Last Run
-----------------------------  -----  ---------  --------  ----------  --------------  -------------------
/opt/airflow/dags/pipeline.py                           1           0  1.91s           2026-02-26T03:16:59
================================================================================
[2026-02-26T03:17:47.303+0000] {manager.py:879} INFO - 
================================================================================
DAG File Processing Stats

File Path                      PID    Runtime      # DAGs    # Errors  Last Runtime    Last Run
-----------------------------  -----  ---------  --------  ----------  --------------  -------------------
/opt/airflow/dags/pipeline.py                           1           0  1.89s           2026-02-26T03:17:32
================================================================================
[2026-02-26T03:18:17.569+0000] {manager.py:879} INFO - 
================================================================================
DAG File Processing Stats

File Path                      PID    Runtime      # DAGs    # Errors  Last Runtime    Last Run
-----------------------------  -----  ---------  --------  ----------  --------------  -------------------
/opt/airflow/dags/pipeline.py                           1           0  1.94s           2026-02-26T03:18:04
================================================================================
[2026-02-26T03:18:48.083+0000] {manager.py:879} INFO - 
================================================================================
DAG File Processing Stats

File Path                      PID    Runtime      # DAGs    # Errors  Last Runtime    Last Run
-----------------------------  -----  ---------  --------  ----------  --------------  -------------------
/opt/airflow/dags/pipeline.py                           1           0  2.09s           2026-02-26T03:18:47
================================================================================
[2026-02-26T03:18:54.183+0000] {manager.py:451} INFO - Exiting gracefully upon receiving signal 15
[2026-02-26T03:19:55.935+0000] {manager.py:469} INFO - Processing files using up to 2 processes at a time 
[2026-02-26T03:19:55.936+0000] {manager.py:470} INFO - Process each file at most once every 30 seconds
[2026-02-26T03:19:55.937+0000] {manager.py:471} INFO - Checking for new files in /opt/airflow/dags every 300 seconds
[2026-02-26T03:19:55.937+0000] {manager.py:738} INFO - Searching for files in /opt/airflow/dags
[2026-02-26T03:19:55.966+0000] {manager.py:741} INFO - There are 1 files in /opt/airflow/dags
[2026-02-26T03:19:56.144+0000] {manager.py:879} INFO - 
================================================================================
DAG File Processing Stats

File Path                        PID  Runtime      # DAGs    # Errors  Last Runtime    Last Run
-----------------------------  -----  ---------  --------  ----------  --------------  ----------
/opt/airflow/dags/pipeline.py     64  0.07s             0           0
================================================================================
[2026-02-26T03:20:26.419+0000] {manager.py:879} INFO - 
================================================================================
DAG File Processing Stats

File Path                      PID    Runtime      # DAGs    # Errors  Last Runtime    Last Run
-----------------------------  -----  ---------  --------  ----------  --------------  -------------------
/opt/airflow/dags/pipeline.py                           1           0  4.15s           2026-02-26T03:20:00
================================================================================
[2026-02-26T03:20:56.704+0000] {manager.py:879} INFO - 
================================================================================
DAG File Processing Stats

File Path                      PID    Runtime      # DAGs    # Errors  Last Runtime    Last Run
-----------------------------  -----  ---------  --------  ----------  --------------  -------------------
/opt/airflow/dags/pipeline.py                           1           0  1.99s           2026-02-26T03:20:32
================================================================================
[2026-02-26T03:21:26.838+0000] {manager.py:879} INFO - 
================================================================================
DAG File Processing Stats

File Path                      PID    Runtime      # DAGs    # Errors  Last Runtime    Last Run
-----------------------------  -----  ---------  --------  ----------  --------------  -------------------
/opt/airflow/dags/pipeline.py                           1           0  1.81s           2026-02-26T03:21:04
================================================================================
[2026-02-26T03:21:56.886+0000] {manager.py:879} INFO - 
================================================================================
DAG File Processing Stats

File Path                      PID    Runtime      # DAGs    # Errors  Last Runtime    Last Run
-----------------------------  -----  ---------  --------  ----------  --------------  -------------------
/opt/airflow/dags/pipeline.py                           1           0  1.73s           2026-02-26T03:21:36
================================================================================
[2026-02-26T03:22:27.122+0000] {manager.py:879} INFO - 
================================================================================
DAG File Processing Stats

File Path                      PID    Runtime      # DAGs    # Errors  Last Runtime    Last Run
-----------------------------  -----  ---------  --------  ----------  --------------  -------------------
/opt/airflow/dags/pipeline.py                           1           0  1.94s           2026-02-26T03:22:08
================================================================================
[2026-02-26T03:22:57.469+0000] {manager.py:879} INFO - 
================================================================================
DAG File Processing Stats

File Path                      PID    Runtime      # DAGs    # Errors  Last Runtime    Last Run
-----------------------------  -----  ---------  --------  ----------  --------------  -------------------
/opt/airflow/dags/pipeline.py                           1           0  2.08s           2026-02-26T03:22:41
================================================================================
[2026-02-26T03:23:27.702+0000] {manager.py:879} INFO - 
================================================================================
DAG File Processing Stats

File Path                      PID    Runtime      # DAGs    # Errors  Last Runtime    Last Run
-----------------------------  -----  ---------  --------  ----------  --------------  -------------------
/opt/airflow/dags/pipeline.py                           1           0  1.94s           2026-02-26T03:23:13
================================================================================
[2026-02-26T03:23:57.814+0000] {manager.py:879} INFO - 
================================================================================
DAG File Processing Stats

File Path                      PID    Runtime      # DAGs    # Errors  Last Runtime    Last Run
-----------------------------  -----  ---------  --------  ----------  --------------  -------------------
/opt/airflow/dags/pipeline.py                           1           0  1.79s           2026-02-26T03:23:45
================================================================================
[2026-02-26T03:24:27.987+0000] {manager.py:879} INFO - 
================================================================================
DAG File Processing Stats

File Path                      PID    Runtime      # DAGs    # Errors  Last Runtime    Last Run
-----------------------------  -----  ---------  --------  ----------  --------------  -------------------
/opt/airflow/dags/pipeline.py                           1           0  1.85s           2026-02-26T03:24:17
================================================================================
[2026-02-26T03:24:56.166+0000] {manager.py:738} INFO - Searching for files in /opt/airflow/dags
[2026-02-26T03:24:56.221+0000] {manager.py:741} INFO - There are 1 files in /opt/airflow/dags
[2026-02-26T03:24:58.264+0000] {manager.py:879} INFO - 
================================================================================
DAG File Processing Stats

File Path                      PID    Runtime      # DAGs    # Errors  Last Runtime    Last Run
-----------------------------  -----  ---------  --------  ----------  --------------  -------------------
/opt/airflow/dags/pipeline.py                           1           0  1.90s           2026-02-26T03:24:50
================================================================================
[2026-02-26T03:25:28.459+0000] {manager.py:879} INFO - 
================================================================================
DAG File Processing Stats

File Path                      PID    Runtime      # DAGs    # Errors  Last Runtime    Last Run
-----------------------------  -----  ---------  --------  ----------  --------------  -------------------
/opt/airflow/dags/pipeline.py                           1           0  1.90s           2026-02-26T03:25:22
================================================================================
[2026-02-26T03:25:58.675+0000] {manager.py:879} INFO - 
================================================================================
DAG File Processing Stats

File Path                      PID    Runtime      # DAGs    # Errors  Last Runtime    Last Run
-----------------------------  -----  ---------  --------  ----------  --------------  -------------------
/opt/airflow/dags/pipeline.py                           1           0  1.90s           2026-02-26T03:25:54
================================================================================
[2026-02-26T03:26:29.036+0000] {manager.py:879} INFO - 
================================================================================
DAG File Processing Stats

File Path                      PID    Runtime      # DAGs    # Errors  Last Runtime    Last Run
-----------------------------  -----  ---------  --------  ----------  --------------  -------------------
/opt/airflow/dags/pipeline.py                           1           0  2.28s           2026-02-26T03:26:12
================================================================================
[2026-02-26T03:26:59.293+0000] {manager.py:879} INFO - 
================================================================================
DAG File Processing Stats

File Path                      PID    Runtime      # DAGs    # Errors  Last Runtime    Last Run
-----------------------------  -----  ---------  --------  ----------  --------------  -------------------
/opt/airflow/dags/pipeline.py                           1           0  1.96s           2026-02-26T03:26:44
================================================================================
[2026-02-26T03:27:29.370+0000] {manager.py:879} INFO - 
================================================================================
DAG File Processing Stats

File Path                      PID    Runtime      # DAGs    # Errors  Last Runtime    Last Run
-----------------------------  -----  ---------  --------  ----------  --------------  -------------------
/opt/airflow/dags/pipeline.py                           1           0  1.80s           2026-02-26T03:27:16
================================================================================
[2026-02-26T03:27:59.455+0000] {manager.py:879} INFO - 
================================================================================
DAG File Processing Stats

File Path                      PID    Runtime      # DAGs    # Errors  Last Runtime    Last Run
-----------------------------  -----  ---------  --------  ----------  --------------  -------------------
/opt/airflow/dags/pipeline.py                           1           0  1.78s           2026-02-26T03:27:48
================================================================================
[2026-02-26T03:28:14.361+0000] {manager.py:451} INFO - Exiting gracefully upon receiving signal 15
[2026-02-26T03:29:20.390+0000] {manager.py:469} INFO - Processing files using up to 2 processes at a time 
[2026-02-26T03:29:20.392+0000] {manager.py:470} INFO - Process each file at most once every 30 seconds
[2026-02-26T03:29:20.393+0000] {manager.py:471} INFO - Checking for new files in /opt/airflow/dags every 300 seconds
[2026-02-26T03:29:20.394+0000] {manager.py:738} INFO - Searching for files in /opt/airflow/dags
[2026-02-26T03:29:20.433+0000] {manager.py:741} INFO - There are 1 files in /opt/airflow/dags
[2026-02-26T03:29:20.632+0000] {manager.py:879} INFO - 
================================================================================
DAG File Processing Stats

File Path                        PID  Runtime      # DAGs    # Errors  Last Runtime    Last Run
-----------------------------  -----  ---------  --------  ----------  --------------  ----------
/opt/airflow/dags/pipeline.py     64  0.07s             0           0
================================================================================
[2026-02-26T03:29:50.900+0000] {manager.py:879} INFO - 
================================================================================
DAG File Processing Stats

File Path                      PID    Runtime      # DAGs    # Errors  Last Runtime    Last Run
-----------------------------  -----  ---------  --------  ----------  --------------  -------------------
/opt/airflow/dags/pipeline.py                           1           0  3.67s           2026-02-26T03:29:24
================================================================================
[2026-02-26T03:30:21.195+0000] {manager.py:879} INFO - 
================================================================================
DAG File Processing Stats

File Path                      PID    Runtime      # DAGs    # Errors  Last Runtime    Last Run
-----------------------------  -----  ---------  --------  ----------  --------------  -------------------
/opt/airflow/dags/pipeline.py                           1           0  1.84s           2026-02-26T03:29:56
================================================================================
[2026-02-26T03:30:51.586+0000] {manager.py:879} INFO - 
================================================================================
DAG File Processing Stats

File Path                      PID    Runtime      # DAGs    # Errors  Last Runtime    Last Run
-----------------------------  -----  ---------  --------  ----------  --------------  -------------------
/opt/airflow/dags/pipeline.py                           1           0  1.78s           2026-02-26T03:30:28
================================================================================
[2026-02-26T03:31:21.969+0000] {manager.py:879} INFO - 
================================================================================
DAG File Processing Stats

File Path                      PID    Runtime      # DAGs    # Errors  Last Runtime    Last Run
-----------------------------  -----  ---------  --------  ----------  --------------  -------------------
/opt/airflow/dags/pipeline.py                           1           0  2.08s           2026-02-26T03:31:00
================================================================================
[2026-02-26T03:31:52.132+0000] {manager.py:879} INFO - 
================================================================================
DAG File Processing Stats

File Path                      PID    Runtime      # DAGs    # Errors  Last Runtime    Last Run
-----------------------------  -----  ---------  --------  ----------  --------------  -------------------
/opt/airflow/dags/pipeline.py                           1           0  1.83s           2026-02-26T03:31:32
================================================================================
[2026-02-26T03:32:22.329+0000] {manager.py:879} INFO - 
================================================================================
DAG File Processing Stats

File Path                      PID    Runtime      # DAGs    # Errors  Last Runtime    Last Run
-----------------------------  -----  ---------  --------  ----------  --------------  -------------------
/opt/airflow/dags/pipeline.py                           1           0  1.89s           2026-02-26T03:32:05
================================================================================
[2026-02-26T03:32:38.837+0000] {manager.py:451} INFO - Exiting gracefully upon receiving signal 15
[2026-02-26T03:33:50.826+0000] {manager.py:469} INFO - Processing files using up to 2 processes at a time 
[2026-02-26T03:33:50.827+0000] {manager.py:470} INFO - Process each file at most once every 30 seconds
[2026-02-26T03:33:50.828+0000] {manager.py:471} INFO - Checking for new files in /opt/airflow/dags every 300 seconds
[2026-02-26T03:33:50.829+0000] {manager.py:738} INFO - Searching for files in /opt/airflow/dags
[2026-02-26T03:33:50.856+0000] {manager.py:741} INFO - There are 1 files in /opt/airflow/dags
[2026-02-26T03:33:51.001+0000] {manager.py:879} INFO - 
================================================================================
DAG File Processing Stats

File Path                        PID  Runtime      # DAGs    # Errors  Last Runtime    Last Run
-----------------------------  -----  ---------  --------  ----------  --------------  ----------
/opt/airflow/dags/pipeline.py     65  0.06s             0           0
================================================================================
[2026-02-26T03:34:21.250+0000] {manager.py:879} INFO - 
================================================================================
DAG File Processing Stats

File Path                      PID    Runtime      # DAGs    # Errors  Last Runtime    Last Run
-----------------------------  -----  ---------  --------  ----------  --------------  -------------------
/opt/airflow/dags/pipeline.py                           1           0  3.74s           2026-02-26T03:33:54
================================================================================
[2026-02-26T03:34:51.542+0000] {manager.py:879} INFO - 
================================================================================
DAG File Processing Stats

File Path                      PID    Runtime      # DAGs    # Errors  Last Runtime    Last Run
-----------------------------  -----  ---------  --------  ----------  --------------  -------------------
/opt/airflow/dags/pipeline.py                           1           0  1.79s           2026-02-26T03:34:26
================================================================================
[2026-02-26T03:35:22.366+0000] {manager.py:879} INFO - 
================================================================================
DAG File Processing Stats

File Path                      PID    Runtime      # DAGs    # Errors  Last Runtime    Last Run
-----------------------------  -----  ---------  --------  ----------  --------------  -------------------
/opt/airflow/dags/pipeline.py                           1           0  2.05s           2026-02-26T03:34:59
================================================================================
[2026-02-26T03:35:52.470+0000] {manager.py:879} INFO - 
================================================================================
DAG File Processing Stats

File Path                      PID    Runtime      # DAGs    # Errors  Last Runtime    Last Run
-----------------------------  -----  ---------  --------  ----------  --------------  -------------------
/opt/airflow/dags/pipeline.py                           1           0  1.79s           2026-02-26T03:35:31
================================================================================
[2026-02-26T03:36:22.523+0000] {manager.py:879} INFO - 
================================================================================
DAG File Processing Stats

File Path                      PID    Runtime      # DAGs    # Errors  Last Runtime    Last Run
-----------------------------  -----  ---------  --------  ----------  --------------  -------------------
/opt/airflow/dags/pipeline.py                           1           0  1.72s           2026-02-26T03:36:03
================================================================================
[2026-02-26T03:36:52.547+0000] {manager.py:879} INFO - 
================================================================================
DAG File Processing Stats

File Path                      PID    Runtime      # DAGs    # Errors  Last Runtime    Last Run
-----------------------------  -----  ---------  --------  ----------  --------------  -------------------
/opt/airflow/dags/pipeline.py                           1           0  1.72s           2026-02-26T03:36:35
================================================================================
[2026-02-26T03:37:22.864+0000] {manager.py:879} INFO - 
================================================================================
DAG File Processing Stats

File Path                      PID    Runtime      # DAGs    # Errors  Last Runtime    Last Run
-----------------------------  -----  ---------  --------  ----------  --------------  -------------------
/opt/airflow/dags/pipeline.py                           1           0  1.71s           2026-02-26T03:37:07
================================================================================
[2026-02-26T03:37:53.185+0000] {manager.py:879} INFO - 
================================================================================
DAG File Processing Stats

File Path                      PID    Runtime      # DAGs    # Errors  Last Runtime    Last Run
-----------------------------  -----  ---------  --------  ----------  --------------  -------------------
/opt/airflow/dags/pipeline.py                           1           0  1.86s           2026-02-26T03:37:39
================================================================================
[2026-02-26T03:38:23.916+0000] {manager.py:879} INFO - 
================================================================================
DAG File Processing Stats

File Path                      PID    Runtime      # DAGs    # Errors  Last Runtime    Last Run
-----------------------------  -----  ---------  --------  ----------  --------------  -------------------
/opt/airflow/dags/pipeline.py                           1           0  2.07s           2026-02-26T03:38:11
================================================================================
[2026-02-26T03:38:50.997+0000] {manager.py:738} INFO - Searching for files in /opt/airflow/dags
[2026-02-26T03:38:51.045+0000] {manager.py:741} INFO - There are 1 files in /opt/airflow/dags
[2026-02-26T03:38:54.103+0000] {manager.py:879} INFO - 
================================================================================
DAG File Processing Stats

File Path                      PID    Runtime      # DAGs    # Errors  Last Runtime    Last Run
-----------------------------  -----  ---------  --------  ----------  --------------  -------------------
/opt/airflow/dags/pipeline.py                           1           0  1.80s           2026-02-26T03:38:43
================================================================================
[2026-02-26T03:39:24.201+0000] {manager.py:879} INFO - 
================================================================================
DAG File Processing Stats

File Path                      PID    Runtime      # DAGs    # Errors  Last Runtime    Last Run
-----------------------------  -----  ---------  --------  ----------  --------------  -------------------
/opt/airflow/dags/pipeline.py                           1           0  1.79s           2026-02-26T03:39:16
================================================================================
[2026-02-26T03:39:54.305+0000] {manager.py:879} INFO - 
================================================================================
DAG File Processing Stats

File Path                      PID    Runtime      # DAGs    # Errors  Last Runtime    Last Run
-----------------------------  -----  ---------  --------  ----------  --------------  -------------------
/opt/airflow/dags/pipeline.py                           1           0  1.78s           2026-02-26T03:39:48
================================================================================
[2026-02-26T03:40:24.482+0000] {manager.py:879} INFO - 
================================================================================
DAG File Processing Stats

File Path                      PID    Runtime      # DAGs    # Errors  Last Runtime    Last Run
-----------------------------  -----  ---------  --------  ----------  --------------  -------------------
/opt/airflow/dags/pipeline.py                           1           0  1.89s           2026-02-26T03:40:20
================================================================================
[2026-02-26T03:40:54.590+0000] {manager.py:879} INFO - 
================================================================================
DAG File Processing Stats

File Path                      PID    Runtime      # DAGs    # Errors  Last Runtime    Last Run
-----------------------------  -----  ---------  --------  ----------  --------------  -------------------
/opt/airflow/dags/pipeline.py                           1           0  1.76s           2026-02-26T03:40:52
================================================================================
[2026-02-26T03:41:24.916+0000] {manager.py:879} INFO - 
================================================================================
DAG File Processing Stats

File Path                      PID    Runtime      # DAGs    # Errors  Last Runtime    Last Run
-----------------------------  -----  ---------  --------  ----------  --------------  -------------------
/opt/airflow/dags/pipeline.py                           1           0  1.70s           2026-02-26T03:41:24
================================================================================
[2026-02-26T03:41:55.225+0000] {manager.py:879} INFO - 
================================================================================
DAG File Processing Stats

File Path                        PID  Runtime      # DAGs    # Errors  Last Runtime    Last Run
-----------------------------  -----  ---------  --------  ----------  --------------  -------------------
/opt/airflow/dags/pipeline.py    603  0.38s             1           0  1.70s           2026-02-26T03:41:24
================================================================================
[2026-02-26T03:42:25.519+0000] {manager.py:879} INFO - 
================================================================================
DAG File Processing Stats

File Path                      PID    Runtime      # DAGs    # Errors  Last Runtime    Last Run
-----------------------------  -----  ---------  --------  ----------  --------------  -------------------
/opt/airflow/dags/pipeline.py                           1           0  1.88s           2026-02-26T03:41:56
================================================================================
[2026-02-26T03:42:55.813+0000] {manager.py:879} INFO - 
================================================================================
DAG File Processing Stats

File Path                      PID    Runtime      # DAGs    # Errors  Last Runtime    Last Run
-----------------------------  -----  ---------  --------  ----------  --------------  -------------------
/opt/airflow/dags/pipeline.py                           1           0  1.81s           2026-02-26T03:42:28
================================================================================
[2026-02-26T03:43:26.134+0000] {manager.py:879} INFO - 
================================================================================
DAG File Processing Stats

File Path                      PID    Runtime      # DAGs    # Errors  Last Runtime    Last Run
-----------------------------  -----  ---------  --------  ----------  --------------  -------------------
/opt/airflow/dags/pipeline.py                           1           0  1.72s           2026-02-26T03:43:00
================================================================================
[2026-02-26T03:43:51.247+0000] {manager.py:738} INFO - Searching for files in /opt/airflow/dags
[2026-02-26T03:43:51.284+0000] {manager.py:741} INFO - There are 1 files in /opt/airflow/dags
[2026-02-26T03:43:56.352+0000] {manager.py:879} INFO - 
================================================================================
DAG File Processing Stats

File Path                      PID    Runtime      # DAGs    # Errors  Last Runtime    Last Run
-----------------------------  -----  ---------  --------  ----------  --------------  -------------------
/opt/airflow/dags/pipeline.py                           1           0  1.86s           2026-02-26T03:43:33
================================================================================
[2026-02-26T03:44:26.432+0000] {manager.py:879} INFO - 
================================================================================
DAG File Processing Stats

File Path                      PID    Runtime      # DAGs    # Errors  Last Runtime    Last Run
-----------------------------  -----  ---------  --------  ----------  --------------  -------------------
/opt/airflow/dags/pipeline.py                           1           0  1.79s           2026-02-26T03:44:05
================================================================================
[2026-02-26T03:44:56.530+0000] {manager.py:879} INFO - 
================================================================================
DAG File Processing Stats

File Path                      PID    Runtime      # DAGs    # Errors  Last Runtime    Last Run
-----------------------------  -----  ---------  --------  ----------  --------------  -------------------
/opt/airflow/dags/pipeline.py                           1           0  1.81s           2026-02-26T03:44:37
================================================================================
[2026-02-26T03:45:27.291+0000] {manager.py:879} INFO - 
================================================================================
DAG File Processing Stats

File Path                      PID    Runtime      # DAGs    # Errors  Last Runtime    Last Run
-----------------------------  -----  ---------  --------  ----------  --------------  -------------------
/opt/airflow/dags/pipeline.py                           1           0  1.68s           2026-02-26T03:45:09
================================================================================
[2026-02-26T03:45:57.493+0000] {manager.py:879} INFO - 
================================================================================
DAG File Processing Stats

File Path                      PID    Runtime      # DAGs    # Errors  Last Runtime    Last Run
-----------------------------  -----  ---------  --------  ----------  --------------  -------------------
/opt/airflow/dags/pipeline.py                           1           0  1.87s           2026-02-26T03:45:41
================================================================================
[2026-02-26T03:46:27.576+0000] {manager.py:879} INFO - 
================================================================================
DAG File Processing Stats

File Path                      PID    Runtime      # DAGs    # Errors  Last Runtime    Last Run
-----------------------------  -----  ---------  --------  ----------  --------------  -------------------
/opt/airflow/dags/pipeline.py                           1           0  1.77s           2026-02-26T03:46:13
================================================================================
[2026-02-26T03:46:57.913+0000] {manager.py:879} INFO - 
================================================================================
DAG File Processing Stats

File Path                      PID    Runtime      # DAGs    # Errors  Last Runtime    Last Run
-----------------------------  -----  ---------  --------  ----------  --------------  -------------------
/opt/airflow/dags/pipeline.py                           1           0  2.05s           2026-02-26T03:46:45
================================================================================
[2026-02-26T03:47:27.994+0000] {manager.py:879} INFO - 
================================================================================
DAG File Processing Stats

File Path                      PID    Runtime      # DAGs    # Errors  Last Runtime    Last Run
-----------------------------  -----  ---------  --------  ----------  --------------  -------------------
/opt/airflow/dags/pipeline.py                           1           0  1.76s           2026-02-26T03:47:17
================================================================================
[2026-02-26T03:47:58.345+0000] {manager.py:879} INFO - 
================================================================================
DAG File Processing Stats

File Path                      PID    Runtime      # DAGs    # Errors  Last Runtime    Last Run
-----------------------------  -----  ---------  --------  ----------  --------------  -------------------
/opt/airflow/dags/pipeline.py                           1           0  2.04s           2026-02-26T03:47:50
================================================================================
[2026-02-26T03:48:28.563+0000] {manager.py:879} INFO - 
================================================================================
DAG File Processing Stats

File Path                      PID    Runtime      # DAGs    # Errors  Last Runtime    Last Run
-----------------------------  -----  ---------  --------  ----------  --------------  -------------------
/opt/airflow/dags/pipeline.py                           1           0  1.88s           2026-02-26T03:48:22
================================================================================
[2026-02-26T03:48:51.806+0000] {manager.py:738} INFO - Searching for files in /opt/airflow/dags
[2026-02-26T03:48:51.857+0000] {manager.py:741} INFO - There are 1 files in /opt/airflow/dags
[2026-02-26T03:48:58.753+0000] {manager.py:879} INFO - 
================================================================================
DAG File Processing Stats

File Path                      PID    Runtime      # DAGs    # Errors  Last Runtime    Last Run
-----------------------------  -----  ---------  --------  ----------  --------------  -------------------
/opt/airflow/dags/pipeline.py                           1           0  1.78s           2026-02-26T03:48:54
================================================================================
[2026-02-26T03:49:28.830+0000] {manager.py:879} INFO - 
================================================================================
DAG File Processing Stats

File Path                      PID    Runtime      # DAGs    # Errors  Last Runtime    Last Run
-----------------------------  -----  ---------  --------  ----------  --------------  -------------------
/opt/airflow/dags/pipeline.py                           1           0  1.78s           2026-02-26T03:49:26
================================================================================
[2026-02-26T03:49:59.018+0000] {manager.py:879} INFO - 
================================================================================
DAG File Processing Stats

File Path                      PID    Runtime      # DAGs    # Errors  Last Runtime    Last Run
-----------------------------  -----  ---------  --------  ----------  --------------  -------------------
/opt/airflow/dags/pipeline.py                           1           0  1.86s           2026-02-26T03:49:58
================================================================================
[2026-02-26T03:50:29.345+0000] {manager.py:879} INFO - 
================================================================================
DAG File Processing Stats

File Path                        PID  Runtime      # DAGs    # Errors  Last Runtime    Last Run
-----------------------------  -----  ---------  --------  ----------  --------------  -------------------
/opt/airflow/dags/pipeline.py    971  0.01s             1           0  1.86s           2026-02-26T03:49:58
================================================================================
[2026-02-26T03:51:00.259+0000] {manager.py:879} INFO - 
================================================================================
DAG File Processing Stats

File Path                      PID    Runtime      # DAGs    # Errors  Last Runtime    Last Run
-----------------------------  -----  ---------  --------  ----------  --------------  -------------------
/opt/airflow/dags/pipeline.py                           1           0  1.71s           2026-02-26T03:50:31
================================================================================
[2026-02-26T03:51:30.356+0000] {manager.py:879} INFO - 
================================================================================
DAG File Processing Stats

File Path                      PID    Runtime      # DAGs    # Errors  Last Runtime    Last Run
-----------------------------  -----  ---------  --------  ----------  --------------  -------------------
/opt/airflow/dags/pipeline.py                           1           0  1.77s           2026-02-26T03:51:03
================================================================================
[2026-02-26T03:52:00.133+0000] {manager.py:451} INFO - Exiting gracefully upon receiving signal 15
[2026-02-26T02:09:04.493+0000] {manager.py:469} INFO - Processing files using up to 2 processes at a time 
[2026-02-26T02:09:04.495+0000] {manager.py:470} INFO - Process each file at most once every 30 seconds
[2026-02-26T02:09:04.496+0000] {manager.py:471} INFO - Checking for new files in /opt/airflow/dags every 300 seconds
[2026-02-26T02:09:04.497+0000] {manager.py:738} INFO - Searching for files in /opt/airflow/dags
[2026-02-26T02:09:04.564+0000] {manager.py:741} INFO - There are 1 files in /opt/airflow/dags
[2026-02-26T02:09:04.709+0000] {manager.py:879} INFO - 
================================================================================
DAG File Processing Stats

File Path                        PID  Runtime      # DAGs    # Errors  Last Runtime    Last Run
-----------------------------  -----  ---------  --------  ----------  --------------  ----------
/opt/airflow/dags/pipeline.py     66  0.07s             0           0
================================================================================
[2026-02-26T02:09:35.229+0000] {manager.py:879} INFO - 
================================================================================
DAG File Processing Stats

File Path                        PID  Runtime      # DAGs    # Errors  Last Runtime    Last Run
-----------------------------  -----  ---------  --------  ----------  --------------  -------------------
/opt/airflow/dags/pipeline.py    434  0.85s             1           0  1.51s           2026-02-26T02:09:34
================================================================================
[2026-02-26T02:10:05.448+0000] {manager.py:879} INFO - 
================================================================================
DAG File Processing Stats

File Path                        PID  Runtime      # DAGs    # Errors  Last Runtime    Last Run
-----------------------------  -----  ---------  --------  ----------  --------------  -------------------
/opt/airflow/dags/pipeline.py    848  0.82s             1           0  1.86s           2026-02-26T02:10:04
================================================================================
[2026-02-26T02:10:35.509+0000] {manager.py:879} INFO - 
================================================================================
DAG File Processing Stats

File Path                        PID  Runtime      # DAGs    # Errors  Last Runtime    Last Run
-----------------------------  -----  ---------  --------  ----------  --------------  -------------------
/opt/airflow/dags/pipeline.py   1239  0.44s             1           0  1.88s           2026-02-26T02:10:35
================================================================================
[2026-02-26T02:11:05.777+0000] {manager.py:879} INFO - 
================================================================================
DAG File Processing Stats

File Path                        PID  Runtime      # DAGs    # Errors  Last Runtime    Last Run
-----------------------------  -----  ---------  --------  ----------  --------------  -------------------
/opt/airflow/dags/pipeline.py   1630  1.62s             1           0  1.67s           2026-02-26T02:11:04
================================================================================
[2026-02-26T02:11:35.934+0000] {manager.py:879} INFO - 
================================================================================
DAG File Processing Stats

File Path                        PID  Runtime      # DAGs    # Errors  Last Runtime    Last Run
-----------------------------  -----  ---------  --------  ----------  --------------  -------------------
/opt/airflow/dags/pipeline.py   2021  1.62s             1           0  1.72s           2026-02-26T02:11:34
================================================================================
[2026-02-26T02:12:05.941+0000] {manager.py:879} INFO - 
================================================================================
DAG File Processing Stats

File Path                        PID  Runtime      # DAGs    # Errors  Last Runtime    Last Run
-----------------------------  -----  ---------  --------  ----------  --------------  -------------------
/opt/airflow/dags/pipeline.py   2435  0.01s             1           0  1.71s           2026-02-26T02:12:05
================================================================================
[2026-02-26T02:12:36.211+0000] {manager.py:879} INFO - 
================================================================================
DAG File Processing Stats

File Path                        PID  Runtime      # DAGs    # Errors  Last Runtime    Last Run
-----------------------------  -----  ---------  --------  ----------  --------------  -------------------
/opt/airflow/dags/pipeline.py   2876  1.33s             1           0  1.69s           2026-02-26T02:12:34
================================================================================
[2026-02-26T02:12:55.798+0000] {manager.py:451} INFO - Exiting gracefully upon receiving signal 15
[2026-02-26T02:12:56.055+0000] {manager.py:451} INFO - Exiting gracefully upon receiving signal 15
[2026-02-26T02:12:56.156+0000] {manager.py:451} INFO - Exiting gracefully upon receiving signal 15
[2026-02-26T07:15:03.139+0000] {manager.py:469} INFO - Processing files using up to 2 processes at a time 
[2026-02-26T07:15:03.141+0000] {manager.py:470} INFO - Process each file at most once every 30 seconds
[2026-02-26T07:15:03.142+0000] {manager.py:471} INFO - Checking for new files in /opt/airflow/dags every 300 seconds
[2026-02-26T07:15:03.144+0000] {manager.py:738} INFO - Searching for files in /opt/airflow/dags
[2026-02-26T07:15:03.177+0000] {manager.py:741} INFO - There are 1 files in /opt/airflow/dags
[2026-02-26T07:15:03.353+0000] {manager.py:879} INFO - 
================================================================================
DAG File Processing Stats

File Path                        PID  Runtime      # DAGs    # Errors  Last Runtime    Last Run
-----------------------------  -----  ---------  --------  ----------  --------------  ----------
/opt/airflow/dags/pipeline.py     64  0.08s             0           0
================================================================================
[2026-02-26T07:15:33.435+0000] {manager.py:879} INFO - 
================================================================================
DAG File Processing Stats

File Path                      PID    Runtime      # DAGs    # Errors  Last Runtime    Last Run
-----------------------------  -----  ---------  --------  ----------  --------------  -------------------
/opt/airflow/dags/pipeline.py                           1           0  3.93s           2026-02-26T07:15:07
================================================================================
[2026-02-26T07:16:03.553+0000] {manager.py:879} INFO - 
================================================================================
DAG File Processing Stats

File Path                      PID    Runtime      # DAGs    # Errors  Last Runtime    Last Run
-----------------------------  -----  ---------  --------  ----------  --------------  -------------------
/opt/airflow/dags/pipeline.py                           1           0  1.83s           2026-02-26T07:15:39
================================================================================
[2026-02-26T07:16:06.598+0000] {manager.py:451} INFO - Exiting gracefully upon receiving signal 15
[2026-02-26T07:19:05.739+0000] {manager.py:469} INFO - Processing files using up to 2 processes at a time 
[2026-02-26T07:19:05.740+0000] {manager.py:470} INFO - Process each file at most once every 30 seconds
[2026-02-26T07:19:05.741+0000] {manager.py:471} INFO - Checking for new files in /opt/airflow/dags every 300 seconds
[2026-02-26T07:19:05.742+0000] {manager.py:738} INFO - Searching for files in /opt/airflow/dags
[2026-02-26T07:19:05.775+0000] {manager.py:741} INFO - There are 1 files in /opt/airflow/dags
[2026-02-26T07:19:05.922+0000] {manager.py:879} INFO - 
================================================================================
DAG File Processing Stats

File Path                        PID  Runtime      # DAGs    # Errors  Last Runtime    Last Run
-----------------------------  -----  ---------  --------  ----------  --------------  ----------
/opt/airflow/dags/pipeline.py     65  0.06s             0           0
================================================================================
[2026-02-26T07:19:36.176+0000] {manager.py:879} INFO - 
================================================================================
DAG File Processing Stats

File Path                      PID    Runtime      # DAGs    # Errors  Last Runtime    Last Run
-----------------------------  -----  ---------  --------  ----------  --------------  -------------------
/opt/airflow/dags/pipeline.py                           1           0  3.78s           2026-02-26T07:19:09
================================================================================
[2026-02-26T07:20:06.199+0000] {manager.py:879} INFO - 
================================================================================
DAG File Processing Stats

File Path                      PID    Runtime      # DAGs    # Errors  Last Runtime    Last Run
-----------------------------  -----  ---------  --------  ----------  --------------  -------------------
/opt/airflow/dags/pipeline.py                           1           0  1.98s           2026-02-26T07:19:41
================================================================================
[2026-02-26T07:20:36.494+0000] {manager.py:879} INFO - 
================================================================================
DAG File Processing Stats

File Path                      PID    Runtime      # DAGs    # Errors  Last Runtime    Last Run
-----------------------------  -----  ---------  --------  ----------  --------------  -------------------
/opt/airflow/dags/pipeline.py                           1           0  2.05s           2026-02-26T07:20:14
================================================================================
[2026-02-26T07:21:06.717+0000] {manager.py:879} INFO - 
================================================================================
DAG File Processing Stats

File Path                      PID    Runtime      # DAGs    # Errors  Last Runtime    Last Run
-----------------------------  -----  ---------  --------  ----------  --------------  -------------------
/opt/airflow/dags/pipeline.py                           1           0  1.93s           2026-02-26T07:20:46
================================================================================
[2026-02-26T07:21:37.093+0000] {manager.py:879} INFO - 
================================================================================
DAG File Processing Stats

File Path                      PID    Runtime      # DAGs    # Errors  Last Runtime    Last Run
-----------------------------  -----  ---------  --------  ----------  --------------  -------------------
/opt/airflow/dags/pipeline.py                           1           0  1.72s           2026-02-26T07:21:18
================================================================================
[2026-02-26T07:22:07.376+0000] {manager.py:879} INFO - 
================================================================================
DAG File Processing Stats

File Path                      PID    Runtime      # DAGs    # Errors  Last Runtime    Last Run
-----------------------------  -----  ---------  --------  ----------  --------------  -------------------
/opt/airflow/dags/pipeline.py                           1           0  1.95s           2026-02-26T07:21:50
================================================================================
[2026-02-26T07:22:37.659+0000] {manager.py:879} INFO - 
================================================================================
DAG File Processing Stats

File Path                      PID    Runtime      # DAGs    # Errors  Last Runtime    Last Run
-----------------------------  -----  ---------  --------  ----------  --------------  -------------------
/opt/airflow/dags/pipeline.py                           1           0  1.87s           2026-02-26T07:22:22
================================================================================
[2026-02-26T07:23:07.951+0000] {manager.py:879} INFO - 
================================================================================
DAG File Processing Stats

File Path                      PID    Runtime      # DAGs    # Errors  Last Runtime    Last Run
-----------------------------  -----  ---------  --------  ----------  --------------  -------------------
/opt/airflow/dags/pipeline.py                           1           0  1.73s           2026-02-26T07:22:54
================================================================================
[2026-02-26T07:23:37.958+0000] {manager.py:879} INFO - 
================================================================================
DAG File Processing Stats

File Path                      PID    Runtime      # DAGs    # Errors  Last Runtime    Last Run
-----------------------------  -----  ---------  --------  ----------  --------------  -------------------
/opt/airflow/dags/pipeline.py                           1           0  1.71s           2026-02-26T07:23:26
================================================================================
[2026-02-26T07:24:05.973+0000] {manager.py:738} INFO - Searching for files in /opt/airflow/dags
[2026-02-26T07:24:06.015+0000] {manager.py:741} INFO - There are 1 files in /opt/airflow/dags
[2026-02-26T07:24:08.049+0000] {manager.py:879} INFO - 
================================================================================
DAG File Processing Stats

File Path                      PID    Runtime      # DAGs    # Errors  Last Runtime    Last Run
-----------------------------  -----  ---------  --------  ----------  --------------  -------------------
/opt/airflow/dags/pipeline.py                           1           0  1.76s           2026-02-26T07:23:58
================================================================================
[2026-02-26T07:24:38.533+0000] {manager.py:879} INFO - 
================================================================================
DAG File Processing Stats

File Path                      PID    Runtime      # DAGs    # Errors  Last Runtime    Last Run
-----------------------------  -----  ---------  --------  ----------  --------------  -------------------
/opt/airflow/dags/pipeline.py                           1           0  1.83s           2026-02-26T07:24:30
================================================================================
[2026-02-26T07:25:08.851+0000] {manager.py:879} INFO - 
================================================================================
DAG File Processing Stats

File Path                      PID    Runtime      # DAGs    # Errors  Last Runtime    Last Run
-----------------------------  -----  ---------  --------  ----------  --------------  -------------------
/opt/airflow/dags/pipeline.py                           1           0  1.77s           2026-02-26T07:25:02
================================================================================
[2026-02-26T07:25:38.976+0000] {manager.py:879} INFO - 
================================================================================
DAG File Processing Stats

File Path                      PID    Runtime      # DAGs    # Errors  Last Runtime    Last Run
-----------------------------  -----  ---------  --------  ----------  --------------  -------------------
/opt/airflow/dags/pipeline.py                           1           0  1.81s           2026-02-26T07:25:34
================================================================================
[2026-02-26T07:25:43.102+0000] {manager.py:451} INFO - Exiting gracefully upon receiving signal 15
[2026-02-26T08:12:26.172+0000] {manager.py:469} INFO - Processing files using up to 2 processes at a time 
[2026-02-26T08:12:26.179+0000] {manager.py:470} INFO - Process each file at most once every 30 seconds
[2026-02-26T08:12:26.180+0000] {manager.py:471} INFO - Checking for new files in /opt/airflow/dags every 300 seconds
[2026-02-26T08:12:26.182+0000] {manager.py:738} INFO - Searching for files in /opt/airflow/dags
[2026-02-26T08:12:26.224+0000] {manager.py:741} INFO - There are 1 files in /opt/airflow/dags
[2026-02-26T08:12:26.388+0000] {manager.py:879} INFO - 
================================================================================
DAG File Processing Stats

File Path                        PID  Runtime      # DAGs    # Errors  Last Runtime    Last Run
-----------------------------  -----  ---------  --------  ----------  --------------  ----------
/opt/airflow/dags/pipeline.py     65  0.07s             0           0
================================================================================
[2026-02-26T08:12:56.630+0000] {manager.py:879} INFO - 
================================================================================
DAG File Processing Stats

File Path                      PID    Runtime      # DAGs    # Errors  Last Runtime    Last Run
-----------------------------  -----  ---------  --------  ----------  --------------  -------------------
/opt/airflow/dags/pipeline.py                           1           0  6.60s           2026-02-26T08:12:32
================================================================================
[2026-02-26T08:13:27.485+0000] {manager.py:879} INFO - 
================================================================================
DAG File Processing Stats

File Path                      PID    Runtime      # DAGs    # Errors  Last Runtime    Last Run
-----------------------------  -----  ---------  --------  ----------  --------------  -------------------
/opt/airflow/dags/pipeline.py                           1           0  2.10s           2026-02-26T08:13:05
================================================================================
[2026-02-26T08:13:57.796+0000] {manager.py:879} INFO - 
================================================================================
DAG File Processing Stats

File Path                      PID    Runtime      # DAGs    # Errors  Last Runtime    Last Run
-----------------------------  -----  ---------  --------  ----------  --------------  -------------------
/opt/airflow/dags/pipeline.py                           1           0  2.03s           2026-02-26T08:13:37
================================================================================
[2026-02-26T08:14:28.195+0000] {manager.py:879} INFO - 
================================================================================
DAG File Processing Stats

File Path                      PID    Runtime      # DAGs    # Errors  Last Runtime    Last Run
-----------------------------  -----  ---------  --------  ----------  --------------  -------------------
/opt/airflow/dags/pipeline.py                           1           0  2.04s           2026-02-26T08:14:09
================================================================================
[2026-02-26T08:14:58.499+0000] {manager.py:879} INFO - 
================================================================================
DAG File Processing Stats

File Path                      PID    Runtime      # DAGs    # Errors  Last Runtime    Last Run
-----------------------------  -----  ---------  --------  ----------  --------------  -------------------
/opt/airflow/dags/pipeline.py                           1           0  2.06s           2026-02-26T08:14:42
================================================================================
[2026-02-26T08:15:19.198+0000] {manager.py:451} INFO - Exiting gracefully upon receiving signal 15
[2026-02-26T08:16:16.348+0000] {manager.py:469} INFO - Processing files using up to 2 processes at a time 
[2026-02-26T08:16:16.349+0000] {manager.py:470} INFO - Process each file at most once every 30 seconds
[2026-02-26T08:16:16.350+0000] {manager.py:471} INFO - Checking for new files in /opt/airflow/dags every 300 seconds
[2026-02-26T08:16:16.351+0000] {manager.py:738} INFO - Searching for files in /opt/airflow/dags
[2026-02-26T08:16:16.380+0000] {manager.py:741} INFO - There are 1 files in /opt/airflow/dags
[2026-02-26T08:16:16.559+0000] {manager.py:879} INFO - 
================================================================================
DAG File Processing Stats

File Path                        PID  Runtime      # DAGs    # Errors  Last Runtime    Last Run
-----------------------------  -----  ---------  --------  ----------  --------------  ----------
/opt/airflow/dags/pipeline.py     64  0.09s             0           0
================================================================================
[2026-02-26T08:16:46.822+0000] {manager.py:879} INFO - 
================================================================================
DAG File Processing Stats

File Path                      PID    Runtime      # DAGs    # Errors  Last Runtime    Last Run
-----------------------------  -----  ---------  --------  ----------  --------------  -------------------
/opt/airflow/dags/pipeline.py                           1           0  3.81s           2026-02-26T08:16:20
================================================================================
[2026-02-26T08:17:16.827+0000] {manager.py:879} INFO - 
================================================================================
DAG File Processing Stats

File Path                      PID    Runtime      # DAGs    # Errors  Last Runtime    Last Run
-----------------------------  -----  ---------  --------  ----------  --------------  -------------------
/opt/airflow/dags/pipeline.py                           1           0  2.00s           2026-02-26T08:16:52
================================================================================
[2026-02-26T08:17:47.013+0000] {manager.py:879} INFO - 
================================================================================
DAG File Processing Stats

File Path                      PID    Runtime      # DAGs    # Errors  Last Runtime    Last Run
-----------------------------  -----  ---------  --------  ----------  --------------  -------------------
/opt/airflow/dags/pipeline.py                           1           0  1.93s           2026-02-26T08:17:24
================================================================================
[2026-02-26T08:18:17.148+0000] {manager.py:879} INFO - 
================================================================================
DAG File Processing Stats

File Path                      PID    Runtime      # DAGs    # Errors  Last Runtime    Last Run
-----------------------------  -----  ---------  --------  ----------  --------------  -------------------
/opt/airflow/dags/pipeline.py                           1           0  1.86s           2026-02-26T08:17:56
================================================================================
[2026-02-26T08:18:47.266+0000] {manager.py:879} INFO - 
================================================================================
DAG File Processing Stats

File Path                      PID    Runtime      # DAGs    # Errors  Last Runtime    Last Run
-----------------------------  -----  ---------  --------  ----------  --------------  -------------------
/opt/airflow/dags/pipeline.py                           1           0  1.83s           2026-02-26T08:18:29
================================================================================
[2026-02-26T08:19:18.222+0000] {manager.py:879} INFO - 
================================================================================
DAG File Processing Stats

File Path                      PID    Runtime      # DAGs    # Errors  Last Runtime    Last Run
-----------------------------  -----  ---------  --------  ----------  --------------  -------------------
/opt/airflow/dags/pipeline.py                           1           0  1.70s           2026-02-26T08:19:01
================================================================================
[2026-02-26T08:19:48.307+0000] {manager.py:879} INFO - 
================================================================================
DAG File Processing Stats

File Path                      PID    Runtime      # DAGs    # Errors  Last Runtime    Last Run
-----------------------------  -----  ---------  --------  ----------  --------------  -------------------
/opt/airflow/dags/pipeline.py                           1           0  1.78s           2026-02-26T08:19:33
================================================================================
[2026-02-26T08:20:18.339+0000] {manager.py:879} INFO - 
================================================================================
DAG File Processing Stats

File Path                      PID    Runtime      # DAGs    # Errors  Last Runtime    Last Run
-----------------------------  -----  ---------  --------  ----------  --------------  -------------------
/opt/airflow/dags/pipeline.py                           1           0  1.75s           2026-02-26T08:20:05
================================================================================
[2026-02-26T08:20:48.595+0000] {manager.py:879} INFO - 
================================================================================
DAG File Processing Stats

File Path                      PID    Runtime      # DAGs    # Errors  Last Runtime    Last Run
-----------------------------  -----  ---------  --------  ----------  --------------  -------------------
/opt/airflow/dags/pipeline.py                           1           0  1.96s           2026-02-26T08:20:37
================================================================================
[2026-02-26T08:21:16.422+0000] {manager.py:738} INFO - Searching for files in /opt/airflow/dags
[2026-02-26T08:21:16.461+0000] {manager.py:741} INFO - There are 1 files in /opt/airflow/dags
[2026-02-26T08:21:19.527+0000] {manager.py:879} INFO - 
================================================================================
DAG File Processing Stats

File Path                      PID    Runtime      # DAGs    # Errors  Last Runtime    Last Run
-----------------------------  -----  ---------  --------  ----------  --------------  -------------------
/opt/airflow/dags/pipeline.py                           1           0  1.69s           2026-02-26T08:21:09
================================================================================
[2026-02-26T08:21:49.689+0000] {manager.py:879} INFO - 
================================================================================
DAG File Processing Stats

File Path                      PID    Runtime      # DAGs    # Errors  Last Runtime    Last Run
-----------------------------  -----  ---------  --------  ----------  --------------  -------------------
/opt/airflow/dags/pipeline.py                           1           0  1.85s           2026-02-26T08:21:41
================================================================================
[2026-02-26T08:22:19.933+0000] {manager.py:879} INFO - 
================================================================================
DAG File Processing Stats

File Path                      PID    Runtime      # DAGs    # Errors  Last Runtime    Last Run
-----------------------------  -----  ---------  --------  ----------  --------------  -------------------
/opt/airflow/dags/pipeline.py                           1           0  1.96s           2026-02-26T08:22:13
================================================================================
[2026-02-26T08:22:49.982+0000] {manager.py:879} INFO - 
================================================================================
DAG File Processing Stats

File Path                      PID    Runtime      # DAGs    # Errors  Last Runtime    Last Run
-----------------------------  -----  ---------  --------  ----------  --------------  -------------------
/opt/airflow/dags/pipeline.py                           1           0  1.76s           2026-02-26T08:22:45
================================================================================
[2026-02-26T08:23:20.622+0000] {manager.py:879} INFO - 
================================================================================
DAG File Processing Stats

File Path                      PID    Runtime      # DAGs    # Errors  Last Runtime    Last Run
-----------------------------  -----  ---------  --------  ----------  --------------  -------------------
/opt/airflow/dags/pipeline.py                           1           0  1.70s           2026-02-26T08:23:17
================================================================================
[2026-02-26T08:23:50.896+0000] {manager.py:879} INFO - 
================================================================================
DAG File Processing Stats

File Path                      PID    Runtime      # DAGs    # Errors  Last Runtime    Last Run
-----------------------------  -----  ---------  --------  ----------  --------------  -------------------
/opt/airflow/dags/pipeline.py                           1           0  1.83s           2026-02-26T08:23:50
================================================================================
[2026-02-26T08:24:21.397+0000] {manager.py:879} INFO - 
================================================================================
DAG File Processing Stats

File Path                        PID  Runtime      # DAGs    # Errors  Last Runtime    Last Run
-----------------------------  -----  ---------  --------  ----------  --------------  -------------------
/opt/airflow/dags/pipeline.py    600  1.24s             1           0  1.83s           2026-02-26T08:23:50
================================================================================
[2026-02-26T08:24:51.779+0000] {manager.py:879} INFO - 
================================================================================
DAG File Processing Stats

File Path                      PID    Runtime      # DAGs    # Errors  Last Runtime    Last Run
-----------------------------  -----  ---------  --------  ----------  --------------  -------------------
/opt/airflow/dags/pipeline.py                           1           0  2.92s           2026-02-26T08:24:23
================================================================================
[2026-02-26T08:25:22.045+0000] {manager.py:879} INFO - 
================================================================================
DAG File Processing Stats

File Path                      PID    Runtime      # DAGs    # Errors  Last Runtime    Last Run
-----------------------------  -----  ---------  --------  ----------  --------------  -------------------
/opt/airflow/dags/pipeline.py                           1           0  1.88s           2026-02-26T08:24:55
================================================================================
[2026-02-26T08:25:52.366+0000] {manager.py:879} INFO - 
================================================================================
DAG File Processing Stats

File Path                      PID    Runtime      # DAGs    # Errors  Last Runtime    Last Run
-----------------------------  -----  ---------  --------  ----------  --------------  -------------------
/opt/airflow/dags/pipeline.py                           1           0  1.81s           2026-02-26T08:25:27
================================================================================
[2026-02-26T08:26:16.571+0000] {manager.py:738} INFO - Searching for files in /opt/airflow/dags
[2026-02-26T08:26:16.613+0000] {manager.py:741} INFO - There are 1 files in /opt/airflow/dags
[2026-02-26T08:26:22.695+0000] {manager.py:879} INFO - 
================================================================================
DAG File Processing Stats

File Path                      PID    Runtime      # DAGs    # Errors  Last Runtime    Last Run
-----------------------------  -----  ---------  --------  ----------  --------------  -------------------
/opt/airflow/dags/pipeline.py                           1           0  1.98s           2026-02-26T08:25:59
================================================================================
[2026-02-26T08:26:52.763+0000] {manager.py:879} INFO - 
================================================================================
DAG File Processing Stats

File Path                      PID    Runtime      # DAGs    # Errors  Last Runtime    Last Run
-----------------------------  -----  ---------  --------  ----------  --------------  -------------------
/opt/airflow/dags/pipeline.py                           1           0  1.79s           2026-02-26T08:26:31
================================================================================
[2026-02-26T08:27:22.894+0000] {manager.py:879} INFO - 
================================================================================
DAG File Processing Stats

File Path                      PID    Runtime      # DAGs    # Errors  Last Runtime    Last Run
-----------------------------  -----  ---------  --------  ----------  --------------  -------------------
/opt/airflow/dags/pipeline.py                           1           0  1.85s           2026-02-26T08:27:03
================================================================================
[2026-02-26T08:27:52.968+0000] {manager.py:879} INFO - 
================================================================================
DAG File Processing Stats

File Path                      PID    Runtime      # DAGs    # Errors  Last Runtime    Last Run
-----------------------------  -----  ---------  --------  ----------  --------------  -------------------
/opt/airflow/dags/pipeline.py                           1           0  1.78s           2026-02-26T08:27:35
================================================================================
[2026-02-26T08:28:23.152+0000] {manager.py:879} INFO - 
================================================================================
DAG File Processing Stats

File Path                      PID    Runtime      # DAGs    # Errors  Last Runtime    Last Run
-----------------------------  -----  ---------  --------  ----------  --------------  -------------------
/opt/airflow/dags/pipeline.py                           1           0  1.91s           2026-02-26T08:28:08
================================================================================
[2026-02-26T08:28:53.431+0000] {manager.py:879} INFO - 
================================================================================
DAG File Processing Stats

File Path                      PID    Runtime      # DAGs    # Errors  Last Runtime    Last Run
-----------------------------  -----  ---------  --------  ----------  --------------  -------------------
/opt/airflow/dags/pipeline.py                           1           0  1.79s           2026-02-26T08:28:39
================================================================================
[2026-02-26T08:29:23.722+0000] {manager.py:879} INFO - 
================================================================================
DAG File Processing Stats

File Path                      PID    Runtime      # DAGs    # Errors  Last Runtime    Last Run
-----------------------------  -----  ---------  --------  ----------  --------------  -------------------
/opt/airflow/dags/pipeline.py                           1           0  1.85s           2026-02-26T08:29:12
================================================================================
[2026-02-26T08:29:54.005+0000] {manager.py:879} INFO - 
================================================================================
DAG File Processing Stats

File Path                      PID    Runtime      # DAGs    # Errors  Last Runtime    Last Run
-----------------------------  -----  ---------  --------  ----------  --------------  -------------------
/opt/airflow/dags/pipeline.py                           1           0  1.79s           2026-02-26T08:29:44
================================================================================
[2026-02-26T08:30:24.163+0000] {manager.py:879} INFO - 
================================================================================
DAG File Processing Stats

File Path                      PID    Runtime      # DAGs    # Errors  Last Runtime    Last Run
-----------------------------  -----  ---------  --------  ----------  --------------  -------------------
/opt/airflow/dags/pipeline.py                           1           0  1.87s           2026-02-26T08:30:16
================================================================================
[2026-02-26T08:30:28.382+0000] {manager.py:451} INFO - Exiting gracefully upon receiving signal 15
[2026-02-26T08:31:23.077+0000] {manager.py:469} INFO - Processing files using up to 2 processes at a time 
[2026-02-26T08:31:23.078+0000] {manager.py:470} INFO - Process each file at most once every 30 seconds
[2026-02-26T08:31:23.079+0000] {manager.py:471} INFO - Checking for new files in /opt/airflow/dags every 300 seconds
[2026-02-26T08:31:23.080+0000] {manager.py:738} INFO - Searching for files in /opt/airflow/dags
[2026-02-26T08:31:23.105+0000] {manager.py:741} INFO - There are 1 files in /opt/airflow/dags
[2026-02-26T08:31:23.254+0000] {manager.py:879} INFO - 
================================================================================
DAG File Processing Stats

File Path                        PID  Runtime      # DAGs    # Errors  Last Runtime    Last Run
-----------------------------  -----  ---------  --------  ----------  --------------  ----------
/opt/airflow/dags/pipeline.py     65  0.06s             0           0
================================================================================
[2026-02-26T08:31:53.503+0000] {manager.py:879} INFO - 
================================================================================
DAG File Processing Stats

File Path                      PID    Runtime      # DAGs    # Errors  Last Runtime    Last Run
-----------------------------  -----  ---------  --------  ----------  --------------  -------------------
/opt/airflow/dags/pipeline.py                           1           0  3.35s           2026-02-26T08:31:26
================================================================================
[2026-02-26T08:32:23.794+0000] {manager.py:879} INFO - 
================================================================================
DAG File Processing Stats

File Path                      PID    Runtime      # DAGs    # Errors  Last Runtime    Last Run
-----------------------------  -----  ---------  --------  ----------  --------------  -------------------
/opt/airflow/dags/pipeline.py                           1           0  1.76s           2026-02-26T08:31:58
================================================================================
[2026-02-26T08:32:54.100+0000] {manager.py:879} INFO - 
================================================================================
DAG File Processing Stats

File Path                      PID    Runtime      # DAGs    # Errors  Last Runtime    Last Run
-----------------------------  -----  ---------  --------  ----------  --------------  -------------------
/opt/airflow/dags/pipeline.py                           1           0  1.72s           2026-02-26T08:32:30
================================================================================
[2026-02-26T08:33:24.360+0000] {manager.py:879} INFO - 
================================================================================
DAG File Processing Stats

File Path                      PID    Runtime      # DAGs    # Errors  Last Runtime    Last Run
-----------------------------  -----  ---------  --------  ----------  --------------  -------------------
/opt/airflow/dags/pipeline.py                           1           0  1.87s           2026-02-26T08:33:02
================================================================================
[2026-02-26T08:33:54.637+0000] {manager.py:879} INFO - 
================================================================================
DAG File Processing Stats

File Path                      PID    Runtime      # DAGs    # Errors  Last Runtime    Last Run
-----------------------------  -----  ---------  --------  ----------  --------------  -------------------
/opt/airflow/dags/pipeline.py                           1           0  1.68s           2026-02-26T08:33:34
================================================================================
[2026-02-26T08:34:24.719+0000] {manager.py:879} INFO - 
================================================================================
DAG File Processing Stats

File Path                      PID    Runtime      # DAGs    # Errors  Last Runtime    Last Run
-----------------------------  -----  ---------  --------  ----------  --------------  -------------------
/opt/airflow/dags/pipeline.py                           1           0  1.73s           2026-02-26T08:34:06
================================================================================
[2026-02-26T08:34:54.831+0000] {manager.py:879} INFO - 
================================================================================
DAG File Processing Stats

File Path                      PID    Runtime      # DAGs    # Errors  Last Runtime    Last Run
-----------------------------  -----  ---------  --------  ----------  --------------  -------------------
/opt/airflow/dags/pipeline.py                           1           0  1.81s           2026-02-26T08:34:38
================================================================================
[2026-02-26T08:35:25.123+0000] {manager.py:879} INFO - 
================================================================================
DAG File Processing Stats

File Path                      PID    Runtime      # DAGs    # Errors  Last Runtime    Last Run
-----------------------------  -----  ---------  --------  ----------  --------------  -------------------
/opt/airflow/dags/pipeline.py                           1           0  1.67s           2026-02-26T08:35:10
================================================================================
[2026-02-26T08:35:55.408+0000] {manager.py:879} INFO - 
================================================================================
DAG File Processing Stats

File Path                      PID    Runtime      # DAGs    # Errors  Last Runtime    Last Run
-----------------------------  -----  ---------  --------  ----------  --------------  -------------------
/opt/airflow/dags/pipeline.py                           1           0  1.77s           2026-02-26T08:35:42
================================================================================
[2026-02-26T08:36:23.681+0000] {manager.py:738} INFO - Searching for files in /opt/airflow/dags
[2026-02-26T08:36:23.711+0000] {manager.py:741} INFO - There are 1 files in /opt/airflow/dags
[2026-02-26T08:36:25.753+0000] {manager.py:879} INFO - 
================================================================================
DAG File Processing Stats

File Path                      PID    Runtime      # DAGs    # Errors  Last Runtime    Last Run
-----------------------------  -----  ---------  --------  ----------  --------------  -------------------
/opt/airflow/dags/pipeline.py                           1           0  1.85s           2026-02-26T08:36:14
================================================================================
[2026-02-26T08:36:56.283+0000] {manager.py:879} INFO - 
================================================================================
DAG File Processing Stats

File Path                      PID    Runtime      # DAGs    # Errors  Last Runtime    Last Run
-----------------------------  -----  ---------  --------  ----------  --------------  -------------------
/opt/airflow/dags/pipeline.py                           1           0  1.69s           2026-02-26T08:36:46
================================================================================
[2026-02-26T08:37:26.593+0000] {manager.py:879} INFO - 
================================================================================
DAG File Processing Stats

File Path                      PID    Runtime      # DAGs    # Errors  Last Runtime    Last Run
-----------------------------  -----  ---------  --------  ----------  --------------  -------------------
/opt/airflow/dags/pipeline.py                           1           0  1.71s           2026-02-26T08:37:18
================================================================================
[2026-02-26T08:37:56.815+0000] {manager.py:879} INFO - 
================================================================================
DAG File Processing Stats

File Path                      PID    Runtime      # DAGs    # Errors  Last Runtime    Last Run
-----------------------------  -----  ---------  --------  ----------  --------------  -------------------
/opt/airflow/dags/pipeline.py                           1           0  1.90s           2026-02-26T08:37:50
================================================================================
[2026-02-26T08:38:26.950+0000] {manager.py:879} INFO - 
================================================================================
DAG File Processing Stats

File Path                      PID    Runtime      # DAGs    # Errors  Last Runtime    Last Run
-----------------------------  -----  ---------  --------  ----------  --------------  -------------------
/opt/airflow/dags/pipeline.py                           1           0  1.84s           2026-02-26T08:38:22
================================================================================
[2026-02-26T08:38:57.126+0000] {manager.py:879} INFO - 
================================================================================
DAG File Processing Stats

File Path                      PID    Runtime      # DAGs    # Errors  Last Runtime    Last Run
-----------------------------  -----  ---------  --------  ----------  --------------  -------------------
/opt/airflow/dags/pipeline.py                           1           0  1.89s           2026-02-26T08:38:55
================================================================================
[2026-02-26T08:39:27.163+0000] {manager.py:879} INFO - 
================================================================================
DAG File Processing Stats

File Path                      PID    Runtime      # DAGs    # Errors  Last Runtime    Last Run
-----------------------------  -----  ---------  --------  ----------  --------------  -------------------
/opt/airflow/dags/pipeline.py                           1           0  1.75s           2026-02-26T08:39:27
================================================================================
[2026-02-26T08:39:57.230+0000] {manager.py:879} INFO - 
================================================================================
DAG File Processing Stats

File Path                        PID  Runtime      # DAGs    # Errors  Last Runtime    Last Run
-----------------------------  -----  ---------  --------  ----------  --------------  -------------------
/opt/airflow/dags/pipeline.py    629  0.01s             1           0  1.75s           2026-02-26T08:39:27
================================================================================
[2026-02-26T08:40:27.711+0000] {manager.py:879} INFO - 
================================================================================
DAG File Processing Stats

File Path                      PID    Runtime      # DAGs    # Errors  Last Runtime    Last Run
-----------------------------  -----  ---------  --------  ----------  --------------  -------------------
/opt/airflow/dags/pipeline.py                           1           0  1.71s           2026-02-26T08:39:58
================================================================================
[2026-02-26T08:40:57.988+0000] {manager.py:879} INFO - 
================================================================================
DAG File Processing Stats

File Path                      PID    Runtime      # DAGs    # Errors  Last Runtime    Last Run
-----------------------------  -----  ---------  --------  ----------  --------------  -------------------
/opt/airflow/dags/pipeline.py                           1           0  2.01s           2026-02-26T08:40:31
================================================================================
[2026-02-26T08:41:24.249+0000] {manager.py:738} INFO - Searching for files in /opt/airflow/dags
[2026-02-26T08:41:24.290+0000] {manager.py:741} INFO - There are 1 files in /opt/airflow/dags
[2026-02-26T08:41:28.358+0000] {manager.py:879} INFO - 
================================================================================
DAG File Processing Stats

File Path                      PID    Runtime      # DAGs    # Errors  Last Runtime    Last Run
-----------------------------  -----  ---------  --------  ----------  --------------  -------------------
/opt/airflow/dags/pipeline.py                           1           0  1.77s           2026-02-26T08:41:03
================================================================================
[2026-02-26T08:41:58.472+0000] {manager.py:879} INFO - 
================================================================================
DAG File Processing Stats

File Path                      PID    Runtime      # DAGs    # Errors  Last Runtime    Last Run
-----------------------------  -----  ---------  --------  ----------  --------------  -------------------
/opt/airflow/dags/pipeline.py                           1           0  1.84s           2026-02-26T08:41:35
================================================================================
[2026-02-26T08:42:28.513+0000] {manager.py:879} INFO - 
================================================================================
DAG File Processing Stats

File Path                      PID    Runtime      # DAGs    # Errors  Last Runtime    Last Run
-----------------------------  -----  ---------  --------  ----------  --------------  -------------------
/opt/airflow/dags/pipeline.py                           1           0  1.75s           2026-02-26T08:42:07
================================================================================
[2026-02-26T08:42:58.523+0000] {manager.py:879} INFO - 
================================================================================
DAG File Processing Stats

File Path                      PID    Runtime      # DAGs    # Errors  Last Runtime    Last Run
-----------------------------  -----  ---------  --------  ----------  --------------  -------------------
/opt/airflow/dags/pipeline.py                           1           0  1.74s           2026-02-26T08:42:39
================================================================================
[2026-02-26T08:43:28.814+0000] {manager.py:879} INFO - 
================================================================================
DAG File Processing Stats

File Path                      PID    Runtime      # DAGs    # Errors  Last Runtime    Last Run
-----------------------------  -----  ---------  --------  ----------  --------------  -------------------
/opt/airflow/dags/pipeline.py                           1           0  1.76s           2026-02-26T08:43:11
================================================================================
[2026-02-26T08:43:59.099+0000] {manager.py:879} INFO - 
================================================================================
DAG File Processing Stats

File Path                      PID    Runtime      # DAGs    # Errors  Last Runtime    Last Run
-----------------------------  -----  ---------  --------  ----------  --------------  -------------------
/opt/airflow/dags/pipeline.py                           1           0  1.81s           2026-02-26T08:43:43
================================================================================
[2026-02-26T08:44:29.761+0000] {manager.py:879} INFO - 
================================================================================
DAG File Processing Stats

File Path                      PID    Runtime      # DAGs    # Errors  Last Runtime    Last Run
-----------------------------  -----  ---------  --------  ----------  --------------  -------------------
/opt/airflow/dags/pipeline.py                           1           0  1.89s           2026-02-26T08:44:15
================================================================================
[2026-02-26T08:44:59.819+0000] {manager.py:879} INFO - 
================================================================================
DAG File Processing Stats

File Path                      PID    Runtime      # DAGs    # Errors  Last Runtime    Last Run
-----------------------------  -----  ---------  --------  ----------  --------------  -------------------
/opt/airflow/dags/pipeline.py                           1           0  1.72s           2026-02-26T08:44:47
================================================================================
[2026-02-26T08:45:30.014+0000] {manager.py:879} INFO - 
================================================================================
DAG File Processing Stats

File Path                      PID    Runtime      # DAGs    # Errors  Last Runtime    Last Run
-----------------------------  -----  ---------  --------  ----------  --------------  -------------------
/opt/airflow/dags/pipeline.py                           1           0  1.86s           2026-02-26T08:45:19
================================================================================
[2026-02-26T08:46:00.195+0000] {manager.py:879} INFO - 
================================================================================
DAG File Processing Stats

File Path                      PID    Runtime      # DAGs    # Errors  Last Runtime    Last Run
-----------------------------  -----  ---------  --------  ----------  --------------  -------------------
/opt/airflow/dags/pipeline.py                           1           0  1.86s           2026-02-26T08:45:52
================================================================================
[2026-02-26T08:46:24.931+0000] {manager.py:738} INFO - Searching for files in /opt/airflow/dags
[2026-02-26T08:46:24.972+0000] {manager.py:741} INFO - There are 1 files in /opt/airflow/dags
[2026-02-26T08:46:30.310+0000] {manager.py:879} INFO - 
================================================================================
DAG File Processing Stats

File Path                      PID    Runtime      # DAGs    # Errors  Last Runtime    Last Run
-----------------------------  -----  ---------  --------  ----------  --------------  -------------------
/opt/airflow/dags/pipeline.py                           1           0  1.84s           2026-02-26T08:46:24
================================================================================
[2026-02-26T08:47:00.388+0000] {manager.py:879} INFO - 
================================================================================
DAG File Processing Stats

File Path                      PID    Runtime      # DAGs    # Errors  Last Runtime    Last Run
-----------------------------  -----  ---------  --------  ----------  --------------  -------------------
/opt/airflow/dags/pipeline.py                           1           0  2.05s           2026-02-26T08:46:56
================================================================================
[2026-02-26T08:47:28.932+0000] {manager.py:451} INFO - Exiting gracefully upon receiving signal 15
[2026-02-26T08:49:26.725+0000] {manager.py:469} INFO - Processing files using up to 2 processes at a time 
[2026-02-26T08:49:26.726+0000] {manager.py:470} INFO - Process each file at most once every 30 seconds
[2026-02-26T08:49:26.727+0000] {manager.py:471} INFO - Checking for new files in /opt/airflow/dags every 300 seconds
[2026-02-26T08:49:26.728+0000] {manager.py:738} INFO - Searching for files in /opt/airflow/dags
[2026-02-26T08:49:26.781+0000] {manager.py:741} INFO - There are 1 files in /opt/airflow/dags
[2026-02-26T08:49:26.910+0000] {manager.py:879} INFO - 
================================================================================
DAG File Processing Stats

File Path                        PID  Runtime      # DAGs    # Errors  Last Runtime    Last Run
-----------------------------  -----  ---------  --------  ----------  --------------  ----------
/opt/airflow/dags/pipeline.py     65  0.05s             0           0
================================================================================
[2026-02-26T08:49:57.159+0000] {manager.py:879} INFO - 
================================================================================
DAG File Processing Stats

File Path                      PID    Runtime      # DAGs    # Errors  Last Runtime    Last Run
-----------------------------  -----  ---------  --------  ----------  --------------  -------------------
/opt/airflow/dags/pipeline.py                           1           0  3.78s           2026-02-26T08:49:30
================================================================================
[2026-02-26T08:50:27.418+0000] {manager.py:879} INFO - 
================================================================================
DAG File Processing Stats

File Path                      PID    Runtime      # DAGs    # Errors  Last Runtime    Last Run
-----------------------------  -----  ---------  --------  ----------  --------------  -------------------
/opt/airflow/dags/pipeline.py                           1           0  1.81s           2026-02-26T08:50:02
================================================================================
[2026-02-26T08:50:57.689+0000] {manager.py:879} INFO - 
================================================================================
DAG File Processing Stats

File Path                      PID    Runtime      # DAGs    # Errors  Last Runtime    Last Run
-----------------------------  -----  ---------  --------  ----------  --------------  -------------------
/opt/airflow/dags/pipeline.py                           1           0  2.45s           2026-02-26T08:50:35
================================================================================
[2026-02-26T08:51:28.566+0000] {manager.py:879} INFO - 
================================================================================
DAG File Processing Stats

File Path                      PID    Runtime      # DAGs    # Errors  Last Runtime    Last Run
-----------------------------  -----  ---------  --------  ----------  --------------  -------------------
/opt/airflow/dags/pipeline.py                           1           0  1.69s           2026-02-26T08:51:07
================================================================================
[2026-02-26T08:51:58.617+0000] {manager.py:879} INFO - 
================================================================================
DAG File Processing Stats

File Path                      PID    Runtime      # DAGs    # Errors  Last Runtime    Last Run
-----------------------------  -----  ---------  --------  ----------  --------------  -------------------
/opt/airflow/dags/pipeline.py                           1           0  1.74s           2026-02-26T08:51:39
================================================================================
[2026-02-26T08:52:28.677+0000] {manager.py:879} INFO - 
================================================================================
DAG File Processing Stats

File Path                      PID    Runtime      # DAGs    # Errors  Last Runtime    Last Run
-----------------------------  -----  ---------  --------  ----------  --------------  -------------------
/opt/airflow/dags/pipeline.py                           1           0  1.76s           2026-02-26T08:52:11
================================================================================
[2026-02-26T08:52:58.727+0000] {manager.py:879} INFO - 
================================================================================
DAG File Processing Stats

File Path                      PID    Runtime      # DAGs    # Errors  Last Runtime    Last Run
-----------------------------  -----  ---------  --------  ----------  --------------  -------------------
/opt/airflow/dags/pipeline.py                           1           0  1.76s           2026-02-26T08:52:43
================================================================================
[2026-02-26T08:53:29.035+0000] {manager.py:879} INFO - 
================================================================================
DAG File Processing Stats

File Path                      PID    Runtime      # DAGs    # Errors  Last Runtime    Last Run
-----------------------------  -----  ---------  --------  ----------  --------------  -------------------
/opt/airflow/dags/pipeline.py                           1           0  1.76s           2026-02-26T08:53:15
================================================================================
[2026-02-26T08:53:59.337+0000] {manager.py:879} INFO - 
================================================================================
DAG File Processing Stats

File Path                      PID    Runtime      # DAGs    # Errors  Last Runtime    Last Run
-----------------------------  -----  ---------  --------  ----------  --------------  -------------------
/opt/airflow/dags/pipeline.py                           1           0  1.68s           2026-02-26T08:53:47
================================================================================
[2026-02-26T08:54:27.068+0000] {manager.py:738} INFO - Searching for files in /opt/airflow/dags
[2026-02-26T08:54:27.388+0000] {manager.py:741} INFO - There are 1 files in /opt/airflow/dags
[2026-02-26T08:54:29.480+0000] {manager.py:879} INFO - 
================================================================================
DAG File Processing Stats

File Path                      PID    Runtime      # DAGs    # Errors  Last Runtime    Last Run
-----------------------------  -----  ---------  --------  ----------  --------------  -------------------
/opt/airflow/dags/pipeline.py                           1           0  2.88s           2026-02-26T08:54:20
================================================================================
[2026-02-26T08:54:59.859+0000] {manager.py:879} INFO - 
================================================================================
DAG File Processing Stats

File Path                      PID    Runtime      # DAGs    # Errors  Last Runtime    Last Run
-----------------------------  -----  ---------  --------  ----------  --------------  -------------------
/opt/airflow/dags/pipeline.py                           1           0  1.65s           2026-02-26T08:54:52
================================================================================
[2026-02-26T08:55:30.154+0000] {manager.py:879} INFO - 
================================================================================
DAG File Processing Stats

File Path                      PID    Runtime      # DAGs    # Errors  Last Runtime    Last Run
-----------------------------  -----  ---------  --------  ----------  --------------  -------------------
/opt/airflow/dags/pipeline.py                           1           0  1.67s           2026-02-26T08:55:24
================================================================================
[2026-02-26T08:56:00.205+0000] {manager.py:879} INFO - 
================================================================================
DAG File Processing Stats

File Path                      PID    Runtime      # DAGs    # Errors  Last Runtime    Last Run
-----------------------------  -----  ---------  --------  ----------  --------------  -------------------
/opt/airflow/dags/pipeline.py                           1           0  1.75s           2026-02-26T08:55:56
================================================================================
[2026-02-26T08:56:30.208+0000] {manager.py:879} INFO - 
================================================================================
DAG File Processing Stats

File Path                      PID    Runtime      # DAGs    # Errors  Last Runtime    Last Run
-----------------------------  -----  ---------  --------  ----------  --------------  -------------------
/opt/airflow/dags/pipeline.py                           1           0  1.69s           2026-02-26T08:56:28
================================================================================
[2026-02-26T08:57:00.475+0000] {manager.py:879} INFO - 
================================================================================
DAG File Processing Stats

File Path                      PID    Runtime      # DAGs    # Errors  Last Runtime    Last Run
-----------------------------  -----  ---------  --------  ----------  --------------  -------------------
/opt/airflow/dags/pipeline.py                           1           0  1.71s           2026-02-26T08:56:59
================================================================================
[2026-02-26T08:57:30.778+0000] {manager.py:879} INFO - 
================================================================================
DAG File Processing Stats

File Path                        PID  Runtime      # DAGs    # Errors  Last Runtime    Last Run
-----------------------------  -----  ---------  --------  ----------  --------------  -------------------
/opt/airflow/dags/pipeline.py    603  0.49s             1           0  1.71s           2026-02-26T08:56:59
================================================================================
[2026-02-26T08:58:01.064+0000] {manager.py:879} INFO - 
================================================================================
DAG File Processing Stats

File Path                      PID    Runtime      # DAGs    # Errors  Last Runtime    Last Run
-----------------------------  -----  ---------  --------  ----------  --------------  -------------------
/opt/airflow/dags/pipeline.py                           1           0  1.67s           2026-02-26T08:57:31
================================================================================
[2026-02-26T08:58:31.141+0000] {manager.py:879} INFO - 
================================================================================
DAG File Processing Stats

File Path                      PID    Runtime      # DAGs    # Errors  Last Runtime    Last Run
-----------------------------  -----  ---------  --------  ----------  --------------  -------------------
/opt/airflow/dags/pipeline.py                           1           0  1.77s           2026-02-26T08:58:03
================================================================================
[2026-02-26T08:59:01.798+0000] {manager.py:879} INFO - 
================================================================================
DAG File Processing Stats

File Path                      PID    Runtime      # DAGs    # Errors  Last Runtime    Last Run
-----------------------------  -----  ---------  --------  ----------  --------------  -------------------
/opt/airflow/dags/pipeline.py                           1           0  1.70s           2026-02-26T08:58:35
================================================================================
[2026-02-26T08:59:27.409+0000] {manager.py:738} INFO - Searching for files in /opt/airflow/dags
[2026-02-26T08:59:27.455+0000] {manager.py:741} INFO - There are 1 files in /opt/airflow/dags
[2026-02-26T08:59:32.100+0000] {manager.py:879} INFO - 
================================================================================
DAG File Processing Stats

File Path                      PID    Runtime      # DAGs    # Errors  Last Runtime    Last Run
-----------------------------  -----  ---------  --------  ----------  --------------  -------------------
/opt/airflow/dags/pipeline.py                           1           0  1.65s           2026-02-26T08:59:07
================================================================================
[2026-02-26T09:00:02.837+0000] {manager.py:879} INFO - 
================================================================================
DAG File Processing Stats

File Path                      PID    Runtime      # DAGs    # Errors  Last Runtime    Last Run
-----------------------------  -----  ---------  --------  ----------  --------------  -------------------
/opt/airflow/dags/pipeline.py                           1           0  1.63s           2026-02-26T08:59:39
================================================================================
[2026-02-26T09:00:32.873+0000] {manager.py:879} INFO - 
================================================================================
DAG File Processing Stats

File Path                      PID    Runtime      # DAGs    # Errors  Last Runtime    Last Run
-----------------------------  -----  ---------  --------  ----------  --------------  -------------------
/opt/airflow/dags/pipeline.py                           1           0  1.72s           2026-02-26T09:00:11
================================================================================
[2026-02-26T09:01:03.670+0000] {manager.py:879} INFO - 
================================================================================
DAG File Processing Stats

File Path                      PID    Runtime      # DAGs    # Errors  Last Runtime    Last Run
-----------------------------  -----  ---------  --------  ----------  --------------  -------------------
/opt/airflow/dags/pipeline.py                           1           0  1.69s           2026-02-26T09:00:43
================================================================================
[2026-02-26T09:01:33.754+0000] {manager.py:879} INFO - 
================================================================================
DAG File Processing Stats

File Path                      PID    Runtime      # DAGs    # Errors  Last Runtime    Last Run
-----------------------------  -----  ---------  --------  ----------  --------------  -------------------
/opt/airflow/dags/pipeline.py                           1           0  1.78s           2026-02-26T09:01:15
================================================================================
[2026-02-26T09:02:03.788+0000] {manager.py:879} INFO - 
================================================================================
DAG File Processing Stats

File Path                      PID    Runtime      # DAGs    # Errors  Last Runtime    Last Run
-----------------------------  -----  ---------  --------  ----------  --------------  -------------------
/opt/airflow/dags/pipeline.py                           1           0  1.72s           2026-02-26T09:01:47
================================================================================
[2026-02-26T09:02:34.769+0000] {manager.py:879} INFO - 
================================================================================
DAG File Processing Stats

File Path                      PID    Runtime      # DAGs    # Errors  Last Runtime    Last Run
-----------------------------  -----  ---------  --------  ----------  --------------  -------------------
/opt/airflow/dags/pipeline.py                           1           0  1.69s           2026-02-26T09:02:19
================================================================================
[2026-02-26T09:03:04.801+0000] {manager.py:879} INFO - 
================================================================================
DAG File Processing Stats

File Path                      PID    Runtime      # DAGs    # Errors  Last Runtime    Last Run
-----------------------------  -----  ---------  --------  ----------  --------------  -------------------
/opt/airflow/dags/pipeline.py                           1           0  1.74s           2026-02-26T09:02:51
================================================================================
[2026-02-26T09:03:34.889+0000] {manager.py:879} INFO - 
================================================================================
DAG File Processing Stats

File Path                      PID    Runtime      # DAGs    # Errors  Last Runtime    Last Run
-----------------------------  -----  ---------  --------  ----------  --------------  -------------------
/opt/airflow/dags/pipeline.py                           1           0  1.73s           2026-02-26T09:03:23
================================================================================
[2026-02-26T09:04:04.985+0000] {manager.py:879} INFO - 
================================================================================
DAG File Processing Stats

File Path                      PID    Runtime      # DAGs    # Errors  Last Runtime    Last Run
-----------------------------  -----  ---------  --------  ----------  --------------  -------------------
/opt/airflow/dags/pipeline.py                           1           0  1.76s           2026-02-26T09:03:55
================================================================================
[2026-02-26T09:04:28.025+0000] {manager.py:738} INFO - Searching for files in /opt/airflow/dags
[2026-02-26T09:04:28.266+0000] {manager.py:741} INFO - There are 1 files in /opt/airflow/dags
[2026-02-26T09:04:35.439+0000] {manager.py:879} INFO - 
================================================================================
DAG File Processing Stats

File Path                      PID    Runtime      # DAGs    # Errors  Last Runtime    Last Run
-----------------------------  -----  ---------  --------  ----------  --------------  -------------------
/opt/airflow/dags/pipeline.py                           1           0  2.30s           2026-02-26T09:04:28
================================================================================
[2026-02-26T09:05:05.521+0000] {manager.py:879} INFO - 
================================================================================
DAG File Processing Stats

File Path                      PID    Runtime      # DAGs    # Errors  Last Runtime    Last Run
-----------------------------  -----  ---------  --------  ----------  --------------  -------------------
/opt/airflow/dags/pipeline.py                           1           0  1.77s           2026-02-26T09:05:00
================================================================================
[2026-02-26T09:05:35.624+0000] {manager.py:879} INFO - 
================================================================================
DAG File Processing Stats

File Path                      PID    Runtime      # DAGs    # Errors  Last Runtime    Last Run
-----------------------------  -----  ---------  --------  ----------  --------------  -------------------
/opt/airflow/dags/pipeline.py                           1           0  1.78s           2026-02-26T09:05:32
================================================================================
[2026-02-26T09:06:05.686+0000] {manager.py:879} INFO - 
================================================================================
DAG File Processing Stats

File Path                      PID    Runtime      # DAGs    # Errors  Last Runtime    Last Run
-----------------------------  -----  ---------  --------  ----------  --------------  -------------------
/opt/airflow/dags/pipeline.py                           1           0  1.79s           2026-02-26T09:06:04
================================================================================
[2026-02-26T09:06:35.978+0000] {manager.py:879} INFO - 
================================================================================
DAG File Processing Stats

File Path                        PID  Runtime      # DAGs    # Errors  Last Runtime    Last Run
-----------------------------  -----  ---------  --------  ----------  --------------  -------------------
/opt/airflow/dags/pipeline.py    994  1.01s             1           0  1.79s           2026-02-26T09:06:04
================================================================================
[2026-02-26T09:07:06.103+0000] {manager.py:879} INFO - 
================================================================================
DAG File Processing Stats

File Path                      PID    Runtime      # DAGs    # Errors  Last Runtime    Last Run
-----------------------------  -----  ---------  --------  ----------  --------------  -------------------
/opt/airflow/dags/pipeline.py                           1           0  1.87s           2026-02-26T09:06:36
================================================================================
[2026-02-26T09:07:36.368+0000] {manager.py:879} INFO - 
================================================================================
DAG File Processing Stats

File Path                      PID    Runtime      # DAGs    # Errors  Last Runtime    Last Run
-----------------------------  -----  ---------  --------  ----------  --------------  -------------------
/opt/airflow/dags/pipeline.py                           1           0  1.81s           2026-02-26T09:07:08
================================================================================
[2026-02-26T09:08:06.641+0000] {manager.py:879} INFO - 
================================================================================
DAG File Processing Stats

File Path                      PID    Runtime      # DAGs    # Errors  Last Runtime    Last Run
-----------------------------  -----  ---------  --------  ----------  --------------  -------------------
/opt/airflow/dags/pipeline.py                           1           0  1.93s           2026-02-26T09:07:40
================================================================================
[2026-02-26T09:08:37.559+0000] {manager.py:879} INFO - 
================================================================================
DAG File Processing Stats

File Path                      PID    Runtime      # DAGs    # Errors  Last Runtime    Last Run
-----------------------------  -----  ---------  --------  ----------  --------------  -------------------
/opt/airflow/dags/pipeline.py                           1           0  2.11s           2026-02-26T09:08:13
================================================================================
[2026-02-26T09:09:07.765+0000] {manager.py:879} INFO - 
================================================================================
DAG File Processing Stats

File Path                      PID    Runtime      # DAGs    # Errors  Last Runtime    Last Run
-----------------------------  -----  ---------  --------  ----------  --------------  -------------------
/opt/airflow/dags/pipeline.py                           1           0  1.90s           2026-02-26T09:08:45
================================================================================
[2026-02-26T09:09:28.063+0000] {manager.py:738} INFO - Searching for files in /opt/airflow/dags
[2026-02-26T09:09:28.127+0000] {manager.py:741} INFO - There are 1 files in /opt/airflow/dags
[2026-02-26T09:09:37.987+0000] {manager.py:879} INFO - 
================================================================================
DAG File Processing Stats

File Path                      PID    Runtime      # DAGs    # Errors  Last Runtime    Last Run
-----------------------------  -----  ---------  --------  ----------  --------------  -------------------
/opt/airflow/dags/pipeline.py                           1           0  1.89s           2026-02-26T09:09:17
================================================================================
[2026-02-26T09:10:08.100+0000] {manager.py:879} INFO - 
================================================================================
DAG File Processing Stats

File Path                      PID    Runtime      # DAGs    # Errors  Last Runtime    Last Run
-----------------------------  -----  ---------  --------  ----------  --------------  -------------------
/opt/airflow/dags/pipeline.py                           1           0  1.79s           2026-02-26T09:09:49
================================================================================
[2026-02-26T09:10:38.204+0000] {manager.py:879} INFO - 
================================================================================
DAG File Processing Stats

File Path                      PID    Runtime      # DAGs    # Errors  Last Runtime    Last Run
-----------------------------  -----  ---------  --------  ----------  --------------  -------------------
/opt/airflow/dags/pipeline.py                           1           0  1.80s           2026-02-26T09:10:22
================================================================================
[2026-02-26T09:11:08.233+0000] {manager.py:879} INFO - 
================================================================================
DAG File Processing Stats

File Path                      PID    Runtime      # DAGs    # Errors  Last Runtime    Last Run
-----------------------------  -----  ---------  --------  ----------  --------------  -------------------
/opt/airflow/dags/pipeline.py                           1           0  1.73s           2026-02-26T09:10:54
================================================================================
[2026-02-26T09:11:38.390+0000] {manager.py:879} INFO - 
================================================================================
DAG File Processing Stats

File Path                      PID    Runtime      # DAGs    # Errors  Last Runtime    Last Run
-----------------------------  -----  ---------  --------  ----------  --------------  -------------------
/opt/airflow/dags/pipeline.py                           1           0  1.87s           2026-02-26T09:11:26
================================================================================
[2026-02-26T09:12:08.490+0000] {manager.py:879} INFO - 
================================================================================
DAG File Processing Stats

File Path                      PID    Runtime      # DAGs    # Errors  Last Runtime    Last Run
-----------------------------  -----  ---------  --------  ----------  --------------  -------------------
/opt/airflow/dags/pipeline.py                           1           0  1.79s           2026-02-26T09:11:58
================================================================================
[2026-02-26T09:12:38.664+0000] {manager.py:879} INFO - 
================================================================================
DAG File Processing Stats

File Path                      PID    Runtime      # DAGs    # Errors  Last Runtime    Last Run
-----------------------------  -----  ---------  --------  ----------  --------------  -------------------
/opt/airflow/dags/pipeline.py                           1           0  1.86s           2026-02-26T09:12:30
================================================================================
[2026-02-26T09:13:08.796+0000] {manager.py:879} INFO - 
================================================================================
DAG File Processing Stats

File Path                      PID    Runtime      # DAGs    # Errors  Last Runtime    Last Run
-----------------------------  -----  ---------  --------  ----------  --------------  -------------------
/opt/airflow/dags/pipeline.py                           1           0  1.81s           2026-02-26T09:13:02
================================================================================
[2026-02-26T09:13:38.948+0000] {manager.py:879} INFO - 
================================================================================
DAG File Processing Stats

File Path                      PID    Runtime      # DAGs    # Errors  Last Runtime    Last Run
-----------------------------  -----  ---------  --------  ----------  --------------  -------------------
/opt/airflow/dags/pipeline.py                           1           0  1.85s           2026-02-26T09:13:34
================================================================================
[2026-02-26T09:14:08.976+0000] {manager.py:879} INFO - 
================================================================================
DAG File Processing Stats

File Path                      PID    Runtime      # DAGs    # Errors  Last Runtime    Last Run
-----------------------------  -----  ---------  --------  ----------  --------------  -------------------
/opt/airflow/dags/pipeline.py                           1           0  1.91s           2026-02-26T09:14:06
================================================================================
[2026-02-26T09:14:28.354+0000] {manager.py:738} INFO - Searching for files in /opt/airflow/dags
[2026-02-26T09:14:28.423+0000] {manager.py:741} INFO - There are 1 files in /opt/airflow/dags
[2026-02-26T09:14:39.471+0000] {manager.py:879} INFO - 
================================================================================
DAG File Processing Stats

File Path                      PID    Runtime      # DAGs    # Errors  Last Runtime    Last Run
-----------------------------  -----  ---------  --------  ----------  --------------  -------------------
/opt/airflow/dags/pipeline.py                           1           0  1.92s           2026-02-26T09:14:39
================================================================================
[2026-02-26T09:15:09.801+0000] {manager.py:879} INFO - 
================================================================================
DAG File Processing Stats

File Path                        PID  Runtime      # DAGs    # Errors  Last Runtime    Last Run
-----------------------------  -----  ---------  --------  ----------  --------------  -------------------
/opt/airflow/dags/pipeline.py   1362  0.01s             1           0  1.92s           2026-02-26T09:14:39
================================================================================
[2026-02-26T09:15:39.824+0000] {manager.py:879} INFO - 
================================================================================
DAG File Processing Stats

File Path                      PID    Runtime      # DAGs    # Errors  Last Runtime    Last Run
-----------------------------  -----  ---------  --------  ----------  --------------  -------------------
/opt/airflow/dags/pipeline.py                           1           0  1.73s           2026-02-26T09:15:11
================================================================================
[2026-02-26T09:16:10.052+0000] {manager.py:879} INFO - 
================================================================================
DAG File Processing Stats

File Path                      PID    Runtime      # DAGs    # Errors  Last Runtime    Last Run
-----------------------------  -----  ---------  --------  ----------  --------------  -------------------
/opt/airflow/dags/pipeline.py                           1           0  1.92s           2026-02-26T09:15:43
================================================================================
[2026-02-26T09:16:40.133+0000] {manager.py:879} INFO - 
================================================================================
DAG File Processing Stats

File Path                      PID    Runtime      # DAGs    # Errors  Last Runtime    Last Run
-----------------------------  -----  ---------  --------  ----------  --------------  -------------------
/opt/airflow/dags/pipeline.py                           1           0  1.78s           2026-02-26T09:16:15
================================================================================
[2026-02-26T09:17:10.223+0000] {manager.py:879} INFO - 
================================================================================
DAG File Processing Stats

File Path                      PID    Runtime      # DAGs    # Errors  Last Runtime    Last Run
-----------------------------  -----  ---------  --------  ----------  --------------  -------------------
/opt/airflow/dags/pipeline.py                           1           0  1.80s           2026-02-26T09:16:48
================================================================================
[2026-02-26T09:17:40.557+0000] {manager.py:879} INFO - 
================================================================================
DAG File Processing Stats

File Path                      PID    Runtime      # DAGs    # Errors  Last Runtime    Last Run
-----------------------------  -----  ---------  --------  ----------  --------------  -------------------
/opt/airflow/dags/pipeline.py                           1           0  1.74s           2026-02-26T09:17:19
================================================================================
[2026-02-26T09:18:10.841+0000] {manager.py:879} INFO - 
================================================================================
DAG File Processing Stats

File Path                      PID    Runtime      # DAGs    # Errors  Last Runtime    Last Run
-----------------------------  -----  ---------  --------  ----------  --------------  -------------------
/opt/airflow/dags/pipeline.py                           1           0  1.75s           2026-02-26T09:17:51
================================================================================
[2026-02-26T09:18:41.175+0000] {manager.py:879} INFO - 
================================================================================
DAG File Processing Stats

File Path                      PID    Runtime      # DAGs    # Errors  Last Runtime    Last Run
-----------------------------  -----  ---------  --------  ----------  --------------  -------------------
/opt/airflow/dags/pipeline.py                           1           0  1.82s           2026-02-26T09:18:24
================================================================================
[2026-02-26T09:19:11.252+0000] {manager.py:879} INFO - 
================================================================================
DAG File Processing Stats

File Path                      PID    Runtime      # DAGs    # Errors  Last Runtime    Last Run
-----------------------------  -----  ---------  --------  ----------  --------------  -------------------
/opt/airflow/dags/pipeline.py                           1           0  1.77s           2026-02-26T09:18:56
================================================================================
[2026-02-26T09:19:28.676+0000] {manager.py:738} INFO - Searching for files in /opt/airflow/dags
[2026-02-26T09:19:28.729+0000] {manager.py:741} INFO - There are 1 files in /opt/airflow/dags
[2026-02-26T09:19:41.358+0000] {manager.py:879} INFO - 
================================================================================
DAG File Processing Stats

File Path                      PID    Runtime      # DAGs    # Errors  Last Runtime    Last Run
-----------------------------  -----  ---------  --------  ----------  --------------  -------------------
/opt/airflow/dags/pipeline.py                           1           0  1.81s           2026-02-26T09:19:28
================================================================================
[2026-02-26T09:20:11.400+0000] {manager.py:879} INFO - 
================================================================================
DAG File Processing Stats

File Path                      PID    Runtime      # DAGs    # Errors  Last Runtime    Last Run
-----------------------------  -----  ---------  --------  ----------  --------------  -------------------
/opt/airflow/dags/pipeline.py                           1           0  1.74s           2026-02-26T09:20:00
================================================================================
[2026-02-26T09:20:41.703+0000] {manager.py:879} INFO - 
================================================================================
DAG File Processing Stats

File Path                      PID    Runtime      # DAGs    # Errors  Last Runtime    Last Run
-----------------------------  -----  ---------  --------  ----------  --------------  -------------------
/opt/airflow/dags/pipeline.py                           1           0  1.67s           2026-02-26T09:20:32
================================================================================
[2026-02-26T09:21:12.002+0000] {manager.py:879} INFO - 
================================================================================
DAG File Processing Stats

File Path                      PID    Runtime      # DAGs    # Errors  Last Runtime    Last Run
-----------------------------  -----  ---------  --------  ----------  --------------  -------------------
/opt/airflow/dags/pipeline.py                           1           0  1.75s           2026-02-26T09:21:04
================================================================================
[2026-02-26T09:21:42.335+0000] {manager.py:879} INFO - 
================================================================================
DAG File Processing Stats

File Path                      PID    Runtime      # DAGs    # Errors  Last Runtime    Last Run
-----------------------------  -----  ---------  --------  ----------  --------------  -------------------
/opt/airflow/dags/pipeline.py                           1           0  2.01s           2026-02-26T09:21:36
================================================================================
[2026-02-26T09:22:12.466+0000] {manager.py:879} INFO - 
================================================================================
DAG File Processing Stats

File Path                      PID    Runtime      # DAGs    # Errors  Last Runtime    Last Run
-----------------------------  -----  ---------  --------  ----------  --------------  -------------------
/opt/airflow/dags/pipeline.py                           1           0  1.82s           2026-02-26T09:22:08
================================================================================
[2026-02-26T09:22:42.584+0000] {manager.py:879} INFO - 
================================================================================
DAG File Processing Stats

File Path                      PID    Runtime      # DAGs    # Errors  Last Runtime    Last Run
-----------------------------  -----  ---------  --------  ----------  --------------  -------------------
/opt/airflow/dags/pipeline.py                           1           0  1.81s           2026-02-26T09:22:40
================================================================================
[2026-02-26T09:23:12.636+0000] {manager.py:879} INFO - 
================================================================================
DAG File Processing Stats

File Path                      PID    Runtime      # DAGs    # Errors  Last Runtime    Last Run
-----------------------------  -----  ---------  --------  ----------  --------------  -------------------
/opt/airflow/dags/pipeline.py                           1           0  1.77s           2026-02-26T09:23:12
================================================================================
[2026-02-26T09:23:42.924+0000] {manager.py:879} INFO - 
================================================================================
DAG File Processing Stats

File Path                        PID  Runtime      # DAGs    # Errors  Last Runtime    Last Run
-----------------------------  -----  ---------  --------  ----------  --------------  -------------------
/opt/airflow/dags/pipeline.py   1730  0.01s             1           0  1.77s           2026-02-26T09:23:12
================================================================================
[2026-02-26T10:13:49.518+0000] {manager.py:469} INFO - Processing files using up to 2 processes at a time 
[2026-02-26T10:13:49.521+0000] {manager.py:470} INFO - Process each file at most once every 30 seconds
[2026-02-26T10:13:49.522+0000] {manager.py:471} INFO - Checking for new files in /opt/airflow/dags every 300 seconds
[2026-02-26T10:13:49.523+0000] {manager.py:738} INFO - Searching for files in /opt/airflow/dags
[2026-02-26T10:13:49.555+0000] {manager.py:741} INFO - There are 1 files in /opt/airflow/dags
[2026-02-26T10:13:49.754+0000] {manager.py:879} INFO - 
================================================================================
DAG File Processing Stats

File Path                        PID  Runtime      # DAGs    # Errors  Last Runtime    Last Run
-----------------------------  -----  ---------  --------  ----------  --------------  ----------
/opt/airflow/dags/pipeline.py     65  0.08s             0           0
================================================================================
[2026-02-26T10:14:20.006+0000] {manager.py:879} INFO - 
================================================================================
DAG File Processing Stats

File Path                      PID    Runtime      # DAGs    # Errors  Last Runtime    Last Run
-----------------------------  -----  ---------  --------  ----------  --------------  -------------------
/opt/airflow/dags/pipeline.py                           1           0  2.30s           2026-02-26T10:13:51
================================================================================
[2026-02-26T10:14:47.954+0000] {manager.py:451} INFO - Exiting gracefully upon receiving signal 15
[2026-02-26T10:18:32.656+0000] {manager.py:469} INFO - Processing files using up to 2 processes at a time 
[2026-02-26T10:18:32.658+0000] {manager.py:470} INFO - Process each file at most once every 30 seconds
[2026-02-26T10:18:32.659+0000] {manager.py:471} INFO - Checking for new files in /opt/airflow/dags every 300 seconds
[2026-02-26T10:18:32.661+0000] {manager.py:738} INFO - Searching for files in /opt/airflow/dags
[2026-02-26T10:18:32.695+0000] {manager.py:741} INFO - There are 1 files in /opt/airflow/dags
[2026-02-26T10:18:32.896+0000] {manager.py:879} INFO - 
================================================================================
DAG File Processing Stats

File Path                        PID  Runtime      # DAGs    # Errors  Last Runtime    Last Run
-----------------------------  -----  ---------  --------  ----------  --------------  ----------
/opt/airflow/dags/pipeline.py     65  0.10s             0           0
================================================================================
[2026-02-26T10:19:03.162+0000] {manager.py:879} INFO - 
================================================================================
DAG File Processing Stats

File Path                      PID    Runtime      # DAGs    # Errors  Last Runtime    Last Run
-----------------------------  -----  ---------  --------  ----------  --------------  -------------------
/opt/airflow/dags/pipeline.py                           1           0  4.18s           2026-02-26T10:18:36
================================================================================
[2026-02-26T10:19:33.446+0000] {manager.py:879} INFO - 
================================================================================
DAG File Processing Stats

File Path                      PID    Runtime      # DAGs    # Errors  Last Runtime    Last Run
-----------------------------  -----  ---------  --------  ----------  --------------  -------------------
/opt/airflow/dags/pipeline.py                           1           0  1.96s           2026-02-26T10:19:09
================================================================================
[2026-02-26T10:20:03.608+0000] {manager.py:879} INFO - 
================================================================================
DAG File Processing Stats

File Path                      PID    Runtime      # DAGs    # Errors  Last Runtime    Last Run
-----------------------------  -----  ---------  --------  ----------  --------------  -------------------
/opt/airflow/dags/pipeline.py                           1           0  1.86s           2026-02-26T10:19:41
================================================================================
[2026-02-26T10:20:33.858+0000] {manager.py:879} INFO - 
================================================================================
DAG File Processing Stats

File Path                      PID    Runtime      # DAGs    # Errors  Last Runtime    Last Run
-----------------------------  -----  ---------  --------  ----------  --------------  -------------------
/opt/airflow/dags/pipeline.py                           1           0  1.92s           2026-02-26T10:20:13
================================================================================
[2026-02-26T10:20:47.038+0000] {manager.py:451} INFO - Exiting gracefully upon receiving signal 15
[2026-02-26T10:21:52.451+0000] {manager.py:469} INFO - Processing files using up to 2 processes at a time 
[2026-02-26T10:21:52.452+0000] {manager.py:470} INFO - Process each file at most once every 30 seconds
[2026-02-26T10:21:52.453+0000] {manager.py:471} INFO - Checking for new files in /opt/airflow/dags every 300 seconds
[2026-02-26T10:21:52.455+0000] {manager.py:738} INFO - Searching for files in /opt/airflow/dags
[2026-02-26T10:21:52.483+0000] {manager.py:741} INFO - There are 1 files in /opt/airflow/dags
[2026-02-26T10:21:52.656+0000] {manager.py:879} INFO - 
================================================================================
DAG File Processing Stats

File Path                        PID  Runtime      # DAGs    # Errors  Last Runtime    Last Run
-----------------------------  -----  ---------  --------  ----------  --------------  ----------
/opt/airflow/dags/pipeline.py     64  0.08s             0           0
================================================================================
[2026-02-26T10:22:22.901+0000] {manager.py:879} INFO - 
================================================================================
DAG File Processing Stats

File Path                      PID    Runtime      # DAGs    # Errors  Last Runtime    Last Run
-----------------------------  -----  ---------  --------  ----------  --------------  -------------------
/opt/airflow/dags/pipeline.py                           1           0  3.66s           2026-02-26T10:21:56
================================================================================
[2026-02-26T10:22:53.168+0000] {manager.py:879} INFO - 
================================================================================
DAG File Processing Stats

File Path                      PID    Runtime      # DAGs    # Errors  Last Runtime    Last Run
-----------------------------  -----  ---------  --------  ----------  --------------  -------------------
/opt/airflow/dags/pipeline.py                           1           0  1.88s           2026-02-26T10:22:28
================================================================================
[2026-02-26T10:23:23.471+0000] {manager.py:879} INFO - 
================================================================================
DAG File Processing Stats

File Path                      PID    Runtime      # DAGs    # Errors  Last Runtime    Last Run
-----------------------------  -----  ---------  --------  ----------  --------------  -------------------
/opt/airflow/dags/pipeline.py                           1           0  1.92s           2026-02-26T10:23:00
================================================================================
[2026-02-26T10:23:54.201+0000] {manager.py:879} INFO - 
================================================================================
DAG File Processing Stats

File Path                      PID    Runtime      # DAGs    # Errors  Last Runtime    Last Run
-----------------------------  -----  ---------  --------  ----------  --------------  -------------------
/opt/airflow/dags/pipeline.py                           1           0  2.09s           2026-02-26T10:23:33
================================================================================
[2026-02-26T10:24:24.421+0000] {manager.py:879} INFO - 
================================================================================
DAG File Processing Stats

File Path                      PID    Runtime      # DAGs    # Errors  Last Runtime    Last Run
-----------------------------  -----  ---------  --------  ----------  --------------  -------------------
/opt/airflow/dags/pipeline.py                           1           0  1.90s           2026-02-26T10:24:05
================================================================================
[2026-02-26T10:24:54.584+0000] {manager.py:879} INFO - 
================================================================================
DAG File Processing Stats

File Path                      PID    Runtime      # DAGs    # Errors  Last Runtime    Last Run
-----------------------------  -----  ---------  --------  ----------  --------------  -------------------
/opt/airflow/dags/pipeline.py                           1           0  1.87s           2026-02-26T10:24:37
================================================================================
[2026-02-26T10:25:24.665+0000] {manager.py:879} INFO - 
================================================================================
DAG File Processing Stats

File Path                      PID    Runtime      # DAGs    # Errors  Last Runtime    Last Run
-----------------------------  -----  ---------  --------  ----------  --------------  -------------------
/opt/airflow/dags/pipeline.py                           1           0  1.80s           2026-02-26T10:25:09
================================================================================
[2026-02-26T10:25:54.750+0000] {manager.py:879} INFO - 
================================================================================
DAG File Processing Stats

File Path                      PID    Runtime      # DAGs    # Errors  Last Runtime    Last Run
-----------------------------  -----  ---------  --------  ----------  --------------  -------------------
/opt/airflow/dags/pipeline.py                           1           0  1.78s           2026-02-26T10:25:41
================================================================================
[2026-02-26T10:26:24.959+0000] {manager.py:879} INFO - 
================================================================================
DAG File Processing Stats

File Path                      PID    Runtime      # DAGs    # Errors  Last Runtime    Last Run
-----------------------------  -----  ---------  --------  ----------  --------------  -------------------
/opt/airflow/dags/pipeline.py                           1           0  1.93s           2026-02-26T10:26:13
================================================================================
[2026-02-26T10:26:52.913+0000] {manager.py:738} INFO - Searching for files in /opt/airflow/dags
[2026-02-26T10:26:52.955+0000] {manager.py:741} INFO - There are 1 files in /opt/airflow/dags
[2026-02-26T10:26:55.011+0000] {manager.py:879} INFO - 
================================================================================
DAG File Processing Stats

File Path                      PID    Runtime      # DAGs    # Errors  Last Runtime    Last Run
-----------------------------  -----  ---------  --------  ----------  --------------  -------------------
/opt/airflow/dags/pipeline.py                           1           0  1.90s           2026-02-26T10:26:45
================================================================================
[2026-02-26T10:27:25.524+0000] {manager.py:879} INFO - 
================================================================================
DAG File Processing Stats

File Path                      PID    Runtime      # DAGs    # Errors  Last Runtime    Last Run
-----------------------------  -----  ---------  --------  ----------  --------------  -------------------
/opt/airflow/dags/pipeline.py                           1           0  2.22s           2026-02-26T10:27:18
================================================================================
[2026-02-26T10:27:55.915+0000] {manager.py:879} INFO - 
================================================================================
DAG File Processing Stats

File Path                      PID    Runtime      # DAGs    # Errors  Last Runtime    Last Run
-----------------------------  -----  ---------  --------  ----------  --------------  -------------------
/opt/airflow/dags/pipeline.py                           1           0  2.54s           2026-02-26T10:27:51
================================================================================
[2026-02-26T10:28:26.137+0000] {manager.py:879} INFO - 
================================================================================
DAG File Processing Stats

File Path                      PID    Runtime      # DAGs    # Errors  Last Runtime    Last Run
-----------------------------  -----  ---------  --------  ----------  --------------  -------------------
/opt/airflow/dags/pipeline.py                           1           0  1.93s           2026-02-26T10:28:23
================================================================================
[2026-02-26T10:28:56.297+0000] {manager.py:879} INFO - 
================================================================================
DAG File Processing Stats

File Path                      PID    Runtime      # DAGs    # Errors  Last Runtime    Last Run
-----------------------------  -----  ---------  --------  ----------  --------------  -------------------
/opt/airflow/dags/pipeline.py                           1           0  1.85s           2026-02-26T10:28:55
================================================================================
[2026-02-26T10:29:26.632+0000] {manager.py:879} INFO - 
================================================================================
DAG File Processing Stats

File Path                        PID  Runtime      # DAGs    # Errors  Last Runtime    Last Run
-----------------------------  -----  ---------  --------  ----------  --------------  -------------------
/opt/airflow/dags/pipeline.py    387  1.02s             1           0  1.85s           2026-02-26T10:28:55
================================================================================
[2026-02-26T10:29:56.933+0000] {manager.py:879} INFO - 
================================================================================
DAG File Processing Stats

File Path                      PID    Runtime      # DAGs    # Errors  Last Runtime    Last Run
-----------------------------  -----  ---------  --------  ----------  --------------  -------------------
/opt/airflow/dags/pipeline.py                           1           0  2.18s           2026-02-26T10:29:27
================================================================================
[2026-02-26T10:30:27.057+0000] {manager.py:879} INFO - 
================================================================================
DAG File Processing Stats

File Path                      PID    Runtime      # DAGs    # Errors  Last Runtime    Last Run
-----------------------------  -----  ---------  --------  ----------  --------------  -------------------
/opt/airflow/dags/pipeline.py                           1           0  1.83s           2026-02-26T10:29:59
================================================================================
[2026-02-26T10:30:57.370+0000] {manager.py:879} INFO - 
================================================================================
DAG File Processing Stats

File Path                      PID    Runtime      # DAGs    # Errors  Last Runtime    Last Run
-----------------------------  -----  ---------  --------  ----------  --------------  -------------------
/opt/airflow/dags/pipeline.py                           1           0  2.03s           2026-02-26T10:30:32
================================================================================
[2026-02-26T10:31:27.481+0000] {manager.py:879} INFO - 
================================================================================
DAG File Processing Stats

File Path                      PID    Runtime      # DAGs    # Errors  Last Runtime    Last Run
-----------------------------  -----  ---------  --------  ----------  --------------  -------------------
/opt/airflow/dags/pipeline.py                           1           0  1.80s           2026-02-26T10:31:04
================================================================================
[2026-02-26T10:31:53.761+0000] {manager.py:738} INFO - Searching for files in /opt/airflow/dags
[2026-02-26T10:31:53.809+0000] {manager.py:741} INFO - There are 1 files in /opt/airflow/dags
[2026-02-26T10:31:57.881+0000] {manager.py:879} INFO - 
================================================================================
DAG File Processing Stats

File Path                      PID    Runtime      # DAGs    # Errors  Last Runtime    Last Run
-----------------------------  -----  ---------  --------  ----------  --------------  -------------------
/opt/airflow/dags/pipeline.py                           1           0  2.18s           2026-02-26T10:31:36
================================================================================
[2026-02-26T10:32:27.991+0000] {manager.py:879} INFO - 
================================================================================
DAG File Processing Stats

File Path                      PID    Runtime      # DAGs    # Errors  Last Runtime    Last Run
-----------------------------  -----  ---------  --------  ----------  --------------  -------------------
/opt/airflow/dags/pipeline.py                           1           0  1.81s           2026-02-26T10:32:08
================================================================================
[2026-02-26T10:32:58.358+0000] {manager.py:879} INFO - 
================================================================================
DAG File Processing Stats

File Path                      PID    Runtime      # DAGs    # Errors  Last Runtime    Last Run
-----------------------------  -----  ---------  --------  ----------  --------------  -------------------
/opt/airflow/dags/pipeline.py                           1           0  2.04s           2026-02-26T10:32:41
================================================================================
[2026-02-26T10:33:23.321+0000] {manager.py:451} INFO - Exiting gracefully upon receiving signal 15
[2026-02-26T10:34:43.140+0000] {manager.py:469} INFO - Processing files using up to 2 processes at a time 
[2026-02-26T10:34:43.142+0000] {manager.py:470} INFO - Process each file at most once every 30 seconds
[2026-02-26T10:34:43.143+0000] {manager.py:471} INFO - Checking for new files in /opt/airflow/dags every 300 seconds
[2026-02-26T10:34:43.145+0000] {manager.py:738} INFO - Searching for files in /opt/airflow/dags
[2026-02-26T10:34:43.187+0000] {manager.py:741} INFO - There are 1 files in /opt/airflow/dags
[2026-02-26T10:34:43.379+0000] {manager.py:879} INFO - 
================================================================================
DAG File Processing Stats

File Path                        PID  Runtime      # DAGs    # Errors  Last Runtime    Last Run
-----------------------------  -----  ---------  --------  ----------  --------------  ----------
/opt/airflow/dags/pipeline.py     65  0.09s             0           0
================================================================================
[2026-02-26T10:35:13.487+0000] {manager.py:879} INFO - 
================================================================================
DAG File Processing Stats

File Path                      PID    Runtime      # DAGs    # Errors  Last Runtime    Last Run
-----------------------------  -----  ---------  --------  ----------  --------------  -------------------
/opt/airflow/dags/pipeline.py                           1           0  3.97s           2026-02-26T10:34:47
================================================================================
[2026-02-26T10:35:43.769+0000] {manager.py:879} INFO - 
================================================================================
DAG File Processing Stats

File Path                      PID    Runtime      # DAGs    # Errors  Last Runtime    Last Run
-----------------------------  -----  ---------  --------  ----------  --------------  -------------------
/opt/airflow/dags/pipeline.py                           1           0  1.95s           2026-02-26T10:35:19
================================================================================
[2026-02-26T10:36:13.919+0000] {manager.py:879} INFO - 
================================================================================
DAG File Processing Stats

File Path                      PID    Runtime      # DAGs    # Errors  Last Runtime    Last Run
-----------------------------  -----  ---------  --------  ----------  --------------  -------------------
/opt/airflow/dags/pipeline.py                           1           0  1.82s           2026-02-26T10:35:51
================================================================================
[2026-02-26T10:36:44.082+0000] {manager.py:879} INFO - 
================================================================================
DAG File Processing Stats

File Path                      PID    Runtime      # DAGs    # Errors  Last Runtime    Last Run
-----------------------------  -----  ---------  --------  ----------  --------------  -------------------
/opt/airflow/dags/pipeline.py                           1           0  1.86s           2026-02-26T10:36:23
================================================================================
[2026-02-26T10:37:14.230+0000] {manager.py:879} INFO - 
================================================================================
DAG File Processing Stats

File Path                      PID    Runtime      # DAGs    # Errors  Last Runtime    Last Run
-----------------------------  -----  ---------  --------  ----------  --------------  -------------------
/opt/airflow/dags/pipeline.py                           1           0  1.86s           2026-02-26T10:36:56
================================================================================
